code,year,dens,gdp_pc,gni_pc,edu,beds,phys,che_gdp,che_pc_ppp,lf,cbr,cdr,imr,le,pop,rur,inf_surv,country,income,financing,te_io_crs,te_io_vrs,te_oo_vrs,in_frontier_sample,fresh_crs,fresh_vrs,diff,scale_eff,pooled_crs,group,group_crs,tgr
AFG,2015,51.87,565.6,590.0,3.26,0.44,0.29,10.11,231.533667789642,8575264.0,39.364,7.528,64.0,62.27,33831764.0,75.54,0.015625,Afghanistan,Low,Public,0.62,0.76,0.97,True,0.6115723193319742,0.8881753410331344,-0.0084276806680257,0.8157894736842105,0.4804717231510507,L+LM,0.6115723193558513,0.9999999999609578
ARG,2015,15.89,13679.6,12500.0,5.78,4.95,4.98,10.27,2044.36740095168,19343227.0,17.665,7.449,10.0,76.6,43477012.0,8.51,0.1,Argentina,Upper-mid,Mixed,0.29,0.34,0.93,True,0.2626298652416447,0.3164430387702618,-0.0273701347583552,0.8529411764705881,0.2391186220462391,UM,0.380379624198429,0.690441465667575
ARM,2015,105.54,3512.4,3910.0,2.81,4.29,2.919,10.12,1015.35194765081,1477065.0,13.9,9.3,12.8,74.8707317073171,3004600.0,35.51,0.078125,Armenia,Upper-mid,Mixed,0.29,0.32,0.9,True,0.2534211293972917,0.3098239241067906,-0.0365788706027082,0.9062499999999999,0.24252743120631193,UM,0.4123478973957486,0.6145808696923515
AUS,2015,3.1,56970.4,60780.0,,3.79,3.486,10.14,4760.54357572354,12568796.0,12.9,6.6,3.3,82.4,23815995.0,13.12,0.303030303030303,Australia,High,Mixed,0.44,0.6,0.99,True,0.4494272922283516,0.604318845556805,0.0094272922283515,0.7333333333333334,0.4360010448841834,H,0.564790519986156,0.7957415649245809
AUT,2015,104.73,43915.2,47190.0,5.49,7.54,5.124,10.52,5247.51839437757,4460463.0,9.8,9.6,3.1,81.190243902439,8642699.0,32.44,0.3225806451612903,Austria,High,Mixed,0.36,0.39,0.98,True,0.3469971556828024,0.3797708607630277,-0.0130028443171975,0.923076923076923,0.3246390006903231,H,0.3987119308835761,0.8702953907444662
AZE,2015,116.73,5500.5,6610.0,2.95,4.13,3.328,4.34,647.518914149671,4693026.0,17.2,5.7,21.1,72.349,9649341.0,44.84,0.0473933649289099,Azerbaijan,Upper-mid,Mixed,0.65,0.69,0.87,True,0.5473602324168559,0.5881847257857781,-0.102639767583144,0.9420289855072465,0.4956543582465276,UM,0.789599401028989,0.6932125729877048
BEL,2015,371.68,40893.8,45520.0,6.47,5.83,3.221,10.88,5032.23017951923,4994454.0,10.8,9.8,3.4,80.9926829268293,11274196.0,13.78,0.2941176470588235,Belgium,High,Mixed,0.45,0.51,0.98,True,0.4446296065485424,0.4678198414959645,-0.0053703934514576,0.8823529411764706,0.43112493528407814,H,0.4761199731264187,0.9338604377986995
BGD,2015,1224.42,1224.4,1200.0,1.87,0.76,0.476,2.27,95.7094284834595,61920877.0,20.254,5.638,29.8,70.543,159383179.0,70.46,0.0335570469798657,Bangladesh,Lower-mid,Private,1.0,1.0,1.0,True,1.0,1.0,0.0,1.0,0.9999999999999994,L+LM,1.0,1.0
BGR,2015,64.34,7269.0,7530.0,3.88,7.24,4.041,7.39,1388.45076597855,3259536.0,9.4,15.8,6.8,74.6146341463415,6984225.0,26.9,0.1470588235294117,Bulgaria,Upper-mid,Mixed,0.42,0.43,0.9,True,0.3800758747878455,0.3934231682977667,-0.0399241252121544,0.9767441860465116,0.3477266776374621,UM,0.5074938381581847,0.7489270730206908
BHR,2015,1761.34,23734.1,23640.0,2.55,1.89,0.927,4.75,2283.39810616744,777303.0,15.36,2.084,6.3,80.338,1370322.0,0.0,0.1587301587301587,Bahrain,High,Mixed,0.8,1.0,1.0,True,0.8409891630587054,0.9999999999999932,0.0409891630587053,0.8,0.8078788106298518,H,1.0,0.8409891630587054
BLR,2015,46.61,5967.1,6740.0,4.79,10.25,4.255,6.07,1096.81250685851,5097379.0,12.5,12.6,3.1,73.6243902439025,9461076.0,23.37,0.3225806451612903,Belarus,Upper-mid,Public,0.58,0.6,0.89,True,0.5634435539305388,0.5899972504049095,-0.0165564460694611,0.9666666666666667,0.522310178701608,UM,1.0,0.5634435539305388
BTN,2015,19.43,2954.0,2740.0,6.93,1.72,0.339,3.44,334.923831761654,341579.0,15.656,6.526,22.9,70.797,740618.0,63.3,0.0436681222707423,Bhutan,Lower-mid,Public,0.79,0.84,0.97,True,0.8509543648513089,0.8967956968233418,0.0609543648513088,0.9404761904761906,0.8294408011709375,L+LM,0.8509543648603971,0.99999999998932
CAN,2015,3.98,43594.2,47580.0,4.74,2.6,2.5388,10.76,4773.7,19705946.0,10.7,7.4,4.6,81.8258536585366,35704498.0,18.75,0.2173913043478261,Canada,High,Mixed,0.47,0.82,0.99,True,0.4879947881508338,0.7742149994429323,0.0179947881508338,0.573170731707317,0.4666200088227634,H,0.7712175907242164,0.6327588919394065
CHE,2015,209.63,85265.1,88150.0,4.99,4.73,4.196,10.98,7166.6,4810503.0,10.5,8.2,3.7,82.8975609756098,8282396.0,24.4,0.2702702702702702,Switzerland,High,Mixed,0.35,1.0,1.0,True,0.3537293773725625,1.0,0.0037293773725625,0.35,0.3464333159820594,H,0.4466152033982982,0.7920226957815882
CHL,2015,24.33,13434.0,14080.0,4.9,2.13,2.138,8.35,1875.5,8996276.0,13.147,6.106,6.8,80.008,18047625.0,12.53,0.1470588235294117,Chile,High,Mixed,0.49,0.79,0.97,True,0.4921789705875262,0.7098558333977877,0.0021789705875261,0.620253164556962,0.4741368206604394,H,0.8836791317248017,0.5569657049916645
CHN,2015,146.98,8175.3,8040.0,,3.82,1.797,4.85,647.4,781077009.0,11.99,7.07,8.2,76.975,1379860000.0,42.67,0.1219512195121951,China,Upper-mid,Mixed,0.62,0.71,0.94,True,0.5750205523887936,0.6987396202535177,-0.0449794476112064,0.8732394366197184,0.5264761865170601,UM,0.7813113470164735,0.7359685157326527
COL,2015,42.33,6248.5,7420.0,4.47,1.65,2.022,7.52,999.7,23769792.0,14.764,5.252,13.9,76.067,46969940.0,22.84,0.0719424460431654,Colombia,Upper-mid,Mixed,0.46,0.74,0.95,True,0.4522761617611947,0.6500281905391986,-0.0077238382388053,0.6216216216216216,0.4403122335479058,UM,0.7951007899693775,0.5688287163928156
CPV,2015,127.14,3415.1,3620.0,4.81,2.08,0.743,4.4,298.1,215930.0,17.459,5.136,17.6,74.096,512394.0,33.1,0.0568181818181818,Cabo Verde,Lower-mid,Mixed,0.63,0.75,0.95,True,0.6294107097921621,0.7185108532138533,-0.0005892902078379,0.84,0.5924746013905163,L+LM,0.6531147967928915,0.9637060940632061
CRI,2015,94.36,11714.7,10770.0,6.87,1.16,1.806,7.59,1343.2,2344336.0,14.704,4.518,7.8,80.407,4818038.0,24.98,0.1282051282051282,Costa Rica,Upper-mid,Mixed,0.74,1.0,1.0,True,0.7266125553403857,1.0,-0.0133874446596142,0.74,0.6526603741082029,UM,0.9999999999999801,0.7266125553404001
CUB,2015,108.31,7727.9,7270.0,8.96,4.07,7.803,12.81,2911.5,5217686.0,10.938,9.123,4.8,77.745,11275065.0,23.13,0.2083333333333333,Cuba,Upper-mid,Public,0.31,0.37,0.94,True,0.3157738279385804,0.3558806294792916,0.0057738279385803,0.8378378378378378,0.3047385232785085,UM,0.5841996970937483,0.540523778956885
CYP,2015,131.98,23088.4,25650.0,6.3,2.37,2.498,6.79,2136.1,657397.0,11.242,6.043,2.1,81.464,1219502.0,32.96,0.4761904761904761,Cyprus,High,Mixed,0.89,0.89,0.98,True,0.9999999999999992,1.0,0.1099999999999992,1.0,0.9999999999996885,H,0.9999999999999994,0.9999999999999998
CZE,2015,136.59,17931.6,18340.0,5.72,6.73,3.9516,7.29,2489.1,5305064.0,10.5,10.5,2.6,78.5780487804878,10546059.0,26.96,0.3846153846153846,Czechia,High,Mixed,0.53,0.54,0.95,True,0.5209347164974873,0.5298671229964975,-0.0090652835025126,0.9814814814814815,0.48708495563453746,H,0.5445201985740771,0.9566857535526644
DEU,2015,234.15,41929.8,46590.0,4.76,8.09,4.12,10.92,5336.1,42693402.0,9.0,11.3,3.3,80.6414634146341,81686611.0,19.3,0.303030303030303,Germany,High,Mixed,0.35,0.36,0.97,True,0.3640515741545457,0.3802171164263305,0.0140515741545457,0.9722222222222222,0.3558532232007353,H,0.4005242915402102,0.9089375646969895
DNK,2015,142.09,53094.0,60350.0,,2.53,3.93,10.38,5074.5,2899972.0,10.2,9.2,3.5,80.7024390243902,5683483.0,12.27,0.2857142857142857,Denmark,High,Public,0.62,0.68,0.98,True,0.6028851830370444,0.674901989611966,-0.0171148169629555,0.9117647058823529,0.5716070608158833,H,0.8222221558917251,0.7332387952781411
ECU,2015,65.49,5976.2,5970.0,5.11,1.52,1.806,7.77,845.0,7577726.0,18.357,4.869,12.9,76.222,16266225.0,37.04,0.0775193798449612,Ecuador,Upper-mid,Mixed,0.48,0.8,0.96,True,0.481376435502701,0.6713408534588878,0.001376435502701,0.6,0.4637153965615828,UM,0.8405312100125042,0.5727050105558124
EGY,2015,100.05,3307.0,3100.0,,1.25,0.763,5.06,581.9,30851683.0,28.184,5.818,24.1,70.135,99597342.0,57.39,0.0414937759336099,Egypt,Lower-mid,Mixed,0.61,0.66,0.94,True,0.5692811946214738,0.6225023728824932,-0.0407188053785262,0.9242424242424242,0.546791659224739,L+LM,0.6589632421318488,0.8639043245868471
ESP,2015,92.91,25982.4,28700.0,4.25,2.96,3.826,9.18,3233.0,23132898.0,9.0,9.1,2.7,82.8317073170732,46422303.0,20.75,0.3703703703703703,Spain,High,Mixed,0.64,1.0,1.0,True,0.653677980447246,0.9999999999998156,0.0136779804472459,0.64,0.6306428373262362,H,0.7588012191093652,0.8614614262408455
EST,2015,30.26,17722.2,18900.0,5.05,4.82,3.417,6.52,1939.0,682925.0,10.6,11.6,2.4,77.590243902439,1315407.0,31.52,0.4166666666666667,Estonia,High,Mixed,0.59,0.61,0.94,True,0.6045234255628302,0.6147463397646884,0.0145234255628302,0.9672131147540983,0.5928711208321122,H,0.6063235571290929,0.9970310710426852
FIN,2015,18.03,42560.3,46860.0,7.07,4.28,3.421,9.7,4100.0,2693252.0,10.1,9.6,2.0,81.4804878048781,5479531.0,28.69,0.5,Finland,High,Public,0.7,1.0,1.0,True,0.7175811363079335,0.9999999999998984,0.0175811363079335,0.7,0.697563869096577,H,0.7250803858520902,0.9896573542872162
FJI,2015,50.28,5097.5,4820.0,4.81,1.88,0.813,3.32,390.1,376446.0,20.998,8.791,16.1,66.48,918578.0,45.38,0.062111801242236,Fiji,Upper-mid,Mixed,0.76,0.78,0.89,True,0.6883106771524728,0.7267893905043172,-0.0716893228475271,0.9743589743589743,0.6375931370772563,UM,1.0,0.6883106771524728
FRA,2015,123.48,36702.4,41130.0,,6.28,3.184,11.5,4711.9,30261476.0,12.0,8.9,3.2,82.3219512195122,66548272.0,22.24,0.3125,France,High,Mixed,0.45,0.63,0.99,True,0.4764291349550784,0.6350794989422743,0.0264291349550784,0.7142857142857143,0.46126302414682246,H,0.5085760694925096,0.9367903122742101
GBR,2015,269.03,45256.0,44630.0,5.55,2.6,2.767,9.94,4225.9,33272035.0,11.9,9.2,3.9,80.9560975609756,65087000.0,18.18,0.2564102564102564,United Kingdom,High,Mixed,0.55,0.73,0.98,True,0.5501070711771575,0.6610442057717678,0.0001070711771574,0.7534246575342467,0.5291728213599624,H,0.7858886931191184,0.6999808955054873
GEO,2015,65.18,4086.6,4500.0,3.11,3.38,5.313,8.66,1044.0,1985928.0,16.021,12.503,8.9,73.241,3725276.0,42.62,0.1123595505617977,Georgia,Upper-mid,Mixed,0.39,0.41,0.89,True,0.3104718223043952,0.3239470404656433,-0.0795281776956047,0.951219512195122,0.30700319605800985,UM,0.4768396830457656,0.6511031555119061
GHA,2015,126.11,1722.8,1880.0,4.43,0.69,0.114,4.54,235.8,12200598.0,31.114,7.845,37.9,63.175,28696068.0,46.38,0.0263852242744063,Ghana,Lower-mid,Private,0.92,0.93,0.99,True,0.9214295594726076,0.9904397323072202,0.0014295594726076,0.989247311827957,0.7324906206119379,L+LM,0.9901219497251373,0.9306222932724609
GMB,2015,219.82,619.5,590.0,2.16,1.02,0.096,3.18,63.2,600677.0,35.746,7.501,43.5,62.971,2224529.0,40.75,0.0229885057471264,Gambia,Low,Public,1.0,1.0,1.0,True,0.999999999999999,1.0,-9.992007221626409e-16,1.0,0.9454144860144557,L+LM,1.0,0.999999999999999
GRC,2015,83.95,17980.7,19920.0,3.68,4.25,5.902,8.27,2192.8,4737907.0,8.5,11.2,3.6,81.0365853658537,10820883.0,22.48,0.2777777777777778,Greece,High,Mixed,0.44,0.5,0.98,True,0.4210387192336522,0.498567122746813,-0.0189612807663477,0.88,0.4068216568830071,H,0.5209387288408439,0.8082307878519953
HRV,2015,74.19,12283.9,13570.0,,5.6,3.21,6.66,1569.2,1864017.0,9.0,13.1,4.2,77.2756097560976,4151725.0,44.42,0.238095238095238,Croatia,High,Mixed,0.51,0.53,0.93,True,0.4838551863056455,0.4990933576763917,-0.0261448136943544,0.9622641509433962,0.4456790356540579,H,0.6007535016718211,0.8054138427144206
HUN,2015,107.36,12783.0,13310.0,4.49,7.0,3.098,6.85,1842.4,4709412.0,9.4,13.4,4.2,75.5682926829269,9797755.0,29.52,0.238095238095238,Hungary,High,Mixed,0.49,0.49,0.91,True,0.4628473146004828,0.4668580898983877,-0.0271526853995172,1.0,0.4300447991794186,H,0.5786378934688009,0.7998911233168982
IDN,2015,139.44,3288.2,3390.0,3.58,0.95,0.27,2.92,293.2,127299364.0,18.569,7.495,21.9,69.52,261799249.0,46.83,0.045662100456621,Indonesia,Lower-mid,Mixed,1.0,1.0,1.0,True,1.0,1.0,0.0,1.0,1.0,L+LM,1.0,1.0
IRN,2015,50.73,4952.7,5460.0,2.63,1.79,1.095,8.38,1147.5,26476760.0,18.879,4.617,14.0,75.907,82619362.0,26.64,0.0714285714285714,Iran,Lower-mid,Mixed,0.5,0.72,0.95,True,0.4529375407208342,0.7328638862747122,-0.0470624592791658,0.6944444444444444,0.4187203128320865,L+LM,0.7242451359099668,0.625392589142829
ISL,2015,3.3,53505.7,53170.0,7.46,3.12,3.773,8.13,4000.1,202438.0,12.5,6.6,2.0,82.4682926829268,330815.0,6.27,0.5,Iceland,High,Public,0.79,1.0,1.0,True,0.8082998036686753,1.0,0.0182998036686752,0.79,0.7894015966248116,H,0.8082998036686811,0.9999999999999927
ISR,2015,387.25,36138.1,36900.0,5.8,3.15,3.431,7.02,2620.6,3941723.0,21.3,5.3,3.1,82.0512195121951,8380100.0,8.3,0.3225806451612903,Israel,High,Mixed,0.56,0.67,0.99,True,0.5791146998671397,0.6785104467747224,0.0191146998671396,0.8358208955223881,0.5676026469792465,H,0.6904620943403423,0.8387349640394346
ITA,2015,203.67,30639.9,33460.0,4.05,3.2,3.848,8.85,3304.3,25270285.0,8.1,10.8,3.0,82.5439024390244,60229605.0,30.39,0.3333333333333333,Italy,High,Mixed,0.56,0.71,1.0,True,0.5658307497613583,0.7168364418187162,0.0058307497613582,0.7887323943661972,0.5449498485885104,H,0.6833799906940995,0.827988465372906
JAM,2015,258.78,5339.3,4940.0,5.46,1.71,0.428,6.61,594.4,1405947.0,13.318,6.721,17.2,72.214,2802534.0,44.8,0.0581395348837209,Jamaica,Upper-mid,Mixed,0.67,0.81,0.96,True,0.6211904192931006,0.810278276749909,-0.0488095807068994,0.8271604938271605,0.548126591617538,UM,1.0,0.6211904192931006
KAZ,2015,6.7,10196.1,11040.0,2.79,5.67,3.726,3.04,683.6,9211841.0,22.513,7.388,9.5,72.024,18084169.0,43.89,0.1052631578947368,Kazakhstan,Upper-mid,Mixed,0.93,0.96,0.98,True,0.847746321281773,0.8537258119555108,-0.082253678718227,0.9687500000000001,0.7727762127720066,UM,1.0,0.847746321281773
KOR,2015,523.53,30171.8,30130.0,4.24,11.62,2.242,6.46,2573.4,27531028.0,8.6,5.4,2.9,82.0243902439024,51014947.0,18.36,0.3448275862068966,"Korea, Rep.",High,Mixed,0.7,0.86,0.99,True,0.753199843897095,0.8286559578999779,0.053199843897095,0.813953488372093,0.733326938880351,H,0.7863129931394394,0.957888080788114
LAO,2015,29.47,2121.0,1960.0,2.74,1.15,0.4,2.45,149.3,2725447.0,24.962,7.507,39.9,66.688,6801645.0,66.88,0.025062656641604,Lao PDR,Lower-mid,Mixed,1.0,1.0,1.0,True,0.9653096032685082,1.0,-0.0346903967314917,1.0,0.8838435501254154,L+LM,0.9653096032684106,1.000000000000101
LKA,2015,338.81,4057.7,3920.0,2.11,3.71,0.83,3.68,434.5,8475356.0,16.022,6.398,7.4,75.99,20970000.0,81.2,0.1351351351351351,Sri Lanka,Lower-mid,Mixed,0.84,0.87,0.95,True,0.8875419638529468,0.9424271709226016,0.0475419638529468,0.9655172413793103,0.867133216905768,L+LM,1.0,0.8875419638529468
LTU,2015,46.47,14269.8,15220.0,4.22,6.96,4.338,6.47,1858.1,1470288.0,10.3,14.4,4.1,74.3219512195122,2911109.0,32.77,0.2439024390243902,Lithuania,High,Mixed,0.51,0.52,0.9,True,0.4874480240696121,0.4983500540602947,-0.0225519759303879,0.9807692307692307,0.44947375790905436,H,0.5803007133428021,0.8399921159181154
LUX,2015,221.25,105462.0,73530.0,3.77,4.96,2.908,5.08,5546.7,284538.0,10.7,7.0,2.1,82.2926829268293,569604.0,9.01,0.4761904761904761,Luxembourg,High,Mixed,0.82,0.82,0.99,True,0.8620172478440187,1.0,0.0420172478440187,1.0,0.798774877793841,H,0.8620172478440199,0.9999999999999986
LVA,2015,31.78,13322.0,14580.0,5.47,5.69,3.197,5.85,1405.8,1007753.0,11.1,14.4,4.3,74.4804878048781,1977527.0,32.1,0.2325581395348837,Latvia,High,Mixed,0.58,0.58,0.9,True,0.532846883532398,0.5423686189105812,-0.047153116467602,1.0,0.4909160149835729,H,0.6431717022844513,0.8284675486185169
MDA,2015,98.76,2749.6,3290.0,5.77,5.72,3.159,8.5,623.7,1628234.0,15.227,13.094,14.2,70.118,2835978.0,60.3,0.0704225352112676,Moldova,Lower-mid,Mixed,0.31,0.32,0.84,True,0.2813877973448316,0.2867360685854275,-0.0286122026551683,0.96875,0.25557758054305085,L+LM,0.32086948243333313,0.8769540662169247
MEX,2015,62.28,10021.2,10580.0,5.05,1.0,2.34,5.53,1054.4,52800736.0,18.227,5.768,15.0,74.431,121072306.0,22.81,0.0666666666666666,Mexico,Upper-mid,Mixed,0.67,0.94,0.99,True,0.6644057527631583,0.896739768513166,-0.0055942472368417,0.7127659574468086,0.6329343001413151,UM,1.0,0.6644057527631583
MLI,2015,15.24,838.1,890.0,3.2,0.25,0.094,4.11,80.6,6823303.0,44.474,10.59,66.1,57.852,18593022.0,74.15,0.0151285930408472,Mali,Low,Private,1.0,1.0,1.0,True,1.0,0.9999999999999988,0.0,1.0,0.9350789554895149,L+LM,0.9999999999999984,1.0000000000000016
MLT,2015,1388.19,25529.7,25470.0,4.91,4.59,3.676,8.7,3381.0,211969.0,9.7,7.7,5.8,81.7975609756098,444220.0,5.56,0.1724137931034483,Malta,High,Mixed,0.39,0.69,0.99,True,0.3586296057139918,0.495058576091914,-0.0313703942860081,0.5652173913043479,0.3284061084880335,H,0.4996725236909365,0.7177292901056447
MNG,2015,1.94,3838.9,3770.0,4.22,7.3,3.243,4.23,450.0,1272830.0,27.1,5.8,15.7,70.810243902439,3026864.0,32.0,0.0636942675159235,Mongolia,Lower-mid,Mixed,0.63,0.64,0.84,True,0.5646048361563334,0.568967097514614,-0.0653951638436666,0.984375,0.5123646800308229,L+LM,0.6271708589173163,0.9002408643969995
MUS,2015,632.39,9630.5,10660.0,4.76,3.47,1.973,5.55,1085.4,618312.0,10.1,7.8,12.9,74.3531707317073,1262879.0,60.33,0.0775193798449612,Mauritius,Upper-mid,Mixed,0.5,0.56,0.91,True,0.4588565191077692,0.5177582814654501,-0.0411434808922307,0.8928571428571428,0.41689996066868595,UM,0.6637512898125661,0.6913079132958728
MYS,2015,95.06,9648.7,10350.0,4.89,1.86,1.489,3.82,937.4,15103051.0,16.336,4.864,6.7,75.288,31232798.0,26.56,0.1492537313432835,Malaysia,Upper-mid,Mixed,0.81,0.86,0.95,True,0.7427434678484683,0.7886936670551471,-0.0672565321515317,0.9418604651162792,0.6925847558232402,UM,0.9999999999999998,0.7427434678484685
NER,2015,15.74,485.7,560.0,4.49,0.26,0.032,5.35,62.7,7430131.0,46.577,10.386,69.1,58.85,19939498.0,83.7,0.0144717800289435,Niger,Low,Private,1.0,1.0,1.0,True,0.9999999999957944,0.9999999999999878,-4.205635839582556e-12,1.0,0.9185259529818304,L+LM,0.999999999988452,1.0000000000073423
NIC,2015,51.1,2074.5,1910.0,4.08,0.92,0.942,7.96,433.9,2714759.0,22.449,4.993,15.0,72.899,6149417.0,42.19,0.0666666666666666,Nicaragua,Lower-mid,Mixed,0.6,1.0,1.0,True,0.603641775248058,0.9401852212214868,0.0036417752480579,0.6,0.5472314238238731,L+LM,1.0,0.603641775248058
NLD,2015,503.12,45793.8,49670.0,5.28,3.46,3.457,10.19,5205.2,9385800.0,10.1,8.7,3.5,81.509756097561,16939923.0,9.72,0.2857142857142857,Netherlands,High,Mixed,0.45,0.59,0.98,True,0.4631513804938956,0.5416159089540026,0.0131513804938955,0.7627118644067797,0.44629398700023404,H,0.6060462230694904,0.7642179141850535
NOR,2015,14.21,77221.0,93290.0,7.52,3.76,4.091,10.07,6144.9,2832644.0,11.3,7.8,2.2,82.3048780487805,5188607.0,18.76,0.4545454545454545,Norway,High,Public,0.62,0.62,1.0,True,0.6131574957098903,0.6291641994601991,-0.0068425042901096,1.0,0.60604190340983,H,0.6280081727311455,0.9763527328686328
NZL,2015,17.51,38648.7,40660.0,5.7,2.7,3.031,8.89,3337.0,2526061.0,13.23,6.85,4.7,81.6124390243903,4609400.0,14.85,0.2127659574468085,New Zealand,High,Mixed,0.48,0.74,0.99,True,0.4873531808135159,0.6693833847664507,0.0073531808135159,0.6486486486486487,0.47008434078093697,H,0.7385546076414642,0.659874267618278
PAK,2015,281.87,1380.5,1280.0,2.39,0.46,0.85,2.49,111.8,69229075.0,30.697,7.164,63.6,65.641,217290883.0,64.1,0.0157232704402515,Pakistan,Lower-mid,Private,1.0,1.0,1.0,True,1.0,1.0,0.0,1.0,0.9999999999999998,L+LM,1.0,1.0
PAN,2015,53.43,14082.7,12570.0,3.27,2.09,1.579,6.94,1900.0,1874167.0,19.839,4.714,13.6,77.583,3960035.0,34.47,0.0735294117647058,Panama,Upper-mid,Mixed,0.44,0.73,0.96,True,0.4323762987210645,0.6731526730026436,-0.0076237012789355,0.6027397260273972,0.42459183464864597,UM,0.7748950125290881,0.5579804899116367
POL,2015,124.06,12637.5,13320.0,4.79,6.59,2.311,6.36,1717.4,18407499.0,9.7,10.4,4.2,77.4512195121951,37986412.0,39.66,0.238095238095238,Poland,High,Mixed,0.55,0.56,0.94,True,0.5432897339201277,0.550459737057833,-0.0067102660798723,0.9821428571428571,0.5270610885278885,H,0.6646886077175718,0.8173597796202536
PRT,2015,113.07,19215.8,20450.0,4.89,3.36,4.748,9.33,2754.2,5197927.0,8.2,10.5,2.9,81.1243902439025,10358076.0,38.86,0.3448275862068966,Portugal,High,Mixed,0.53,0.56,0.98,True,0.550007689070888,0.5819237764216607,0.020007689070888,0.9464285714285714,0.530825092121828,H,0.6470214389879807,0.8500609963267464
RUS,2015,8.83,9277.7,11740.0,3.83,7.55,3.925,5.3,1285.2,75408951.0,13.3,13.0,6.6,71.1834146341463,144640716.0,25.72,0.1515151515151515,Russian Federation,Upper-mid,Mixed,0.56,0.56,0.86,True,0.5133206903751923,0.5292771853067255,-0.0466793096248077,1.0,0.4701246532733843,UM,0.6983704495380845,0.7350263613168518
RWA,2015,471.83,725.7,720.0,3.65,0.74,0.11,6.65,118.4,4154021.0,32.098,6.401,33.9,65.419,11640022.0,81.8,0.0294985250737463,Rwanda,Low,Public,0.8,1.0,1.0,True,0.8770993451111868,0.9999999999994812,0.0770993451111867,0.8,0.6184694928255079,L+LM,0.9575893628530471,0.9159451630685956
SEN,2015,75.8,1218.0,1320.0,5.46,0.68,0.2074,4.38,131.1,3825810.0,34.505,6.615,37.3,66.451,14593331.0,53.73,0.0268096514745308,Senegal,Lower-mid,Mixed,0.89,1.0,1.0,True,0.8655920920174232,0.9999999999994458,-0.0244079079825768,0.89,0.7252467812240139,L+LM,0.8655920920174226,1.0000000000000007
SGP,2015,7806.77,55645.6,53160.0,2.99,2.4,2.255,4.18,3650.0,3360400.0,9.7,4.8,2.2,82.7439024390244,5535002.0,0.0,0.4545454545454545,Singapore,High,Mixed,1.0,1.0,1.0,True,1.0,1.0,-1.1102230246251563e-16,1.0,0.9863251047017948,H,1.0,1.0
SRB,2015,81.13,5820.3,6210.0,,5.52,3.043,8.46,1312.5,3113181.0,9.3,14.6,5.4,75.2878048780488,7095383.0,39.86,0.1851851851851851,Serbia,Upper-mid,Mixed,0.37,0.38,0.91,True,0.3588471180551046,0.361733034123567,-0.0111528819448953,0.9736842105263158,0.338591512319178,UM,0.5822513622619451,0.6163096238384846
SUR,2015,3.62,8813.6,8550.0,5.53,2.9,1.006,5.81,960.9,230457.0,19.479,7.186,19.0,70.567,581627.0,33.82,0.0526315789473684,Suriname,Upper-mid,Mixed,0.48,0.49,0.89,True,0.4480409091083102,0.4482967468845564,-0.0319590908916897,0.9795918367346939,0.41725586773482926,UM,0.6391824352866315,0.7009593574131823
SVK,2015,112.8,16442.1,17800.0,4.56,5.75,3.454,6.74,2033.8,2738069.0,10.3,9.9,5.2,76.5634146341463,5423801.0,46.13,0.1923076923076923,Slovak Republic,High,Mixed,0.48,0.51,0.92,True,0.4500674854788385,0.4766276867850676,-0.0299325145211614,0.9411764705882353,0.4131947546009435,H,0.5804840534377672,0.7753313511601737
SVN,2015,102.45,20697.3,22080.0,4.96,4.52,2.83,8.58,2689.4,1012244.0,10.0,9.6,2.1,80.7756097560976,2063531.0,46.34,0.4761904761904761,Slovenia,High,Mixed,0.8,0.99,1.0,True,0.8229904200243341,0.8826855123674887,0.022990420024334,0.8080808080808082,0.7999090597262466,H,0.8347635874137642,0.985896405201495
SWE,2015,24.06,51188.2,57900.0,7.49,2.44,4.174,10.93,5360.9,5177451.0,11.7,9.3,2.3,82.2048780487805,9799186.0,13.38,0.4347826086956522,Sweden,High,Public,0.93,0.93,0.99,True,0.8969873679047122,0.940086949037396,-0.0330126320952878,1.0,0.8189757995182306,H,0.9531773526333984,0.9410498113772354
TCD,2015,11.63,993.9,1130.0,2.34,0.47,0.048,3.4,80.9,4641464.0,46.51,13.876,72.1,51.32,14647621.0,77.2,0.0138696255201109,Chad,Low,Mixed,0.87,1.0,1.0,True,1.0,1.0,0.13,0.87,0.8788083352773902,L+LM,0.9999999999999994,1.0000000000000007
TGO,2015,130.01,813.9,910.0,3.71,0.64,0.047,6.25,117.4,2380396.0,36.098,10.207,45.4,59.23,7071502.0,60.28,0.0220264317180616,Togo,Low,Private,1.0,1.0,1.0,True,0.9999999999923184,1.0,-7.681633107381458e-12,1.0,0.8017408331743734,L+LM,0.9999999999992801,0.9999999999930382
THA,2015,138.07,5688.9,5560.0,3.86,2.13,0.453,3.85,608.3,40014953.0,10.594,6.818,10.1,76.563,70540795.0,53.05,0.099009900990099,Thailand,Upper-mid,Mixed,1.0,1.0,1.0,True,1.0,1.0,0.0,1.0,0.9660271650136305,UM,1.0,1.0
TTO,2015,263.09,19887.2,20650.0,4.42,2.43,2.541,5.65,1592.1,684099.0,13.031,7.131,20.6,72.882,1349667.0,46.07,0.0485436893203883,Trinidad and Tobago,High,Mixed,0.47,0.54,0.9,True,0.4240658893772923,0.4665771008613124,-0.0459341106227076,0.8703703703703702,0.3840448362872855,H,0.7396645017413735,0.5733219430957206
TUN,2015,73.39,4014.9,4130.0,6.22,1.8,1.285,6.21,670.0,4077612.0,19.415,5.996,16.0,74.875,11402264.0,32.12,0.0625,Tunisia,Lower-mid,Mixed,0.51,0.76,0.95,True,0.4672685432085706,0.6344332868877773,-0.0427314567914294,0.6710526315789473,0.4577748767221706,L+LM,0.6984782260571403,0.6689808297193002
TUR,2015,101.63,11064.6,12080.0,4.31,2.62,1.765,4.12,1040.8,30550902.0,17.1,5.2,11.0,76.539,78218479.0,12.78,0.0909090909090909,Turkiye,Upper-mid,Mixed,0.72,0.84,0.94,True,0.6461473352259477,0.7787982040202253,-0.0738526647740522,0.8571428571428571,0.5877570672988232,UM,0.9195889279635009,0.7026480154093305
VNM,2015,296.2,2577.6,2460.0,3.42,2.51,0.795,4.71,361.4,54628714.0,18.498,6.153,15.5,73.955,92823254.0,67.62,0.064516129032258,Vietnam,Lower-mid,Mixed,0.63,0.7,0.94,True,0.6032285137257583,0.6625052723102802,-0.0267714862742417,0.9,0.566980151330907,L+LM,0.6305156269948545,0.9567225424702773
AFG,2016,53.2,522.1,560.0,4.54,0.45,0.284,11.82,261.566866928026,8883595.0,38.732,7.32,61.9,62.646,34700612.0,75.34,0.0161550888529886,Afghanistan,Low,Public,0.59,0.77,0.95,True,0.5493440391632121,0.8300504293884077,-0.0406559608367879,0.7662337662337662,0.45094288701103974,L+LM,0.5493440391632121,1.0
ALB,2016,98.16,4457.6,4670.0,3.92,2.82,1.212,6.65,806.720912809582,1254637.0,11.873,7.288,7.6,78.643,2689469.0,44.43,0.131578947368421,Albania,Upper-mid,Mixed,0.51,0.66,0.98,True,0.5716907077505159,0.6313819304302186,0.0616907077505158,0.7727272727272727,0.5364821493377048,UM,0.7680304806427112,0.7443593999968696
ARG,2016,16.04,12700.0,12130.0,5.55,4.94,5.024,10.05,2021.34394435431,19497873.0,16.789,7.865,9.7,76.105,43900313.0,8.41,0.1030927835051546,Argentina,Upper-mid,Mixed,0.33,0.39,0.91,True,0.2785176487249229,0.322422376591453,-0.051482351275077,0.8461538461538461,0.24410480856125252,UM,0.3779889644113231,0.7368406883483596
AUS,2016,3.14,50084.4,54330.0,,3.82,3.557,10.09,5026.32603186604,12744765.0,12.9,6.6,3.2,82.4487804878049,24190907.0,12.98,0.3125,Australia,High,Mixed,0.46,0.61,0.99,True,0.4537503662321115,0.6144976234666369,-0.0062496337678885,0.7540983606557378,0.4417114557782005,H,0.5523494179112209,0.8214915260489019
AUT,2016,105.87,45061.5,45980.0,5.51,7.42,5.129,10.52,5533.68204105967,4541001.0,10.0,9.2,3.0,81.6414634146342,8736668.0,32.28,0.3333333333333333,Austria,High,Mixed,0.38,0.41,0.98,True,0.3629729895406872,0.4013563275038272,-0.0170270104593128,0.926829268292683,0.33244308992140487,H,0.41437264594291,0.8759578922366792
AZE,2016,118.03,3880.7,4790.0,2.9,4.12,3.262,4.42,635.626475256824,4809412.0,16.3,5.8,19.8,72.568,9757812.0,44.24,0.0505050505050505,Azerbaijan,Upper-mid,Mixed,0.64,0.74,0.9,True,0.5642461508107091,0.5978277355290905,-0.0757538491892909,0.8648648648648649,0.4905585535892005,UM,0.7931565321398242,0.7113931840017161
BEL,2016,373.57,41854.5,43240.0,6.49,5.76,3.28,10.9,5285.85296978273,5001167.0,10.8,9.5,3.4,81.4390243902439,11331422.0,13.55,0.2941176470588235,Belgium,High,Mixed,0.44,0.53,0.98,True,0.4252790489973617,0.4466189371083121,-0.0147209510026383,0.830188679245283,0.42382888390748424,H,0.4472215516712048,0.9509359453008313
BEN,2016,103.74,1010.5,1040.0,2.9,0.42,0.045,3.62,102.893474066563,4901776.0,38.554,9.783,55.8,59.283,11697842.0,53.39,0.017921146953405,Benin,Lower-mid,Public,1.0,1.0,1.0,True,1.0,1.0,0.0,1.0,0.999999999999989,L+LM,1.0,1.0
BGD,2016,1235.4,1649.3,1400.0,1.28,0.79,0.489,2.39,109.412957923441,62629015.0,20.226,5.575,28.5,71.075,160811932.0,70.12,0.0350877192982456,Bangladesh,Lower-mid,Private,0.98,1.0,1.0,True,1.0,1.0,0.02,0.98,0.9717135670373817,L+LM,1.0,1.0
BHR,2016,1827.63,23800.0,22720.0,2.8,1.81,0.83,4.62,2183.97213531674,818900.0,14.623,1.983,6.3,80.407,1423726.0,0.0,0.1587301587301587,Bahrain,High,Mixed,0.82,1.0,1.0,True,0.917676241911102,0.999999999999968,0.0976762419111019,0.82,0.8742077330204273,H,1.0,0.917676241911102
BLR,2016,46.65,5039.8,5640.0,4.95,10.06,4.372,5.91,1050.702270065,5092675.0,12.4,12.6,2.9,73.8268292682927,9469379.0,23.15,0.3448275862068966,Belarus,Upper-mid,Public,0.63,0.66,0.89,True,0.6111542486742408,0.6408404012114671,-0.0188457513257591,0.9545454545454545,0.5508536833084098,UM,1.0,0.6111542486742408
BOL,2016,10.32,3035.9,3000.0,8.15,1.23,1.569,6.83,515.772834448334,5100033.0,23.272,7.614,22.1,67.392,11180020.0,31.26,0.0452488687782805,Bolivia,Lower-mid,Mixed,0.45,0.5,0.87,True,0.461188235622529,0.4995698212423445,0.011188235622529,0.9,0.4436976074950281,L+LM,0.6178117482752664,0.7464866715630118
BTN,2016,19.61,3152.3,2880.0,6.4,1.71,0.4,3.28,348.426859235791,346258.0,14.81,6.568,21.6,71.119,747866.0,62.73,0.0462962962962962,Bhutan,Lower-mid,Public,0.77,0.86,0.94,True,0.9134227065023722,0.9525827971492166,0.1434227065023722,0.8953488372093024,0.8219045604881563,L+LM,0.9586554903253316,0.9528164348095383
BWA,2016,3.94,6749.1,6060.0,8.74,2.57,0.371,5.77,936.1,918682.0,26.254,7.463,42.8,64.32,2234776.0,34.31,0.0233644859813084,Botswana,Upper-mid,Public,0.46,0.5,0.87,True,0.5414361524540054,0.5471203666597148,0.0814361524540054,0.92,0.4670000939835475,UM,0.97785427553708,0.553698200231957
CAN,2016,4.03,42314.1,43900.0,4.82,2.58,2.3105,11.06,5103.6,19857477.0,10.6,7.4,4.6,81.94,36110803.0,18.7,0.2173913043478261,Canada,High,Mixed,0.49,0.86,0.99,True,0.4833744136012859,0.8430403305070028,-0.006625586398714,0.5697674418604651,0.4726168205041767,H,0.7508135263910671,0.64380088611978
CHE,2016,211.93,83432.4,84250.0,4.98,4.69,4.25,11.2,7543.6,4894095.0,10.5,7.8,3.7,83.6024390243903,8373338.0,23.33,0.2702702702702702,Switzerland,High,Mixed,0.35,1.0,1.0,True,0.3576123827083062,0.9999999999953708,0.0076123827083062,0.35,0.3469319127699275,H,0.44375039177296816,0.8058863481325512
CHL,2016,24.61,13649.9,13310.0,5.37,2.11,2.286,8.56,1990.2,9146668.0,12.685,6.086,6.7,80.295,18267221.0,12.37,0.1492537313432835,Chile,High,Mixed,0.49,0.79,0.98,True,0.4885710897428715,0.7076584659019202,-0.0014289102571284,0.620253164556962,0.4730930243606325,H,0.8566250362418646,0.5703441635167495
CHN,2016,147.82,8254.9,8360.0,,4.05,1.888,4.88,682.9,780932880.0,13.57,7.04,7.6,77.214,1387790000.0,41.16,0.131578947368421,China,Upper-mid,Mixed,0.62,0.74,0.94,True,0.6021955215088307,0.714192335937926,-0.0178044784911692,0.8378378378378378,0.5303857589183688,UM,0.7809344534459816,0.7711217232785152
COL,2016,42.76,5959.8,6560.0,4.48,1.72,2.088,7.53,1056.4,23971867.0,14.271,5.31,13.5,76.228,47437512.0,22.8,0.074074074074074,Colombia,Upper-mid,Mixed,0.45,0.7,0.95,True,0.4507235968832482,0.6381961823465858,0.0007235968832481,0.6428571428571429,0.4338730184335814,UM,0.769585791946475,0.5856703717765571
CPV,2016,127.18,3609.0,3580.0,4.75,2.07,0.731,4.36,320.6,216787.0,17.32,5.15,16.2,74.35,512554.0,31.96,0.0617283950617284,Cabo Verde,Lower-mid,Mixed,0.62,0.78,0.96,True,0.6738720779878364,0.738929105465617,0.0538720779878364,0.7948717948717948,0.6112974152193046,L+LM,0.7269300526490445,0.9270108940084996
CRI,2016,95.32,12091.0,11170.0,6.89,1.16,1.955,7.32,1405.0,2262369.0,14.184,4.822,7.7,79.988,4866998.0,24.46,0.1298701298701298,Costa Rica,Upper-mid,Mixed,0.75,1.0,1.0,True,0.7075659418800938,0.9999999999999142,-0.0424340581199061,0.75,0.6626038076067371,UM,1.0,0.7075659418800938
CUB,2016,108.28,8110.6,7530.0,9.01,4.15,8.003,12.22,2819.1,5229123.0,10.299,9.44,4.9,77.571,11265612.0,23.09,0.2040816326530612,Cuba,Upper-mid,Public,0.32,0.37,0.93,True,0.312262513977839,0.3576169393547617,-0.0077374860221609,0.8648648648648649,0.30191264700260484,UM,0.5671095293692182,0.5506211724658565
CYP,2016,133.89,24280.0,24400.0,6.12,2.36,2.594,6.65,2353.1,663048.0,11.505,6.135,2.1,81.534,1237112.0,33.04,0.4761904761904761,Cyprus,High,Mixed,1.0,1.0,1.0,True,1.0,0.9999999999999812,0.0,1.0,1.0,H,0.9999999999999504,1.0000000000000497
CZE,2016,136.85,18754.0,17660.0,5.5,6.73,4.0194,7.32,2671.9,5344644.0,10.7,10.2,2.6,79.0268292682927,10566332.0,27.03,0.3846153846153846,Czechia,High,Mixed,0.57,0.57,0.95,True,0.5359416419030546,0.5419216200465415,-0.0340583580969453,1.0,0.4850338675011242,H,0.5707740926945927,0.9389733149465561
DEU,2016,235.71,42949.0,45340.0,4.76,8.02,4.166,10.97,5669.8,43118037.0,9.6,11.1,3.3,80.990243902439,82348669.0,19.17,0.303030303030303,Germany,High,Mixed,0.36,0.38,0.97,True,0.3640389417478102,0.3921145972485644,0.0040389417478102,0.9473684210526315,0.35320998559377387,H,0.4042116471880445,0.900614676198221
DNK,2016,143.2,54501.0,57830.0,7.72,2.6,3.999,10.28,5328.2,2943425.0,10.8,9.2,3.5,80.8536585365854,5728010.0,12.3,0.2857142857142857,Denmark,High,Public,0.62,0.67,0.97,True,0.5798425221139292,0.6608196540849989,-0.0401574778860708,0.9253731343283581,0.5602703473149675,H,0.7807386076592067,0.7426845764069492
DZA,2016,17.15,4425.0,4920.0,6.5,1.6,1.819,6.0,806.4,12191778.0,25.439,4.647,21.6,75.31,40850721.0,29.26,0.0462962962962962,Algeria,Lower-mid,Public,0.46,0.72,0.95,True,0.4720516917789643,0.6864241781226383,0.0120516917789642,0.638888888888889,0.45599821664886675,L+LM,0.5827837006342801,0.8099946708619352
ECU,2016,66.46,5917.6,5750.0,4.46,1.38,2.055,7.59,825.7,7985502.0,17.622,5.005,12.5,76.094,16505139.0,37.01,0.08,Ecuador,Upper-mid,Mixed,0.53,0.82,0.97,True,0.5142612829765516,0.7163161875436773,-0.0157387170234484,0.6463414634146342,0.4924265776056295,UM,0.858804153329046,0.5988108941754445
ESP,2016,93.0,26755.6,27760.0,4.19,2.95,3.803,8.88,3343.2,23054343.0,8.8,8.8,2.7,83.3292682926829,46458139.0,20.64,0.3703703703703703,Spain,High,Mixed,0.68,1.0,1.0,True,0.6533582286251519,1.0,-0.0266417713748481,0.68,0.6363083518134314,H,0.7520010603904962,0.8688262065559835
EST,2016,30.27,18666.4,18640.0,5.06,4.69,3.457,6.57,2098.5,691079.0,10.7,11.7,2.3,77.6414634146342,1315790.0,31.28,0.4347826086956522,Estonia,High,Mixed,0.63,0.64,0.93,True,0.6183775324021744,0.6382331354040218,-0.0116224675978255,0.984375,0.6115843285187202,H,0.6254431919989903,0.9887029554606978
FIN,2016,18.08,43451.3,45160.0,6.91,3.97,3.42,9.46,4213.8,2693204.0,9.6,9.8,2.0,81.4292682926829,5495303.0,28.38,0.5,Finland,High,Public,0.7,1.0,1.0,True,0.7067203841725553,1.0,0.0067203841725553,0.7,0.6987419177367244,H,0.7137095096088903,0.9902073247697581
FRA,2016,123.8,37024.2,39020.0,,6.21,3.2,11.57,4967.8,30280138.0,11.8,8.9,3.2,82.5731707317073,66724104.0,21.4,0.3125,France,High,Mixed,0.43,0.64,0.99,True,0.4601725460035469,0.6453175477651528,0.0301725460035469,0.671875,0.45892612736877075,H,0.48560631438933705,0.9476247164994677
GBR,2016,271.18,41258.5,43310.0,5.43,2.56,2.773,9.87,4348.9,33593959.0,11.8,9.1,3.8,81.1560975609756,65606000.0,17.98,0.2631578947368421,United Kingdom,High,Mixed,0.58,0.76,0.98,True,0.5586945111261401,0.6942404740722543,-0.0213054888738598,0.763157894736842,0.5476216517787679,H,0.7805450514454807,0.7157748423252461
GEO,2016,65.21,4143.4,4180.0,3.52,3.64,6.351,9.07,1165.2,1972634.0,15.818,12.774,8.7,73.136,3727505.0,42.3,0.1149425287356322,Georgia,Upper-mid,Mixed,0.37,0.4,0.88,True,0.3029802350757071,0.3032258677716469,-0.0670197649242928,0.9249999999999999,0.2906486778803891,UM,0.4430190043395126,0.6838989571732115
GRC,2016,83.6,17919.2,18500.0,,4.2,6.122,8.45,2322.7,4715851.0,8.6,11.0,3.6,81.3878048780488,10775971.0,22.29,0.2777777777777778,Greece,High,Mixed,0.45,0.52,0.98,True,0.4268571953746099,0.5164972187875653,-0.02314280462539,0.8653846153846154,0.40635805846043094,H,0.5265393114720215,0.8106843802056585
HND,2016,84.12,2307.3,2090.0,6.1,0.63,0.589,7.71,399.8,3916766.0,23.804,4.442,16.5,71.615,9412380.0,45.11,0.0606060606060606,Honduras,Lower-mid,Mixed,0.77,1.0,1.0,True,0.7434349779023667,0.9999999999999692,-0.0265650220976333,0.77,0.6867386805173677,L+LM,0.9999999999999999,0.7434349779023668
HRV,2016,73.38,12820.2,13090.0,,5.54,3.265,6.69,1714.4,1794702.0,9.1,12.6,4.1,77.9219512195122,4106867.0,44.27,0.2439024390243902,Croatia,High,Mixed,0.52,0.56,0.94,True,0.5041260426783257,0.5302703939475383,-0.0158739573216742,0.9285714285714285,0.4494316755792806,H,0.6218425466016745,0.8106972503463118
HUN,2016,106.94,13215.9,13230.0,4.6,7.0,3.212,6.97,1959.4,4780556.0,9.8,13.0,4.0,76.0634146341464,9759755.0,29.53,0.25,Hungary,High,Mixed,0.49,0.5,0.91,True,0.4785937692276313,0.4820028205294608,-0.0114062307723686,0.98,0.43057361522446125,H,0.5862895010279905,0.8163096360901445
ISL,2016,3.35,62854.1,59210.0,7.43,3.13,3.85,8.16,4359.9,208038.0,12.0,6.9,2.0,82.2048780487805,335439.0,6.22,0.5,Iceland,High,Public,0.82,1.0,1.0,True,0.8005589572598122,0.9999999999999823,-0.0194410427401877,0.82,0.7853290576001197,H,0.800558957259753,1.000000000000074
ISR,2016,394.92,37571.3,37240.0,5.8,3.11,3.422,7.1,2822.1,4024474.0,21.2,5.2,3.1,82.4073170731707,8546000.0,8.31,0.3225806451612903,Israel,High,Mixed,0.59,0.73,0.99,True,0.589378101536145,0.7376797116842994,-0.0006218984638549,0.8082191780821918,0.5722905845625698,H,0.6947051433395859,0.8483859766790947
ITA,2016,203.29,31391.6,32400.0,3.8,3.18,3.963,8.72,3527.4,25548902.0,7.9,10.2,2.9,83.2439024390244,60115223.0,30.4,0.3448275862068966,Italy,High,Mixed,0.6,0.93,1.0,True,0.5817657498350708,0.923649177544546,-0.0182342501649291,0.6451612903225806,0.5648561179174483,H,0.683727164866515,0.8508741201596836
JAM,2016,259.46,5302.3,4990.0,5.31,1.73,0.471,6.59,619.4,1407680.0,12.941,6.911,17.1,72.052,2809915.0,44.45,0.0584795321637426,Jamaica,Upper-mid,Mixed,0.55,0.68,0.94,True,0.5935733394877019,0.7111868214228033,0.0435733394877018,0.8088235294117647,0.5315497923049054,UM,1.0,0.5935733394877019
JPN,2016,348.63,40215.0,39220.0,3.15,13.09,2.423,10.66,4324.3,66529155.0,7.8,10.5,2.0,83.9848780487805,127076000.0,8.55,0.5,Japan,High,Mixed,0.91,1.0,1.0,True,0.9572662080499916,1.0,0.0472662080499917,0.91,0.9550678666832784,H,0.9999999999999997,0.957266208049992
KAZ,2016,6.8,7475.6,8500.0,2.98,5.45,3.707,3.42,787.9,9280982.0,22.34,7.208,8.8,72.549,18363600.0,43.25,0.1136363636363636,Kazakhstan,Upper-mid,Mixed,0.82,0.89,0.96,True,0.796657810012476,0.80244618735145,-0.0233421899875239,0.9213483146067415,0.6998743773950853,UM,1.0,0.796657810012476
KOR,2016,525.37,30832.1,30850.0,4.12,11.97,2.29,6.64,2761.0,27791833.0,7.9,5.5,2.8,82.2756097560976,51217803.0,18.44,0.3571428571428571,"Korea, Rep.",High,Mixed,0.71,0.85,0.99,True,0.7456543340516979,0.820951635490998,0.0356543340516979,0.8352941176470589,0.7433281154386016,H,0.7699678648677113,0.9684226681068168
LAO,2016,29.93,2303.2,2110.0,2.77,1.21,0.371,2.36,159.2,2778397.0,24.567,7.201,38.1,67.014,6908802.0,66.17,0.0262467191601049,Lao PDR,Lower-mid,Mixed,1.0,1.0,1.0,True,1.0,0.9999999999999998,0.0,1.0,0.9129844138489835,L+LM,0.9999999999999999,1.0000000000000002
LBN,2016,618.09,8089.0,7670.0,2.18,2.73,2.136,7.92,1500.8,2211422.0,19.197,4.718,11.5,78.306,6323060.0,11.16,0.0869565217391304,Lebanon,Upper-mid,Mixed,0.41,0.64,0.96,True,0.3696620853408437,0.5561928749007431,-0.0403379146591562,0.640625,0.358288530648103,UM,0.5972701294769436,0.6189194253939562
LKA,2016,342.67,4149.2,4020.0,3.23,3.72,0.856,3.62,458.0,8605342.0,15.651,6.493,7.0,76.136,21209000.0,81.03,0.1428571428571428,Sri Lanka,Lower-mid,Mixed,0.85,0.9,0.97,True,0.9344639449306018,0.9707973307097816,0.0844639449306018,0.9444444444444444,0.8848389872418153,L+LM,1.0,0.9344639449306018
LTU,2016,45.93,14934.3,14890.0,4.01,6.69,4.466,6.65,2033.3,1479370.0,10.3,14.3,4.0,74.6707317073171,2877325.0,32.81,0.25,Lithuania,High,Mixed,0.52,0.53,0.9,True,0.4949602296334091,0.5051969412165845,-0.0250397703665909,0.9811320754716981,0.4420239522085372,H,0.5936487227430608,0.8337594450576028
LUX,2016,226.07,106899.3,73730.0,,4.81,2.884,5.07,5806.3,287759.0,10.4,6.8,2.1,82.6853658536585,582014.0,8.46,0.4761904761904761,Luxembourg,High,Mixed,0.87,0.87,1.0,True,0.86390532544396,0.8639053254435836,-0.0060946745560399,1.0,0.8052408020856295,H,0.8639053254438384,1.0000000000001408
LVA,2016,31.49,13838.5,14300.0,4.82,5.72,3.212,6.35,1631.1,1000347.0,11.2,14.6,4.0,74.580487804878,1959537.0,32.07,0.25,Latvia,High,Mixed,0.55,0.56,0.9,True,0.517891984860879,0.529064513242544,-0.032108015139121,0.9821428571428571,0.4625177219511662,H,0.6244936324308965,0.8292990640191779
MDV,2016,1477.69,9947.8,8720.0,3.66,4.94,1.32,10.23,1920.8,194588.0,15.512,2.763,8.0,78.913,443308.0,61.04,0.125,Maldives,Upper-mid,Mixed,0.4,0.74,0.99,True,0.4136408497425499,0.5052772085894669,0.0136408497425499,0.5405405405405406,0.41168619984177124,UM,0.4744381057373936,0.8718541886504884
MEX,2016,62.89,9097.9,9740.0,4.76,1.0,2.345,5.38,1082.6,53498509.0,17.69,5.868,14.7,74.376,122251351.0,22.56,0.0680272108843537,Mexico,Upper-mid,Mixed,0.68,0.91,0.98,True,0.6742297109828126,0.903585158368653,-0.0057702890171874,0.7472527472527473,0.6439485084747597,UM,1.0,0.6742297109828126
MLI,2016,15.73,872.5,870.0,2.59,0.23,0.117,3.77,80.0,6976542.0,43.911,10.268,64.0,58.286,19191289.0,73.55,0.015625,Mali,Low,Private,1.0,1.0,1.0,True,0.9999999999999998,1.0,-2.220446049250313e-16,1.0,0.9651147492414412,L+LM,0.9999999999999998,1.0
MMR,2016,78.89,1229.2,1230.0,,1.07,0.638,4.76,212.4,24084188.0,18.561,8.861,42.6,65.64,51495696.0,70.19,0.0234741784037558,Myanmar,Lower-mid,Public,0.52,0.56,0.89,True,0.5735011998936388,0.5878259978556393,0.0535011998936387,0.9285714285714285,0.5435051288906737,L+LM,0.5735011998936392,0.9999999999999992
MNG,2016,1.98,3619.9,3460.0,5.18,7.55,3.289,4.58,489.0,1258931.0,25.9,5.8,15.0,70.2239024390244,3088856.0,32.02,0.0666666666666666,Mongolia,Lower-mid,Mixed,0.61,0.64,0.85,True,0.5411727483303331,0.5529401548234217,-0.0688272516696668,0.953125,0.47202516317065824,L+LM,0.5859240232660416,0.9236227340769249
MUS,2016,632.82,10095.1,10650.0,4.88,3.51,2.144,5.54,1175.1,615224.0,10.4,8.1,13.0,74.3948780487805,1263747.0,60.44,0.0769230769230769,Mauritius,Upper-mid,Mixed,0.49,0.58,0.9,True,0.478131297888648,0.5327149491770446,-0.0118687021113519,0.8448275862068966,0.4174736719433835,UM,0.6627725501888727,0.7214108335542762
MYS,2016,96.76,9476.5,9800.0,4.75,1.88,1.576,3.7,935.8,15415068.0,15.789,4.915,6.7,75.371,31789685.0,26.14,0.1492537313432835,Malaysia,Upper-mid,Mixed,0.83,0.92,0.97,True,0.7958927542534875,0.8422321006323712,-0.0341072457465124,0.9021739130434782,0.7022345847415951,UM,0.9999999999999997,0.7958927542534877
NER,2016,16.33,499.9,520.0,2.96,0.3,0.033,4.53,53.6,7711696.0,45.881,10.156,69.2,59.228,20685753.0,83.61,0.0144508670520231,Niger,Low,Private,1.0,1.0,1.0,True,1.0,1.0,0.0,1.0,1.0,L+LM,1.0,1.0
NIC,2016,51.79,2131.7,1980.0,4.08,0.91,0.965,8.05,473.5,2771179.0,22.06,4.959,14.2,73.18,6232666.0,41.99,0.0704225352112676,Nicaragua,Lower-mid,Mixed,0.57,0.84,0.98,True,0.5811221815998344,0.8464920196519522,0.0111221815998344,0.6785714285714285,0.5551044545536172,L+LM,0.9727397556171447,0.5974076604190475
NLD,2016,505.8,46808.5,46960.0,5.39,3.38,3.501,9.89,5274.4,9434786.0,10.1,8.7,3.5,81.5609756097561,17030314.0,9.42,0.2857142857142857,Netherlands,High,Mixed,0.48,0.61,0.98,True,0.4709170024921255,0.5770935529625039,-0.0090829975078745,0.7868852459016393,0.45628562808287576,H,0.6045913100082482,0.7789013746917748
NOR,2016,14.34,73222.4,81840.0,7.98,3.68,4.22,10.53,6267.1,2845954.0,11.2,7.8,2.1,82.4073170731707,5234519.0,18.32,0.4761904761904761,Norway,High,Public,0.69,1.0,1.0,True,0.6419553970647405,0.6666209441649236,-0.0480446029352594,0.69,0.6388815637377679,H,0.6458667434858107,0.99394403495687
NZL,2016,17.9,40088.3,39440.0,5.5,2.72,3.115,8.77,3506.0,2634836.0,12.6,6.61,4.6,81.6585365853659,4714100.0,15.31,0.2173913043478261,New Zealand,High,Mixed,0.5,0.74,0.98,True,0.4909500317453316,0.7143945280365052,-0.0090499682546683,0.6756756756756757,0.4746411860090439,H,0.7101793136872816,0.6913043259403007
PAK,2016,285.57,1424.7,1360.0,2.67,0.49,0.89,2.57,119.0,69799389.0,29.956,7.039,61.7,65.943,220138869.0,63.84,0.0162074554294975,Pakistan,Lower-mid,Private,1.0,1.0,1.0,True,1.0,1.0,0.0,1.0,0.9661272686746355,L+LM,1.0,1.0
PAN,2016,54.36,14832.4,13180.0,3.32,2.06,1.573,7.09,2157.0,1929484.0,19.495,4.739,13.5,77.772,4029086.0,34.4,0.074074074074074,Panama,Upper-mid,Mixed,0.43,0.71,0.96,True,0.4405340663332655,0.6638180391946166,0.0105340663332654,0.6056338028169014,0.4255171965487185,UM,0.7649669911371462,0.5758863734478249
PER,2016,24.11,6217.0,6130.0,3.81,1.64,1.307,4.89,604.3,16939632.0,17.565,6.036,13.4,75.951,30866494.0,18.58,0.0746268656716417,Peru,Upper-mid,Mixed,0.62,0.82,0.96,True,0.5730880007014886,0.7754967919203195,-0.0469119992985114,0.7560975609756098,0.5553233124284038,UM,0.9561493828999013,0.599370779243064
POL,2016,124.01,12464.0,12740.0,4.63,6.59,2.397,6.55,1856.9,18466235.0,10.1,10.2,4.1,77.8512195121951,37970087.0,39.76,0.2439024390243902,Poland,High,Mixed,0.55,0.58,0.94,True,0.5416332630231481,0.558329673888887,-0.0083667369768519,0.9482758620689656,0.5182677245377533,H,0.652862226990149,0.8296287342586919
PRT,2016,112.72,19980.3,19950.0,,3.39,4.93,9.4,2957.0,5182106.0,8.4,10.7,2.9,81.1243902439025,10325452.0,38.87,0.3448275862068966,Portugal,High,Mixed,0.54,0.57,0.97,True,0.5414186253207851,0.5812330393641165,0.001418625320785,0.9473684210526317,0.5262277325216898,H,0.629352369039448,0.8602789978325303
ROU,2016,85.63,9404.5,9460.0,3.03,6.81,2.83,5.08,1210.8,8458910.0,10.4,13.1,7.1,75.209756097561,19702267.0,46.45,0.1408450704225352,Romania,Upper-mid,Mixed,0.61,0.68,0.91,True,0.5726136919109216,0.608070815157499,-0.0373863080890783,0.8970588235294117,0.5046798432173893,UM,0.720845359794382,0.7943641228047263
RUS,2016,8.85,8663.2,9680.0,3.76,7.37,3.964,5.29,1284.1,75488447.0,12.9,12.9,6.0,71.6512195121951,145015460.0,25.63,0.1666666666666666,Russian Federation,Upper-mid,Mixed,0.57,0.57,0.86,True,0.5463548159758127,0.5640090651314135,-0.0236451840241872,1.0,0.48368070710215133,UM,0.7188176177462171,0.760074325513689
RWA,2016,483.14,721.3,720.0,3.43,0.73,0.12,5.97,111.4,4269266.0,31.971,6.336,33.2,65.733,11919183.0,80.88,0.0301204819277108,Rwanda,Low,Public,0.71,0.82,0.97,True,0.7788095327569645,0.9018851422118396,0.0688095327569645,0.8658536585365854,0.6600515399352815,L+LM,0.9100544134830778,0.8557834797769993
SEN,2016,78.09,1266.4,1270.0,5.11,0.72,0.077,4.26,132.0,4362873.0,33.828,6.459,36.8,66.724,15034521.0,52.94,0.0271739130434782,Senegal,Lower-mid,Mixed,1.0,1.0,1.0,True,1.0,1.0,0.0,1.0,0.8865487885617102,L+LM,1.0,1.0
SGP,2016,7908.72,57204.0,53600.0,2.94,2.5,2.325,4.38,3958.3,3396546.0,9.4,4.8,2.1,82.8463414634146,5607283.0,0.0,0.4761904761904761,Singapore,High,Mixed,1.0,1.0,1.0,True,1.0,0.9999999999999998,0.0,1.0,0.9964383872675834,H,1.0,1.0
SLV,2016,299.27,3901.3,3600.0,3.83,1.08,1.5662,8.71,736.9,2645808.0,17.73,7.449,12.0,70.908,6200800.0,29.6,0.0833333333333333,El Salvador,Lower-mid,Mixed,0.54,0.7,0.94,True,0.5334985993416869,0.6900700724152179,-0.0065014006583131,0.7714285714285716,0.5005552649757335,L+LM,1.0,0.5334985993416869
SRB,2016,80.7,5982.4,5920.0,3.5,5.54,2.926,8.15,1338.0,3203020.0,9.2,14.3,5.2,75.6878048780488,7058322.0,39.61,0.1923076923076923,Serbia,Upper-mid,Mixed,0.38,0.41,0.91,True,0.3860244064594795,0.3931154050951164,0.0060244064594795,0.926829268292683,0.360535194309644,UM,0.6240862817208506,0.6185433292894356
SUR,2016,3.66,5644.2,6660.0,5.64,2.8,1.087,5.99,867.5,236541.0,18.942,7.069,18.6,70.979,587757.0,33.86,0.053763440860215,Suriname,Upper-mid,Mixed,0.45,0.49,0.89,True,0.4456733866211594,0.4474085910113113,-0.0043266133788406,0.9183673469387755,0.4085388354257834,UM,0.6281767902933074,0.7094712722720402
SVK,2016,112.95,16636.1,16900.0,3.88,5.79,3.476,7.06,2110.7,2756837.0,10.6,9.6,5.1,77.1658536585366,5430798.0,46.26,0.196078431372549,Slovak Republic,High,Mixed,0.46,0.51,0.93,True,0.4494899630077316,0.4843749472644639,-0.0105100369922684,0.9019607843137255,0.3987140568766157,H,0.5829584439387184,0.771049750940708
SVN,2016,102.52,21447.8,21610.0,4.84,4.5,3.019,8.57,2878.3,998728.0,9.9,9.5,2.1,81.1756097560976,2065042.0,46.35,0.4761904761904761,Slovenia,High,Mixed,0.76,0.91,0.99,True,0.7559419282004829,0.7694461627496999,-0.0040580717995171,0.8351648351648352,0.7527157888057874,H,0.7695662578182321,0.9822960927933938
SWE,2016,24.36,51703.5,53850.0,7.64,2.34,4.233,10.96,5550.5,5244169.0,11.8,9.2,2.3,82.3073170731707,9923085.0,13.0,0.4347826086956522,Sweden,High,Public,1.0,1.0,1.0,True,0.9300660779771516,0.9909138212699854,-0.0699339220228483,1.0,0.8442057358435773,H,0.985450455436261,0.9437979076943136
TGO,2016,132.39,843.1,870.0,3.66,0.65,0.044,6.59,127.3,2455743.0,36.002,10.032,44.0,59.677,7200884.0,59.85,0.0227272727272727,Togo,Low,Private,0.94,1.0,1.0,True,1.0,1.0,0.06,0.94,0.8688876182966109,L+LM,1.0,1.0
THA,2016,138.7,5833.6,5550.0,3.77,2.0,0.433,3.94,656.7,39822992.0,10.111,6.918,9.8,76.769,70859841.0,52.12,0.1020408163265306,Thailand,Upper-mid,Mixed,1.0,1.0,1.0,True,0.9999999999999988,1.0,-1.2212453270876722e-15,1.0,1.0,UM,0.9999999999999998,0.999999999999999
TUR,2016,103.01,10984.4,11350.0,4.63,2.67,1.774,4.28,1110.6,31514194.0,16.6,5.3,10.5,76.595,79277962.0,11.9,0.0952380952380952,Turkiye,Upper-mid,Mixed,0.68,0.84,0.94,True,0.6509175557682345,0.7764443137340191,-0.0290824442317655,0.8095238095238096,0.5697611850146331,UM,0.8799127016945051,0.7397524260244457
URY,2016,19.31,17009.8,16490.0,4.36,2.51,4.008,8.64,1973.1,1725328.0,13.726,9.581,7.1,77.351,3379283.0,4.84,0.1408450704225352,Uruguay,High,Mixed,0.42,0.57,0.94,True,0.4150181155894187,0.5350893938969029,-0.0049818844105812,0.736842105263158,0.4003043211727852,H,0.6937083583285956,0.5982602207494709
VNM,2016,299.95,2735.1,2560.0,3.47,2.47,0.825,4.87,407.8,54888312.0,17.313,6.195,15.2,73.984,94000117.0,67.15,0.0657894736842105,Vietnam,Lower-mid,Mixed,0.61,0.73,0.93,True,0.6058128968531794,0.643039063960098,-0.0041871031468205,0.8356164383561644,0.55130658712467,L+LM,0.6555761368237342,0.9240923560585081
AFG,2017,54.72,525.5,530.0,4.34,0.42,0.245,12.62,294.796437277569,9223903.0,38.171,7.315,60.1,62.406,35688935.0,75.16,0.016638935108153,Afghanistan,Low,Public,0.45,0.46,0.89,True,0.4659738049944519,0.5564980375130816,0.0159738049944519,0.9782608695652174,0.461006373048126,L+LM,0.46657277036420103,0.9987162444793305
ARG,2017,16.18,14532.5,13070.0,5.45,4.99,5.094,10.26,2399.4439117441,19643677.0,16.155,7.682,9.4,76.543,44288894.0,8.32,0.1063829787234042,Argentina,Upper-mid,Mixed,0.3,0.33,0.92,True,0.2712414227979831,0.3143396227336449,-0.0287585772020168,0.9090909090909091,0.24142486172881167,UM,0.3734828188530689,0.7262487298102235
ARM,2017,104.65,3869.1,3900.0,2.71,4.27,2.903,10.36,1278.00393260604,1456321.0,12.6,9.1,11.7,75.2170731707317,2979400.0,35.29,0.0854700854700854,Armenia,Upper-mid,Mixed,0.29,0.31,0.9,True,0.2581544753596574,0.3323184794911946,-0.0318455246403425,0.9354838709677419,0.24517062340947487,UM,0.3962243497250455,0.6515361197230817
AUT,2017,106.61,47163.7,44800.0,5.4,7.37,5.182,10.57,5710.79107264942,4567690.0,10.0,9.5,3.0,81.6439024390244,8797566.0,32.09,0.3333333333333333,Austria,High,Mixed,0.38,0.4,0.98,True,0.3580387345566799,0.3952284478682807,-0.02196126544332,0.95,0.3295755849987067,H,0.4458547474153408,0.8030389642193156
AZE,2017,119.21,4147.2,4110.0,2.47,3.98,3.197,4.07,576.529979498239,4876185.0,14.6,5.8,18.6,72.694,9854033.0,43.57,0.053763440860215,Azerbaijan,Upper-mid,Mixed,0.74,0.76,0.92,True,0.6062751660867185,0.6286116860063972,-0.1337248339132815,0.9736842105263158,0.5364558301102564,UM,0.8225915418581303,0.7370306345689132
BEL,2017,375.01,44035.3,42310.0,6.45,5.66,3.292,10.94,5509.57633043985,5037325.0,10.5,9.6,3.3,81.4926829268293,11375158.0,13.33,0.303030303030303,Belgium,High,Mixed,0.48,0.58,0.98,True,0.4555556397700202,0.5980701988697144,-0.0244443602299797,0.8275862068965517,0.43508401222202087,H,0.677670051483549,0.67223811761007
BGD,2017,1245.96,1811.1,1640.0,2.11,0.84,0.535,2.37,115.581150215712,66147765.0,19.991,5.512,27.3,71.606,162186147.0,69.8,0.0366300366300366,Bangladesh,Lower-mid,Private,1.0,1.0,1.0,True,0.9999999999999996,0.9999999999999996,-4.440892098500626e-16,1.0,0.9584525326214852,L+LM,0.9999999999999997,0.9999999999999999
BHS,2017,39.01,31875.5,29570.0,2.7,2.99,1.895,6.6,2225.69398687005,230010.0,11.421,8.12,12.1,74.031,390485.0,17.92,0.0826446280991735,Bahamas,High,Mixed,0.44,0.46,0.9,True,0.39643235864162,0.4357901082749824,-0.0435676413583799,0.9565217391304347,0.3701134609725298,H,1.0,0.39643235864162
BLR,2017,46.6,5785.5,5320.0,4.8,10.0,4.427,5.76,1056.47330120896,5079681.0,10.8,12.6,2.8,74.1292682926829,9458989.0,22.98,0.3571428571428571,Belarus,Upper-mid,Public,0.65,0.68,0.89,True,0.6316659401722182,0.663375289351846,-0.0183340598277818,0.9558823529411764,0.5742848843033058,UM,0.9999999999999994,0.6316659401722186
BLZ,2017,16.36,6071.9,5490.0,5.95,1.04,1.131,4.62,421.671241176752,166282.0,21.286,5.094,12.1,72.062,373202.0,56.58,0.0826446280991735,Belize,Upper-mid,Mixed,0.68,0.8,0.97,True,0.7436036043412766,0.7842517004037234,0.0636036043412765,0.85,0.7092488410635664,UM,1.0,0.7436036043412766
BOL,2017,10.47,4048.4,3250.0,8.1,1.26,1.016,6.49,552.333472829502,5298716.0,22.911,7.591,20.8,67.536,11344587.0,30.92,0.048076923076923,Bolivia,Lower-mid,Mixed,0.5,0.51,0.88,True,0.4915562136066354,0.4978088327001138,-0.0084437863933645,0.9803921568627451,0.46986937846431837,L+LM,0.615795983103347,0.7982452420839178
BRA,2017,24.49,10080.5,8830.0,6.32,2.34,2.198,9.47,1378.92393296078,103476109.0,14.123,6.256,13.3,75.383,204703445.0,13.8,0.075187969924812,Brazil,Upper-mid,Mixed,0.36,0.46,0.91,True,0.3533580031454261,0.4871820951167814,-0.0066419968545738,0.7826086956521738,0.33627905188284035,UM,0.5035539599482799,0.7017281786081466
BRB,2017,651.56,20870.8,19570.0,3.96,6.09,2.541,6.0,1074.33208757318,150789.0,11.628,9.427,11.2,76.237,280171.0,40.74,0.0892857142857142,Barbados,High,Public,0.46,0.53,0.93,True,0.4516548088479351,0.5286871816536243,-0.0083451911520649,0.8679245283018868,0.4012467660146329,H,0.8295355090033086,0.544467119184085
BTN,2017,19.78,3435.3,2960.0,6.62,1.69,0.31,3.11,352.284445101614,351309.0,13.759,6.643,20.3,71.413,754335.0,62.14,0.0492610837438423,Bhutan,Lower-mid,Public,1.0,1.0,1.0,True,1.0,1.0,-1.1102230246251563e-16,1.0,0.9500470454214118,L+LM,0.9999999999999998,1.0000000000000002
CAN,2017,4.08,45129.7,42900.0,4.96,2.51,2.6102,10.92,5240.5,20155417.0,10.3,7.6,4.5,81.8078048780488,36545075.0,18.6,0.2222222222222222,Canada,High,Mixed,0.47,0.84,0.98,True,0.4911025542847973,0.8392744423987548,0.0211025542847973,0.5595238095238095,0.48648107483313235,H,0.9199234360520955,0.5338515522469917
CHE,2017,213.92,83610.2,81790.0,5.02,4.65,4.297,11.37,7755.2,4927955.0,10.3,7.9,3.6,83.5512195121951,8451840.0,22.09,0.2777777777777778,Switzerland,High,Mixed,0.36,1.0,1.0,True,0.3621449936440947,0.999999999999174,0.0021449936440947,0.36,0.35127028261556487,H,0.5539412173454836,0.6537606921173209
CHL,2017,25.0,14880.0,13200.0,5.43,2.09,2.43,9.09,2208.6,9423968.0,11.763,6.037,6.5,80.61,18558868.0,12.2,0.1538461538461538,Chile,High,Mixed,0.47,0.84,0.98,True,0.484177533930744,0.8288557294444472,0.014177533930744,0.5595238095238095,0.47057121239180394,H,1.0,0.484177533930744
CHN,2017,148.72,8979.7,8830.0,,4.33,2.003,4.97,736.0,779166682.0,12.64,7.06,7.0,77.235,1396215000.0,39.76,0.1428571428571428,China,Upper-mid,Mixed,0.63,0.7,0.94,True,0.5915313297127986,0.6796117399862357,-0.0384686702872013,0.9,0.528459059088297,UM,0.7789621322243352,0.7593839356782007
COL,2017,43.38,6479.5,6030.0,4.54,1.74,2.163,7.68,1105.8,24367946.0,14.177,5.315,13.1,76.418,48131078.0,22.78,0.0763358778625954,Colombia,Upper-mid,Mixed,0.47,0.68,0.96,True,0.4554064172821551,0.6369772136962213,-0.0145935827178448,0.6911764705882352,0.4304171291180573,UM,0.63693072580684,0.7150014889064479
CRI,2017,96.22,12317.1,11580.0,7.07,1.15,2.101,7.05,1444.2,2300637.0,13.812,4.964,7.7,79.994,4913177.0,23.95,0.1298701298701298,Costa Rica,Upper-mid,Mixed,0.69,1.0,1.0,True,0.7013514833262982,0.999999999999978,0.0113514833262982,0.69,0.678019842221561,UM,1.0,0.7013514833262982
CYP,2017,135.74,26247.5,24600.0,5.7,2.26,2.651,6.62,2513.5,678816.0,11.158,6.309,2.2,81.543,1254275.0,33.11,0.4545454545454545,Cyprus,High,Mixed,0.91,0.91,0.98,True,0.9999999999999992,1.0,0.0899999999999993,1.0,0.9937677040034707,H,1.0,0.9999999999999992
CZE,2017,137.22,20913.2,18350.0,3.76,6.71,4.0676,7.24,2853.6,5370664.0,10.8,10.5,2.6,78.9780487804878,10594438.0,27.09,0.3846153846153846,Czechia,High,Mixed,0.54,0.54,0.95,True,0.5375200214404209,0.5449470534069949,-0.0024799785595791,1.0,0.4888062228961415,H,0.5723725445711488,0.9391086741296418
DEU,2017,236.59,45554.0,44730.0,4.78,7.96,4.226,11.05,5989.5,43391708.0,9.5,11.3,3.2,80.9926829268293,82657002.0,19.02,0.3125,Germany,High,Mixed,0.37,0.38,0.97,True,0.3748625720243063,0.4348672873129949,0.0048625720243063,0.9736842105263158,0.3564370414264809,H,0.5264890695656725,0.7120044720653923
DNK,2017,144.12,57521.6,56600.0,7.37,2.61,4.109,10.11,5589.9,2970148.0,10.6,9.2,3.4,81.1024390243903,5764980.0,11.98,0.2941176470588235,Denmark,High,Public,0.58,0.66,0.98,True,0.5867235273463609,0.6668285759605765,0.0067235273463609,0.8787878787878787,0.5731374983141962,H,0.8291305978703348,0.7076370463873736
ECU,2017,67.48,6233.3,5930.0,4.61,1.4,2.225,7.52,887.4,8229598.0,17.677,5.066,12.2,76.22,16759519.0,36.98,0.0819672131147541,Ecuador,Upper-mid,Mixed,0.52,0.78,0.97,True,0.5178404049511567,0.6975842723564353,-0.0021595950488433,0.6666666666666666,0.4931840933768208,UM,0.7024039243464102,0.7372401932876577
ESP,2017,93.23,28381.3,27290.0,4.18,2.96,3.854,9.02,3598.6,23026725.0,8.4,9.1,2.7,83.2829268292683,46571232.0,20.53,0.3703703703703703,Spain,High,Mixed,0.64,1.0,1.0,True,0.6457124952064028,0.9999999999998792,0.0057124952064028,0.64,0.632960607232811,H,0.7753580892158741,0.8327926208384787
EST,2017,30.82,20851.5,19140.0,4.86,4.61,3.468,6.47,2234.3,697564.0,10.5,11.8,2.2,78.0926829268293,1317384.0,31.01,0.4545454545454545,Estonia,High,Mixed,0.67,0.67,0.95,True,0.6573129384879629,0.6607807925635546,-0.0126870615120371,1.0,0.6378064300166713,H,0.6575574079899356,0.9996282157283879
FIN,2017,18.12,46085.0,44520.0,6.41,3.75,3.437,9.19,4341.4,2708034.0,9.1,9.8,1.9,81.6317073170732,5508214.0,28.04,0.5263157894736842,Finland,High,Public,0.74,1.0,1.0,True,0.7623491978065676,0.999999999999974,0.0223491978065676,0.74,0.7407910525372403,H,0.7682495444313454,0.9923197525237126
FRA,2017,124.16,38687.2,38120.0,5.46,6.12,3.217,11.45,5099.7,30347085.0,11.5,9.1,3.3,82.5756097560976,66918020.0,21.35,0.303030303030303,France,High,Mixed,0.45,0.66,0.99,True,0.4651841254696685,0.7002754256741236,0.0151841254696684,0.6818181818181818,0.44315862514487014,H,0.7018289981834115,0.6628169065024871
GBR,2017,272.66,40918.1,42140.0,5.45,2.53,2.802,9.7,4470.1,33750454.0,11.4,9.2,3.8,81.2560975609756,65964000.0,17.77,0.2631578947368421,United Kingdom,High,Mixed,0.54,0.78,0.98,True,0.559800838931535,0.7562137353345177,0.0198008389315349,0.6923076923076923,0.5534636002088298,H,0.8710330331656875,0.6426861182256103
GEO,2017,65.22,4418.8,4130.0,3.52,3.98,6.478,8.7,1173.3,1957834.0,14.905,12.654,8.5,73.435,3728004.0,42.0,0.1176470588235294,Georgia,Upper-mid,Mixed,0.43,0.43,0.88,True,0.3135379523352517,0.314572909623618,-0.1164620476647482,1.0,0.28653249837978045,UM,0.4330596958549571,0.724006309837394
GRC,2017,83.43,18632.0,17890.0,3.47,4.21,6.067,8.11,2324.1,4695990.0,8.2,11.6,3.6,81.2878048780488,10754679.0,22.11,0.2777777777777778,Greece,High,Mixed,0.46,0.51,0.98,True,0.4398458275535592,0.5190785858404519,-0.0201541724464408,0.9019607843137255,0.4133072049300079,H,0.5716766539118282,0.7693961692222581
GTM,2017,154.6,4325.0,3980.0,2.95,0.45,0.286,6.14,586.6,6525645.0,25.171,5.081,21.6,71.583,16567357.0,46.2,0.0462962962962962,Guatemala,Upper-mid,Mixed,0.84,1.0,1.0,True,0.846840218387398,0.9999999999999996,0.006840218387398,0.84,0.8436011107618077,UM,1.0,0.846840218387398
HND,2017,85.69,2413.0,2210.0,5.74,0.64,0.304,7.01,393.8,4091954.0,23.504,4.446,15.9,71.805,9588137.0,44.61,0.0628930817610062,Honduras,Lower-mid,Mixed,0.85,1.0,1.0,True,0.8696443420086024,0.9999999999999986,0.0196443420086024,0.85,0.8022253381109917,L+LM,1.0,0.8696443420086024
HRV,2017,72.21,13901.6,13350.0,3.87,5.61,3.404,6.63,1831.4,1774192.0,9.0,13.2,4.1,77.7268292682927,4041407.0,44.1,0.2439024390243902,Croatia,High,Mixed,0.53,0.54,0.93,True,0.5023096482696175,0.5173714060098766,-0.0276903517303824,0.9814814814814815,0.45269284917989727,H,0.6505514094075424,0.7721290600647092
HUN,2017,106.58,14736.2,13310.0,4.64,7.02,3.326,6.73,1999.0,4807691.0,9.7,13.6,3.7,75.8170731707317,9726756.0,29.55,0.2702702702702702,Hungary,High,Mixed,0.52,0.52,0.91,True,0.5005352099494579,0.5093235880754503,-0.0194647900505421,1.0,0.4531236000400569,H,0.6458473070040388,0.7750054920432266
IDN,2017,142.39,3798.9,3490.0,1.05,1.02,0.373,2.9,310.4,130940742.0,17.54,7.506,20.1,69.953,267346658.0,45.55,0.0497512437810945,Indonesia,Lower-mid,Mixed,1.0,1.0,1.0,True,1.0,1.0,0.0,1.0,0.9456403591381665,L+LM,1.0,1.0
IRN,2017,52.4,6000.9,5640.0,3.46,1.9,1.071,7.72,1163.1,28624101.0,18.045,4.631,13.0,76.396,85026754.0,25.6,0.0769230769230769,Iran,Lower-mid,Mixed,0.49,0.68,0.97,True,0.4791809849240232,0.8489876846660271,-0.0108190150759767,0.7205882352941175,0.4344247739568004,L+LM,0.7035900280617005,0.6810514160413912
ISL,2017,3.43,72976.4,62770.0,7.58,3.06,3.872,8.32,4629.7,212416.0,11.9,6.5,2.0,82.6609756097561,343400.0,6.23,0.5,Iceland,High,Public,0.79,0.79,1.0,True,0.8196067581683668,1.0,0.0296067581683667,1.0,0.7988493482882983,H,0.8196067581683677,0.9999999999999989
ISR,2017,402.65,41013.3,38600.0,6.0,3.14,3.43,7.17,2949.8,4094423.0,21.1,5.2,3.0,82.5512195121951,8713300.0,8.33,0.3333333333333333,Israel,High,Mixed,0.58,0.71,0.99,True,0.594101944966958,0.7181461284138126,0.014101944966958,0.8169014084507042,0.5784241935384812,H,0.7599213180946809,0.7817940236977758
ITA,2017,202.9,32844.1,31790.0,4.03,3.19,3.999,8.69,3658.5,25724021.0,7.6,10.8,2.8,82.9463414634147,60002252.0,30.48,0.3571428571428571,Italy,High,Mixed,0.57,0.74,1.0,True,0.5903019912077404,0.7604111916954097,0.0203019912077404,0.7702702702702702,0.5790263205264496,H,0.7302002012651437,0.8084111592752017
JOR,2017,115.28,4449.3,4300.0,3.21,1.45,2.222,7.11,658.7,2712693.0,23.217,3.098,14.3,76.071,10234226.0,9.12,0.0699300699300699,Jordan,Lower-mid,Mixed,0.47,0.66,0.95,True,0.5030807239413054,0.6897728784653682,0.0330807239413054,0.712121212121212,0.474961069399394,L+LM,0.7750165795284166,0.6491225313494853
KAZ,2017,6.91,8943.1,7780.0,2.75,5.33,3.6,3.05,731.8,9361725.0,21.435,7.063,8.4,72.996,18651931.0,42.54,0.119047619047619,Kazakhstan,Upper-mid,Mixed,0.97,0.98,0.99,True,0.8915679937624521,0.8993852459016427,-0.0784320062375478,0.9897959183673469,0.795137608972704,UM,0.9999999999999942,0.8915679937624572
KOR,2017,526.73,33297.0,31940.0,4.11,12.26,2.343,6.8,2926.8,28106147.0,7.0,5.6,2.7,82.6268292682927,51361911.0,18.53,0.3703703703703703,"Korea, Rep.",High,Mixed,0.74,0.93,0.99,True,0.7852978895685455,0.9672281644526618,0.0452978895685455,0.7956989247311828,0.7533811143212858,H,0.9838100689475862,0.7982210330583467
LAO,2017,30.41,2432.4,2240.0,2.5,1.58,0.44,2.53,180.3,2830876.0,24.117,6.945,36.4,67.345,7018147.0,65.49,0.0274725274725274,Lao PDR,Lower-mid,Mixed,1.0,1.0,1.0,True,0.9774582471600224,0.9999999999999996,-0.0225417528399776,1.0,0.8021871805421803,L+LM,0.9774582471600222,1.0000000000000002
LBN,2017,602.16,8608.2,8260.0,2.22,2.73,2.242,7.8,1636.0,2158877.0,18.648,4.984,11.8,78.192,6160128.0,10.95,0.0847457627118644,Lebanon,Upper-mid,Mixed,0.41,0.69,0.96,True,0.3749159386159342,0.6236170025232681,-0.0350840613840657,0.5942028985507246,0.3563257061903555,UM,0.5734164078170925,0.6538284107411247
LCA,2017,289.09,11333.1,10260.0,3.63,1.32,6.245,4.46,718.7,98031.0,12.1,7.991,16.8,72.522,176342.0,78.22,0.0595238095238095,St. Lucia,Upper-mid,Mixed,0.73,0.81,0.97,True,0.6266092428972172,0.6713908590702888,-0.1033907571027827,0.9012345679012345,0.5873686259454464,UM,0.968752455364558,0.6468208048684775
LKA,2017,346.61,4398.9,4220.0,2.59,3.77,0.887,3.33,440.3,8776309.0,15.371,6.608,6.7,76.239,21453000.0,80.85,0.1492537313432835,Sri Lanka,Lower-mid,Mixed,0.93,0.97,0.99,True,0.9888792149864282,1.0,0.0588792149864281,0.9587628865979382,0.9215218369855536,L+LM,1.0,0.9888792149864282
LTU,2017,45.38,16800.2,15260.0,3.81,6.56,4.555,6.44,2152.4,1466105.0,9.8,14.1,3.7,75.4804878048781,2842639.0,32.9,0.2702702702702702,Lithuania,High,Mixed,0.55,0.55,0.91,True,0.5214442278572977,0.5322589670415744,-0.0285557721427023,1.0,0.47114058534996867,H,0.6149782985169508,0.8479067133178277
LUX,2017,231.64,110193.2,75800.0,3.49,4.66,2.984,5.14,5961.6,293587.0,10.4,7.1,2.1,82.0951219512195,596336.0,7.9,0.4761904761904761,Luxembourg,High,Mixed,0.83,0.83,0.99,True,0.8482490272373612,0.848249027237355,0.0182490272373612,1.0,0.7793102373874643,H,0.8482490272373543,1.0000000000000082
LVA,2017,31.21,15132.5,14360.0,4.53,5.57,3.205,6.19,1703.6,995587.0,10.7,14.8,3.8,74.6292682926829,1942248.0,32.03,0.2631578947368421,Latvia,High,Mixed,0.58,0.59,0.9,True,0.5339489582699425,0.5485538361250486,-0.0460510417300574,0.983050847457627,0.4822923532047278,H,0.6642086337219677,0.8038874100113688
MDA,2017,95.91,3453.3,3300.0,5.71,5.76,3.285,7.13,794.9,1522181.0,13.762,13.253,14.0,70.375,2755189.0,60.03,0.0714285714285714,Moldova,Lower-mid,Mixed,0.4,0.4,0.85,True,0.3451274082028122,0.3544939223936414,-0.0548725917971878,1.0,0.3061777255466488,L+LM,0.36303831990993396,0.9506638535800703
MDV,2017,1527.62,10509.6,9400.0,3.82,4.94,1.894,9.15,1808.7,210295.0,14.342,2.685,7.4,79.228,458287.0,60.67,0.1351351351351351,Maldives,Upper-mid,Mixed,0.42,0.7,0.98,True,0.3908606225429972,0.726006635996671,-0.0291393774570027,0.6,0.3724079701910038,UM,0.5431673717620078,0.7195951797970943
MEX,2017,63.48,9649.3,9270.0,4.4,0.99,2.409,5.31,1088.3,54114274.0,17.214,5.997,14.4,74.261,123400057.0,22.28,0.0694444444444444,Mexico,Upper-mid,Mixed,0.69,0.86,0.97,True,0.6907981814533369,0.8639623662432059,0.0007981814533369,0.8023255813953488,0.6540725552320091,UM,0.9582464798139437,0.7208982198269746
MLI,2017,16.24,924.1,860.0,3.18,0.22,0.113,3.67,80.4,7140459.0,43.444,10.033,61.9,58.562,19813011.0,72.94,0.0161550888529886,Mali,Low,Private,1.0,1.0,1.0,True,1.0,1.0,0.0,1.0,1.0,L+LM,1.0,1.0
MMR,2017,79.5,1272.8,1230.0,2.17,1.06,0.889,4.69,220.8,23847667.0,18.341,8.855,41.1,65.909,51894938.0,70.09,0.024330900243309,Myanmar,Lower-mid,Public,0.58,0.59,0.87,True,0.575168206037653,0.5885232025869515,-0.004831793962347,0.983050847457627,0.5377251494984834,L+LM,0.5751682060376531,0.9999999999999998
MOZ,2017,35.82,470.9,480.0,5.49,0.77,0.077,7.81,100.1,12130020.0,39.755,8.633,51.4,60.148,28166393.0,67.37,0.0194552529182879,Mozambique,Low,Public,0.65,0.66,0.93,True,0.663451401732235,0.6931728145182627,0.013451401732235,0.9848484848484849,0.531504226640762,L+LM,0.6648377981249973,0.9979146847596929
MUS,2017,633.39,10986.7,11020.0,4.88,3.52,2.268,5.6,1239.8,621819.0,10.7,8.1,13.3,74.5146341463415,1264887.0,60.55,0.075187969924812,Mauritius,Upper-mid,Mixed,0.5,0.54,0.9,True,0.4649758972586443,0.5131779856601232,-0.0350241027413557,0.9259259259259258,0.4124781618463204,UM,0.6499167553120507,0.7154391596434393
MYS,2017,98.48,9862.5,9560.0,4.68,1.89,1.787,3.71,981.3,15779343.0,15.329,4.931,6.7,75.542,32355644.0,25.76,0.1492537313432835,Malaysia,Upper-mid,Mixed,0.85,0.89,0.96,True,0.7845912322153636,0.8225725077822476,-0.0654087677846363,0.9550561797752809,0.7016042025882516,UM,0.9999999999999999,0.7845912322153638
NER,2017,16.92,529.9,520.0,2.58,0.18,0.022,5.58,67.4,7997473.0,45.057,9.957,69.3,59.524,21435446.0,83.5,0.0144300144300144,Niger,Low,Private,1.0,1.0,1.0,True,1.0,0.9999999999999908,0.0,1.0,0.9999999999999988,L+LM,1.0,1.0
NIC,2017,52.49,2182.6,2050.0,4.36,0.92,1.0,8.33,518.4,2827514.0,21.647,4.949,13.4,73.389,6316231.0,41.81,0.0746268656716417,Nicaragua,Lower-mid,Mixed,0.54,0.7,0.98,True,0.5659307103521564,0.7179047277364023,0.0259307103521563,0.7714285714285716,0.5593014404462899,L+LM,0.9301716937332641,0.6084153217786936
NLD,2017,508.8,49513.7,46710.0,5.09,3.24,3.565,9.94,5584.8,9491538.0,9.9,8.8,3.5,81.7609756097561,17131296.0,8.88,0.2857142857142857,Netherlands,High,Mixed,0.46,0.64,0.98,True,0.4809361952051231,0.622254830447402,0.0209361952051231,0.71875,0.47187758155302545,H,0.6987192430582129,0.6883110777085819
NOR,2017,14.45,78771.2,76270.0,7.85,3.6,4.346,10.23,6630.8,2848702.0,10.7,7.7,2.1,82.609756097561,5276968.0,18.03,0.4761904761904761,Norway,High,Public,0.67,0.67,0.99,True,0.6600823335781525,0.6916666666666669,-0.0099176664218475,1.0,0.6502224480904738,H,0.6600823335781527,0.9999999999999997
NPL,2017,195.4,1034.3,970.0,4.77,0.29,0.681,4.72,170.2,7596203.0,21.572,7.07,29.6,68.74,28011258.0,34.42,0.0337837837837837,Nepal,Lower-mid,Mixed,1.0,1.0,1.0,True,1.0,0.9999999999999992,0.0,1.0,0.971805032781755,L+LM,1.0,1.0
NZL,2017,18.28,42912.2,38790.0,5.28,2.7,3.253,8.62,3641.2,2732646.0,12.38,6.92,4.5,81.8585365853659,4813600.0,15.83,0.2222222222222222,New Zealand,High,Mixed,0.49,0.74,0.98,True,0.5003479149047478,0.7243219955361992,0.0103479149047478,0.6621621621621622,0.4846032861669184,H,0.829663215733645,0.6030735187678605
PAK,2017,289.64,1519.2,1450.0,2.58,0.5,0.932,2.79,133.5,70494278.0,29.738,6.94,59.8,66.223,223273967.0,63.56,0.0167224080267558,Pakistan,Lower-mid,Private,1.0,1.0,1.0,True,0.9999999999999984,1.0,-1.5543122344752194e-15,1.0,0.9192681321422698,L+LM,1.0,0.9999999999999984
PAN,2017,55.3,15694.6,14230.0,3.38,2.15,1.589,7.16,2407.9,1960954.0,19.081,4.782,13.3,77.901,4098707.0,34.34,0.075187969924812,Panama,Upper-mid,Mixed,0.44,0.73,0.97,True,0.4360432171210043,0.7901493089079981,-0.0039567828789956,0.6027397260273972,0.41624724870782304,UM,0.6595857256453801,0.6610864974289009
PHL,2017,362.61,3038.1,3440.0,3.96,0.98,0.66,3.96,307.9,43266495.0,20.571,5.565,22.3,69.966,108119693.0,47.4,0.0448430493273542,Philippines,Lower-mid,Mixed,0.79,0.81,0.97,True,0.7346355581671393,0.7575281232544749,-0.0553644418328607,0.9753086419753086,0.7010735680343578,L+LM,0.8408011013199932,0.8737328685866584
POL,2017,124.02,13913.3,12780.0,4.54,6.58,2.36,6.54,1972.4,18534927.0,10.6,10.6,4.0,77.7536585365854,37974826.0,39.85,0.25,Poland,High,Mixed,0.56,0.57,0.94,True,0.55895510118346,0.5610383609722296,-0.00104489881654,0.9824561403508774,0.5318943753196228,H,0.8905927218845879,0.6276214564168593
PRT,2017,112.44,21442.4,20030.0,5.03,3.38,5.103,9.33,3062.0,5221693.0,8.3,10.6,2.9,81.4243902439025,10300300.0,38.87,0.3448275862068966,Portugal,High,Mixed,0.52,0.57,0.98,True,0.5389128897593431,0.5778944649784129,0.0189128897593431,0.912280701754386,0.5285096050740272,H,0.6749298414446065,0.7984724584200702
ROU,2017,85.14,10728.0,10030.0,3.12,6.86,2.912,5.19,1394.1,8547354.0,10.8,13.4,6.6,75.209756097561,19588715.0,46.64,0.1515151515151515,Romania,Upper-mid,Mixed,0.62,0.64,0.91,True,0.5604743110002391,0.5769165565683861,-0.0595256889997608,0.96875,0.5013373211082403,UM,0.711050259443133,0.7882344511612736
RUS,2017,8.87,10658.9,9160.0,4.69,7.21,4.058,5.36,1395.6,74950044.0,11.5,12.4,5.5,72.4514634146342,145293260.0,25.54,0.1818181818181818,Russian Federation,Upper-mid,Mixed,0.59,0.59,0.87,True,0.5476275630106933,0.5647953414744424,-0.0423724369893067,1.0,0.4915646647854485,UM,0.7193026107013484,0.761331260116983
RWA,2017,494.61,751.0,720.0,3.12,0.72,0.135,5.38,105.8,4388612.0,31.666,6.234,32.7,66.14,12202060.0,79.75,0.0305810397553516,Rwanda,Low,Public,0.85,0.92,0.99,True,0.8428818566759722,0.9999999999999998,-0.0071181433240278,0.9239130434782608,0.6890211482761907,L+LM,0.9154344556521798,0.9207451734766534
SGP,2017,7882.38,61436.1,55360.0,2.88,2.49,2.389,4.36,4180.3,3388507.0,8.9,5.0,2.1,83.0951219512195,5612253.0,0.0,0.4761904761904761,Singapore,High,Mixed,1.0,1.0,1.0,True,1.0,1.0,0.0,1.0,0.98712390963293,H,0.9999999999999998,1.0000000000000002
SUR,2017,3.7,6049.5,5700.0,5.46,2.83,1.139,5.32,935.1,240368.0,18.448,7.041,18.0,71.247,593713.0,33.9,0.0555555555555555,Suriname,Upper-mid,Mixed,0.53,0.54,0.91,True,0.4844616450214697,0.4863629540393842,-0.0455383549785302,0.9814814814814815,0.4307862622780378,UM,0.6774516679178967,0.715123554880942
SVK,2017,113.13,17645.5,16710.0,3.92,5.82,3.423,6.73,2038.2,2751313.0,10.7,9.9,5.0,77.1658536585366,5439232.0,46.39,0.2,Slovak Republic,High,Mixed,0.5,0.52,0.93,True,0.4680319444853726,0.4952462616618539,-0.0319680555146273,0.9615384615384615,0.42034900011729337,H,0.6414022118861512,0.729701170049049
SVN,2017,102.61,23303.1,22040.0,4.82,4.51,3.107,8.26,2988.8,1028260.0,9.8,9.9,2.0,81.0292682926829,2066388.0,44.75,0.5,Slovenia,High,Mixed,0.79,0.94,0.99,True,0.8012363117853651,0.9291277759896928,0.0112363117853651,0.8404255319148937,0.7707204462719184,H,0.8073543611200505,0.9924221015835007
SWE,2017,24.69,53210.2,52240.0,7.64,2.21,4.269,10.95,5670.3,5331498.0,11.5,9.1,2.3,82.409756097561,10057698.0,12.76,0.4347826086956522,Sweden,High,Public,1.0,1.0,1.0,True,0.9819584081797712,1.0,-0.0180415918202286,1.0,0.8832798347572247,H,1.0,0.9819584081797712
TCD,2017,12.41,854.5,830.0,1.84,0.44,0.042,3.51,73.6,4877629.0,44.917,13.277,68.3,51.875,15622759.0,76.54,0.0146412884333821,Chad,Low,Mixed,0.95,1.0,1.0,True,1.0,1.0,0.05,0.95,0.9192142259204497,L+LM,0.9999999999999998,1.0000000000000002
TGO,2017,134.66,872.1,850.0,3.77,0.64,0.072,6.5,129.1,2533890.0,35.738,9.881,42.6,60.145,7324386.0,59.42,0.0234741784037558,Togo,Low,Private,0.81,0.81,0.94,True,0.9043862973504584,0.9570304361394746,0.0943862973504583,1.0,0.6174868016732955,L+LM,0.917241535914289,0.9859848926804031
THA,2017,139.29,6413.1,5800.0,3.47,2.12,0.788,3.85,677.1,39720340.0,9.765,7.029,9.5,76.989,71160187.0,50.77,0.1052631578947368,Thailand,Upper-mid,Mixed,0.91,1.0,1.0,True,0.8434802241107361,1.0,-0.0665197758892639,0.91,0.7809554230197995,UM,1.0,0.8434802241107361
TTO,2017,264.45,17566.1,16930.0,3.33,2.47,3.222,6.57,1756.7,673740.0,12.491,7.494,19.9,72.984,1356633.0,46.07,0.050251256281407,Trinidad and Tobago,High,Mixed,0.44,0.48,0.89,True,0.3749697405638716,0.4103799950160487,-0.0650302594361283,0.9166666666666667,0.35264057199651483,H,0.8332416525686197,0.4500131977415661
TUR,2017,104.35,10756.4,11140.0,4.32,2.72,1.805,4.18,1139.1,32535361.0,16.2,5.3,10.1,77.037,80312698.0,11.97,0.099009900990099,Turkiye,Upper-mid,Mixed,0.74,0.85,0.95,True,0.6629143760922643,0.7920308479347679,-0.0770856239077356,0.8705882352941177,0.5895157694261708,UM,0.8963691977207378,0.739555060323251
URY,2017,19.36,19184.7,16720.0,4.42,2.47,5.01,8.72,2057.8,1721302.0,12.707,9.488,6.8,77.618,3388438.0,4.77,0.1470588235294117,Uruguay,High,Mixed,0.43,0.55,0.93,True,0.4300302049515397,0.542029302409948,3.0204951539769546e-05,0.7818181818181817,0.4112029838666808,H,0.8462315755317064,0.5081708333576918
ALB,2018,95.17,5897.7,5400.0,3.08,2.83,1.5006666666666666,6.59,891.451398571055,1267869.0,10.898,7.375,7.8,79.238,2607733.0,43.62,0.1282051282051282,Albania,Upper-mid,Mixed,0.47,0.65,0.96,True,0.516928597479368,0.788578551405022,0.046928597479368,0.7230769230769231,0.4855806175198119,UM,0.7184605302743668,0.7194947748653117
AUT,2018,107.13,51194.1,48710.0,5.25,7.27,5.241,10.52,5968.05550478901,4608423.0,9.7,9.5,2.9,81.6926829268293,8840521.0,31.9,0.3448275862068966,Austria,High,Mixed,0.35,0.38,0.97,True,0.3400415325220801,0.3782743663307648,-0.0099584674779198,0.9210526315789473,0.3353012279973854,H,0.45658217758108605,0.7447542834973906
AZE,2018,120.26,4739.8,4080.0,2.46,3.95,3.236,3.84,580.508543069207,4955866.0,14.0,5.8,17.5,73.016,9939771.0,42.82,0.0571428571428571,Azerbaijan,Upper-mid,Mixed,0.7,0.77,0.92,True,0.6263507148493507,0.6406231699141831,-0.0736492851506492,0.9090909090909091,0.5740320133835791,UM,0.8550503906136391,0.7325307627774326
BEL,2018,374.74,47487.2,45980.0,6.39,5.62,3.355,10.99,5782.49056208068,5093485.0,10.4,9.7,3.3,81.5951219512195,11427054.0,13.11,0.303030303030303,Belgium,High,Mixed,0.46,0.57,0.98,True,0.4273655472683768,0.5631092461548107,-0.0326344527316231,0.8070175438596492,0.4273162811978677,H,0.7116253194372888,0.6005485409180102
BEN,2018,109.82,1151.7,1120.0,2.93,0.44,0.073,3.44,101.821094387433,5267149.0,36.955,9.477,53.1,59.71,12383347.0,52.0,0.0188323917137476,Benin,Lower-mid,Public,1.0,1.0,1.0,True,0.9999999999999998,0.9999999999999992,-2.220446049250313e-16,1.0,0.8823886728628189,L+LM,1.0,0.9999999999999998
BGD,2018,1256.23,1965.2,2020.0,2.09,0.88,0.573,2.32,127.164276133592,67683856.0,20.069,5.442,26.2,72.122,163523103.0,69.48,0.0381679389312977,Bangladesh,Lower-mid,Private,1.0,1.0,1.0,True,1.0,0.9999999999999974,0.0,1.0,0.9622223649816493,L+LM,1.0,1.0
BGR,2018,61.82,9849.9,8860.0,4.05,7.57,4.217,7.34,1753.56327690919,3181267.0,9.3,16.2,5.8,74.9634146341464,6710798.0,26.4,0.1724137931034483,Bulgaria,Upper-mid,Mixed,0.4,0.42,0.9,True,0.3836857275028302,0.384938455174641,-0.0163142724971698,0.9523809523809524,0.36375318135204643,UM,0.5309707587712927,0.722611784480766
BLR,2018,46.5,6360.0,5730.0,4.84,9.93,4.486,5.53,1102.02202824589,5054114.0,9.9,12.7,2.6,74.1756097560976,9438785.0,22.79,0.3846153846153846,Belarus,Upper-mid,Public,0.64,0.68,0.89,True,0.6219490817213976,0.6554051073964637,-0.0180509182786023,0.9411764705882353,0.6161699798378396,UM,0.9999999999999983,0.6219490817213986
BLZ,2018,16.67,6012.0,5610.0,6.13,1.04,1.086,4.76,453.119819271393,179388.0,21.144,5.07,11.7,72.322,380226.0,56.84,0.0854700854700854,Belize,Upper-mid,Mixed,0.66,0.79,0.97,True,0.7443131296804376,0.7803226895534003,0.0843131296804375,0.8354430379746836,0.7103803019309565,UM,0.9999999999999997,0.7443131296804378
BTN,2018,19.92,3400.2,3150.0,6.48,1.72,0.421,3.07,359.108306659599,356713.0,12.941,6.48,19.1,71.711,759759.0,61.53,0.0523560209424083,Bhutan,Lower-mid,Public,0.82,1.0,1.0,True,0.9388461392300784,0.991123501620513,0.1188461392300785,0.82,0.873118650688589,L+LM,0.9851992659321834,0.952950506252919
BWA,2018,4.06,7408.0,6680.0,7.91,2.5,0.402,6.04,953.5,962977.0,25.897,6.685,38.7,66.371,2299141.0,33.84,0.0258397932816537,Botswana,Upper-mid,Public,0.44,0.51,0.9,True,0.5162048859062067,0.5311907088210599,0.0762048859062067,0.8627450980392157,0.45664603743201926,UM,0.8795894774744845,0.5868702379072981
CAN,2018,4.13,46539.2,45060.0,4.89,2.54,2.411,10.92,5426.9,20391340.0,10.1,7.7,4.5,81.8036585365854,37072620.0,18.45,0.2222222222222222,Canada,High,Mixed,0.49,0.87,0.98,True,0.4961346878108101,0.8812124835631889,0.0061346878108101,0.5632183908045977,0.48508682066354536,H,0.9958975163031212,0.49817845680800116
CHE,2018,215.5,87002.3,84760.0,4.93,4.63,4.338,11.2,7914.5,4963632.0,10.3,7.9,3.6,83.7536585365854,8514329.0,20.71,0.2777777777777778,Switzerland,High,Mixed,0.35,1.0,1.0,True,0.3605722354697741,1.0,0.0105722354697741,0.35,0.3539503314550276,H,0.5662223988335102,0.6368031999663004
CHL,2018,25.45,15659.5,14460.0,5.47,2.05,2.569,9.15,2315.5,9671888.0,11.698,6.196,6.3,80.559,18893191.0,12.04,0.1587301587301587,Chile,High,Mixed,0.47,0.82,0.98,True,0.489343726819039,0.8043535843874047,0.019343726819039,0.573170731707317,0.4795350289894507,H,1.0,0.489343726819039
CHN,2018,149.42,10085.7,9720.0,,4.59,2.122,5.07,814.6,776868988.0,10.86,7.08,6.4,77.709,1402760000.0,38.5,0.15625,China,Upper-mid,Mixed,0.57,0.66,0.94,True,0.5622964169648238,0.6510325397630295,-0.0077035830351761,0.8636363636363635,0.5300455087267826,UM,0.7909078835339248,0.7109505780273397
COL,2018,44.19,6817.0,6350.0,4.45,1.73,2.242,7.72,1176.1,24727292.0,14.195,5.35,12.7,76.579,49024465.0,22.72,0.0787401574803149,Colombia,Upper-mid,Mixed,0.46,0.68,0.95,True,0.4579161537629143,0.6380004802542573,-0.0020838462370856,0.676470588235294,0.43324912396983145,UM,0.6441926531568051,0.7108372806161939
CPV,2018,127.4,4295.0,4040.0,4.79,2.19,0.711,4.79,378.8,204314.0,15.451,5.162,14.1,74.84,513415.0,29.6,0.0709219858156028,Cabo Verde,Lower-mid,Mixed,0.58,0.78,0.97,True,0.6659031270595175,0.7192633190816212,0.0859031270595175,0.7435897435897435,0.6142988494746651,L+LM,0.7284283422735878,0.9141642196143617
CRI,2018,97.1,12620.0,12100.0,6.77,1.12,2.253,7.29,1566.3,2422784.0,13.622,5.056,7.8,80.09,4957818.0,23.45,0.1282051282051282,Costa Rica,Upper-mid,Mixed,0.69,1.0,1.0,True,0.6824619520536828,0.999999999999992,-0.0075380479463171,0.69,0.6731390457295865,UM,1.0,0.6824619520536828
CYP,2018,137.53,29120.4,27120.0,,2.18,2.789,6.78,2749.6,698503.0,11.029,6.382,2.3,81.556,1270737.0,33.17,0.4347826086956522,Cyprus,High,Mixed,0.9,0.91,0.98,True,0.9999999999999998,1.0,0.0999999999999997,0.989010989010989,0.9782321791317818,H,0.9999999999999997,1.0000000000000002
CZE,2018,137.68,23706.0,20700.0,4.22,6.72,4.069,7.37,3075.2,5405110.0,10.7,10.6,2.5,79.0292682926829,10629928.0,27.15,0.4,Czechia,High,Mixed,0.5,0.5,0.94,True,0.4945008844594911,0.4998378396267,-0.0054991155405089,1.0,0.4900390682939769,H,0.5686538489400573,0.8695991161955842
DEU,2018,237.29,48916.2,48770.0,4.88,7.94,4.287,11.18,6302.1,43612526.0,9.5,11.5,3.2,80.8926829268293,82905782.0,18.86,0.3125,Germany,High,Mixed,0.36,0.38,0.96,True,0.355764861384386,0.3898788041355717,-0.0042351386156139,0.9473684210526315,0.35154619891660466,H,0.551755541215922,0.6447871109737751
DNK,2018,144.84,61324.8,61090.0,7.33,2.61,4.196,10.14,5804.2,2992952.0,10.6,9.5,3.4,80.9536585365854,5793636.0,11.89,0.2941176470588235,Denmark,High,Public,0.58,0.65,0.97,True,0.5848978856884235,0.6546093317116275,0.0048978856884235,0.8923076923076922,0.5725878483041591,H,0.8074407684854469,0.7243848818601801
DOM,2018,223.18,7883.0,7600.0,3.93,1.24,1.426,4.22,759.0,4935940.0,19.848,5.857,31.1,73.555,10782053.0,26.24,0.0321543408360128,Dominican Republic,Upper-mid,Mixed,0.68,0.74,0.96,True,0.6256039670223404,0.7525250121707554,-0.0543960329776596,0.918918918918919,0.5857150910755579,UM,1.0,0.6256039670223404
ESP,2018,93.64,30602.4,29530.0,4.15,2.95,3.996,9.07,3731.5,23008131.0,7.9,9.1,2.7,83.4317073170732,46782011.0,20.44,0.3703703703703703,Spain,High,Mixed,0.64,1.0,1.0,True,0.645104107553928,1.0,0.0051041075539279,0.64,0.6345038852140877,H,0.758386577651474,0.8506270107675793
EST,2018,30.92,23618.1,21600.0,5.14,4.53,3.483,6.56,2441.6,702066.0,10.9,11.9,2.0,78.2439024390244,1321977.0,30.72,0.5,Estonia,High,Mixed,0.75,1.0,1.0,True,0.6983281104101557,0.6998925367004701,-0.0516718895898442,0.75,0.6983133180060229,H,0.6999689024396106,0.9976559072499703
FIN,2018,18.15,49654.3,47900.0,6.32,3.61,3.463,9.11,4484.3,2745547.0,8.6,9.9,1.9,81.7341463414634,5515525.0,27.66,0.5263157894736842,Finland,High,Public,0.76,1.0,1.0,True,0.7514267088118426,1.0,-0.0085732911881574,0.76,0.7491124682870672,H,0.7514267088118429,0.9999999999999996
FRA,2018,124.61,41418.2,40960.0,5.43,6.04,3.214,11.31,5255.3,30534890.0,11.3,9.1,3.3,82.6756097560976,67158348.0,21.33,0.303030303030303,France,High,Mixed,0.44,0.65,0.99,True,0.4439936438025249,0.6870703703574694,0.0039936438025249,0.6769230769230768,0.443923077841044,H,0.7521044797525914,0.5903350608263613
GBR,2018,273.99,43704.3,42540.0,5.2,2.48,2.828,9.79,4614.2,34015275.0,11.0,9.2,3.8,81.2560975609756,66287000.0,17.55,0.2631578947368421,United Kingdom,High,Mixed,0.57,0.79,0.98,True,0.5728362069500887,0.7630438875712937,0.0028362069500887,0.7215189873417721,0.5616011175612718,H,0.8924330045925636,0.641881467854962
GEO,2018,65.2,4804.1,4580.0,3.46,4.22,7.51,7.76,1144.0,1893021.0,14.334,12.078,8.3,73.985,3726549.0,41.7,0.1204819277108433,Georgia,Upper-mid,Mixed,0.38,0.4,0.88,True,0.3386561384708716,0.3390311969525471,-0.0413438615291283,0.95,0.31667378992622924,UM,0.46975054808357475,0.7209276069021643
GRC,2018,83.27,19873.4,19060.0,3.58,4.2,6.105,8.07,2403.2,4668888.0,8.1,11.2,3.6,81.7878048780488,10732882.0,21.95,0.2777777777777778,Greece,High,Mixed,0.44,0.52,0.98,True,0.4234354518881617,0.5313500432595001,-0.0165645481118382,0.8461538461538461,0.41622236098380105,H,0.5824055659517757,0.7270456819830993
GTM,2018,157.2,4353.0,4270.0,3.13,0.44,0.363,6.11,607.4,6638657.0,24.315,5.135,20.8,71.496,16845685.0,46.15,0.048076923076923,Guatemala,Upper-mid,Mixed,0.9,1.0,1.0,True,0.9410904747660532,1.0,0.0410904747660532,0.9,0.8598257086464247,UM,1.0,0.9410904747660532
GUY,2018,4.02,6048.4,6100.0,4.45,1.68,1.79,4.9,610.3,311302.0,21.236,7.407,27.9,68.829,791556.0,73.58,0.03584229390681,Guyana,Upper-mid,Public,0.53,0.53,0.87,True,0.4753912549584326,0.4904979504136365,-0.0546087450415673,1.0,0.4497855967853235,UM,0.7784999128791144,0.6106503637236135
HRV,2018,71.27,15460.5,14670.0,3.92,5.7,3.497,6.71,1982.0,1735734.0,9.3,13.2,4.1,77.919512195122,3988775.0,43.91,0.2439024390243902,Croatia,High,Mixed,0.48,0.51,0.93,True,0.4656641877703164,0.481049514586165,-0.0143358122296836,0.9411764705882353,0.4480821319863523,H,0.6520846765739394,0.714116133225092
HTI,2018,397.76,1496.4,1430.0,1.64,5.29,0.238,4.32,138.4,4823338.0,24.222,7.927,46.0,64.077,10962362.0,48.63,0.0217391304347826,Haiti,Low,Public,0.59,0.66,0.92,True,0.7255430445203253,0.7414205828802353,0.1355430445203252,0.8939393939393938,0.6426405204492304,L+LM,0.7255430445203488,0.9999999999999676
HUN,2018,106.37,16605.1,15180.0,4.61,6.95,3.384,6.55,2112.9,4835700.0,9.6,13.5,3.6,76.0658536585366,9706964.0,29.53,0.2777777777777778,Hungary,High,Mixed,0.5,0.5,0.91,True,0.4841660056084319,0.4905601206894452,-0.015833994391568,1.0,0.4697760049662273,H,0.6571611002933256,0.7367539031027903
IDN,2018,143.78,3861.0,3810.0,0.99,1.15,0.421,2.87,326.1,134532894.0,17.146,7.562,19.3,70.08,269951846.0,44.9,0.0518134715025906,Indonesia,Lower-mid,Mixed,0.93,1.0,1.0,True,1.0,0.9999999999999936,0.0699999999999999,0.93,0.9132160226676161,L+LM,1.0,1.0
IRL,2018,71.1,80804.1,59110.0,3.3,2.97,3.276,6.75,5873.4,2413701.0,12.5,6.4,3.0,82.2048780487805,4898022.0,36.92,0.3333333333333333,Ireland,High,Public,0.62,0.72,0.99,True,0.6165477808596508,0.7251536260901279,-0.0034522191403492,0.8611111111111112,0.6112684373079567,H,0.7997056512501988,0.7709683930528527
IRN,2018,53.08,4783.0,5390.0,3.62,1.93,1.505,6.64,984.7,29067669.0,16.664,4.645,12.6,76.621,86117998.0,25.2,0.0793650793650793,Iran,Lower-mid,Mixed,0.43,0.64,0.96,True,0.4797231056676606,0.7224186827139161,0.0497231056676605,0.671875,0.4554430878932428,L+LM,0.7528482937953133,0.637210855920581
ISL,2018,3.5,75633.9,72840.0,7.56,2.87,3.891,8.44,4824.6,216594.0,12.0,6.4,2.1,82.8609756097561,352721.0,6.15,0.4761904761904761,Iceland,High,Public,0.83,0.87,0.99,True,0.8256471930392958,0.8260543966595398,-0.0043528069607041,0.9540229885057471,0.8055157017146954,H,0.8258926648805767,0.9997027799716367
ISR,2018,410.48,42269.4,41960.0,6.07,3.1,3.477,7.24,3035.3,4172972.0,20.8,5.0,2.9,82.8024390243903,8882800.0,8.35,0.3448275862068966,Israel,High,Mixed,0.6,0.74,0.99,True,0.5987357696692222,0.7554955252973022,-0.0012642303307778,0.8108108108108107,0.5951771390595709,H,0.7670876880956737,0.780531064389272
ITA,2018,202.48,35062.3,34270.0,4.24,3.15,3.987,8.65,3768.2,25784537.0,7.3,10.6,2.7,83.3463414634146,59877221.0,30.52,0.3703703703703703,Italy,High,Mixed,0.61,0.84,1.0,True,0.6100149611295966,0.8617604617601704,1.496112959664675e-05,0.7261904761904762,0.6035817440455304,H,0.7310463199506205,0.8344409163714837
JAM,2018,260.4,5976.9,5610.0,5.41,1.69,0.548,6.84,686.3,1446091.0,12.305,7.366,17.2,71.606,2820097.0,43.7,0.0581395348837209,Jamaica,Upper-mid,Mixed,0.53,0.67,0.95,True,0.5513144990010432,0.6274627499820462,0.0213144990010432,0.7910447761194029,0.4951798367367277,UM,0.7480479059224171,0.7370042675558565
JPN,2018,347.9,40645.5,42720.0,3.08,12.93,2.485,10.74,4522.3,68187091.0,7.4,11.0,1.9,84.2109756097561,126811000.0,8.36,0.5263157894736842,Japan,High,Mixed,0.99,1.0,1.0,True,0.9819635169889313,1.0,-0.0080364830110688,0.99,0.9817214306267655,H,1.0,0.9819635169889313
KAZ,2018,7.01,9472.5,7800.0,2.62,5.2,3.531,2.9,707.2,9452255.0,21.702,6.97,8.2,73.369,18932727.0,41.76,0.1219512195121951,Kazakhstan,Upper-mid,Mixed,0.95,1.0,1.0,True,0.9012523394136684,0.9073304513292072,-0.0487476605863316,0.95,0.8433697513997986,UM,1.0,0.9012523394136684
KOR,2018,528.97,35364.0,34610.0,4.22,12.43,2.386,7.14,3247.0,28257879.0,6.4,5.8,2.6,82.6268292682927,51585058.0,18.62,0.3846153846153846,"Korea, Rep.",High,Mixed,0.72,0.87,0.99,True,0.7669802459848507,0.8985424817371993,0.0469802459848507,0.8275862068965517,0.7668833194973811,H,1.0,0.7669802459848507
LAO,2018,30.88,2545.1,2460.0,2.34,1.46,0.361,2.25,168.2,2946540.0,23.599,6.766,34.8,67.594,7128045.0,64.79,0.028735632183908,Lao PDR,Lower-mid,Mixed,1.0,1.0,1.0,True,1.0,0.9999999999999986,0.0,1.0,0.9354851270466599,L+LM,1.0,1.0
LBN,2018,584.96,9174.5,8700.0,2.62,2.73,2.412,8.07,1774.2,2102355.0,18.09,5.195,12.2,78.263,5984119.0,10.73,0.0819672131147541,Lebanon,Upper-mid,Mixed,0.39,0.68,0.96,True,0.3666590383919469,0.5944570622071462,-0.0233409616080531,0.5735294117647058,0.34704733415999484,UM,0.5535039211459641,0.6624325942132856
LBR,2018,51.34,692.2,620.0,2.5,1.64,0.14,10.44,179.4,2206322.0,32.955,8.64,63.4,60.999,4944726.0,47.68,0.0157728706624605,Liberia,Low,Public,0.72,0.73,0.91,True,0.375640752342342,0.3950701908313225,-0.3443592476576579,0.9863013698630136,0.34695293906381414,L+LM,0.3756407523423429,0.9999999999999977
LKA,2018,350.28,4358.6,4350.0,1.99,3.81,0.958,3.64,502.8,8523299.0,15.15,6.677,6.5,76.485,21670000.0,80.68,0.1538461538461538,Sri Lanka,Lower-mid,Mixed,0.82,0.9,0.96,True,0.8934136441686301,0.92171818465857,0.0734136441686301,0.911111111111111,0.8638188580608238,L+LM,0.9999999999999998,0.8934136441686303
LTU,2018,45.01,19247.2,17550.0,3.86,6.43,4.596,6.47,2354.8,1473979.0,9.5,14.0,3.5,75.6804878048781,2819200.0,32.85,0.2857142857142857,Lithuania,High,Mixed,0.51,0.52,0.9,True,0.4920739758878972,0.5011497719304854,-0.0179260241121028,0.9807692307692307,0.47834108943718157,H,0.5715335984993726,0.8609712135557633
LVA,2018,30.97,17252.2,16010.0,4.39,5.49,3.303,6.41,1903.8,994948.0,10.0,15.0,3.6,74.7829268292683,1927174.0,31.98,0.2777777777777778,Latvia,High,Mixed,0.52,0.53,0.89,True,0.4886254638122526,0.501059066752916,-0.0313745361877474,0.9811320754716981,0.47455443547455595,H,0.662513603287613,0.7375327259508792
MDV,2018,1576.99,11423.3,10220.0,3.86,4.95,1.862,7.29,1597.3,226484.0,13.395,2.642,6.9,79.433,473099.0,60.31,0.144927536231884,Maldives,Upper-mid,Mixed,0.45,0.68,0.98,True,0.4495046119954964,0.6460302550707351,-0.0004953880045036,0.6617647058823529,0.4331056588948008,UM,0.5822959999304042,0.7719520863087177
MEX,2018,64.08,10084.8,9560.0,4.14,0.98,2.456,5.24,1095.9,55142830.0,17.037,6.071,14.0,74.301,124573711.0,21.97,0.0714285714285714,Mexico,Upper-mid,Mixed,0.69,0.85,0.97,True,0.7001501164055112,0.8645871219755636,0.0101501164055112,0.8117647058823529,0.6668562742495516,UM,0.9781695647703539,0.7157758139509138
MLI,2018,16.75,996.4,930.0,2.98,0.25,0.12,3.73,84.0,7290683.0,42.585,9.774,59.7,58.873,20442030.0,72.3,0.016750418760469,Mali,Low,Private,1.0,1.0,1.0,True,1.0,0.9999999999999996,0.0,1.0,0.9654248625871462,L+LM,0.9999999999999999,1.0000000000000002
MMR,2018,80.09,1298.2,1310.0,1.99,1.06,0.696,4.54,253.1,24244077.0,18.054,8.827,39.8,66.232,52272247.0,70.01,0.0251256281407035,Myanmar,Lower-mid,Public,0.55,0.58,0.89,True,0.6075453013998325,0.6190574767893445,0.0575453013998324,0.9482758620689656,0.5611773114044278,L+LM,0.6075453013998399,0.9999999999999879
MNG,2018,2.06,4107.6,3650.0,,7.86,3.526,4.53,565.7,1310964.0,24.5,5.6,13.5,70.8270731707317,3208189.0,32.13,0.074074074074074,Mongolia,Lower-mid,Mixed,0.66,0.69,0.88,True,0.5275818279889087,0.5383702793726982,-0.1324181720110913,0.9565217391304349,0.4867311963123086,L+LM,0.5869963665948937,0.8987821015815776
MOZ,2018,36.9,517.5,470.0,5.39,0.77,0.085,7.98,105.8,12515124.0,39.448,8.324,50.3,60.79,29018644.0,67.01,0.0198807157057654,Mozambique,Low,Public,0.51,0.55,0.9,True,0.5301381189510618,0.5628121811053228,0.0201381189510617,0.9272727272727272,0.5076920341718847,L+LM,0.5301381189510618,1.0
MUS,2018,633.74,11818.7,12190.0,4.67,3.56,1.858,5.6,1269.2,619649.0,10.3,8.6,13.7,74.4163414634146,1265577.0,60.65,0.072992700729927,Mauritius,Upper-mid,Mixed,0.45,0.5,0.91,True,0.4457701578011379,0.4863970897730529,-0.0042298421988621,0.9,0.4109429317630018,UM,0.6497918994748125,0.686019875226864
MYS,2018,100.17,10901.8,10200.0,4.48,1.9,1.858,3.76,1044.9,16212579.0,14.808,4.946,6.8,75.734,32910967.0,25.44,0.1470588235294117,Malaysia,Upper-mid,Mixed,0.79,0.83,0.95,True,0.7346986967589507,0.7674492528687457,-0.0553013032410493,0.9518072289156627,0.6915848864362324,UM,1.0,0.7346986967589507
NER,2018,17.52,576.9,580.0,3.45,0.24,0.037,5.3,67.5,8289312.0,44.181,9.769,69.3,59.765,22188069.0,83.36,0.0144300144300144,Niger,Low,Private,1.0,1.0,1.0,True,1.0,0.9999999999999966,0.0,1.0,0.9409828116998459,L+LM,0.9999999999999992,1.0000000000000009
NIC,2018,53.18,2035.2,1990.0,4.47,0.95,0.682,8.5,504.5,2871355.0,21.209,4.832,12.9,73.879,6400080.0,41.63,0.0775193798449612,Nicaragua,Lower-mid,Mixed,0.57,0.76,0.99,True,0.6043999710727975,0.950129140881139,0.0343999710727975,0.7499999999999999,0.5763994392991101,L+LM,1.0,0.6043999710727975
NLD,2018,511.78,53955.1,51290.0,5.27,3.15,3.632,9.85,5811.2,9608481.0,9.8,8.9,3.5,81.8121951219512,17231624.0,7.39,0.2857142857142857,Netherlands,High,Mixed,0.48,0.65,0.98,True,0.4849578113562207,0.6320913788493019,0.0049578113562206,0.7384615384615384,0.48283970191162273,H,0.7136317698950725,0.6795630909586965
NOR,2018,14.55,85579.1,81200.0,7.6,3.52,4.466,9.96,7019.1,2883492.0,10.4,7.7,2.0,82.7585365853659,5311916.0,17.75,0.5,Norway,High,Public,0.72,1.0,1.0,True,0.7115490915355954,0.7329545454545449,-0.0084509084644045,0.72,0.6927035133886512,H,0.7115490915355955,0.9999999999999999
NPL,2018,195.88,1179.2,1120.0,4.43,0.29,0.749,4.53,179.2,7630668.0,21.122,7.07,28.3,69.036,28079689.0,34.19,0.0353356890459364,Nepal,Lower-mid,Mixed,1.0,1.0,1.0,True,1.0,1.0,0.0,1.0,0.9885617991871327,L+LM,1.0,1.0
NZL,2018,18.61,43204.1,41570.0,5.19,2.59,3.311,8.57,3644.3,2787916.0,11.84,6.78,4.5,81.7073170731707,4900600.0,15.2,0.2222222222222222,New Zealand,High,Mixed,0.5,0.75,0.98,True,0.5067134693904295,0.7161539989585862,0.0067134693904294,0.6666666666666666,0.4985848628616277,H,0.8370617547957991,0.6053477733121877
PAK,2018,294.38,1569.3,1560.0,2.33,0.5,0.917,2.83,140.8,71401725.0,29.343,6.852,58.1,66.481,226928892.0,63.25,0.0172117039586919,Pakistan,Lower-mid,Private,0.97,1.0,1.0,True,1.0,1.0,0.0299999999999999,0.97,0.9195390321948944,L+LM,0.9999999999999997,1.0000000000000004
PAN,2018,56.19,16151.3,14910.0,3.45,1.96,1.609,7.6,2466.8,2053703.0,18.52,4.722,12.9,78.266,4167860.0,34.29,0.0775193798449612,Panama,Upper-mid,Mixed,0.41,0.77,0.97,True,0.451989882020289,0.8080615714324347,0.041989882020289,0.5324675324675324,0.4287137830948409,UM,0.6517071307661596,0.6935475471764762
PER,2018,24.92,6978.5,6500.0,3.71,1.61,1.373,5.08,679.8,18124121.0,16.93,6.173,12.8,76.018,31897584.0,17.31,0.078125,Peru,Upper-mid,Mixed,0.59,0.79,0.97,True,0.5874399976969568,0.8120859949653098,-0.0025600023030432,0.7468354430379746,0.5563944800316755,UM,0.8761016724841029,0.6705157816116554
PHL,2018,367.12,3168.5,3610.0,3.86,0.94,0.695,3.95,330.5,44041398.0,19.418,5.753,22.5,69.761,109465287.0,46.79,0.0444444444444444,Philippines,Lower-mid,Mixed,0.74,0.81,0.97,True,0.7552015050577315,0.7662601688428196,0.0152015050577315,0.9135802469135802,0.7107162087757191,L+LM,0.8603361066073174,0.8777982224131244
PRT,2018,112.26,23541.1,22040.0,4.68,3.43,5.276,9.42,3271.2,5230976.0,8.4,10.9,2.9,81.3243902439024,10283822.0,38.88,0.3448275862068966,Portugal,High,Mixed,0.53,0.56,0.97,True,0.5254701332245603,0.5647414358516619,-0.0045298667754397,0.9464285714285714,0.5210267550719332,H,0.6550622991745363,0.8021681813878176
PRY,2018,16.18,6258.4,6060.0,3.3,0.9,1.466,6.74,953.7,3257956.0,21.836,5.514,17.6,73.627,6427382.0,36.08,0.0568181818181818,Paraguay,Upper-mid,Mixed,0.59,0.76,0.96,True,0.6037231627876459,0.7777542052390689,0.0137231627876459,0.7763157894736842,0.5800203647573207,UM,0.8261865897638206,0.7307346430789083
RUS,2018,8.88,11211.9,10180.0,4.68,7.14,4.097,5.36,1547.7,74826387.0,10.9,12.5,5.1,72.6621951219512,145398106.0,25.46,0.196078431372549,Russian Federation,Upper-mid,Mixed,0.54,0.55,0.87,True,0.5257681985137901,0.5403488297393952,-0.0142318014862099,0.9818181818181818,0.5021581465703385,UM,0.7205850031695578,0.7296407727071081
RWA,2018,506.2,772.8,760.0,3.07,0.73,0.132,5.46,116.0,4514731.0,31.231,6.206,32.2,66.354,12487996.0,78.46,0.031055900621118,Rwanda,Low,Public,0.6,0.61,0.97,True,0.7460926040740213,0.7646011637747862,0.1460926040740213,0.9836065573770492,0.6939082461361833,L+LM,0.7585700173498854,0.9835514019925877
SGP,2018,7897.31,67032.8,56440.0,2.85,2.58,2.443,4.07,4237.4,3390276.0,8.8,5.0,2.0,83.2975609756098,5638676.0,0.0,0.5,Singapore,High,Mixed,1.0,1.0,1.0,True,1.0,1.0,-1.1102230246251563e-16,1.0,1.0,H,0.9999999999999999,1.0000000000000002
SLV,2018,300.18,4183.5,3940.0,3.61,1.08,2.963,8.32,766.0,2664932.0,16.683,7.437,11.1,71.384,6219807.0,28.24,0.0900900900900901,El Salvador,Lower-mid,Mixed,0.52,0.59,0.92,True,0.5336730970296862,0.5563385340542054,0.0136730970296862,0.8813559322033899,0.5240462655676664,L+LM,0.9999999999999994,0.5336730970296866
SUR,2018,3.74,6665.7,5730.0,4.92,2.85,0.787,6.61,1179.5,244674.0,18.092,7.061,17.6,71.468,599513.0,33.93,0.0568181818181818,Suriname,Upper-mid,Mixed,0.44,0.56,0.92,True,0.4794569659369471,0.4961886227965181,0.0394569659369471,0.7857142857142857,0.4381493452889947,UM,0.600187508833236,0.7988452923137488
SVK,2018,113.29,19573.4,18460.0,3.94,5.7,3.523,6.64,2092.6,2742867.0,10.6,10.0,5.0,77.2658536585366,5446771.0,46.51,0.2,Slovak Republic,High,Mixed,0.46,0.49,0.92,True,0.4474000905464984,0.4707055341519403,-0.0125999094535016,0.9387755102040817,0.4264589961697757,H,0.6418713658744065,0.6970245353397493
SVN,2018,102.99,25888.0,24510.0,4.98,4.44,3.185,8.35,3236.6,1038040.0,9.4,9.9,2.0,81.3780487804878,2073894.0,44.81,0.5,Slovenia,High,Mixed,0.78,0.9,0.98,True,0.7524533935932239,0.7647461319655665,-0.027546606406776,0.8666666666666667,0.7524067231212463,H,0.7648613664408543,0.9837774878010003
SWE,2018,24.98,54018.5,54930.0,7.7,2.13,4.322,11.09,5924.0,5397382.0,11.4,9.1,2.2,82.5585365853659,10175214.0,12.53,0.4545454545454545,Sweden,High,Public,1.0,1.0,1.0,True,0.9999999999999996,0.9999999999999996,-4.440892098500626e-16,1.0,0.9407607143032691,H,0.9999999999999997,0.9999999999999999
TGO,2018,137.12,942.5,920.0,4.09,0.63,0.074,6.16,127.3,2602312.0,35.431,9.757,41.4,60.608,7458206.0,58.99,0.0241545893719806,Togo,Low,Private,0.62,0.68,0.9,True,0.6471224196894737,0.6948556371726512,0.0271224196894737,0.9117647058823529,0.6371997225845831,L+LM,0.6471224196895387,0.9999999999998996
THA,2018,139.71,7099.8,6430.0,3.2,2.1,0.518,3.87,730.4,40193292.0,9.4,7.167,9.2,77.19,71376079.0,45.42,0.108695652173913,Thailand,Upper-mid,Mixed,0.85,1.0,1.0,True,1.0,1.0,0.15,0.85,0.95645145613817,UM,1.0,1.0
TTO,2018,264.95,17571.5,16800.0,3.47,2.44,3.939,6.65,1763.1,672830.0,12.06,7.742,19.5,72.658,1359193.0,46.07,0.0512820512820512,Trinidad and Tobago,High,Mixed,0.42,0.44,0.89,True,0.3699172083543806,0.3805258108140942,-0.0500827916456194,0.9545454545454545,0.35192497349996554,H,0.8243104526090459,0.44875957496783675
TUR,2018,105.77,9684.1,10760.0,4.3,2.75,1.814,4.12,1124.7,33302540.0,15.4,5.2,9.7,77.454,81407204.0,11.83,0.1030927835051546,Turkiye,Upper-mid,Mixed,0.67,0.81,0.95,True,0.6507104335699736,0.7770675899207705,-0.0192895664300264,0.8271604938271605,0.6044179483943191,UM,0.9099466286027758,0.7151083515405078
TZA,2018,64.84,1023.1,1010.0,3.7,0.44,0.05,4.33,110.0,27078758.0,37.335,6.382,35.9,65.488,57437145.0,67.17,0.0278551532033426,Tanzania,Lower-mid,Public,1.0,1.0,1.0,True,0.9999999999999996,0.9999999999999888,-4.440892098500626e-16,1.0,0.9999999999999901,L+LM,1.0,0.9999999999999996
USA,2018,35.91,62875.7,63040.0,4.9,2.76,2.548,16.51,10180.5,167002008.0,11.6,8.678,5.6,78.6390243902439,328529577.0,19.72,0.1785714285714285,United States,High,Private,0.37,0.57,0.94,True,0.3790871622475766,0.5839189158185014,0.0090871622475766,0.6491228070175439,0.3630389335799736,H,0.9050769548421869,0.4188452266069197
ARE,2019,133.0,45938.6,46690.0,3.86,1.83,2.71,4.4,3409.700148469,6256531.0,10.094,0.958,5.0,82.596,9445785.0,14.97,0.2,United Arab Emirates,High,Public,0.79,1.0,1.0,True,0.8021415532277528,0.9999999999999868,0.0121415532277527,0.79,0.7584800531843122,H,1.0,0.8021415532277528
ARG,2019,16.43,9956.0,11210.0,4.77,3.69,5.25,10.12,2379.69410922038,20580300.0,13.902,7.676,8.9,76.847,44973465.0,8.14,0.1123595505617977,Argentina,Upper-mid,Mixed,0.32,0.4,0.92,True,0.2953532286415227,0.3398270636931825,-0.0246467713584773,0.7999999999999999,0.2810945633358884,UM,0.44335375441179187,0.6661796042155433
AUT,2019,107.61,49886.0,50900.0,5.24,7.19,5.318,10.63,6428.20230300818,4627750.0,9.6,9.4,2.9,81.8951219512195,8879920.0,31.68,0.3448275862068966,Austria,High,Mixed,0.37,0.4,0.98,True,0.352881908182217,0.3923569324581765,-0.017118091817783,0.9249999999999999,0.3310849878729583,H,0.46278300462913446,0.7625213213372213
AZE,2019,121.28,4805.8,4510.0,3.18,3.94,3.148,4.18,691.39652893836,4998924.0,14.1,5.6,16.5,73.29,10024283.0,41.87,0.0606060606060606,Azerbaijan,Upper-mid,Mixed,0.65,0.66,0.9,True,0.5357443996452387,0.5426343953476579,-0.1142556003547613,0.9848484848484849,0.5320994354165987,UM,0.7967502348540071,0.6724119758099677
BEL,2019,376.76,46716.6,48070.0,6.32,5.57,3.424,10.86,6176.00593172252,5146209.0,10.2,9.5,3.3,81.9951219512195,11488980.0,12.9,0.303030303030303,Belgium,High,Mixed,0.46,0.6,0.98,True,0.4346298316446801,0.5917363792273826,-0.0253701683553198,0.7666666666666667,0.419565488062259,H,0.7121589824341912,0.6102988832059605
BEN,2019,112.87,1130.8,1170.0,2.73,0.4,0.06,3.0,94.5345382639284,5459336.0,36.036,9.335,51.8,59.888,12726755.0,51.29,0.0193050193050193,Benin,Lower-mid,Public,1.0,1.0,1.0,True,0.9999999999999998,1.0,-2.220446049250313e-16,1.0,0.9999999999999999,L+LM,1.0,0.9999999999999998
BGD,2019,1266.91,2129.8,2220.0,1.13,0.89,0.63,2.13,128.629979474583,69165404.0,20.131,5.372,25.4,72.625,164913055.0,69.18,0.0393700787401574,Bangladesh,Lower-mid,Private,1.0,1.0,1.0,True,0.9999999999999998,0.9999999999999994,-2.220446049250313e-16,1.0,0.9999999999999997,L+LM,0.9999999999999996,1.0000000000000002
BLR,2019,46.41,6837.8,6370.0,4.98,9.93,4.546,5.86,1305.00109860036,5025008.0,9.3,12.8,2.4,74.2268292682927,9419758.0,22.54,0.4166666666666667,Belarus,Upper-mid,Public,0.65,0.69,0.89,True,0.6481581394229132,0.6821708818295841,-0.0018418605770867,0.9420289855072465,0.6012749057862484,UM,1.0,0.6481581394229132
BRA,2019,24.82,9029.8,9410.0,5.96,2.29,2.351,9.61,1545.03321144692,106262669.0,13.548,6.452,12.9,75.809,207455459.0,13.32,0.0775193798449612,Brazil,Upper-mid,Mixed,0.33,0.53,0.92,True,0.3566088783178174,0.5054609280537863,0.0266088783178174,0.6226415094339622,0.3392854544675042,UM,0.6275186120294903,0.568284145651856
BTN,2019,20.05,3576.9,3370.0,4.51,2.09,0.336,3.38,417.631234872107,384922.0,12.421,6.35,17.9,72.005,764824.0,60.93,0.0558659217877095,Bhutan,Lower-mid,Public,0.77,1.0,1.0,True,0.961991008655671,0.9999999999999976,0.1919910086556709,0.77,0.9129659677939952,L+LM,1.0,0.961991008655671
CAN,2019,4.2,46353.0,46580.0,4.77,2.51,2.418,11.05,5555.0,20799435.0,9.9,7.6,4.5,82.1585365853659,37618495.0,18.26,0.2222222222222222,Canada,High,Mixed,0.51,0.93,0.99,True,0.5270918802327536,0.9263190047841297,0.0170918802327535,0.5483870967741935,0.4895613269406478,H,1.0,0.5270918802327536
CHE,2019,217.04,85873.0,84160.0,5.01,4.59,4.349,11.43,8422.4,4978225.0,10.0,7.9,3.5,83.9048780487805,8575280.0,19.22,0.2857142857142857,Switzerland,High,Mixed,0.36,1.0,1.0,True,0.3757310577495868,1.0,0.0157310577495868,0.36,0.3590798721210555,H,0.5774456614475708,0.6506777742648281
CHL,2019,25.84,14497.0,14700.0,5.63,2.02,2.627,9.31,2384.4,9843775.0,10.94,6.46,6.0,80.324,19197744.0,11.87,0.1666666666666666,Chile,High,Mixed,0.48,0.88,0.98,True,0.5042764221592642,0.7873511482291955,0.0242764221592641,0.5454545454545454,0.48889132835516325,H,0.9743336010087582,0.5175603321461674
CHN,2019,149.95,10343.0,10510.0,,4.82,2.255,5.27,917.2,775928449.0,10.41,7.09,6.0,77.94,1407745000.0,37.29,0.1666666666666666,China,Upper-mid,Mixed,0.6,0.65,0.94,True,0.5354312620488525,0.6322871025376717,-0.0645687379511474,0.923076923076923,0.5182008273458218,UM,0.7741274195040778,0.691657792449544
COL,2019,44.98,6472.5,6630.0,4.51,1.75,2.317,7.83,1267.7,25000012.0,14.218,5.38,12.3,76.793,49907985.0,22.54,0.08130081300813,Colombia,Upper-mid,Mixed,0.43,0.73,0.96,True,0.4591080868098225,0.6378564747125653,0.0291080868098225,0.589041095890411,0.43132399971982205,UM,0.7462383127062943,0.6152298521699181
CRI,2019,97.92,12951.9,12310.0,6.74,1.11,2.376,7.22,1685.4,2534006.0,12.661,5.124,7.9,80.296,4999553.0,22.96,0.1265822784810126,Costa Rica,Upper-mid,Mixed,0.72,1.0,1.0,True,0.6904417434605495,0.9999999999999476,-0.0295582565394504,0.72,0.6771089052564109,UM,1.0,0.6904417434605495
CYP,2019,139.25,29227.2,28380.0,5.16,2.13,2.928,7.0,3128.2,715150.0,11.014,6.6,2.5,81.454,1286671.0,33.23,0.4,Cyprus,High,Mixed,0.9,0.92,0.98,True,0.9593102075776018,0.9761716951059064,0.0593102075776017,0.9782608695652174,0.9215071961978586,H,1.0,0.9593102075776018
CZE,2019,138.23,24062.7,22440.0,4.47,6.7,4.112,7.49,3422.4,5394887.0,10.5,10.5,2.4,79.2292682926829,10671870.0,27.21,0.4166666666666667,Czechia,High,Mixed,0.53,0.53,0.95,True,0.5254834994538699,0.5337144682939082,-0.0045165005461301,1.0,0.49943555789605987,H,0.5799985848193716,0.9060082441710107
DEU,2019,237.82,47656.2,50350.0,5.03,7.87,4.373,11.43,6779.5,43981829.0,9.4,11.3,3.1,81.2926829268293,83092962.0,18.69,0.3225806451612903,Germany,High,Mixed,0.34,0.38,0.97,True,0.3658871455436429,0.4138377760756142,0.0258871455436428,0.8947368421052632,0.353790457902664,H,0.5552248415856627,0.6589891484298657
DNK,2019,145.36,59404.3,63020.0,7.28,2.59,4.251,10.18,6171.2,3034322.0,10.5,9.3,3.3,81.4512195121951,5814422.0,11.79,0.303030303030303,Denmark,High,Public,0.6,0.69,0.97,True,0.6112063728875833,0.6794690887397155,0.0112063728875833,0.8695652173913044,0.589997530759145,H,0.7428500757001151,0.8227856372115715
DOM,2019,226.03,8183.0,7940.0,4.04,1.25,1.431,4.37,863.4,5117215.0,19.43,6.132,30.9,73.112,10894043.0,26.46,0.0323624595469255,Dominican Republic,Upper-mid,Mixed,0.64,0.74,0.97,True,0.5955501184511914,0.6777980753266933,-0.0444498815488085,0.8648648648648649,0.5689232273753396,UM,1.0,0.5955501184511914
ESP,2019,94.32,29786.5,30560.0,4.2,2.93,4.376,9.22,4076.0,23229297.0,7.6,8.8,2.6,83.8317073170732,47118501.0,20.37,0.3846153846153846,Spain,High,Mixed,0.65,1.0,1.0,True,0.6827111278893659,0.9999999999997408,0.0327111278893659,0.65,0.6568350122250073,H,0.7354858273776503,0.9282451170045645
EST,2019,31.04,24021.3,23490.0,5.16,4.53,3.469,6.65,2702.3,700344.0,10.6,11.6,1.9,78.6463414634147,1326898.0,30.42,0.5263157894736842,Estonia,High,Mixed,0.78,1.0,1.0,True,0.7620574502145113,0.9999999999999348,-0.0179425497854887,0.78,0.7375313881866488,H,0.7643640666959995,0.9969823064924301
FIN,2019,18.17,48358.2,49590.0,6.45,3.35,3.566,9.22,4821.3,2749091.0,8.3,9.8,1.9,81.9829268292683,5521606.0,27.26,0.5263157894736842,Finland,High,Public,0.79,1.0,1.0,True,0.8282993701905828,0.9999999999998884,0.0382993701905827,0.79,0.7826101026764399,H,0.8282993701905873,0.9999999999999946
FRA,2019,125.02,40408.3,42720.0,5.37,5.96,3.243,11.17,5719.3,30500444.0,11.2,9.1,3.3,82.8268292682927,67382061.0,21.31,0.303030303030303,France,High,Mixed,0.44,0.66,0.99,True,0.4566785836512325,0.70376824247175,0.0166785836512324,0.6666666666666666,0.4405995738252516,H,0.7574629536841282,0.6029055037346068
GBR,2019,275.4,43160.7,43640.0,5.26,2.44,2.932,9.98,4983.8,34205897.0,10.645,9.019,3.8,81.3691219512195,66628000.0,17.33,0.2631578947368421,United Kingdom,High,Mixed,0.58,0.83,0.98,True,0.59792915253299,0.7690719152884448,0.0179291525329899,0.6987951807228916,0.5664031947640221,H,0.8733965817495091,0.6846021212211209
GEO,2019,65.09,4741.3,4780.0,3.83,4.61,7.452,7.31,1201.7,1854016.0,13.588,12.081,8.2,74.165,3720161.0,41.37,0.1219512195121951,Georgia,Upper-mid,Mixed,0.43,0.43,0.88,True,0.3457232401156763,0.3472989702011122,-0.0842767598843237,1.0,0.33756148163063543,UM,0.494627762711947,0.6989563994955389
GMB,2019,242.77,738.2,720.0,2.81,0.96,0.077,3.15,76.2,675484.0,31.921,6.807,38.2,64.427,2456844.0,38.36,0.0261780104712041,Gambia,Low,Public,0.99,1.0,1.0,True,0.9999999999999988,0.9999999999999964,0.0099999999999987,0.99,0.999999999999999,L+LM,0.999999999999996,1.0000000000000029
GRC,2019,83.18,19335.4,19770.0,3.55,4.15,6.163,8.12,2590.8,4672995.0,7.8,11.7,3.5,81.6390243902439,10721582.0,21.81,0.2857142857142857,Greece,High,Mixed,0.45,0.53,0.97,True,0.4437333220091034,0.5028978987250434,-0.0062666779908965,0.8490566037735849,0.42247252012024256,H,0.5330314799304674,0.8324711367272104
HRV,2019,70.57,15563.7,15770.0,3.95,5.78,3.59,6.79,2223.3,1716971.0,9.1,13.1,4.0,78.2243902439024,3949390.0,43.7,0.25,Croatia,High,Mixed,0.51,0.52,0.94,True,0.4695589571177898,0.4850901150133223,-0.0404410428822102,0.9807692307692307,0.44724487514646993,H,0.6552329781848606,0.7166290048748329
HUN,2019,106.23,17012.9,16840.0,4.2,6.91,3.494,6.25,2224.3,4843975.0,9.6,13.4,3.4,76.3195121951219,9694824.0,29.54,0.2941176470588235,Hungary,High,Mixed,0.56,0.56,0.91,True,0.5323030383172731,0.5425496229261,-0.0276969616827269,1.0,0.5027885578336109,H,0.6578339321535605,0.8091754047631216
IDN,2019,145.13,4106.9,4020.0,0.96,1.16,0.462,2.88,345.0,137425585.0,16.909,7.558,18.5,70.349,272489381.0,44.26,0.054054054054054,Indonesia,Lower-mid,Mixed,0.92,1.0,1.0,True,0.967827135477246,0.9719651355489688,0.047827135477246,0.92,0.898944339493089,L+LM,1.0,0.967827135477246
ISL,2019,3.58,69296.3,75560.0,7.6,2.8,3.892,8.64,5227.3,221428.0,12.3,6.3,2.1,83.1634146341463,360563.0,6.02,0.4761904761904761,Iceland,High,Public,0.84,0.84,0.99,True,0.853933024376406,0.8541181549250763,0.0139330243764059,1.0,0.8204166795353889,H,0.8547424644480819,0.9990530012192637
ISR,2019,418.39,44091.9,44110.0,6.07,3.1,3.521,7.21,3114.7,4229687.0,20.1,5.1,2.9,82.8048780487805,9054000.0,8.38,0.3448275862068966,Israel,High,Mixed,0.6,0.74,0.99,True,0.6232605260318635,0.7191801629020164,0.0232605260318635,0.8108108108108107,0.5958466871138842,H,0.7359866911804674,0.8468366799299053
ITA,2019,201.98,33812.8,35030.0,4.08,3.14,4.024,8.62,4014.2,25761500.0,7.0,10.6,2.6,83.4975609756098,59729081.0,30.49,0.3846153846153846,Italy,High,Mixed,0.63,0.79,1.0,True,0.6496933050616613,0.8140754459433691,0.0196933050616613,0.7974683544303797,0.6243815765039273,H,0.706570030014736,0.9195030605078333
JOR,2019,120.19,4557.8,4580.0,2.99,1.36,2.519,7.07,666.9,2794037.0,22.236,3.033,13.7,76.865,10671891.0,8.48,0.072992700729927,Jordan,Lower-mid,Mixed,0.48,0.74,0.96,True,0.5311365843925537,0.7274554802943044,0.0511365843925537,0.6486486486486487,0.501865984458007,L+LM,0.8435400693577837,0.6296518727283772
KAZ,2019,7.12,9457.1,8500.0,2.86,5.01,3.62,2.87,799.7,9556218.0,21.424,6.911,8.1,73.658,19209555.0,40.92,0.1234567901234568,Kazakhstan,Upper-mid,Mixed,1.0,1.0,1.0,True,0.8780610556067182,0.8871803695651816,-0.1219389443932817,1.0,0.8568199792668372,UM,0.999999999999965,0.878061055606749
KGZ,2019,34.36,1422.0,1240.0,5.08,4.09,1.759,4.25,229.0,2614491.0,26.9,5.2,16.0,71.6,6590211.0,65.12,0.0625,Kyrgyz Republic,Lower-mid,Mixed,0.59,0.59,0.86,True,0.5181055771460463,0.5281146304675769,-0.0718944228539536,1.0,0.5140380732299613,L+LM,0.7835294117647044,0.6612458567179282
KOR,2019,530.38,33827.0,35790.0,4.42,12.43,2.458,7.69,3578.4,28561856.0,5.9,5.7,2.6,83.2268292682927,51764822.0,18.71,0.3846153846153846,"Korea, Rep.",High,Mixed,0.72,0.94,1.0,True,0.7690326716777343,0.9786591007799668,0.0490326716777342,0.7659574468085106,0.7424153085245018,H,1.0,0.7690326716777343
LAO,2019,31.36,2589.3,2520.0,2.12,1.68,0.363,2.6,202.1,3065141.0,23.151,6.599,33.3,67.911,7237636.0,64.09,0.03003003003003,Lao PDR,Lower-mid,Mixed,0.97,1.0,1.0,True,0.9952556297753004,0.997284299173216,0.0252556297753003,0.97,0.8612459054189063,L+LM,0.9952556297753041,0.9999999999999962
LBN,2019,566.43,8905.9,8630.0,2.52,2.73,2.611,8.69,1887.5,2042509.0,17.622,5.458,12.6,78.208,5794594.0,10.5,0.0793650793650793,Lebanon,Upper-mid,Mixed,0.38,0.67,0.95,True,0.3494167224141243,0.565463230453975,-0.0305832775858757,0.5671641791044776,0.3321200859592394,UM,0.5658127068508334,0.6175483833844719
LTU,2019,44.89,19608.8,19200.0,3.94,6.34,4.568,6.94,2815.9,1481171.0,8.9,13.6,3.3,76.2829268292683,2811089.0,32.75,0.303030303030303,Lithuania,High,Mixed,0.52,0.53,0.91,True,0.4847683062594363,0.4949640497190966,-0.0352316937405637,0.9811320754716981,0.45724887245163054,H,0.5798631775558859,0.8360046387196494
LVA,2019,30.76,17295.0,17010.0,4.59,5.42,3.267,6.86,2202.7,982724.0,9.8,14.5,3.3,75.3878048780488,1913822.0,31.93,0.303030303030303,Latvia,High,Mixed,0.53,0.54,0.9,True,0.5042247505023472,0.5119498980477092,-0.0257752494976528,0.9814814814814815,0.47346374630641563,H,0.6924083397445941,0.7282187714381639
MDA,2019,92.76,4405.3,4490.0,6.23,5.8,4.033,6.5,864.7,1481802.0,12.637,13.919,14.1,70.181,2664224.0,59.23,0.0709219858156028,Moldova,Lower-mid,Mixed,0.42,0.42,0.85,True,0.3384487116201047,0.3517190538139777,-0.0815512883798952,1.0,0.3347571579344701,L+LM,0.5813420621931272,0.5821851430176902
MDV,2019,1625.77,11740.3,10730.0,4.12,6.36,2.235,7.5,1731.3,243098.0,12.597,2.579,6.4,79.707,487731.0,59.95,0.15625,Maldives,Upper-mid,Mixed,0.44,0.59,0.97,True,0.4379574225211493,0.5911536745507066,-0.0020425774788507,0.7457627118644068,0.4008768635070176,UM,0.5543351270803386,0.7900589393060005
MMR,2019,80.65,1426.0,1380.0,2.0,1.05,0.757,3.81,232.6,23767370.0,17.774,8.847,38.4,66.457,52640713.0,69.92,0.0260416666666666,Myanmar,Lower-mid,Public,0.54,0.57,0.9,True,0.6410400641338683,0.653862753560629,0.1010400641338682,0.9473684210526317,0.6143098183276049,L+LM,0.6410400641338686,0.9999999999999994
MOZ,2019,38.0,519.1,500.0,6.0,0.72,0.086,7.9,109.7,12903560.0,39.117,8.078,49.2,61.306,29884380.0,66.58,0.0203252032520325,Mozambique,Low,Public,0.6,0.6,0.9,True,0.6786692705595955,0.6817438674746097,0.0786692705595955,1.0,0.519165682000068,L+LM,0.6786692705594884,1.0000000000001577
MUS,2019,633.94,11568.3,12710.0,4.54,3.66,2.558,5.7,1346.8,628768.0,10.2,8.9,14.0,74.2358536585366,1265985.0,60.75,0.0714285714285714,Mauritius,Upper-mid,Mixed,0.45,0.46,0.89,True,0.4055359800335058,0.4324202452103434,-0.0444640199664941,0.9782608695652174,0.4015429063714872,UM,0.6310806176851593,0.6426056650591419
MYS,2019,101.78,10920.2,10750.0,4.16,1.9,2.021,3.84,1111.0,16636582.0,14.233,4.98,6.8,75.9,33440596.0,25.16,0.1470588235294117,Malaysia,Upper-mid,Mixed,0.79,0.81,0.95,True,0.6984913046357623,0.7343224189069004,-0.0915086953642377,0.9753086419753086,0.679571567183956,UM,1.0,0.6984913046357623
NER,2019,18.12,541.3,600.0,3.53,0.29,0.039,5.67,80.6,8590335.0,43.366,9.573,69.3,60.031,22947757.0,83.19,0.0144300144300144,Niger,Low,Private,1.0,1.0,1.0,True,0.9999999999999998,0.9999999999999988,-2.220446049250313e-16,1.0,0.8550880824407231,L+LM,0.9999999999999984,1.0000000000000013
NLD,2019,515.14,53555.0,52940.0,5.06,2.99,3.713,9.94,6217.2,9742856.0,9.8,8.8,3.5,82.1121951219512,17344874.0,6.11,0.2857142857142857,Netherlands,High,Mixed,0.51,0.7,0.98,True,0.5222067718911583,0.6605441224493579,0.0122067718911582,0.7285714285714286,0.503553391734922,H,0.7035419695459799,0.7422539016800326
NOR,2019,14.65,79329.3,82500.0,7.86,3.48,4.578,10.44,7432.1,2911217.0,10.2,7.6,2.0,82.9585365853659,5347896.0,17.51,0.5,Norway,High,Public,0.75,1.0,1.0,True,0.7288381095911123,0.7729885057471226,-0.0211618904088877,0.75,0.6952766158427008,H,0.7288381095911146,0.9999999999999968
NPL,2019,198.21,1203.1,1240.0,3.89,0.29,0.815,4.45,189.4,7802999.0,20.648,7.024,27.1,69.299,28414064.0,34.01,0.03690036900369,Nepal,Lower-mid,Mixed,1.0,1.0,1.0,True,0.9999999999999998,1.0,-2.220446049250313e-16,1.0,0.9999999999999946,L+LM,1.0,0.9999999999999998
NZL,2019,18.88,42872.3,43090.0,5.17,2.54,3.37,8.62,3887.6,2819371.0,11.98,6.88,4.4,82.0560975609756,4970300.0,16.2,0.2272727272727272,New Zealand,High,Mixed,0.52,0.8,0.98,True,0.5316071524509617,0.7392814617064535,0.0116071524509616,0.65,0.5108263837186582,H,0.7817448908914996,0.6800263853911709
PAK,2019,299.4,1390.4,1520.0,2.21,0.5,1.049,2.85,143.4,73727954.0,28.986,6.772,56.3,66.729,230800899.0,62.89,0.0177619893428063,Pakistan,Lower-mid,Private,0.9,1.0,1.0,True,0.9999999999999998,1.0,0.0999999999999997,0.9,0.921367143517076,L+LM,1.0,0.9999999999999998
PAN,2019,57.09,16478.0,15640.0,3.28,1.94,1.637,8.14,2702.0,2125347.0,17.57,4.719,12.6,78.514,4234700.0,34.25,0.0793650793650793,Panama,Upper-mid,Mixed,0.38,0.86,0.98,True,0.4365697341429581,0.8562616911402247,0.056569734142958,0.4418604651162791,0.4201332103763669,UM,0.8265340293319993,0.5281932971299338
PHL,2019,371.62,3400.8,3760.0,3.41,0.98,0.732,4.17,371.8,45267971.0,18.104,5.896,22.6,69.68,110804683.0,46.28,0.0442477876106194,Philippines,Lower-mid,Mixed,0.67,0.82,0.98,True,0.6994953861485155,0.737640406708126,0.0294953861485154,0.8170731707317074,0.6760845771457635,L+LM,0.7976784309529955,0.8769140031940194
PRT,2019,112.29,23343.4,23250.0,4.63,3.49,5.422,9.51,3584.1,5245523.0,8.4,10.8,2.8,81.6756097560976,10286263.0,38.89,0.3571428571428571,Portugal,High,Mixed,0.53,0.57,0.97,True,0.5488147075533679,0.5837921907153367,0.0188147075533678,0.9298245614035089,0.5275709571046309,H,0.6088375342893003,0.9014140499632675
RUS,2019,8.88,11447.7,11190.0,3.7,7.03,4.165,5.65,1759.4,73911859.0,10.1,12.3,4.8,73.0839024390244,145453291.0,25.38,0.2083333333333333,Russian Federation,Upper-mid,Mixed,0.56,0.57,0.87,True,0.5079805650036111,0.5250132365176599,-0.0520194349963889,0.9824561403508774,0.4861865672832201,UM,0.7132651503255585,0.7121903611465547
RWA,2019,517.88,823.4,820.0,3.24,0.73,0.117,4.91,114.8,4505832.0,30.672,6.132,31.7,66.691,12776103.0,77.03,0.0315457413249211,Rwanda,Low,Public,0.83,0.84,0.97,True,0.8861014790295639,0.9210499357264084,0.0561014790295639,0.9880952380952381,0.7781501535630657,L+LM,0.9338398333470039,0.948879505229136
SEN,2019,84.94,1431.2,1430.0,5.04,0.71,0.088,4.5,164.0,4904458.0,30.405,5.979,34.8,67.668,16352922.0,50.06,0.028735632183908,Senegal,Lower-mid,Mixed,1.0,1.0,1.0,True,0.9963584683705214,0.9999999999999756,-0.0036415316294785,1.0,0.856963763459466,L+LM,0.9963584683705287,0.9999999999999928
SGP,2019,7965.88,66068.7,58510.0,2.73,2.69,2.519,4.41,4670.5,3454121.0,8.8,5.0,2.0,83.5951219512195,5703569.0,0.0,0.5,Singapore,High,Mixed,1.0,1.0,1.0,True,1.0,1.0,0.0,1.0,0.9681655065215459,H,0.9999999999999998,1.0000000000000002
STP,2019,222.28,1935.3,1810.0,6.11,2.91,0.492,5.48,255.2,30096.0,29.229,6.117,11.3,68.043,213392.0,32.09,0.0884955752212389,Sao Tome and Principe,Lower-mid,Public,0.67,0.72,0.93,True,0.773931994388309,0.8056684836861239,0.1039319943883089,0.9305555555555557,0.7368159402460818,L+LM,1.0,0.773931994388309
SVK,2019,113.44,19406.1,19230.0,4.27,5.76,3.569,6.91,2350.4,2735233.0,10.5,9.8,5.0,77.6658536585366,5454147.0,46.63,0.2,Slovak Republic,High,Mixed,0.47,0.49,0.93,True,0.4280585738243836,0.4598664503500744,-0.0419414261756163,0.9591836734693877,0.4113811273044882,H,0.6539520424745788,0.6545718126433157
SVN,2019,103.71,25814.2,25900.0,4.93,4.44,3.27,8.57,3642.6,1035062.0,9.3,9.9,2.0,81.5292682926829,2088385.0,44.55,0.5,Slovenia,High,Mixed,0.75,0.75,0.98,True,0.7583258708612275,0.7703363914373093,0.0083258708612274,1.0,0.7328679679672641,H,0.7703363914373074,0.984408732717832
SWE,2019,25.24,51649.0,56100.0,7.66,2.07,4.288,10.93,6267.4,5458324.0,11.1,8.6,2.2,83.109756097561,10278887.0,12.29,0.4545454545454545,Sweden,High,Public,1.0,1.0,1.0,True,0.9999999999999952,1.0,-4.6629367034256575e-15,1.0,0.9660266611528131,H,1.0,0.9999999999999952
TGO,2019,140.1,917.7,950.0,4.2,0.56,0.074,5.91,130.9,2646782.0,34.907,9.58,40.2,61.061,7619925.0,58.55,0.0248756218905472,Togo,Low,Private,0.79,0.81,0.91,True,0.9903813307630016,0.9999999999999976,0.2003813307630014,0.9753086419753086,0.6921642430030186,L+LM,0.990381330763075,0.999999999999926
THA,2019,140.0,7605.7,7070.0,3.02,2.21,0.548,3.79,756.8,39952678.0,9.056,7.422,8.9,77.197,71522271.0,44.07,0.1123595505617977,Thailand,Upper-mid,Mixed,0.84,1.0,1.0,True,0.9884717060889489,1.0,0.1484717060889487,0.84,0.9603494948260581,UM,1.0,0.9884717060889489
TTO,2019,265.88,17212.6,17240.0,3.55,1.95,4.205,6.91,1868.7,671805.0,12.088,7.948,19.2,72.836,1363985.0,46.07,0.0520833333333333,Trinidad and Tobago,High,Mixed,0.42,0.51,0.91,True,0.4029699275097321,0.4262881245685167,-0.0170300724902678,0.8235294117647058,0.3803210479852034,H,0.8275677347012524,0.48693286435967936
TUR,2019,107.3,9395.2,9970.0,4.45,2.78,1.884,4.36,1200.4,33686201.0,14.4,5.3,9.4,77.737,82579440.0,11.34,0.1063829787234042,Turkiye,Upper-mid,Mixed,0.69,0.79,0.95,True,0.5863782181488557,0.7503183922959415,-0.1036217818511442,0.8734177215189872,0.5756243827588523,UM,0.8648046408543965,0.6780470298696996
USA,2019,36.1,65228.0,65840.0,4.96,2.72,3.482,16.54,10550.2,168920514.0,11.4,8.697,5.5,78.7878048780488,330226227.0,19.87,0.1818181818181818,United States,High,Private,0.37,0.58,0.94,True,0.3888515193788285,0.5303323225383858,0.0188515193788285,0.6379310344827587,0.3608700749076968,H,0.7183299429731861,0.5413271758787641
ALB,2020,92.28,6027.9,5970.0,3.33,2.9,1.879,7.47,1070.47456964305,1238064.0,10.536,9.08,8.1,77.824,2528480.0,42.86,0.1234567901234568,Albania,Upper-mid,Mixed,0.55,0.62,0.95,True,0.5377682899691025,0.6467891840701684,-0.0122317100308975,0.8870967741935485,0.41004322440584995,UM,0.6857299875356802,0.784227465247203
ARE,2020,132.37,37991.7,41310.0,3.98,1.91,2.83,5.82,3787.52209458405,6178311.0,10.465,1.118,4.7,81.936,9401038.0,14.8,0.2127659574468085,United Arab Emirates,High,Public,0.92,1.0,1.0,True,0.9474763824438432,0.9999999999999531,0.0274763824438432,0.92,0.6809356153738466,H,1.0,0.9474763824438432
ARG,2020,16.51,8535.6,9040.0,5.28,3.19,5.304,10.67,2389.92172226818,19317784.0,11.799,8.45,8.7,75.878,45191965.0,8.06,0.1149425287356322,Argentina,Upper-mid,Mixed,0.42,0.47,0.92,True,0.409826990429742,0.4182978037730561,-0.0101730095702579,0.8936170212765958,0.2908093979218645,UM,0.4648892005555458,0.8815584228241825
AUT,2020,108.06,48716.4,49000.0,5.58,7.05,5.344,11.41,6691.04851151445,4607777.0,9.4,10.3,2.9,81.1926829268293,8916864.0,31.46,0.3448275862068966,Austria,High,Mixed,0.48,0.59,0.97,True,0.4791873439283698,0.5844869849462812,-0.0008126560716301,0.8135593220338984,0.32235922470500655,H,0.5690553538537255,0.8420750998707657
BEL,2020,378.39,45906.3,46330.0,6.75,5.53,3.506,11.46,6441.8068068689,5124712.0,9.9,11.0,3.2,80.6951219512195,11538604.0,12.7,0.3125,Belgium,High,Mixed,0.6,0.68,0.97,True,0.5453215757784045,0.6414344622821467,-0.0546784242215955,0.8823529411764705,0.4217588666434141,H,0.7176751692590247,0.7598445635808057
BTN,2020,20.19,3191.7,3040.0,5.47,2.13,0.486,4.08,524.292575542293,400199.0,12.952,6.275,16.9,72.253,770006.0,60.31,0.0591715976331361,Bhutan,Lower-mid,Public,0.72,1.0,1.0,True,0.7713236304954174,0.8258152252165935,0.0513236304954174,0.72,0.7240856902916378,L+LM,0.8613859637487439,0.8954448562623705
CAN,2020,4.24,43537.9,43900.0,4.89,2.54,2.415,13.02,6301.5,20505333.0,9.5,8.1,4.5,81.53,38028638.0,18.05,0.2222222222222222,Canada,High,Mixed,0.64,1.0,1.0,True,0.6126415598833616,0.999999999999816,-0.0273584401166384,0.64,0.47675104445738353,H,0.9729591946797566,0.6296682977388468
CHE,2020,218.63,87529.7,83150.0,5.28,4.48,4.388,11.99,8749.7,4988638.0,9.9,8.8,3.5,83.0,8638167.0,17.66,0.2857142857142857,Switzerland,High,Mixed,0.52,0.9,1.0,True,0.5029320700723114,0.8833495217640542,-0.0170679299276885,0.5777777777777778,0.3570224548399674,H,0.5942958286887755,0.8462655226471226
CHL,2020,26.08,13118.0,12960.0,5.63,2.02,2.798,9.7,2458.4,8906788.0,10.097,7.393,5.8,79.349,19370624.0,11.7,0.1724137931034483,Chile,High,Mixed,0.62,0.81,0.98,True,0.6237814976322162,0.7873966296378269,0.0037814976322162,0.7654320987654321,0.4832849567217418,H,0.7885762825085534,0.7910223924664515
CHN,2020,150.31,10627.5,10740.0,,5.0,2.385,5.5,1002.0,760877838.0,8.52,7.07,5.5,78.019,1411100000.0,36.48,0.1818181818181818,China,Upper-mid,Mixed,0.67,0.8,0.97,True,0.6882936702515188,0.8444322564606445,0.0182936702515187,0.8375,0.5067780751933048,UM,0.9810373161043149,0.7015978484740245
COL,2020,45.63,5339.7,5850.0,5.26,1.7,2.394,8.7,1349.8,25151123.0,14.106,6.621,11.9,74.757,50629997.0,22.36,0.0840336134453781,Colombia,Upper-mid,Mixed,0.55,0.65,0.94,True,0.544111603357031,0.5919197584848207,-0.005888396642969,0.8461538461538461,0.4141019574514505,UM,0.6521253828043178,0.8343665462264359
CRI,2020,98.6,12475.7,11780.0,6.63,1.17,2.494,7.83,1729.4,2419333.0,11.366,5.573,8.1,79.725,5034320.0,22.48,0.1234567901234568,Costa Rica,Upper-mid,Mixed,0.81,1.0,1.0,True,0.7721942323466049,1.0,-0.0378057676533951,0.81,0.624512038941861,UM,1.0,0.7721942323466049
CZE,2020,138.58,23472.9,22190.0,4.63,6.63,4.153,8.97,4023.6,5343016.0,10.3,12.1,2.4,78.2268292682927,10697858.0,27.27,0.4166666666666667,Czechia,High,Mixed,0.69,0.69,0.94,True,0.6796933603735721,0.7115287157836714,-0.0103066396264278,1.0,0.48532456349011366,H,0.7480419895370545,0.9086299564469881
DEU,2020,238.02,47394.9,48540.0,5.52,7.77,4.443,12.47,7316.3,43372704.0,9.3,11.9,3.1,81.0414634146342,83160871.0,18.53,0.3225806451612903,Germany,High,Mixed,0.46,0.53,0.97,True,0.4503207218899956,0.5598615531728439,-0.0096792781100044,0.8679245283018868,0.3466878441425368,H,0.5728621032096864,0.7860892165267971
ESP,2020,94.8,27234.0,27410.0,4.85,2.94,4.546,10.79,4249.1,22918332.0,7.2,10.4,2.6,82.2317073170732,47359424.0,20.3,0.3846153846153846,Spain,High,Mixed,0.76,0.91,0.99,True,0.7548043702668223,0.8064691306485331,-0.0051956297331776,0.8351648351648352,0.6362941318776469,H,0.7584471399173315,0.9951970685117144
EST,2020,31.1,23934.0,23580.0,5.44,4.46,3.479,7.47,3040.2,700345.0,9.9,11.9,1.8,78.5951219512195,1329522.0,30.12,0.5555555555555556,Estonia,High,Mixed,1.0,1.0,1.0,True,1.0,1.0,0.0,1.0,0.7726635458060737,H,1.0,1.0
FIN,2020,18.19,48828.7,49630.0,6.68,2.75,3.61,9.7,5169.6,2744434.0,8.4,10.0,1.9,81.9317073170732,5529543.0,26.92,0.5263157894736842,Finland,High,Public,1.0,1.0,1.0,True,1.0,1.0,0.0,1.0,0.9174166395552737,H,0.9999999999999998,1.0000000000000002
FRA,2020,125.43,39169.9,39690.0,5.66,5.86,3.252,12.13,6013.2,30289755.0,10.9,9.9,3.3,82.1756097560976,67601110.0,21.29,0.303030303030303,France,High,Mixed,0.55,0.78,0.99,True,0.5462080759223503,0.787462786792756,-0.0037919240776497,0.7051282051282052,0.4369444958806985,H,0.7567105875785173,0.7218189951196832
GBR,2020,275.86,40815.1,39350.0,5.44,2.42,3.028,12.1,5808.4,34258263.0,10.204,10.268,3.9,80.331756097561,66740000.0,17.1,0.2564102564102564,United Kingdom,High,Mixed,0.69,0.89,0.98,True,0.6375406047770833,0.8251725446615171,-0.0524593952229166,0.7752808988764044,0.5442187749157246,H,0.832555138219581,0.7657638221301039
GEO,2020,65.13,4300.9,4330.0,3.81,4.9,5.121,9.23,1520.0,1864522.0,13.053,12.963,8.0,73.509,3722716.0,41.0,0.125,Georgia,Upper-mid,Mixed,0.36,0.39,0.88,True,0.3591727486635812,0.3823435537608591,-0.0008272513364188,0.923076923076923,0.2665777223179093,UM,0.4272280764050272,0.8407049267124308
GMB,2020,248.59,720.3,720.0,2.89,1.14,0.078,4.01,101.6,695109.0,31.525,6.797,37.0,64.418,2515733.0,37.79,0.027027027027027,Gambia,Low,Public,1.0,1.0,1.0,True,0.9999999999999996,0.9999999999999996,-4.440892098500626e-16,1.0,0.8848491588007482,L+LM,0.9999999999999996,1.0
GTM,2020,161.98,4477.6,4360.0,3.29,0.43,1.281,6.46,707.1,6751370.0,22.043,5.835,19.5,69.971,17357325.0,45.45,0.0512820512820512,Guatemala,Upper-mid,Mixed,0.83,1.0,1.0,True,0.8257405117096657,0.8468918560565265,-0.0042594882903342,0.83,0.7889966534023406,UM,1.0,0.8257405117096657
HND,2020,90.44,2307.6,2120.0,6.1,0.71,0.489,9.22,496.4,4083200.0,22.803,5.06,14.5,70.864,10119640.0,43.13,0.0689655172413793,Honduras,Lower-mid,Mixed,0.85,1.0,1.0,True,0.8239888470748359,1.0,-0.026011152925164,0.85,0.6557754277881955,L+LM,0.9999999999999998,0.8239888470748361
HUN,2020,105.97,16387.0,16330.0,4.12,6.76,3.14,7.23,2567.8,4829178.0,9.7,14.6,3.4,75.419512195122,9670419.0,29.71,0.2941176470588235,Hungary,High,Mixed,0.65,0.68,0.91,True,0.6668877969133326,0.6967363438362937,0.0168877969133325,0.9558823529411764,0.4692275458173017,H,0.8178784252083466,0.8153874418969412
IDN,2020,146.37,3853.7,3850.0,1.02,1.38,0.62,3.42,401.2,137375390.0,16.674,8.843,17.7,68.817,274814866.0,43.72,0.0564971751412429,Indonesia,Lower-mid,Mixed,0.86,0.87,0.96,True,0.8748499694635165,0.8795662302323024,0.0148499694635164,0.9885057471264368,0.7257359671731725,L+LM,1.0,0.8748499694635165
IND,2020,471.76,1907.0,1900.0,4.29,1.61,0.723,3.34,232.8,532528354.0,16.744,7.214,28.3,70.156,1402617695.0,65.87,0.0353356890459364,India,Lower-mid,Mixed,0.75,0.81,0.96,True,0.7456705908443799,0.8076011208279157,-0.00432940915562,0.9259259259259258,0.6425218481779474,L+LM,0.7591778009381959,0.9822081071428542
IRL,2020,73.16,86514.1,64420.0,3.19,2.89,3.458,6.97,6856.8,2459907.0,11.1,6.4,3.1,82.4560975609756,5039747.0,36.53,0.3225806451612903,Ireland,High,Public,0.93,1.0,1.0,True,0.8899857857060672,1.0,-0.0400142142939328,0.93,0.6069641231025245,H,0.9321063217289474,0.9548114468907887
ISR,2020,425.84,44590.8,43330.0,6.52,3.06,3.567,7.75,3322.8,4204894.0,19.2,5.3,2.8,82.6487804878049,9215100.0,8.42,0.3571428571428571,Israel,High,Mixed,0.87,1.0,1.0,True,0.8681103886091084,0.9999999999995838,-0.0018896113908916,0.87,0.6088525391299379,H,0.9007260828796471,0.9637895527947127
ITA,2020,201.0,32091.5,32600.0,4.42,3.16,3.97,9.56,4235.5,24984272.0,6.8,12.5,2.5,82.1951219512195,59438851.0,30.48,0.4,Italy,High,Mixed,0.81,0.91,0.99,True,0.8035621106565697,0.8620560183870264,-0.0064378893434303,0.8901098901098902,0.6316453703712082,H,0.8237737842604176,0.9754645340868745
JPN,2020,346.4,41099.0,41880.0,3.31,12.62,2.592,11.45,4856.0,68656452.0,6.8,11.1,1.8,84.56,126261000.0,8.22,0.5555555555555556,Japan,High,Mixed,1.0,1.0,1.0,True,0.9999999999999988,1.0,-1.3322676295501878e-15,1.0,0.991653313377982,H,1.0,0.9999999999999988
KAZ,2020,7.22,8781.5,8380.0,4.45,6.54,3.663,3.83,1089.9,9543571.0,22.57,8.585,8.0,71.195,19482117.0,40.01,0.125,Kazakhstan,Upper-mid,Mixed,0.78,0.81,0.94,True,0.7970674297200615,0.8268088651191159,0.0170674297200614,0.9629629629629629,0.6258832259021518,UM,0.997175713103175,0.7993249527103065
KOR,2020,531.11,33645.8,35000.0,4.53,12.65,2.507,8.03,3841.9,28369827.0,5.3,5.9,2.5,83.4268292682927,51836239.0,18.82,0.4,"Korea, Rep.",High,Mixed,0.87,1.0,1.0,True,0.9029411291890695,0.9999999999999656,0.0329411291890696,0.87,0.755907123508379,H,0.9999999999999988,0.9029411291890707
LAO,2020,31.83,2583.8,2470.0,1.92,1.27,0.356,2.06,159.2,3161020.0,22.618,6.473,31.9,68.339,7346533.0,63.38,0.0313479623824451,Lao PDR,Lower-mid,Mixed,1.0,1.0,1.0,True,1.0,1.0,0.0,1.0,0.9999999999999998,L+LM,1.0,1.0
LKA,2020,354.33,3847.6,3880.0,1.56,3.87,1.167,4.27,537.4,8485010.0,13.8,6.0,6.0,76.928,21919000.0,80.34,0.1666666666666666,Sri Lanka,Lower-mid,Mixed,0.95,1.0,1.0,True,0.9243091330280576,0.999999999999987,-0.0256908669719422,0.95,0.7544723534893648,L+LM,0.9999999999999996,0.9243091330280581
LTU,2020,44.88,20428.6,19800.0,4.47,6.01,4.481,7.42,3060.5,1494750.0,8.4,15.5,3.1,75.0292682926829,2810369.0,32.57,0.3225806451612903,Lithuania,High,Mixed,0.69,0.7,0.91,True,0.6861270145816447,0.701007883384092,-0.0038729854183552,0.9857142857142857,0.4324665613979979,H,0.8107009450272955,0.8463379977416253
LVA,2020,30.54,17564.2,17350.0,5.0,5.28,3.338,7.51,2448.2,982835.0,9.2,15.2,3.1,75.1853658536585,1900449.0,31.88,0.3225806451612903,Latvia,High,Mixed,0.68,0.69,0.91,True,0.678437386328005,0.6954527598900838,-0.001562613671995,0.9855072463768118,0.4737257408355781,H,0.8049930949664862,0.8427865910529952
MDA,2020,91.75,4375.8,4360.0,6.6,5.59,4.038,7.0,944.4,1469067.0,12.077,14.759,14.3,69.914,2635130.0,58.66,0.0699300699300699,Moldova,Lower-mid,Mixed,0.37,0.38,0.85,True,0.3541726777257722,0.3672097305703438,-0.0158273222742277,0.9736842105263158,0.30929434148189483,L+LM,0.3813894911247986,0.9286377468903031
MEX,2020,65.23,8841.3,8920.0,4.5,1.0,2.425,6.05,1171.4,52956486.0,16.565,8.429,13.4,70.449,126799054.0,21.32,0.0746268656716417,Mexico,Upper-mid,Mixed,0.78,0.78,0.93,True,0.7702307480593533,0.7715136846647377,-0.0097692519406467,1.0,0.6003189197113132,UM,0.9148457391008366,0.8419241792789905
MOZ,2020,39.15,462.4,480.0,6.17,0.71,0.084,7.55,106.6,13187062.0,38.736,8.007,48.6,61.39,30783688.0,66.1,0.0205761316872428,Mozambique,Low,Public,0.71,0.72,0.98,True,0.7460212070268013,0.7461100184605023,0.0360212070268013,0.986111111111111,0.5381247844280347,L+LM,0.7775205382532338,0.959487460875055
MUS,2020,633.96,9135.8,10780.0,4.35,3.68,2.689,6.1,1282.6,589990.0,10.7,8.8,14.1,74.1770731707317,1266014.0,60.84,0.0709219858156028,Mauritius,Upper-mid,Mixed,0.42,0.5,0.91,True,0.4290741830237148,0.5825048183573015,0.0090741830237148,0.84,0.3746512333117475,UM,0.6595325369987842,0.6505731847229635
MYS,2020,103.15,9957.5,10110.0,3.91,1.93,2.183,4.08,1121.7,16871915.0,13.393,5.034,6.8,76.057,33889558.0,24.95,0.1470588235294117,Malaysia,Upper-mid,Mixed,0.92,1.0,1.0,True,0.930788135324069,0.9999999999999812,0.0107881353240689,0.92,0.6558713081366936,UM,1.0,0.930788135324069
NER,2020,18.72,575.5,570.0,3.82,0.28,0.035,6.17,92.4,9140912.0,42.6,9.526,69.1,59.89,23717613.0,82.99,0.0144717800289435,Niger,Low,Private,1.0,1.0,1.0,True,1.0,1.0,0.0,1.0,0.8260661957522512,L+LM,1.0,1.0
NLD,2020,518.01,53468.0,51490.0,5.29,2.88,3.805,10.95,6867.4,9793423.0,9.7,9.7,3.5,81.3585365853659,17441500.0,5.75,0.2857142857142857,Netherlands,High,Mixed,0.66,0.81,0.98,True,0.639248812258913,0.7397648854625922,-0.020751187741087,0.8148148148148148,0.5118172573511957,H,0.7019827233701879,0.9106332548896756
NOR,2020,14.77,71057.6,78460.0,8.37,3.4,4.682,11.42,7683.8,2925043.0,9.8,7.5,2.0,83.209756097561,5379475.0,17.3,0.5,Norway,High,Public,0.85,1.0,1.0,True,0.8110492675074111,1.0,-0.0389507324925888,0.85,0.7026538975500928,H,0.8158339809181749,0.9941351874000408
NPL,2020,202.07,1154.2,1190.0,4.24,0.28,0.857,5.21,220.6,7977675.0,20.168,7.272,25.9,69.106,28966574.0,33.89,0.0386100386100386,Nepal,Lower-mid,Mixed,1.0,1.0,1.0,True,1.0,1.0,-1.1102230246251563e-16,1.0,0.9999999999999852,L+LM,0.9999999999999999,1.0000000000000002
NZL,2020,19.26,42054.7,41880.0,5.64,2.5,3.442,9.25,4213.1,2869748.0,11.36,6.43,4.3,82.2560975609756,5072400.0,16.19,0.2325581395348837,New Zealand,High,Mixed,0.67,1.0,1.0,True,0.6807808446980821,0.939632534277284,0.010780844698082,0.67,0.5097667259655654,H,0.7248159268503553,0.9392465307107349
OMN,2020,14.61,16784.9,17190.0,6.88,1.16,2.003,5.12,1800.1,2220588.0,18.856,2.444,8.6,77.763,4522497.0,19.98,0.1162790697674418,Oman,High,Public,0.93,1.0,1.0,True,0.9836491246356828,0.9999999999999832,0.0536491246356828,0.93,0.734870838607672,H,1.0,0.9836491246356828
PAN,2020,57.88,13290.6,13070.0,4.3,1.92,1.63,10.22,2761.5,2098423.0,16.718,5.864,12.2,76.33,4293261.0,34.21,0.0819672131147541,Panama,Upper-mid,Mixed,0.5,0.77,0.97,True,0.5064453117641133,0.7494400750054835,0.0064453117641133,0.6493506493506493,0.373754970258604,UM,0.6499504025554665,0.7792060898383604
PHL,2020,375.9,3227.6,3350.0,3.86,0.99,0.752,5.16,425.3,42533348.0,17.017,5.831,22.7,70.097,112081264.0,45.89,0.0440528634361233,Philippines,Lower-mid,Mixed,0.83,1.0,1.0,True,0.8064212506175413,0.8631285749186756,-0.0235787493824586,0.83,0.606464226265568,L+LM,0.8538766068130402,0.9444236370725525
POL,2020,122.55,16151.0,15640.0,4.8,6.15,3.303,6.43,2356.1,18197725.0,9.5,12.7,3.8,76.4,37515748.0,40.13,0.2631578947368421,Poland,High,Mixed,0.69,0.74,0.93,True,0.7064936255754871,0.7675056913871083,0.0164936255754871,0.9324324324324323,0.47183349399329627,H,0.89806565123974,0.7866837180558056
PRT,2020,112.41,22299.4,21910.0,4.86,3.47,5.576,10.52,3755.4,5138884.0,8.1,11.9,2.8,81.3292682926829,10297081.0,38.9,0.3571428571428571,Portugal,High,Mixed,0.69,0.72,0.97,True,0.6775355757856879,0.6993573228239482,-0.012464424214312,0.9583333333333333,0.5223607203836036,H,0.7007424487359012,0.966882450189685
PRY,2020,16.62,5365.5,5550.0,3.94,1.01,1.296,7.68,1098.3,3281326.0,21.036,6.095,16.5,72.72,6603739.0,33.88,0.0606060606060606,Paraguay,Upper-mid,Mixed,0.71,0.9,0.99,True,0.6539598697983865,0.8096146805668258,-0.0560401302016134,0.7888888888888889,0.5192559722790805,UM,0.8652944087530392,0.7557657407503612
RUS,2020,8.87,10108.3,10660.0,4.02,7.05,3.807,8.04,2538.8,73410465.0,9.8,14.6,4.6,71.3387804878049,145245148.0,25.31,0.2173913043478261,Russian Federation,Upper-mid,Mixed,0.53,0.53,0.86,True,0.4929871600830401,0.4950286484664623,-0.0370128399169598,1.0,0.33979933510690546,UM,0.7810240935774329,0.631206084597138
SVK,2020,113.54,19735.5,19420.0,4.72,5.69,3.671,7.06,2494.7,2705756.0,10.4,10.8,5.0,76.8658536585366,5458827.0,46.75,0.2,Slovak Republic,High,Mixed,0.55,0.62,0.93,True,0.5573045848050214,0.6411039234952325,0.0073045848050213,0.8870967741935485,0.3995370934079567,H,0.7736557189425393,0.7203521814157409
SVN,2020,104.41,25392.1,25380.0,5.42,4.28,3.303,9.49,3976.1,1031435.0,8.9,11.4,1.9,80.5317073170732,2102419.0,44.62,0.5263157894736842,Slovenia,High,Mixed,1.0,1.0,1.0,True,0.9936616662921872,0.9999999999999976,-0.0063383337078128,1.0,0.7599345268652309,H,1.0,0.9936616662921872
SWE,2020,25.42,52568.6,54590.0,7.95,2.05,4.322,11.42,6584.4,5463932.0,10.9,9.5,2.1,82.3560975609756,10353442.0,12.06,0.4761904761904761,Sweden,High,Public,1.0,1.0,1.0,True,1.0,1.0,0.0,1.0,0.999999999998792,H,0.9999999999999973,1.0000000000000027
THA,2020,140.23,6983.0,6910.0,3.15,2.32,0.509,4.36,835.0,40252215.0,8.792,7.618,8.7,77.331,71641484.0,42.76,0.1149425287356322,Thailand,Upper-mid,Mixed,0.97,1.0,1.0,True,0.9999999999999998,0.9999999999999996,0.0299999999999998,0.97,0.967377027179478,UM,1.0,0.9999999999999998
TUR,2020,108.34,8798.1,9330.0,4.03,2.92,1.989,4.62,1282.4,31770146.0,13.4,6.1,9.1,76.525,83384680.0,11.07,0.1098901098901098,Turkiye,Upper-mid,Mixed,0.65,0.79,0.95,True,0.6582401372463869,0.8992239144949016,0.0082401372463868,0.8227848101265822,0.5387599883183484,UM,0.8994622181182216,0.7318152157891645
USA,2020,36.25,64465.3,64630.0,5.4,2.71,3.518,18.52,11648.5,166565253.0,10.9,10.27,5.5,76.9804878048781,331578104.0,20.0,0.1818181818181818,United States,High,Private,0.42,0.54,0.93,True,0.4055675607647021,0.5272696903203746,-0.0144324392352979,0.7777777777777777,0.3543991688258412,H,0.6202075213998942,0.6539223514240523
