code,year,dens,gdp_pc,gni_pc,edu,beds,phys,che_gdp,che_pc_ppp,lf,cbr,cdr,imr,le,pop,rur,inf_surv,country,income,financing,te_io_crs,te_io_vrs,te_oo_vrs,in_frontier_sample
AFG,2015,51.87,565.6,590.0,3.26,0.44,0.29,10.11,231.533667789642,8575264.0,39.364,7.528,64.0,62.27,33831764.0,75.54,0.015625,Afghanistan,Low,Public,0.62,0.76,0.97,True
AFG,2016,53.2,522.1,560.0,4.54,0.45,0.284,11.82,261.566866928026,8883595.0,38.732,7.32,61.9,62.646,34700612.0,75.34,0.01615508885298869,Afghanistan,Low,Public,0.59,0.77,0.95,True
AFG,2017,54.72,525.5,530.0,4.34,0.42,0.245,12.62,294.796437277569,9223903.0,38.171,7.315,60.1,62.406,35688935.0,75.16,0.016638935108153077,Afghanistan,Low,Public,0.45,0.46,0.89,True
AFG,2018,56.33,491.3,520.0,,0.4,0.303,14.21,345.587947038119,9215046.0,37.624,7.271,58.3,62.443,36743039.0,75.0,0.017152658662092625,Afghanistan,Low,Public,,,,False
AFG,2019,58.04,496.6,520.0,,0.38,0.214,14.83,383.16489590585,9192643.0,37.138,7.064,56.6,62.941,37856121.0,74.86,0.0176678445229682,Afghanistan,Low,Public,,,,False
AFG,2020,59.9,510.8,490.0,,0.33,0.253,15.53,401.16333264641,9060510.0,36.601,7.565,54.9,61.454,39068979.0,74.74,0.018214936247723135,Afghanistan,Low,Public,,,,False
ALB,2015,99.68,4199.5,4660.0,3.41,2.84,,6.39,749.185049076799,1227883.0,12.431,7.245,7.6,78.358,2731293.0,44.84,0.13157894736842105,Albania,Upper-mid,Mixed,,,,False
ALB,2016,98.16,4457.6,4670.0,3.92,2.82,1.212,6.65,806.720912809582,1254637.0,11.873,7.288,7.6,78.643,2689469.0,44.43,0.13157894736842105,Albania,Upper-mid,Mixed,0.51,0.66,0.98,True
ALB,2017,96.65,5006.4,4700.0,3.55,2.82,,6.5,832.955874831663,1256406.0,11.416,7.373,7.7,78.9,2648285.0,44.02,0.12987012987012986,Albania,Upper-mid,Mixed,,,,False
ALB,2018,95.17,5897.7,5400.0,3.08,2.83,,6.59,891.451398571055,1267869.0,10.898,7.375,7.8,79.238,2607733.0,43.62,0.12820512820512822,Albania,Upper-mid,Mixed,0.47,0.65,0.96,True
ALB,2019,93.72,6069.4,5900.0,3.87,2.84,1.645,6.78,992.412571745731,1273761.0,10.757,7.473,8.0,79.467,2567801.0,43.24,0.125,Albania,Upper-mid,Mixed,,,,False
ALB,2020,92.28,6027.9,5970.0,3.33,2.9,1.879,7.47,1070.47456964305,1238064.0,10.536,9.08,8.1,77.824,2528480.0,42.86,0.1234567901234568,Albania,Upper-mid,Mixed,0.55,0.62,0.95,True
ARE,2015,119.76,44910.3,49990.0,,1.43,2.361,3.47,2437.34971906404,5517279.0,11.02,1.021,6.1,82.076,8505237.0,15.67,0.1639344262295082,United Arab Emirates,High,Public,,,,False
ARE,2016,125.81,42721.1,46180.0,,1.39,2.458,3.9,2609.56776026083,5830903.0,10.747,1.007,5.8,82.195,8935095.0,15.49,0.1724137931034483,United Arab Emirates,High,Public,,,,False
ARE,2017,129.87,43733.6,42230.0,,1.46,2.502,4.01,2724.26767839967,6046380.0,10.661,0.97,5.6,82.388,9223225.0,15.31,0.17857142857142858,United Arab Emirates,High,Public,,,,False
ARE,2018,131.61,47135.3,44570.0,,1.6,2.605,4.1,3076.76825892095,6158515.0,10.248,0.957,5.3,82.449,9346701.0,15.14,0.18867924528301888,United Arab Emirates,High,Public,,,,False
ARE,2019,133.0,45938.6,46690.0,3.86,1.83,2.71,4.4,3409.700148469,6256531.0,10.094,0.958,5.0,82.596,9445785.0,14.97,0.2,United Arab Emirates,High,Public,0.79,1.0,1.0,True
ARE,2020,132.37,37991.7,41310.0,3.98,1.91,2.83,5.82,3787.52209458405,6178311.0,10.465,1.118,4.7,81.936,9401038.0,14.8,0.2127659574468085,United Arab Emirates,High,Public,0.92,1.0,1.0,True
ARG,2015,15.89,13679.6,12500.0,5.78,4.95,4.98,10.27,2044.36740095168,19343227.0,17.665,7.449,10.0,76.6,43477012.0,8.51,0.1,Argentina,Upper-mid,Mixed,0.29,0.34,0.93,True
ARG,2016,16.04,12700.0,12130.0,5.55,4.94,5.024,10.05,2021.34394435431,19497873.0,16.789,7.865,9.7,76.105,43900313.0,8.41,0.10309278350515465,Argentina,Upper-mid,Mixed,0.33,0.39,0.91,True
ARG,2017,16.18,14532.5,13070.0,5.45,4.99,5.094,10.26,2399.4439117441,19643677.0,16.155,7.682,9.4,76.543,44288894.0,8.32,0.10638297872340426,Argentina,Upper-mid,Mixed,0.3,0.33,0.92,True
ARG,2018,16.32,11752.8,12390.0,4.88,3.69,5.167,10.17,2483.24297206173,20125838.0,15.332,7.583,9.1,76.77,44654882.0,8.23,0.10989010989010989,Argentina,Upper-mid,Mixed,,,,False
ARG,2019,16.43,9956.0,11210.0,4.77,3.69,5.25,10.12,2379.69410922038,20580300.0,13.902,7.676,8.9,76.847,44973465.0,8.14,0.11235955056179775,Argentina,Upper-mid,Mixed,0.32,0.4,0.92,True
ARG,2020,16.51,8535.6,9040.0,5.28,3.19,5.304,10.67,2389.92172226818,19317784.0,11.799,8.45,8.7,75.878,45191965.0,8.06,0.1149425287356322,Argentina,Upper-mid,Mixed,0.42,0.47,0.92,True
ARM,2015,105.54,3512.4,3910.0,2.81,4.29,2.919,10.12,1015.35194765081,1477065.0,13.9,9.3,12.8,74.8707317073171,3004600.0,35.51,0.078125,Armenia,Upper-mid,Mixed,0.29,0.32,0.9,True
ARM,2016,105.1,3524.4,3690.0,2.76,4.28,2.887,9.95,1078.44064546615,1469687.0,13.5,9.4,12.2,74.8682926829268,2992300.0,35.41,0.0819672131147541,Armenia,Upper-mid,Mixed,,,,False
ARM,2017,104.65,3869.1,3900.0,2.71,4.27,2.903,10.36,1278.00393260604,1456321.0,12.6,9.1,11.7,75.2170731707317,2979400.0,35.29,0.08547008547008547,Armenia,Upper-mid,Mixed,0.29,0.31,0.9,True
ARM,2018,104.29,4196.0,4220.0,2.11,4.18,2.893,10.01,1314.58826586654,1448464.0,12.3,8.7,11.2,75.619512195122,2969000.0,35.15,0.08928571428571429,Armenia,Upper-mid,Mixed,,,,False
ARM,2019,104.06,4597.2,4650.0,2.16,4.06,3.026,11.38,1738.55875811611,1387309.0,12.2,8.8,10.7,76.2219512195122,2962500.0,34.99,0.09345794392523366,Armenia,Upper-mid,Mixed,,,,False
ARM,2020,105.03,4268.7,4230.0,2.71,4.45,3.163,12.24,1844.10278234491,1448279.0,12.3,12.2,10.2,73.3756097560976,2961500.0,34.83,0.09803921568627452,Armenia,Upper-mid,Mixed,,,,False
AUS,2015,3.1,56970.4,60780.0,,3.79,3.486,10.14,4760.54357572354,12568796.0,12.9,6.6,3.3,82.4,23815995.0,13.12,0.30303030303030304,Australia,High,Mixed,0.44,0.6,0.99,True
AUS,2016,3.14,50084.4,54330.0,,3.82,3.557,10.09,5026.32603186604,12744765.0,12.9,6.6,3.2,82.4487804878049,24190907.0,12.98,0.3125,Australia,High,Mixed,0.46,0.61,0.99,True
AUS,2017,3.2,54117.5,51700.0,,,3.656,10.11,5095.82682017981,13022869.0,12.6,6.5,3.2,82.5,24592588.0,12.87,0.3125,Australia,High,Mixed,,,,False
AUS,2018,3.25,57410.2,53280.0,,,3.726,10.09,5319.0923121222,13344850.0,12.6,6.3,3.2,82.7487804878049,24963258.0,12.77,0.3125,Australia,High,Mixed,,,,False
AUS,2019,3.29,55194.8,55090.0,,,3.808,10.25,5464.56914820707,13618789.0,12.1,6.7,3.2,82.9,25334826.0,12.7,0.3125,Australia,High,Mixed,,,,False
AUS,2020,3.33,51983.5,53770.0,5.39,,3.895,10.7,6059.41888561149,13583584.0,11.5,6.3,3.2,83.2,25649248.0,12.73,0.3125,Australia,High,Mixed,,,,False
AUT,2015,104.73,43915.2,47190.0,5.49,7.54,5.124,10.52,5247.51839437757,4460463.0,9.8,9.6,3.1,81.190243902439,8642699.0,32.44,0.3225806451612903,Austria,High,Mixed,0.36,0.39,0.98,True
AUT,2016,105.87,45061.5,45980.0,5.51,7.42,5.129,10.52,5533.68204105967,4541001.0,10.0,9.2,3.0,81.6414634146342,8736668.0,32.28,0.3333333333333333,Austria,High,Mixed,0.38,0.41,0.98,True
AUT,2017,106.61,47163.7,44800.0,5.4,7.37,5.182,10.57,5710.79107264942,4567690.0,10.0,9.5,3.0,81.6439024390244,8797566.0,32.09,0.3333333333333333,Austria,High,Mixed,0.38,0.4,0.98,True
AUT,2018,107.13,51194.1,48710.0,5.25,7.27,5.241,10.52,5968.05550478901,4608423.0,9.7,9.5,2.9,81.6926829268293,8840521.0,31.9,0.3448275862068966,Austria,High,Mixed,0.35,0.38,0.97,True
AUT,2019,107.61,49886.0,50900.0,5.24,7.19,5.318,10.63,6428.20230300818,4627750.0,9.6,9.4,2.9,81.8951219512195,8879920.0,31.68,0.3448275862068966,Austria,High,Mixed,0.37,0.4,0.98,True
AUT,2020,108.06,48716.4,49000.0,5.58,7.05,5.344,11.41,6691.04851151445,4607777.0,9.4,10.3,2.9,81.1926829268293,8916864.0,31.46,0.3448275862068966,Austria,High,Mixed,0.48,0.59,0.97,True
AZE,2015,116.73,5500.5,6610.0,2.95,4.13,3.328,4.34,647.518914149671,4693026.0,17.2,5.7,21.1,72.349,9649341.0,44.84,0.04739336492890995,Azerbaijan,Upper-mid,Mixed,0.65,0.69,0.87,True
AZE,2016,118.03,3880.7,4790.0,2.9,4.12,3.262,4.42,635.626475256824,4809412.0,16.3,5.8,19.8,72.568,9757812.0,44.24,0.050505050505050504,Azerbaijan,Upper-mid,Mixed,0.64,0.74,0.9,True
AZE,2017,119.21,4147.2,4110.0,2.47,3.98,3.197,4.07,576.529979498239,4876185.0,14.6,5.8,18.6,72.694,9854033.0,43.57,0.05376344086021505,Azerbaijan,Upper-mid,Mixed,0.74,0.76,0.92,True
AZE,2018,120.26,4739.8,4080.0,2.46,3.95,3.236,3.84,580.508543069207,4955866.0,14.0,5.8,17.5,73.016,9939771.0,42.82,0.05714285714285714,Azerbaijan,Upper-mid,Mixed,0.7,0.77,0.92,True
AZE,2019,121.28,4805.8,4510.0,3.18,3.94,3.148,4.18,691.39652893836,4998924.0,14.1,5.6,16.5,73.29,10024283.0,41.87,0.06060606060606061,Azerbaijan,Upper-mid,Mixed,0.65,0.66,0.9,True
AZE,2020,122.12,4229.9,4480.0,4.33,4.35,3.125,5.85,879.073654044431,5197914.0,12.5,7.5,15.6,70.312,10093121.0,41.71,0.06410256410256411,Azerbaijan,Upper-mid,Mixed,,,,False
BEL,2015,371.68,40893.8,45520.0,6.47,5.83,3.221,10.88,5032.23017951923,4994454.0,10.8,9.8,3.4,80.9926829268293,11274196.0,13.78,0.29411764705882354,Belgium,High,Mixed,0.45,0.51,0.98,True
BEL,2016,373.57,41854.5,43240.0,6.49,5.76,3.28,10.9,5285.85296978273,5001167.0,10.8,9.5,3.4,81.4390243902439,11331422.0,13.55,0.29411764705882354,Belgium,High,Mixed,0.44,0.53,0.98,True
BEL,2017,375.01,44035.3,42310.0,6.45,5.66,3.292,10.94,5509.57633043985,5037325.0,10.5,9.6,3.3,81.4926829268293,11375158.0,13.33,0.30303030303030304,Belgium,High,Mixed,0.48,0.58,0.98,True
BEL,2018,374.74,47487.2,45980.0,6.39,5.62,3.355,10.99,5782.49056208068,5093485.0,10.4,9.7,3.3,81.5951219512195,11427054.0,13.11,0.30303030303030304,Belgium,High,Mixed,0.46,0.57,0.98,True
BEL,2019,376.76,46716.6,48070.0,6.32,5.57,3.424,10.86,6176.00593172252,5146209.0,10.2,9.5,3.3,81.9951219512195,11488980.0,12.9,0.30303030303030304,Belgium,High,Mixed,0.46,0.6,0.98,True
BEL,2020,378.39,45906.3,46330.0,6.75,5.53,3.506,11.46,6441.8068068689,5124712.0,9.9,11.0,3.2,80.6951219512195,11538604.0,12.7,0.3125,Belgium,High,Mixed,0.6,0.68,0.97,True
BEN,2015,100.75,1002.4,1100.0,3.17,0.43,,2.73,74.3508582501171,4727555.0,38.996,9.898,57.0,59.123,11360681.0,54.06,0.017543859649122806,Benin,Lower-mid,Public,,,,False
BEN,2016,103.74,1010.5,1040.0,2.9,0.42,0.045,3.62,102.893474066563,4901776.0,38.554,9.783,55.8,59.283,11697842.0,53.39,0.01792114695340502,Benin,Lower-mid,Public,1.0,1.0,1.0,True
BEN,2017,106.77,1055.0,1020.0,3.54,0.42,,3.67,106.024654734519,5081385.0,37.84,9.62,54.4,59.528,12039780.0,52.71,0.01838235294117647,Benin,Lower-mid,Public,,,,False
BEN,2018,109.82,1151.7,1120.0,2.93,0.44,0.073,3.44,101.821094387433,5267149.0,36.955,9.477,53.1,59.71,12383347.0,52.0,0.018832391713747645,Benin,Lower-mid,Public,1.0,1.0,1.0,True
BEN,2019,112.87,1130.8,1170.0,2.73,0.4,0.06,3.0,94.5345382639284,5459336.0,36.036,9.335,51.8,59.888,12726755.0,51.29,0.019305019305019305,Benin,Lower-mid,Public,1.0,1.0,1.0,True
BEN,2020,115.91,1200.2,1190.0,2.9,0.45,,3.05,98.9993975427191,5605006.0,35.331,9.17,50.4,60.154,13070169.0,50.55,0.01984126984126984,Benin,Lower-mid,Public,,,,False
BGD,2015,1224.42,1224.4,1200.0,1.87,0.76,0.476,2.27,95.7094284834595,61920877.0,20.254,5.638,29.8,70.543,159383179.0,70.46,0.03355704697986577,Bangladesh,Lower-mid,Private,1.0,1.0,1.0,True
BGD,2016,1235.4,1649.3,1400.0,1.28,0.79,0.489,2.39,109.412957923441,62629015.0,20.226,5.575,28.5,71.075,160811932.0,70.12,0.03508771929824561,Bangladesh,Lower-mid,Private,0.98,1.0,1.0,True
BGD,2017,1245.96,1811.1,1640.0,2.11,0.84,0.535,2.37,115.581150215712,66147765.0,19.991,5.512,27.3,71.606,162186147.0,69.8,0.03663003663003663,Bangladesh,Lower-mid,Private,1.0,1.0,1.0,True
BGD,2018,1256.23,1965.2,2020.0,2.09,0.88,0.573,2.32,127.164276133592,67683856.0,20.069,5.442,26.2,72.122,163523103.0,69.48,0.03816793893129771,Bangladesh,Lower-mid,Private,1.0,1.0,1.0,True
BGD,2019,1266.91,2129.8,2220.0,1.13,0.89,0.63,2.13,128.629979474583,69165404.0,20.131,5.372,25.4,72.625,164913055.0,69.18,0.03937007874015748,Bangladesh,Lower-mid,Private,1.0,1.0,1.0,True
BGD,2020,1277.54,2248.9,2320.0,2.14,0.97,0.661,2.18,144.934011636458,70314500.0,20.289,6.126,24.8,71.421,166298024.0,68.88,0.04032258064516129,Bangladesh,Lower-mid,Private,,,,False
BGR,2015,64.34,7269.0,7530.0,3.88,7.24,4.041,7.39,1388.45076597855,3259536.0,9.4,15.8,6.8,74.6146341463415,6984225.0,26.9,0.14705882352941177,Bulgaria,Upper-mid,Mixed,0.42,0.43,0.9,True
BGR,2016,63.51,7822.9,7490.0,3.81,7.27,4.107,7.46,1537.63886097561,3159813.0,9.4,15.6,6.4,74.8121951219512,6894139.0,26.82,0.15625,Bulgaria,Upper-mid,Mixed,,,,False
BGR,2017,62.67,8697.1,7730.0,4.08,7.45,4.184,7.5,1661.7176383074,3235284.0,9.4,16.1,6.1,74.8146341463415,6803468.0,26.61,0.1639344262295082,Bulgaria,Upper-mid,Mixed,,,,False
BGR,2018,61.82,9849.9,8860.0,4.05,7.57,4.217,7.34,1753.56327690919,3181267.0,9.3,16.2,5.8,74.9634146341464,6710798.0,26.4,0.1724137931034483,Bulgaria,Upper-mid,Mixed,0.4,0.42,0.9,True
BGR,2019,60.95,10354.3,9920.0,4.21,7.74,4.236,7.12,1895.13629357267,3209606.0,9.3,16.3,5.5,75.1121951219512,6616726.0,26.28,0.18181818181818182,Bulgaria,Upper-mid,Mixed,,,,False
BGR,2020,60.34,10760.8,10090.0,4.48,7.82,4.277,8.44,2304.21831660461,3132138.0,9.0,19.0,5.3,73.3560975609756,6550696.0,26.68,0.18867924528301888,Bulgaria,Upper-mid,Mixed,,,,False
BHR,2015,1761.34,23734.1,23640.0,2.55,1.89,0.927,4.75,2283.39810616744,777303.0,15.36,2.084,6.3,80.338,1370322.0,0.0,0.15873015873015872,Bahrain,High,Mixed,0.8,1.0,1.0,True
BHR,2016,1827.63,23800.0,22720.0,2.8,1.81,0.83,4.62,2183.97213531674,818900.0,14.623,1.983,6.3,80.407,1423726.0,0.0,0.15873015873015872,Bahrain,High,Mixed,0.82,1.0,1.0,True
BHR,2017,1924.51,24784.8,22360.0,2.22,1.74,0.76,4.3,2186.97742649899,871711.0,14.071,1.987,6.3,80.407,1501116.0,0.0,0.15873015873015872,Bahrain,High,Mixed,,,,False
BHR,2018,1932.0,26324.4,24200.0,2.39,1.81,0.729,3.94,2057.76177205495,868320.0,13.641,2.035,6.4,80.412,1503091.0,0.0,0.15625,Bahrain,High,Mixed,,,,False
BHR,2019,1902.25,27259.7,25800.0,2.11,1.93,0.687,3.78,2139.14099265495,846623.0,13.318,2.104,6.5,80.471,1483756.0,0.0,0.15384615384615385,Bahrain,High,Mixed,,,,False
BHR,2020,1875.42,24342.8,23870.0,2.06,1.99,0.741,4.56,2417.16070958555,816393.0,12.813,2.586,6.6,78.683,1472204.0,0.0,0.15151515151515152,Bahrain,High,Mixed,,,,False
BHS,2015,38.5,30719.4,27620.0,2.27,2.84,,5.24,1661.91509973762,224301.0,12.607,7.832,12.3,73.805,385346.0,17.74,0.08130081300813008,Bahamas,High,Mixed,,,,False
BHS,2016,38.77,30616.5,27820.0,2.59,,,5.66,1804.89526846391,227165.0,11.983,7.94,12.2,74.042,388055.0,17.82,0.0819672131147541,Bahamas,High,Mixed,,,,False
BHS,2017,39.01,31875.5,29570.0,2.7,2.99,1.895,6.6,2225.69398687005,230010.0,11.421,8.12,12.1,74.031,390485.0,17.92,0.08264462809917356,Bahamas,High,Mixed,0.44,0.46,0.9,True
BHS,2018,39.23,32642.3,30650.0,2.49,2.78,,5.84,2024.30778624769,232799.0,11.263,8.276,12.0,74.062,392717.0,18.04,0.08333333333333333,Bahamas,High,Mixed,,,,False
BHS,2019,39.43,33640.3,31630.0,2.63,2.77,,5.7,2019.86046681179,235355.0,11.195,9.321,16.0,71.408,394675.0,18.17,0.0625,Bahamas,High,Mixed,,,,False
BHS,2020,39.55,26178.8,25180.0,3.71,2.76,,7.4,1933.99360636218,216992.0,11.115,9.523,11.9,72.994,395863.0,18.34,0.08403361344537814,Bahamas,High,Mixed,,,,False
BLR,2015,46.61,5967.1,6740.0,4.79,10.25,4.255,6.07,1096.81250685851,5097379.0,12.5,12.6,3.1,73.6243902439025,9461076.0,23.37,0.3225806451612903,Belarus,Upper-mid,Public,0.58,0.6,0.89,True
BLR,2016,46.65,5039.8,5640.0,4.95,10.06,4.372,5.91,1050.702270065,5092675.0,12.4,12.6,2.9,73.8268292682927,9469379.0,23.15,0.3448275862068966,Belarus,Upper-mid,Public,0.63,0.66,0.89,True
BLR,2017,46.6,5785.5,5320.0,4.8,10.0,4.427,5.76,1056.47330120896,5079681.0,10.8,12.6,2.8,74.1292682926829,9458989.0,22.98,0.35714285714285715,Belarus,Upper-mid,Public,0.65,0.68,0.89,True
BLR,2018,46.5,6360.0,5730.0,4.84,9.93,4.486,5.53,1102.02202824589,5054114.0,9.9,12.7,2.6,74.1756097560976,9438785.0,22.79,0.3846153846153846,Belarus,Upper-mid,Public,0.64,0.68,0.89,True
BLR,2019,46.41,6837.8,6370.0,4.98,9.93,4.546,5.86,1305.00109860036,5025008.0,9.3,12.8,2.4,74.2268292682927,9419758.0,22.54,0.4166666666666667,Belarus,Upper-mid,Public,0.65,0.69,0.89,True
BLR,2020,46.21,6542.9,6410.0,4.86,10.09,4.605,6.41,1598.28283021619,4982156.0,8.886,15.784,2.2,72.1385609756098,9379952.0,22.21,0.45454545454545453,Belarus,Upper-mid,Public,,,,False
BLZ,2015,15.62,6154.6,5790.0,5.36,0.97,,4.66,444.458802251332,155137.0,21.698,5.143,13.1,71.647,356333.0,56.07,0.07633587786259542,Belize,Upper-mid,Mixed,,,,False
BLZ,2016,15.99,6140.9,5640.0,5.73,0.95,,4.77,448.607851047382,161442.0,21.374,5.113,12.6,71.843,364705.0,56.32,0.07936507936507936,Belize,Upper-mid,Mixed,,,,False
BLZ,2017,16.36,6071.9,5490.0,5.95,1.04,1.131,4.62,421.671241176752,166282.0,21.286,5.094,12.1,72.062,373202.0,56.58,0.08264462809917356,Belize,Upper-mid,Mixed,0.68,0.8,0.97,True
BLZ,2018,16.67,6012.0,5610.0,6.13,1.04,1.086,4.76,453.119819271393,179388.0,21.144,5.07,11.7,72.322,380226.0,56.84,0.08547008547008547,Belize,Upper-mid,Mixed,0.66,0.79,0.97,True
BLZ,2019,16.91,6171.6,5850.0,5.96,,,4.82,507.240209724953,189886.0,19.335,5.04,11.4,72.577,385829.0,57.09,0.08771929824561403,Belize,Upper-mid,Mixed,,,,False
BLZ,2020,17.13,5238.5,5170.0,5.21,0.98,,5.34,513.545359562076,151949.0,18.353,5.576,11.1,71.58,390812.0,57.35,0.0900900900900901,Belize,Upper-mid,Mixed,,,,False
BOL,2015,10.17,2996.0,2920.0,8.14,1.18,,6.55,468.504622088813,5012447.0,23.653,7.659,23.5,67.205,11014705.0,31.6,0.0425531914893617,Bolivia,Lower-mid,Mixed,,,,False
BOL,2016,10.32,3035.9,3000.0,8.15,1.23,1.569,6.83,515.772834448334,5100033.0,23.272,7.614,22.1,67.392,11180020.0,31.26,0.04524886877828054,Bolivia,Lower-mid,Mixed,0.45,0.5,0.87,True
BOL,2017,10.47,4048.4,3250.0,8.1,1.26,1.016,6.49,552.333472829502,5298716.0,22.911,7.591,20.8,67.536,11344587.0,30.92,0.04807692307692307,Bolivia,Lower-mid,Mixed,0.5,0.51,0.88,True
BOL,2018,10.62,4206.9,3730.0,8.02,1.26,,6.6,591.229168070987,5649910.0,22.574,7.561,19.6,67.699,11508368.0,30.59,0.0510204081632653,Bolivia,Lower-mid,Mixed,,,,False
BOL,2019,10.77,4203.2,4170.0,8.09,1.28,1.088,6.89,631.930127874865,5946418.0,22.257,7.555,18.4,67.82,11671386.0,30.27,0.05434782608695653,Bolivia,Lower-mid,Mixed,,,,False
BOL,2020,10.91,3581.0,3620.0,8.44,1.37,0.961,8.02,665.391554348415,5890135.0,21.996,10.836,17.4,62.906,11816299.0,29.96,0.0574712643678161,Bolivia,Lower-mid,Mixed,,,,False
BRA,2015,24.13,8936.2,10330.0,6.24,2.39,,8.91,1320.48649469287,100587656.0,14.684,6.045,13.7,75.106,201675532.0,14.31,0.07299270072992702,Brazil,Upper-mid,Mixed,,,,False
BRA,2016,24.31,8836.3,9050.0,6.31,2.36,,9.17,1312.01325973184,101885554.0,14.146,6.226,14.6,75.081,203218114.0,14.05,0.0684931506849315,Brazil,Upper-mid,Mixed,,,,False
BRA,2017,24.49,10080.5,8830.0,6.32,2.34,2.198,9.47,1378.92393296078,103476109.0,14.123,6.256,13.3,75.383,204703445.0,13.8,0.07518796992481203,Brazil,Upper-mid,Mixed,0.36,0.46,0.91,True
BRA,2018,24.66,9300.7,9320.0,6.09,2.3,,9.46,1463.60459202537,104554923.0,14.022,6.337,13.1,75.633,206107261.0,13.56,0.07633587786259542,Brazil,Upper-mid,Mixed,,,,False
BRA,2019,24.82,9029.8,9410.0,5.96,2.29,2.351,9.61,1545.03321144692,106262669.0,13.548,6.452,12.9,75.809,207455459.0,13.32,0.07751937984496124,Brazil,Upper-mid,Mixed,0.33,0.53,0.92,True
BRA,2020,24.96,7074.2,8080.0,5.77,2.49,,9.62,1549.50140417499,100001874.0,12.995,7.502,12.8,74.506,208660842.0,13.09,0.078125,Brazil,Upper-mid,Mixed,,,,False
BRB,2015,648.81,20429.5,19280.0,5.16,6.01,,6.09,1084.60115958253,147528.0,11.798,9.324,11.7,76.055,278990.0,40.75,0.08547008547008547,Barbados,High,Public,,,,False
BRB,2016,650.23,20311.4,19300.0,4.2,6.0,,6.19,1115.96201394759,149786.0,11.706,9.36,11.5,76.168,279598.0,40.75,0.08695652173913043,Barbados,High,Public,,,,False
BRB,2017,651.56,20870.8,19570.0,3.96,6.09,2.541,6.0,1074.33208757318,150789.0,11.628,9.427,11.2,76.237,280171.0,40.74,0.08928571428571429,Barbados,High,Public,0.46,0.53,0.93,True
BRB,2018,652.82,21378.2,20240.0,5.4,6.03,,5.83,1081.62166014438,150452.0,11.539,9.459,10.9,76.378,280711.0,40.73,0.09174311926605504,Barbados,High,Public,,,,False
BRB,2019,653.97,21929.4,20800.0,3.72,5.72,,5.67,1064.64457971157,149274.0,11.446,9.517,10.6,76.495,281207.0,40.72,0.09433962264150944,Barbados,High,Public,,,,False
BRB,2020,655.11,19181.0,18290.0,3.87,5.64,2.616,6.73,1064.59134440989,145656.0,11.334,9.548,10.2,76.647,281698.0,40.7,0.09803921568627452,Barbados,High,Public,,,,False
BTN,2015,19.43,2954.0,2740.0,6.93,1.72,0.339,3.44,334.923831761654,341579.0,15.656,6.526,22.9,70.797,740618.0,63.3,0.04366812227074236,Bhutan,Lower-mid,Public,0.79,0.84,0.97,True
BTN,2016,19.61,3152.3,2880.0,6.4,1.71,0.4,3.28,348.426859235791,346258.0,14.81,6.568,21.6,71.119,747866.0,62.73,0.046296296296296294,Bhutan,Lower-mid,Public,0.77,0.86,0.94,True
BTN,2017,19.78,3435.3,2960.0,6.62,1.69,0.31,3.11,352.284445101614,351309.0,13.759,6.643,20.3,71.413,754335.0,62.14,0.04926108374384236,Bhutan,Lower-mid,Public,1.0,1.0,1.0,True
BTN,2018,19.92,3400.2,3150.0,6.48,1.72,0.421,3.07,359.108306659599,356713.0,12.941,6.48,19.1,71.711,759759.0,61.53,0.05235602094240837,Bhutan,Lower-mid,Public,0.82,1.0,1.0,True
BTN,2019,20.05,3576.9,3370.0,4.51,2.09,0.336,3.38,417.631234872107,384922.0,12.421,6.35,17.9,72.005,764824.0,60.93,0.0558659217877095,Bhutan,Lower-mid,Public,0.77,1.0,1.0,True
BTN,2020,20.19,3191.7,3040.0,5.47,2.13,0.486,4.08,524.292575542293,400199.0,12.952,6.275,16.9,72.253,770006.0,60.31,0.0591715976331361,Bhutan,Lower-mid,Public,0.72,1.0,1.0,True
BWA,2015,3.89,6141.2,6140.0,8.39,2.61,,6.1,863.2,899557.0,26.475,7.913,44.2,63.215,2203273.0,34.59,0.02262443438914027,Botswana,Upper-mid,Public,,,,False
BWA,2016,3.94,6749.1,6060.0,8.74,2.57,0.371,5.77,936.1,918682.0,26.254,7.463,42.8,64.32,2234776.0,34.31,0.023364485981308414,Botswana,Upper-mid,Public,0.46,0.5,0.87,True
BWA,2017,4.0,7105.0,6210.0,7.81,2.54,,6.63,1040.9,939892.0,26.073,7.035,40.0,65.42,2266747.0,34.05,0.025,Botswana,Upper-mid,Public,,,,False
BWA,2018,4.06,7408.0,6680.0,7.91,2.5,0.402,6.04,953.5,962977.0,25.897,6.685,38.7,66.371,2299141.0,33.84,0.025839793281653745,Botswana,Upper-mid,Public,0.44,0.51,0.9,True
BWA,2019,4.11,7172.1,7100.0,8.4,2.47,0.395,6.12,975.3,987878.0,25.751,6.408,37.4,67.167,2332083.0,33.67,0.026737967914438502,Botswana,Upper-mid,Public,,,,False
BWA,2020,4.17,6323.3,6600.0,8.06,2.43,0.433,6.12,934.2,973488.0,25.532,6.254,36.5,67.643,2365894.0,33.55,0.0273972602739726,Botswana,Upper-mid,Public,,,,False
CAN,2015,3.98,43594.2,47580.0,4.74,2.6,2.5388,10.76,4773.7,19705946.0,10.7,7.4,4.6,81.8258536585366,35704498.0,18.75,0.2173913043478261,Canada,High,Mixed,0.47,0.82,0.99,True
CAN,2016,4.03,42314.1,43900.0,4.82,2.58,2.3105,11.06,5103.6,19857477.0,10.6,7.4,4.6,81.94,36110803.0,18.7,0.2173913043478261,Canada,High,Mixed,0.49,0.86,0.99,True
CAN,2017,4.08,45129.7,42900.0,4.96,2.51,2.6102,10.92,5240.5,20155417.0,10.3,7.6,4.5,81.8078048780488,36545075.0,18.6,0.2222222222222222,Canada,High,Mixed,0.47,0.84,0.98,True
CAN,2018,4.13,46539.2,45060.0,4.89,2.54,2.411,10.92,5426.9,20391340.0,10.1,7.7,4.5,81.8036585365854,37072620.0,18.45,0.2222222222222222,Canada,High,Mixed,0.49,0.87,0.98,True
CAN,2019,4.2,46353.0,46580.0,4.77,2.51,2.418,11.05,5555.0,20799435.0,9.9,7.6,4.5,82.1585365853659,37618495.0,18.26,0.2222222222222222,Canada,High,Mixed,0.51,0.93,0.99,True
CAN,2020,4.24,43537.9,43900.0,4.89,2.54,2.415,13.02,6301.5,20505333.0,9.5,8.1,4.5,81.53,38028638.0,18.05,0.2222222222222222,Canada,High,Mixed,0.64,1.0,1.0,True
CHE,2015,209.63,85265.1,88150.0,4.99,4.73,4.196,10.98,7166.6,4810503.0,10.5,8.2,3.7,82.8975609756098,8282396.0,24.4,0.27027027027027023,Switzerland,High,Mixed,0.35,1.0,1.0,True
CHE,2016,211.93,83432.4,84250.0,4.98,4.69,4.25,11.2,7543.6,4894095.0,10.5,7.8,3.7,83.6024390243903,8373338.0,23.33,0.27027027027027023,Switzerland,High,Mixed,0.35,1.0,1.0,True
CHE,2017,213.92,83610.2,81790.0,5.02,4.65,4.297,11.37,7755.2,4927955.0,10.3,7.9,3.6,83.5512195121951,8451840.0,22.09,0.2777777777777778,Switzerland,High,Mixed,0.36,1.0,1.0,True
CHE,2018,215.5,87002.3,84760.0,4.93,4.63,4.338,11.2,7914.5,4963632.0,10.3,7.9,3.6,83.7536585365854,8514329.0,20.71,0.2777777777777778,Switzerland,High,Mixed,0.35,1.0,1.0,True
CHE,2019,217.04,85873.0,84160.0,5.01,4.59,4.349,11.43,8422.4,4978225.0,10.0,7.9,3.5,83.9048780487805,8575280.0,19.22,0.2857142857142857,Switzerland,High,Mixed,0.36,1.0,1.0,True
CHE,2020,218.63,87529.7,83150.0,5.28,4.48,4.388,11.99,8749.7,4988638.0,9.9,8.8,3.5,83.0,8638167.0,17.66,0.2857142857142857,Switzerland,High,Mixed,0.52,0.9,1.0,True
CHL,2015,24.33,13434.0,14080.0,4.9,2.13,2.138,8.35,1875.5,8996276.0,13.147,6.106,6.8,80.008,18047625.0,12.53,0.14705882352941177,Chile,High,Mixed,0.49,0.79,0.97,True
CHL,2016,24.61,13649.9,13310.0,5.37,2.11,2.286,8.56,1990.2,9146668.0,12.685,6.086,6.7,80.295,18267221.0,12.37,0.14925373134328357,Chile,High,Mixed,0.49,0.79,0.98,True
CHL,2017,25.0,14880.0,13200.0,5.43,2.09,2.43,9.09,2208.6,9423968.0,11.763,6.037,6.5,80.61,18558868.0,12.2,0.15384615384615385,Chile,High,Mixed,0.47,0.84,0.98,True
CHL,2018,25.45,15659.5,14460.0,5.47,2.05,2.569,9.15,2315.5,9671888.0,11.698,6.196,6.3,80.559,18893191.0,12.04,0.15873015873015872,Chile,High,Mixed,0.47,0.82,0.98,True
CHL,2019,25.84,14497.0,14700.0,5.63,2.02,2.627,9.31,2384.4,9843775.0,10.94,6.46,6.0,80.324,19197744.0,11.87,0.16666666666666666,Chile,High,Mixed,0.48,0.88,0.98,True
CHL,2020,26.08,13118.0,12960.0,5.63,2.02,2.798,9.7,2458.4,8906788.0,10.097,7.393,5.8,79.349,19370624.0,11.7,0.1724137931034483,Chile,High,Mixed,0.62,0.81,0.98,True
CHN,2015,146.98,8175.3,8040.0,,3.82,1.797,4.85,647.4,781077009.0,11.99,7.07,8.2,76.975,1379860000.0,42.67,0.12195121951219513,China,Upper-mid,Mixed,0.62,0.71,0.94,True
CHN,2016,147.82,8254.9,8360.0,,4.05,1.888,4.88,682.9,780932880.0,13.57,7.04,7.6,77.214,1387790000.0,41.16,0.13157894736842105,China,Upper-mid,Mixed,0.62,0.74,0.94,True
CHN,2017,148.72,8979.7,8830.0,,4.33,2.003,4.97,736.0,779166682.0,12.64,7.06,7.0,77.235,1396215000.0,39.76,0.14285714285714285,China,Upper-mid,Mixed,0.63,0.7,0.94,True
CHN,2018,149.42,10085.7,9720.0,,4.59,2.122,5.07,814.6,776868988.0,10.86,7.08,6.4,77.709,1402760000.0,38.5,0.15625,China,Upper-mid,Mixed,0.57,0.66,0.94,True
CHN,2019,149.95,10343.0,10510.0,,4.82,2.255,5.27,917.2,775928449.0,10.41,7.09,6.0,77.94,1407745000.0,37.29,0.16666666666666666,China,Upper-mid,Mixed,0.6,0.65,0.94,True
CHN,2020,150.31,10627.5,10740.0,,5.0,2.385,5.5,1002.0,760877838.0,8.52,7.07,5.5,78.019,1411100000.0,36.48,0.18181818181818182,China,Upper-mid,Mixed,0.67,0.8,0.97,True
COL,2015,42.33,6248.5,7420.0,4.47,1.65,2.022,7.52,999.7,23769792.0,14.764,5.252,13.9,76.067,46969940.0,22.84,0.07194244604316546,Colombia,Upper-mid,Mixed,0.46,0.74,0.95,True
COL,2016,42.76,5959.8,6560.0,4.48,1.72,2.088,7.53,1056.4,23971867.0,14.271,5.31,13.5,76.228,47437512.0,22.8,0.07407407407407407,Colombia,Upper-mid,Mixed,0.45,0.7,0.95,True
COL,2017,43.38,6479.5,6030.0,4.54,1.74,2.163,7.68,1105.8,24367946.0,14.177,5.315,13.1,76.418,48131078.0,22.78,0.07633587786259542,Colombia,Upper-mid,Mixed,0.47,0.68,0.96,True
COL,2018,44.19,6817.0,6350.0,4.45,1.73,2.242,7.72,1176.1,24727292.0,14.195,5.35,12.7,76.579,49024465.0,22.72,0.07874015748031496,Colombia,Upper-mid,Mixed,0.46,0.68,0.95,True
COL,2019,44.98,6472.5,6630.0,4.51,1.75,2.317,7.83,1267.7,25000012.0,14.218,5.38,12.3,76.793,49907985.0,22.54,0.08130081300813008,Colombia,Upper-mid,Mixed,0.43,0.73,0.96,True
COL,2020,45.63,5339.7,5850.0,5.26,1.7,2.394,8.7,1349.8,25151123.0,14.106,6.621,11.9,74.757,50629997.0,22.36,0.08403361344537814,Colombia,Upper-mid,Mixed,0.55,0.65,0.94,True
CPV,2015,127.14,3415.1,3620.0,4.81,2.08,0.743,4.4,298.1,215930.0,17.459,5.136,17.6,74.096,512394.0,33.1,0.056818181818181816,Cabo Verde,Lower-mid,Mixed,0.63,0.75,0.95,True
CPV,2016,127.18,3609.0,3580.0,4.75,2.07,0.731,4.36,320.6,216787.0,17.32,5.15,16.2,74.35,512554.0,31.96,0.0617283950617284,Cabo Verde,Lower-mid,Mixed,0.62,0.78,0.96,True
CPV,2017,127.27,3893.1,3620.0,4.59,2.1,0.659,4.48,355.6,217299.0,16.8,5.115,15.1,74.71,512893.0,30.8,0.06622516556291391,Cabo Verde,Lower-mid,Mixed,,,,False
CPV,2018,127.4,4295.0,4040.0,4.79,2.19,0.711,4.79,378.8,204314.0,15.451,5.162,14.1,74.84,513415.0,29.6,0.07092198581560284,Cabo Verde,Lower-mid,Mixed,0.58,0.78,0.97,True
CPV,2019,127.57,4380.8,4420.0,4.17,2.14,0.743,4.82,416.9,211472.0,14.288,5.004,13.2,75.449,514104.0,28.37,0.07575757575757576,Cabo Verde,Lower-mid,Mixed,,,,False
CPV,2020,127.71,3539.2,3510.0,7.09,,0.725,7.03,483.5,196815.0,13.142,5.886,12.5,73.818,514679.0,27.12,0.08,Cabo Verde,Lower-mid,Mixed,,,,False
CRI,2015,94.36,11714.7,10770.0,6.87,1.16,1.806,7.59,1343.2,2344336.0,14.704,4.518,7.8,80.407,4818038.0,24.98,0.12820512820512822,Costa Rica,Upper-mid,Mixed,0.74,1.0,1.0,True
CRI,2016,95.32,12091.0,11170.0,6.89,1.16,1.955,7.32,1405.0,2262369.0,14.184,4.822,7.7,79.988,4866998.0,24.46,0.12987012987012986,Costa Rica,Upper-mid,Mixed,0.75,1.0,1.0,True
CRI,2017,96.22,12317.1,11580.0,7.07,1.15,2.101,7.05,1444.2,2300637.0,13.812,4.964,7.7,79.994,4913177.0,23.95,0.12987012987012986,Costa Rica,Upper-mid,Mixed,0.69,1.0,1.0,True
CRI,2018,97.1,12620.0,12100.0,6.77,1.12,2.253,7.29,1566.3,2422784.0,13.622,5.056,7.8,80.09,4957818.0,23.45,0.12820512820512822,Costa Rica,Upper-mid,Mixed,0.69,1.0,1.0,True
CRI,2019,97.92,12951.9,12310.0,6.74,1.11,2.376,7.22,1685.4,2534006.0,12.661,5.124,7.9,80.296,4999553.0,22.96,0.12658227848101264,Costa Rica,Upper-mid,Mixed,0.72,1.0,1.0,True
CRI,2020,98.6,12475.7,11780.0,6.63,1.17,2.494,7.83,1729.4,2419333.0,11.366,5.573,8.1,79.725,5034320.0,22.48,0.1234567901234568,Costa Rica,Upper-mid,Mixed,0.81,1.0,1.0,True
CUB,2015,108.31,7727.9,7270.0,8.96,4.07,7.803,12.81,2911.5,5217686.0,10.938,9.123,4.8,77.745,11275065.0,23.13,0.20833333333333334,Cuba,Upper-mid,Public,0.31,0.37,0.94,True
CUB,2016,108.28,8110.6,7530.0,9.01,4.15,8.003,12.22,2819.1,5229123.0,10.299,9.44,4.9,77.571,11265612.0,23.09,0.2040816326530612,Cuba,Upper-mid,Public,0.32,0.37,0.93,True
CUB,2017,108.36,8610.6,8010.0,8.44,4.17,8.187,11.47,2747.5,5231805.0,10.115,9.91,5.1,77.3,11247829.0,23.04,0.19607843137254904,Cuba,Upper-mid,Public,,,,False
CUB,2018,108.16,8911.5,8710.0,8.02,4.19,8.505,11.02,2765.1,5224481.0,10.172,9.866,5.2,77.426,11227118.0,22.98,0.1923076923076923,Cuba,Upper-mid,Public,,,,False
CUB,2019,107.93,9232.3,9010.0,9.05,4.21,8.677,11.09,2829.3,5204593.0,9.668,10.047,5.4,77.413,11202846.0,22.93,0.18518518518518517,Cuba,Upper-mid,Public,,,,False
CUB,2020,107.67,9605.3,,11.52,4.23,9.291,12.49,2882.5,4943318.0,9.257,10.403,5.7,77.407,11176354.0,22.89,0.17543859649122806,Cuba,Upper-mid,Public,,,,False
CYP,2015,131.98,23088.4,25650.0,6.3,2.37,2.498,6.79,2136.1,657397.0,11.242,6.043,2.1,81.464,1219502.0,32.96,0.47619047619047616,Cyprus,High,Mixed,0.89,0.89,0.98,True
CYP,2016,133.89,24280.0,24400.0,6.12,2.36,2.594,6.65,2353.1,663048.0,11.505,6.135,2.1,81.534,1237112.0,33.04,0.47619047619047616,Cyprus,High,Mixed,1.0,1.0,1.0,True
CYP,2017,135.74,26247.5,24600.0,5.7,2.26,2.651,6.62,2513.5,678816.0,11.158,6.309,2.2,81.543,1254275.0,33.11,0.45454545454545453,Cyprus,High,Mixed,0.91,0.91,0.98,True
CYP,2018,137.53,29120.4,27120.0,,2.18,2.789,6.78,2749.6,698503.0,11.029,6.382,2.3,81.556,1270737.0,33.17,0.4347826086956522,Cyprus,High,Mixed,0.9,0.91,0.98,True
CYP,2019,139.25,29227.2,28380.0,5.16,2.13,2.928,7.0,3128.2,715150.0,11.014,6.6,2.5,81.454,1286671.0,33.23,0.4,Cyprus,High,Mixed,0.9,0.92,0.98,True
CYP,2020,140.94,28130.3,26780.0,5.56,2.17,3.197,8.65,3705.9,719491.0,11.142,6.668,2.7,81.23,1302247.0,33.28,0.37037037037037035,Cyprus,High,Mixed,,,,False
CZE,2015,136.59,17931.6,18340.0,5.72,6.73,3.9516,7.29,2489.1,5305064.0,10.5,10.5,2.6,78.5780487804878,10546059.0,26.96,0.3846153846153846,Czechia,High,Mixed,0.53,0.54,0.95,True
CZE,2016,136.85,18754.0,17660.0,5.5,6.73,4.0194,7.32,2671.9,5344644.0,10.7,10.2,2.6,79.0268292682927,10566332.0,27.03,0.3846153846153846,Czechia,High,Mixed,0.57,0.57,0.95,True
CZE,2017,137.22,20913.2,18350.0,3.76,6.71,4.0676,7.24,2853.6,5370664.0,10.8,10.5,2.6,78.9780487804878,10594438.0,27.09,0.3846153846153846,Czechia,High,Mixed,0.54,0.54,0.95,True
CZE,2018,137.68,23706.0,20700.0,4.22,6.72,4.069,7.37,3075.2,5405110.0,10.7,10.6,2.5,79.0292682926829,10629928.0,27.15,0.4,Czechia,High,Mixed,0.5,0.5,0.94,True
CZE,2019,138.23,24062.7,22440.0,4.47,6.7,4.112,7.49,3422.4,5394887.0,10.5,10.5,2.4,79.2292682926829,10671870.0,27.21,0.4166666666666667,Czechia,High,Mixed,0.53,0.53,0.95,True
CZE,2020,138.58,23472.9,22190.0,4.63,6.63,4.153,8.97,4023.6,5343016.0,10.3,12.1,2.4,78.2268292682927,10697858.0,27.27,0.4166666666666667,Czechia,High,Mixed,0.69,0.69,0.94,True
DEU,2015,234.15,41929.8,46590.0,4.76,8.09,4.12,10.92,5336.1,42693402.0,9.0,11.3,3.3,80.6414634146341,81686611.0,19.3,0.30303030303030304,Germany,High,Mixed,0.35,0.36,0.97,True
DEU,2016,235.71,42949.0,45340.0,4.76,8.02,4.166,10.97,5669.8,43118037.0,9.6,11.1,3.3,80.990243902439,82348669.0,19.17,0.30303030303030304,Germany,High,Mixed,0.36,0.38,0.97,True
DEU,2017,236.59,45554.0,44730.0,4.78,7.96,4.226,11.05,5989.5,43391708.0,9.5,11.3,3.2,80.9926829268293,82657002.0,19.02,0.3125,Germany,High,Mixed,0.37,0.38,0.97,True
DEU,2018,237.29,48916.2,48770.0,4.88,7.94,4.287,11.18,6302.1,43612526.0,9.5,11.5,3.2,80.8926829268293,82905782.0,18.86,0.3125,Germany,High,Mixed,0.36,0.38,0.96,True
DEU,2019,237.82,47656.2,50350.0,5.03,7.87,4.373,11.43,6779.5,43981829.0,9.4,11.3,3.1,81.2926829268293,83092962.0,18.69,0.3225806451612903,Germany,High,Mixed,0.34,0.38,0.97,True
DEU,2020,238.02,47394.9,48540.0,5.52,7.77,4.443,12.47,7316.3,43372704.0,9.3,11.9,3.1,81.0414634146342,83160871.0,18.53,0.3225806451612903,Germany,High,Mixed,0.46,0.53,0.97,True
DNK,2015,142.09,53094.0,60350.0,,2.53,3.93,10.38,5074.5,2899972.0,10.2,9.2,3.5,80.7024390243902,5683483.0,12.27,0.2857142857142857,Denmark,High,Public,0.62,0.68,0.98,True
DNK,2016,143.2,54501.0,57830.0,7.72,2.6,3.999,10.28,5328.2,2943425.0,10.8,9.2,3.5,80.8536585365854,5728010.0,12.3,0.2857142857142857,Denmark,High,Public,0.62,0.67,0.97,True
DNK,2017,144.12,57521.6,56600.0,7.37,2.61,4.109,10.11,5589.9,2970148.0,10.6,9.2,3.4,81.1024390243903,5764980.0,11.98,0.29411764705882354,Denmark,High,Public,0.58,0.66,0.98,True
DNK,2018,144.84,61324.8,61090.0,7.33,2.61,4.196,10.14,5804.2,2992952.0,10.6,9.5,3.4,80.9536585365854,5793636.0,11.89,0.29411764705882354,Denmark,High,Public,0.58,0.65,0.97,True
DNK,2019,145.36,59404.3,63020.0,7.28,2.59,4.251,10.18,6171.2,3034322.0,10.5,9.3,3.3,81.4512195121951,5814422.0,11.79,0.30303030303030304,Denmark,High,Public,0.6,0.69,0.97,True
DNK,2020,145.79,60985.5,62710.0,7.39,2.59,4.377,10.69,6702.1,3032944.0,10.4,9.4,3.3,81.6024390243902,5831404.0,11.76,0.30303030303030304,Denmark,High,Public,,,,False
DOM,2015,215.99,6801.0,6470.0,3.6,1.51,,4.74,701.0,4581646.0,20.538,5.755,31.0,72.982,10434829.0,25.86,0.03225806451612903,Dominican Republic,Upper-mid,Mixed,,,,False
DOM,2016,218.41,7160.4,6750.0,3.85,1.37,,4.59,746.7,4689168.0,20.239,5.876,31.2,72.889,10551430.0,25.95,0.032051282051282055,Dominican Republic,Upper-mid,Mixed,,,,False
DOM,2017,220.8,7412.7,6920.0,3.92,1.48,,4.45,748.9,4755988.0,20.009,5.8,31.2,73.37,10666843.0,26.07,0.032051282051282055,Dominican Republic,Upper-mid,Mixed,,,,False
DOM,2018,223.18,7883.0,7600.0,3.93,1.24,1.426,4.22,759.0,4935940.0,19.848,5.857,31.1,73.555,10782053.0,26.24,0.03215434083601286,Dominican Republic,Upper-mid,Mixed,0.68,0.74,0.96,True
DOM,2019,226.03,8183.0,7940.0,4.04,1.25,1.431,4.37,863.4,5117215.0,19.43,6.132,30.9,73.112,10894043.0,26.46,0.03236245954692557,Dominican Republic,Upper-mid,Mixed,0.64,0.74,0.97,True
DOM,2020,228.4,7135.2,7080.0,4.52,1.42,1.948,4.96,943.2,4805608.0,18.957,6.474,30.4,72.636,11008300.0,26.74,0.03289473684210526,Dominican Republic,Upper-mid,Mixed,,,,False
DZA,2015,16.8,4685.1,5390.0,6.18,1.62,,6.33,874.6,12057287.0,25.811,4.645,21.9,75.159,40019529.0,29.86,0.04566210045662101,Algeria,Lower-mid,Public,,,,False
DZA,2016,17.15,4425.0,4920.0,6.5,1.6,1.819,6.0,806.4,12191778.0,25.439,4.647,21.6,75.31,40850721.0,29.26,0.046296296296296294,Algeria,Lower-mid,Public,0.46,0.72,0.95,True
DZA,2017,17.5,4554.7,4440.0,5.73,1.61,,5.95,802.7,12361094.0,25.015,4.66,21.3,75.431,41689299.0,28.68,0.046948356807511735,Algeria,Lower-mid,Public,,,,False
DZA,2018,17.85,4577.2,4450.0,5.81,,1.708,5.93,814.3,12518797.0,24.063,4.667,21.0,75.555,42505035.0,28.09,0.047619047619047616,Algeria,Lower-mid,Public,,,,False
DZA,2019,18.18,4468.5,4480.0,5.58,,0.973,5.42,752.6,12673323.0,23.379,4.681,20.7,75.682,43294546.0,27.52,0.04830917874396135,Algeria,Lower-mid,Public,,,,False
DZA,2020,18.49,3743.5,4020.0,6.19,,,5.64,714.7,11586994.0,22.43,5.988,20.4,73.257,44042091.0,26.95,0.04901960784313726,Algeria,Lower-mid,Public,,,,False
ECU,2015,65.49,5976.2,5970.0,5.11,1.52,1.806,7.77,845.0,7577726.0,18.357,4.869,12.9,76.222,16266225.0,37.04,0.07751937984496124,Ecuador,Upper-mid,Mixed,0.48,0.8,0.96,True
ECU,2016,66.46,5917.6,5750.0,4.46,1.38,2.055,7.59,825.7,7985502.0,17.622,5.005,12.5,76.094,16505139.0,37.01,0.08,Ecuador,Upper-mid,Mixed,0.53,0.82,0.97,True
ECU,2017,67.48,6233.3,5930.0,4.61,1.4,2.225,7.52,887.4,8229598.0,17.677,5.066,12.2,76.22,16759519.0,36.98,0.0819672131147541,Ecuador,Upper-mid,Mixed,0.52,0.78,0.97,True
ECU,2018,68.65,6303.9,6120.0,4.63,1.4,2.341,7.83,954.7,8250992.0,17.523,4.648,11.9,77.248,17049547.0,36.96,0.08403361344537814,Ecuador,Upper-mid,Mixed,,,,False
ECU,2019,69.82,6205.1,6100.0,4.25,1.39,2.32,7.81,979.5,8393240.0,16.924,4.753,11.7,77.286,17340021.0,36.94,0.08547008547008547,Ecuador,Upper-mid,Mixed,,,,False
ECU,2020,70.65,5463.6,5410.0,4.26,1.32,2.313,8.61,992.0,7753251.0,16.391,7.474,11.5,72.004,17546065.0,36.92,0.08695652173913043,Ecuador,Upper-mid,Mixed,,,,False
EGY,2015,100.05,3307.0,3100.0,,1.25,0.763,5.06,581.9,30851683.0,28.184,5.818,24.1,70.135,99597342.0,57.39,0.04149377593360996,Egypt,Lower-mid,Mixed,0.61,0.66,0.94,True
EGY,2016,102.11,3270.6,3200.0,,1.25,0.763,5.07,572.1,31224055.0,26.679,5.707,23.7,70.437,101644589.0,57.48,0.04219409282700422,Egypt,Lower-mid,Mixed,,,,False
EGY,2017,104.17,2395.1,2880.0,,1.27,0.743,5.35,594.8,30714881.0,26.1,5.628,23.4,70.709,103696057.0,57.55,0.042735042735042736,Egypt,Lower-mid,Mixed,,,,False
EGY,2018,106.17,2484.7,2710.0,,1.24,0.716,4.75,585.5,30208878.0,23.592,5.533,23.1,70.974,105682094.0,57.54,0.04329004329004329,Egypt,Lower-mid,Mixed,,,,False
EGY,2019,108.04,2963.0,2640.0,,1.19,0.697,4.6,614.7,30072045.0,22.267,5.477,22.9,71.213,107553158.0,57.52,0.04366812227074236,Egypt,Lower-mid,Mixed,,,,False
EGY,2020,109.81,3511.1,2960.0,,1.11,0.671,4.15,632.7,30264331.0,22.004,6.407,22.6,69.79,109315124.0,57.48,0.04424778761061947,Egypt,Lower-mid,Mixed,,,,False
ESP,2015,92.91,25982.4,28700.0,4.25,2.96,3.826,9.18,3233.0,23132898.0,9.0,9.1,2.7,82.8317073170732,46422303.0,20.75,0.37037037037037035,Spain,High,Mixed,0.64,1.0,1.0,True
ESP,2016,93.0,26755.6,27760.0,4.19,2.95,3.803,8.88,3343.2,23054343.0,8.8,8.8,2.7,83.3292682926829,46458139.0,20.64,0.37037037037037035,Spain,High,Mixed,0.68,1.0,1.0,True
ESP,2017,93.23,28381.3,27290.0,4.18,2.96,3.854,9.02,3598.6,23026725.0,8.4,9.1,2.7,83.2829268292683,46571232.0,20.53,0.37037037037037035,Spain,High,Mixed,0.64,1.0,1.0,True
ESP,2018,93.64,30602.4,29530.0,4.15,2.95,3.996,9.07,3731.5,23008131.0,7.9,9.1,2.7,83.4317073170732,46782011.0,20.44,0.37037037037037035,Spain,High,Mixed,0.64,1.0,1.0,True
ESP,2019,94.32,29786.5,30560.0,4.2,2.93,4.376,9.22,4076.0,23229297.0,7.6,8.8,2.6,83.8317073170732,47118501.0,20.37,0.3846153846153846,Spain,High,Mixed,0.65,1.0,1.0,True
ESP,2020,94.8,27234.0,27410.0,4.85,2.94,4.546,10.79,4249.1,22918332.0,7.2,10.4,2.6,82.2317073170732,47359424.0,20.3,0.3846153846153846,Spain,High,Mixed,0.76,0.91,0.99,True
EST,2015,30.26,17722.2,18900.0,5.05,4.82,3.417,6.52,1939.0,682925.0,10.6,11.6,2.4,77.590243902439,1315407.0,31.52,0.4166666666666667,Estonia,High,Mixed,0.59,0.61,0.94,True
EST,2016,30.27,18666.4,18640.0,5.06,4.69,3.457,6.57,2098.5,691079.0,10.7,11.7,2.3,77.6414634146342,1315790.0,31.28,0.4347826086956522,Estonia,High,Mixed,0.63,0.64,0.93,True
EST,2017,30.82,20851.5,19140.0,4.86,4.61,3.468,6.47,2234.3,697564.0,10.5,11.8,2.2,78.0926829268293,1317384.0,31.01,0.45454545454545453,Estonia,High,Mixed,0.67,0.67,0.95,True
EST,2018,30.92,23618.1,21600.0,5.14,4.53,3.483,6.56,2441.6,702066.0,10.9,11.9,2.0,78.2439024390244,1321977.0,30.72,0.5,Estonia,High,Mixed,0.75,1.0,1.0,True
EST,2019,31.04,24021.3,23490.0,5.16,4.53,3.469,6.65,2702.3,700344.0,10.6,11.6,1.9,78.6463414634147,1326898.0,30.42,0.5263157894736842,Estonia,High,Mixed,0.78,1.0,1.0,True
EST,2020,31.1,23934.0,23580.0,5.44,4.46,3.479,7.47,3040.2,700345.0,9.9,11.9,1.8,78.5951219512195,1329522.0,30.12,0.5555555555555556,Estonia,High,Mixed,1.0,1.0,1.0,True
FIN,2015,18.03,42560.3,46860.0,7.07,4.28,3.421,9.7,4100.0,2693252.0,10.1,9.6,2.0,81.4804878048781,5479531.0,28.69,0.5,Finland,High,Public,0.7,1.0,1.0,True
FIN,2016,18.08,43451.3,45160.0,6.91,3.97,3.42,9.46,4213.8,2693204.0,9.6,9.8,2.0,81.4292682926829,5495303.0,28.38,0.5,Finland,High,Public,0.7,1.0,1.0,True
FIN,2017,18.12,46085.0,44520.0,6.41,3.75,3.437,9.19,4341.4,2708034.0,9.1,9.8,1.9,81.6317073170732,5508214.0,28.04,0.5263157894736842,Finland,High,Public,0.74,1.0,1.0,True
FIN,2018,18.15,49654.3,47900.0,6.32,3.61,3.463,9.11,4484.3,2745547.0,8.6,9.9,1.9,81.7341463414634,5515525.0,27.66,0.5263157894736842,Finland,High,Public,0.76,1.0,1.0,True
FIN,2019,18.17,48358.2,49590.0,6.45,3.35,3.566,9.22,4821.3,2749091.0,8.3,9.8,1.9,81.9829268292683,5521606.0,27.26,0.5263157894736842,Finland,High,Public,0.79,1.0,1.0,True
FIN,2020,18.19,48828.7,49630.0,6.68,2.75,3.61,9.7,5169.6,2744434.0,8.4,10.0,1.9,81.9317073170732,5529543.0,26.92,0.5263157894736842,Finland,High,Public,1.0,1.0,1.0,True
FJI,2015,50.28,5097.5,4820.0,4.81,1.88,0.813,3.32,390.1,376446.0,20.998,8.791,16.1,66.48,918578.0,45.38,0.06211180124223602,Fiji,Upper-mid,Mixed,0.76,0.78,0.89,True
FJI,2016,50.31,5363.8,5010.0,4.84,1.89,,3.28,393.1,373395.0,20.55,8.792,16.8,66.657,919166.0,44.83,0.05952380952380952,Fiji,Upper-mid,Mixed,,,,False
FJI,2017,50.29,5826.8,5120.0,4.65,1.89,,3.19,408.5,373627.0,20.029,8.695,17.7,67.06,918759.0,44.26,0.05649717514124294,Fiji,Upper-mid,Mixed,,,,False
FJI,2018,50.2,6085.4,5690.0,4.8,,,4.11,543.0,373851.0,19.601,8.939,19.0,66.965,917180.0,43.77,0.05263157894736842,Fiji,Upper-mid,Mixed,,,,False
FJI,2019,50.08,5842.1,5570.0,5.15,,,4.28,566.1,374639.0,19.226,9.092,20.3,67.009,914899.0,43.29,0.04926108374384236,Fiji,Upper-mid,Mixed,,,,False
FJI,2020,50.08,4620.6,4560.0,5.81,,,5.29,594.3,354223.0,18.828,9.286,21.6,66.924,914963.0,42.81,0.046296296296296294,Fiji,Upper-mid,Mixed,,,,False
FRA,2015,123.48,36702.4,41130.0,,6.28,3.184,11.5,4711.9,30261476.0,12.0,8.9,3.2,82.3219512195122,66548272.0,22.24,0.3125,France,High,Mixed,0.45,0.63,0.99,True
FRA,2016,123.8,37024.2,39020.0,,6.21,3.2,11.57,4967.8,30280138.0,11.8,8.9,3.2,82.5731707317073,66724104.0,21.4,0.3125,France,High,Mixed,0.43,0.64,0.99,True
FRA,2017,124.16,38687.2,38120.0,5.46,6.12,3.217,11.45,5099.7,30347085.0,11.5,9.1,3.3,82.5756097560976,66918020.0,21.35,0.30303030303030304,France,High,Mixed,0.45,0.66,0.99,True
FRA,2018,124.61,41418.2,40960.0,5.43,6.04,3.214,11.31,5255.3,30534890.0,11.3,9.1,3.3,82.6756097560976,67158348.0,21.33,0.30303030303030304,France,High,Mixed,0.44,0.65,0.99,True
FRA,2019,125.02,40408.3,42720.0,5.37,5.96,3.243,11.17,5719.3,30500444.0,11.2,9.1,3.3,82.8268292682927,67382061.0,21.31,0.30303030303030304,France,High,Mixed,0.44,0.66,0.99,True
FRA,2020,125.43,39169.9,39690.0,5.66,5.86,3.252,12.13,6013.2,30289755.0,10.9,9.9,3.3,82.1756097560976,67601110.0,21.29,0.30303030303030304,France,High,Mixed,0.55,0.78,0.99,True
GBR,2015,269.03,45256.0,44630.0,5.55,2.6,2.767,9.94,4225.9,33272035.0,11.9,9.2,3.9,80.9560975609756,65087000.0,18.18,0.25641025641025644,United Kingdom,High,Mixed,0.55,0.73,0.98,True
GBR,2016,271.18,41258.5,43310.0,5.43,2.56,2.773,9.87,4348.9,33593959.0,11.8,9.1,3.8,81.1560975609756,65606000.0,17.98,0.2631578947368421,United Kingdom,High,Mixed,0.58,0.76,0.98,True
GBR,2017,272.66,40918.1,42140.0,5.45,2.53,2.802,9.7,4470.1,33750454.0,11.4,9.2,3.8,81.2560975609756,65964000.0,17.77,0.2631578947368421,United Kingdom,High,Mixed,0.54,0.78,0.98,True
GBR,2018,273.99,43704.3,42540.0,5.2,2.48,2.828,9.79,4614.2,34015275.0,11.0,9.2,3.8,81.2560975609756,66287000.0,17.55,0.2631578947368421,United Kingdom,High,Mixed,0.57,0.79,0.98,True
GBR,2019,275.4,43160.7,43640.0,5.26,2.44,2.932,9.98,4983.8,34205897.0,10.645,9.019,3.8,81.3691219512195,66628000.0,17.33,0.2631578947368421,United Kingdom,High,Mixed,0.58,0.83,0.98,True
GBR,2020,275.86,40815.1,39350.0,5.44,2.42,3.028,12.1,5808.4,34258263.0,10.204,10.268,3.9,80.331756097561,66740000.0,17.1,0.25641025641025644,United Kingdom,High,Mixed,0.69,0.89,0.98,True
GEO,2015,65.18,4086.6,4500.0,3.11,3.38,5.313,8.66,1044.0,1985928.0,16.021,12.503,8.9,73.241,3725276.0,42.62,0.11235955056179775,Georgia,Upper-mid,Mixed,0.39,0.41,0.89,True
GEO,2016,65.21,4143.4,4180.0,3.52,3.64,6.351,9.07,1165.2,1972634.0,15.818,12.774,8.7,73.136,3727505.0,42.3,0.1149425287356322,Georgia,Upper-mid,Mixed,0.37,0.4,0.88,True
GEO,2017,65.22,4418.8,4130.0,3.52,3.98,6.478,8.7,1173.3,1957834.0,14.905,12.654,8.5,73.435,3728004.0,42.0,0.11764705882352941,Georgia,Upper-mid,Mixed,0.43,0.43,0.88,True
GEO,2018,65.2,4804.1,4580.0,3.46,4.22,7.51,7.76,1144.0,1893021.0,14.334,12.078,8.3,73.985,3726549.0,41.7,0.12048192771084336,Georgia,Upper-mid,Mixed,0.38,0.4,0.88,True
GEO,2019,65.09,4741.3,4780.0,3.83,4.61,7.452,7.31,1201.7,1854016.0,13.588,12.081,8.2,74.165,3720161.0,41.37,0.12195121951219513,Georgia,Upper-mid,Mixed,0.43,0.43,0.88,True
GEO,2020,65.13,4300.9,4330.0,3.81,4.9,5.121,9.23,1520.0,1864522.0,13.053,12.963,8.0,73.509,3722716.0,41.0,0.125,Georgia,Upper-mid,Mixed,0.36,0.39,0.88,True
GHA,2015,126.11,1722.8,1880.0,4.43,0.69,0.114,4.54,235.8,12200598.0,31.114,7.845,37.9,63.175,28696068.0,46.38,0.026385224274406333,Ghana,Lower-mid,Private,0.92,0.93,0.99,True
GHA,2016,129.02,1912.5,1760.0,4.39,,0.123,3.39,169.9,12308859.0,30.172,7.693,36.6,63.522,29356742.0,45.83,0.0273224043715847,Ghana,Lower-mid,Private,,,,False
GHA,2017,131.88,2012.3,1830.0,3.53,,0.089,2.69,139.0,12411296.0,28.926,7.558,35.4,63.829,30008354.0,45.3,0.02824858757062147,Ghana,Lower-mid,Private,,,,False
GHA,2018,134.65,2195.3,2060.0,3.89,,0.144,2.43,134.5,12431335.0,28.388,7.448,34.1,64.138,30637585.0,44.78,0.029325513196480937,Ghana,Lower-mid,Private,,,,False
GHA,2019,137.38,2186.7,2170.0,3.15,,0.104,3.25,195.4,12437098.0,27.891,7.34,32.9,64.455,31258945.0,44.28,0.030395136778115502,Ghana,Lower-mid,Private,,,,False
GHA,2020,140.15,2195.5,2120.0,3.41,,0.166,4.43,268.1,12333934.0,27.43,7.439,31.7,64.309,31887809.0,43.78,0.031545741324921134,Ghana,Lower-mid,Private,,,,False
GMB,2015,219.82,619.5,590.0,2.16,1.02,0.096,3.18,63.2,600677.0,35.746,7.501,43.5,62.971,2224529.0,40.75,0.022988505747126436,Gambia,Low,Public,1.0,1.0,1.0,True
GMB,2016,225.67,650.1,590.0,2.02,1.08,,3.2,64.3,618571.0,34.593,7.288,42.1,63.386,2283769.0,40.13,0.023752969121140142,Gambia,Low,Public,,,,False
GMB,2017,231.44,642.5,620.0,2.46,,0.099,3.35,68.4,637032.0,33.451,7.123,40.7,63.708,2342189.0,39.53,0.02457002457002457,Gambia,Low,Public,,,,False
GMB,2018,237.12,696.2,680.0,2.37,,0.124,3.19,72.5,656084.0,32.324,6.964,39.4,64.034,2399632.0,38.94,0.025380710659898477,Gambia,Low,Public,,,,False
GMB,2019,242.77,738.2,720.0,2.81,0.96,0.077,3.15,76.2,675484.0,31.921,6.807,38.2,64.427,2456844.0,38.36,0.026178010471204185,Gambia,Low,Public,0.99,1.0,1.0,True
GMB,2020,248.59,720.3,720.0,2.89,1.14,0.078,4.01,101.6,695109.0,31.525,6.797,37.0,64.418,2515733.0,37.79,0.02702702702702703,Gambia,Low,Public,1.0,1.0,1.0,True
GRC,2015,83.95,17980.7,19920.0,3.68,4.25,5.902,8.27,2192.8,4737907.0,8.5,11.2,3.6,81.0365853658537,10820883.0,22.48,0.2777777777777778,Greece,High,Mixed,0.44,0.5,0.98,True
GRC,2016,83.6,17919.2,18500.0,,4.2,6.122,8.45,2322.7,4715851.0,8.6,11.0,3.6,81.3878048780488,10775971.0,22.29,0.2777777777777778,Greece,High,Mixed,0.45,0.52,0.98,True
GRC,2017,83.43,18632.0,17890.0,3.47,4.21,6.067,8.11,2324.1,4695990.0,8.2,11.6,3.6,81.2878048780488,10754679.0,22.11,0.2777777777777778,Greece,High,Mixed,0.46,0.51,0.98,True
GRC,2018,83.27,19873.4,19060.0,3.58,4.2,6.105,8.07,2403.2,4668888.0,8.1,11.2,3.6,81.7878048780488,10732882.0,21.95,0.2777777777777778,Greece,High,Mixed,0.44,0.52,0.98,True
GRC,2019,83.18,19335.4,19770.0,3.55,4.15,6.163,8.12,2590.8,4672995.0,7.8,11.7,3.5,81.6390243902439,10721582.0,21.81,0.2857142857142857,Greece,High,Mixed,0.45,0.53,0.97,True
GRC,2020,83.0,17886.7,18030.0,,4.2,6.186,9.38,2765.3,4596339.0,7.9,12.2,3.4,81.2878048780488,10698599.0,21.69,0.29411764705882354,Greece,High,Mixed,,,,False
GTM,2015,149.05,3893.5,3610.0,3.03,0.59,,6.01,536.6,6154180.0,26.222,5.243,23.1,70.915,15971743.0,46.56,0.04329004329004329,Guatemala,Upper-mid,Mixed,,,,False
GTM,2016,151.82,4060.1,3760.0,2.94,,,6.07,558.5,6330012.0,25.957,5.174,22.3,71.215,16268760.0,46.34,0.04484304932735426,Guatemala,Upper-mid,Mixed,,,,False
GTM,2017,154.6,4325.0,3980.0,2.95,0.45,0.286,6.14,586.6,6525645.0,25.171,5.081,21.6,71.583,16567357.0,46.2,0.046296296296296294,Guatemala,Upper-mid,Mixed,0.84,1.0,1.0,True
GTM,2018,157.2,4353.0,4270.0,3.13,0.44,0.363,6.11,607.4,6638657.0,24.315,5.135,20.8,71.496,16845685.0,46.15,0.04807692307692307,Guatemala,Upper-mid,Mixed,0.9,1.0,1.0,True
GTM,2019,159.61,4512.0,4490.0,3.19,0.47,,6.17,664.1,6643821.0,23.089,5.117,20.2,71.639,17103803.0,45.81,0.04950495049504951,Guatemala,Upper-mid,Mixed,,,,False
GTM,2020,161.98,4477.6,4360.0,3.29,0.43,1.281,6.46,707.1,6751370.0,22.043,5.835,19.5,69.971,17357325.0,45.45,0.05128205128205128,Guatemala,Upper-mid,Mixed,0.83,1.0,1.0,True
GUY,2015,3.85,5640.4,5530.0,3.9,1.75,,4.02,458.9,295063.0,22.516,7.757,30.4,67.719,758781.0,73.6,0.03289473684210526,Guyana,Upper-mid,Public,,,,False
GUY,2016,3.88,5870.9,5610.0,4.74,1.74,,4.02,462.8,297021.0,22.332,7.705,29.6,68.069,763548.0,73.59,0.03378378378378378,Guyana,Upper-mid,Public,,,,False
GUY,2017,3.9,6178.7,5870.0,4.66,1.73,,4.32,528.8,298912.0,22.044,7.59,28.8,68.543,768479.0,73.59,0.034722222222222224,Guyana,Upper-mid,Public,,,,False
GUY,2018,4.02,6048.4,6100.0,4.45,1.68,1.79,4.9,610.3,311302.0,21.236,7.407,27.9,68.829,791556.0,73.58,0.03584229390681004,Guyana,Upper-mid,Public,0.53,0.53,0.87,True
GUY,2019,4.1,6405.8,6380.0,,2.15,,4.9,649.2,297505.0,21.945,7.503,27.1,69.067,807665.0,73.57,0.03690036900369004,Guyana,Upper-mid,Public,,,,False
GUY,2020,3.82,6775.7,8090.0,,2.22,1.387,5.38,904.1,288992.0,21.254,8.49,26.3,67.751,807481.0,73.57,0.03802281368821293,Guyana,Upper-mid,Public,,,,False
HND,2015,82.56,2271.2,2030.0,6.41,0.6,,7.48,362.6,3853452.0,24.084,4.479,17.0,71.323,9237305.0,45.62,0.058823529411764705,Honduras,Lower-mid,Mixed,,,,False
HND,2016,84.12,2307.3,2090.0,6.1,0.63,0.589,7.71,399.8,3916766.0,23.804,4.442,16.5,71.615,9412380.0,45.11,0.06060606060606061,Honduras,Lower-mid,Mixed,0.77,1.0,1.0,True
HND,2017,85.69,2413.0,2210.0,5.74,0.64,0.304,7.01,393.8,4091954.0,23.504,4.446,15.9,71.805,9588137.0,44.61,0.06289308176100629,Honduras,Lower-mid,Mixed,0.85,1.0,1.0,True
HND,2018,87.28,2464.6,2280.0,6.06,0.65,,7.23,407.2,4341185.0,23.392,4.452,15.4,72.001,9765210.0,44.11,0.06493506493506493,Honduras,Lower-mid,Mixed,,,,False
HND,2019,88.87,2502.3,2330.0,5.98,0.65,,7.34,424.8,4231661.0,23.111,4.486,14.9,72.124,9943633.0,43.62,0.06711409395973154,Honduras,Lower-mid,Mixed,,,,False
HND,2020,90.44,2307.6,2120.0,6.1,0.71,0.489,9.22,496.4,4083200.0,22.803,5.06,14.5,70.864,10119640.0,43.13,0.06896551724137931,Honduras,Lower-mid,Mixed,0.85,1.0,1.0,True
HRV,2015,74.19,12283.9,13570.0,,5.6,3.21,6.66,1569.2,1864017.0,9.0,13.1,4.2,77.2756097560976,4151725.0,44.42,0.23809523809523808,Croatia,High,Mixed,0.51,0.53,0.93,True
HRV,2016,73.38,12820.2,13090.0,,5.54,3.265,6.69,1714.4,1794702.0,9.1,12.6,4.1,77.9219512195122,4106867.0,44.27,0.24390243902439027,Croatia,High,Mixed,0.52,0.56,0.94,True
HRV,2017,72.21,13901.6,13350.0,3.87,5.61,3.404,6.63,1831.4,1774192.0,9.0,13.2,4.1,77.7268292682927,4041407.0,44.1,0.24390243902439027,Croatia,High,Mixed,0.53,0.54,0.93,True
HRV,2018,71.27,15460.5,14670.0,3.92,5.7,3.497,6.71,1982.0,1735734.0,9.3,13.2,4.1,77.919512195122,3988775.0,43.91,0.24390243902439027,Croatia,High,Mixed,0.48,0.51,0.93,True
HRV,2019,70.57,15563.7,15770.0,3.95,5.78,3.59,6.79,2223.3,1716971.0,9.1,13.1,4.0,78.2243902439024,3949390.0,43.7,0.25,Croatia,High,Mixed,0.51,0.52,0.94,True
HRV,2020,69.95,14807.6,15060.0,4.41,5.8,3.606,7.68,2403.3,1706748.0,9.2,14.6,4.0,77.5243902439024,3914206.0,43.47,0.25,Croatia,High,Mixed,,,,False
HTI,2015,381.83,1411.1,1430.0,1.85,,0.087,5.08,153.4,4553008.0,25.444,8.143,49.7,63.224,10523242.0,50.57,0.02012072434607646,Haiti,Low,Public,,,,False
HTI,2016,387.21,1318.4,1380.0,1.39,,,4.81,155.5,4644004.0,25.102,8.15,48.5,63.325,10671457.0,49.91,0.020618556701030927,Haiti,Low,Public,,,,False
HTI,2017,392.52,1395.2,1370.0,1.5,,,3.82,127.1,4734976.0,24.645,7.977,47.2,63.832,10817754.0,49.26,0.0211864406779661,Haiti,Low,Public,,,,False
HTI,2018,397.76,1496.4,1430.0,1.64,5.29,0.238,4.32,138.4,4823338.0,24.222,7.927,46.0,64.077,10962362.0,48.63,0.021739130434782608,Haiti,Low,Public,0.59,0.66,0.92,True
HTI,2019,402.94,1352.2,1410.0,1.08,4.89,,3.91,124.7,4902625.0,23.774,7.876,44.7,64.328,11105163.0,47.99,0.022371364653243846,Haiti,Low,Public,,,,False
HTI,2020,407.98,1290.3,1340.0,1.11,5.06,,3.79,117.5,4940938.0,23.338,8.284,43.6,63.773,11243848.0,47.37,0.02293577981651376,Haiti,Low,Public,,,,False
HUN,2015,107.36,12783.0,13310.0,4.49,7.0,3.098,6.85,1842.4,4709412.0,9.4,13.4,4.2,75.5682926829269,9797755.0,29.52,0.23809523809523808,Hungary,High,Mixed,0.49,0.49,0.91,True
HUN,2016,106.94,13215.9,13230.0,4.6,7.0,3.212,6.97,1959.4,4780556.0,9.8,13.0,4.0,76.0634146341464,9759755.0,29.53,0.25,Hungary,High,Mixed,0.49,0.5,0.91,True
HUN,2017,106.58,14736.2,13310.0,4.64,7.02,3.326,6.73,1999.0,4807691.0,9.7,13.6,3.7,75.8170731707317,9726756.0,29.55,0.27027027027027023,Hungary,High,Mixed,0.52,0.52,0.91,True
HUN,2018,106.37,16605.1,15180.0,4.61,6.95,3.384,6.55,2112.9,4835700.0,9.6,13.5,3.6,76.0658536585366,9706964.0,29.53,0.2777777777777778,Hungary,High,Mixed,0.5,0.5,0.91,True
HUN,2019,106.23,17012.9,16840.0,4.2,6.91,3.494,6.25,2224.3,4843975.0,9.6,13.4,3.4,76.3195121951219,9694824.0,29.54,0.29411764705882354,Hungary,High,Mixed,0.56,0.56,0.91,True
HUN,2020,105.97,16387.0,16330.0,4.12,6.76,3.14,7.23,2567.8,4829178.0,9.7,14.6,3.4,75.419512195122,9670419.0,29.71,0.29411764705882354,Hungary,High,Mixed,0.65,0.68,0.91,True
IDN,2015,139.44,3288.2,3390.0,3.58,0.95,0.27,2.92,293.2,127299364.0,18.569,7.495,21.9,69.52,261799249.0,46.83,0.04566210045662101,Indonesia,Lower-mid,Mixed,1.0,1.0,1.0,True
IDN,2016,140.95,3521.5,3370.0,1.21,0.97,,3.02,310.1,128501300.0,18.138,7.502,21.0,69.733,264627418.0,46.19,0.047619047619047616,Indonesia,Lower-mid,Mixed,,,,False
IDN,2017,142.39,3798.9,3490.0,1.05,1.02,0.373,2.9,310.4,130940742.0,17.54,7.506,20.1,69.953,267346658.0,45.55,0.04975124378109452,Indonesia,Lower-mid,Mixed,1.0,1.0,1.0,True
IDN,2018,143.78,3861.0,3810.0,0.99,1.15,0.421,2.87,326.1,134532894.0,17.146,7.562,19.3,70.08,269951846.0,44.9,0.05181347150259067,Indonesia,Lower-mid,Mixed,0.93,1.0,1.0,True
IDN,2019,145.13,4106.9,4020.0,0.96,1.16,0.462,2.88,345.0,137425585.0,16.909,7.558,18.5,70.349,272489381.0,44.26,0.05405405405405406,Indonesia,Lower-mid,Mixed,0.92,1.0,1.0,True
IDN,2020,146.37,3853.7,3850.0,1.02,1.38,0.62,3.42,401.2,137375390.0,16.674,8.843,17.7,68.817,274814866.0,43.72,0.05649717514124294,Indonesia,Lower-mid,Mixed,0.86,0.87,0.96,True
IND,2015,446.67,1584.0,1580.0,4.11,1.7,0.723,3.6,195.1,500640619.0,18.936,6.729,36.3,69.326,1328024498.0,67.45,0.027548209366391185,India,Lower-mid,Mixed,,,,False
IND,2016,452.02,1707.5,1670.0,4.25,1.68,0.748,3.5,203.3,508681288.0,18.756,6.7,34.6,69.709,1343944296.0,67.13,0.028901734104046242,India,Lower-mid,Mixed,,,,False
IND,2017,457.31,1950.1,1790.0,4.31,1.66,0.766,2.94,180.4,516713963.0,17.995,6.673,32.9,70.068,1359657400.0,66.82,0.030395136778115502,India,Lower-mid,Mixed,,,,False
IND,2018,462.35,1966.3,1970.0,4.36,1.64,0.84,2.86,191.9,524292869.0,17.91,6.67,31.3,70.415,1374659064.0,66.5,0.03194888178913738,India,Lower-mid,Mixed,,,,False
IND,2019,467.19,2041.4,2070.0,3.9,1.62,0.889,2.95,211.2,531373378.0,17.368,6.67,29.8,70.746,1389030312.0,66.19,0.03355704697986577,India,Lower-mid,Mixed,,,,False
IND,2020,471.76,1907.0,1900.0,4.29,1.61,0.723,3.34,232.8,532528354.0,16.744,7.214,28.3,70.156,1402617695.0,65.87,0.0353356890459364,India,Lower-mid,Mixed,0.75,0.81,0.96,True
IRL,2015,68.25,64250.1,52340.0,3.62,2.92,3.119,7.08,5094.9,2285573.0,13.9,6.4,3.2,81.4536585365854,4701957.0,37.36,0.3125,Ireland,High,Public,,,,False
IRL,2016,69.14,64129.6,52880.0,3.66,2.95,3.193,7.34,5399.1,2332726.0,13.4,6.4,3.1,81.6536585365854,4762722.0,37.28,0.3225806451612903,Ireland,High,Public,,,,False
IRL,2017,70.07,72161.4,54410.0,3.38,2.97,3.256,6.92,5597.7,2363157.0,12.8,6.3,3.0,82.1560975609756,4827445.0,37.1,0.3333333333333333,Ireland,High,Public,,,,False
IRL,2018,71.1,80804.1,59110.0,3.3,2.97,3.276,6.75,5873.4,2413701.0,12.5,6.4,3.0,82.2048780487805,4898022.0,36.92,0.3333333333333333,Ireland,High,Public,0.62,0.72,0.99,True
IRL,2019,72.24,81827.7,62460.0,3.23,2.88,3.317,6.62,6135.2,2467948.0,11.9,6.2,3.0,82.7024390243903,4976456.0,36.73,0.3333333333333333,Ireland,High,Public,,,,False
IRL,2020,73.16,86514.1,64420.0,3.19,2.89,3.458,6.97,6856.8,2459907.0,11.1,6.4,3.1,82.4560975609756,5039747.0,36.53,0.3225806451612903,Ireland,High,Public,0.93,1.0,1.0,True
IRN,2015,50.73,4952.7,5460.0,2.63,1.79,1.095,8.38,1147.5,26476760.0,18.879,4.617,14.0,75.907,82619362.0,26.64,0.07142857142857142,Iran,Lower-mid,Mixed,0.5,0.72,0.95,True
IRN,2016,51.46,5710.6,5530.0,3.17,1.88,,7.8,1137.1,27579337.0,18.787,4.625,13.5,76.155,83812228.0,26.12,0.07407407407407407,Iran,Lower-mid,Mixed,,,,False
IRN,2017,52.4,6000.9,5640.0,3.46,1.9,1.071,7.72,1163.1,28624101.0,18.045,4.631,13.0,76.396,85026754.0,25.6,0.07692307692307693,Iran,Lower-mid,Mixed,0.49,0.68,0.97,True
IRN,2018,53.08,4783.0,5390.0,3.62,1.93,1.505,6.64,984.7,29067669.0,16.664,4.645,12.6,76.621,86117998.0,25.2,0.07936507936507936,Iran,Lower-mid,Mixed,0.43,0.64,0.96,True
IRN,2019,53.65,3997.5,4710.0,3.24,1.85,,6.23,832.2,29161250.0,14.918,4.659,12.1,76.855,87051648.0,24.8,0.08264462809917356,Iran,Lower-mid,Mixed,,,,False
IRN,2020,54.07,3202.5,3980.0,3.2,,,4.96,700.0,27655908.0,14.008,6.439,11.8,74.141,87723443.0,24.4,0.0847457627118644,Iran,Lower-mid,Mixed,,,,False
ISL,2015,3.3,53505.7,53170.0,7.46,3.12,3.773,8.13,4000.1,202438.0,12.5,6.6,2.0,82.4682926829268,330815.0,6.27,0.5,Iceland,High,Public,0.79,1.0,1.0,True
ISL,2016,3.35,62854.1,59210.0,7.43,3.13,3.85,8.16,4359.9,208038.0,12.0,6.9,2.0,82.2048780487805,335439.0,6.22,0.5,Iceland,High,Public,0.82,1.0,1.0,True
ISL,2017,3.43,72976.4,62770.0,7.58,3.06,3.872,8.32,4629.7,212416.0,11.9,6.5,2.0,82.6609756097561,343400.0,6.23,0.5,Iceland,High,Public,0.79,0.79,1.0,True
ISL,2018,3.5,75633.9,72840.0,7.56,2.87,3.891,8.44,4824.6,216594.0,12.0,6.4,2.1,82.8609756097561,352721.0,6.15,0.47619047619047616,Iceland,High,Public,0.83,0.87,0.99,True
ISL,2019,3.58,69296.3,75560.0,7.6,2.8,3.892,8.64,5227.3,221428.0,12.3,6.3,2.1,83.1634146341463,360563.0,6.02,0.47619047619047616,Iceland,High,Public,0.84,0.84,0.99,True
ISL,2020,3.63,60128.0,66730.0,8.58,2.83,4.318,9.65,5381.7,219071.0,12.3,6.3,2.1,83.0634146341463,366463.0,5.86,0.47619047619047616,Iceland,High,Public,,,,False
ISR,2015,387.25,36138.1,36900.0,5.8,3.15,3.431,7.02,2620.6,3941723.0,21.3,5.3,3.1,82.0512195121951,8380100.0,8.3,0.3225806451612903,Israel,High,Mixed,0.56,0.67,0.99,True
ISR,2016,394.92,37571.3,37240.0,5.8,3.11,3.422,7.1,2822.1,4024474.0,21.2,5.2,3.1,82.4073170731707,8546000.0,8.31,0.3225806451612903,Israel,High,Mixed,0.59,0.73,0.99,True
ISR,2017,402.65,41013.3,38600.0,6.0,3.14,3.43,7.17,2949.8,4094423.0,21.1,5.2,3.0,82.5512195121951,8713300.0,8.33,0.3333333333333333,Israel,High,Mixed,0.58,0.71,0.99,True
ISR,2018,410.48,42269.4,41960.0,6.07,3.1,3.477,7.24,3035.3,4172972.0,20.8,5.0,2.9,82.8024390243903,8882800.0,8.35,0.3448275862068966,Israel,High,Mixed,0.6,0.74,0.99,True
ISR,2019,418.39,44091.9,44110.0,6.07,3.1,3.521,7.21,3114.7,4229687.0,20.1,5.1,2.9,82.8048780487805,9054000.0,8.38,0.3448275862068966,Israel,High,Mixed,0.6,0.74,0.99,True
ISR,2020,425.84,44590.8,43330.0,6.52,3.06,3.567,7.75,3322.8,4204894.0,19.2,5.3,2.8,82.6487804878049,9215100.0,8.42,0.35714285714285715,Israel,High,Mixed,0.87,1.0,1.0,True
ITA,2015,203.67,30639.9,33460.0,4.05,3.2,3.848,8.85,3304.3,25270285.0,8.1,10.8,3.0,82.5439024390244,60229605.0,30.39,0.3333333333333333,Italy,High,Mixed,0.56,0.71,1.0,True
ITA,2016,203.29,31391.6,32400.0,3.8,3.18,3.963,8.72,3527.4,25548902.0,7.9,10.2,2.9,83.2439024390244,60115223.0,30.4,0.3448275862068966,Italy,High,Mixed,0.6,0.93,1.0,True
ITA,2017,202.9,32844.1,31790.0,4.03,3.19,3.999,8.69,3658.5,25724021.0,7.6,10.8,2.8,82.9463414634147,60002252.0,30.48,0.35714285714285715,Italy,High,Mixed,0.57,0.74,1.0,True
ITA,2018,202.48,35062.3,34270.0,4.24,3.15,3.987,8.65,3768.2,25784537.0,7.3,10.6,2.7,83.3463414634146,59877221.0,30.52,0.37037037037037035,Italy,High,Mixed,0.61,0.84,1.0,True
ITA,2019,201.98,33812.8,35030.0,4.08,3.14,4.024,8.62,4014.2,25761500.0,7.0,10.6,2.6,83.4975609756098,59729081.0,30.49,0.3846153846153846,Italy,High,Mixed,0.63,0.79,1.0,True
ITA,2020,201.0,32091.5,32600.0,4.42,3.16,3.97,9.56,4235.5,24984272.0,6.8,12.5,2.5,82.1951219512195,59438851.0,30.48,0.4,Italy,High,Mixed,0.81,0.91,0.99,True
JAM,2015,258.78,5339.3,4940.0,5.46,1.71,0.428,6.61,594.4,1405947.0,13.318,6.721,17.2,72.214,2802534.0,44.8,0.05813953488372093,Jamaica,Upper-mid,Mixed,0.67,0.81,0.96,True
JAM,2016,259.46,5302.3,4990.0,5.31,1.73,0.471,6.59,619.4,1407680.0,12.941,6.911,17.1,72.052,2809915.0,44.45,0.05847953216374269,Jamaica,Upper-mid,Mixed,0.55,0.68,0.94,True
JAM,2017,260.0,5605.4,5300.0,5.26,1.71,,6.98,685.9,1437450.0,12.593,7.117,17.2,71.879,2815764.0,44.08,0.05813953488372093,Jamaica,Upper-mid,Mixed,,,,False
JAM,2018,260.4,5976.9,5610.0,5.41,1.69,0.548,6.84,686.3,1446091.0,12.305,7.366,17.2,71.606,2820097.0,43.7,0.05813953488372093,Jamaica,Upper-mid,Mixed,0.53,0.67,0.95,True
JAM,2019,260.69,6030.7,5930.0,5.16,1.72,,6.97,702.8,1491205.0,12.169,7.531,17.2,71.532,2823271.0,43.3,0.05813953488372093,Jamaica,Upper-mid,Mixed,,,,False
JAM,2020,261.38,5299.0,5360.0,5.38,1.71,,7.48,672.1,1457816.0,12.016,7.717,17.2,71.452,2830739.0,42.89,0.05813953488372093,Jamaica,Upper-mid,Mixed,,,,False
JOR,2015,107.51,4441.6,4220.0,3.71,1.38,2.726,7.46,669.0,2343249.0,23.653,3.171,15.0,75.06,9544729.0,10.11,0.06666666666666667,Jordan,Lower-mid,Mixed,,,,False
JOR,2016,112.71,4366.1,4200.0,3.45,1.37,,6.98,610.3,2553453.0,23.748,3.172,14.7,75.55,10006367.0,9.44,0.06802721088435375,Jordan,Lower-mid,Mixed,,,,False
JOR,2017,115.28,4449.3,4300.0,3.21,1.45,2.222,7.11,658.7,2712693.0,23.217,3.098,14.3,76.071,10234226.0,9.12,0.06993006993006992,Jordan,Lower-mid,Mixed,0.47,0.66,0.95,True
JOR,2018,117.85,4534.0,4480.0,2.95,1.41,,6.98,631.4,2717015.0,22.677,3.051,14.0,76.491,10462306.0,8.8,0.07142857142857142,Jordan,Lower-mid,Mixed,,,,False
JOR,2019,120.19,4557.8,4580.0,2.99,1.36,2.519,7.07,666.9,2794037.0,22.236,3.033,13.7,76.865,10671891.0,8.48,0.07299270072992702,Jordan,Lower-mid,Mixed,0.48,0.74,0.96,True
JOR,2020,122.36,4411.5,4460.0,3.55,1.38,,7.55,722.8,2914902.0,21.726,3.49,13.3,75.583,10865228.0,8.18,0.07518796992481203,Jordan,Lower-mid,Mixed,,,,False
JPN,2015,348.81,35664.6,40140.0,3.31,13.15,,10.75,4392.7,65931158.0,8.0,10.3,2.0,83.7939024390244,127141000.0,8.65,0.5,Japan,High,Mixed,,,,False
JPN,2016,348.63,40215.0,39220.0,3.15,13.09,2.423,10.66,4324.3,66529155.0,7.8,10.5,2.0,83.9848780487805,127076000.0,8.55,0.5,Japan,High,Mixed,0.91,1.0,1.0,True
JPN,2017,348.35,39679.9,39700.0,3.13,13.01,,10.66,4413.2,67070828.0,7.6,10.8,1.9,84.099756097561,126972000.0,8.45,0.5263157894736842,Japan,High,Mixed,,,,False
JPN,2018,347.9,40645.5,42720.0,3.08,12.93,2.485,10.74,4522.3,68187091.0,7.4,11.0,1.9,84.2109756097561,126811000.0,8.36,0.5263157894736842,Japan,High,Mixed,0.99,1.0,1.0,True
JPN,2019,347.42,41424.9,42960.0,3.16,12.79,,10.97,4679.3,68812048.0,7.0,11.2,1.8,84.3563414634146,126633000.0,8.28,0.5555555555555556,Japan,High,Mixed,,,,False
JPN,2020,346.4,41099.0,41880.0,3.31,12.62,2.592,11.45,4856.0,68656452.0,6.8,11.1,1.8,84.56,126261000.0,8.22,0.5555555555555556,Japan,High,Mixed,1.0,1.0,1.0,True
KAZ,2015,6.7,10196.1,11040.0,2.79,5.67,3.726,3.04,683.6,9211841.0,22.513,7.388,9.5,72.024,18084169.0,43.89,0.10526315789473684,Kazakhstan,Upper-mid,Mixed,0.93,0.96,0.98,True
KAZ,2016,6.8,7475.6,8500.0,2.98,5.45,3.707,3.42,787.9,9280982.0,22.34,7.208,8.8,72.549,18363600.0,43.25,0.11363636363636363,Kazakhstan,Upper-mid,Mixed,0.82,0.89,0.96,True
KAZ,2017,6.91,8943.1,7780.0,2.75,5.33,3.6,3.05,731.8,9361725.0,21.435,7.063,8.4,72.996,18651931.0,42.54,0.11904761904761904,Kazakhstan,Upper-mid,Mixed,0.97,0.98,0.99,True
KAZ,2018,7.01,9472.5,7800.0,2.62,5.2,3.531,2.9,707.2,9452255.0,21.702,6.97,8.2,73.369,18932727.0,41.76,0.12195121951219513,Kazakhstan,Upper-mid,Mixed,0.95,1.0,1.0,True
KAZ,2019,7.12,9457.1,8500.0,2.86,5.01,3.62,2.87,799.7,9556218.0,21.424,6.911,8.1,73.658,19209555.0,40.92,0.1234567901234568,Kazakhstan,Upper-mid,Mixed,1.0,1.0,1.0,True
KAZ,2020,7.22,8781.5,8380.0,4.45,6.54,3.663,3.83,1089.9,9543571.0,22.57,8.585,8.0,71.195,19482117.0,40.01,0.125,Kazakhstan,Upper-mid,Mixed,0.78,0.81,0.94,True
KGZ,2015,31.49,1105.7,1160.0,5.99,4.48,1.846,7.15,298.8,2451353.0,27.4,5.8,19.4,70.6512195121951,6040036.0,64.9,0.051546391752577324,Kyrgyz Republic,Lower-mid,Mixed,,,,False
KGZ,2016,32.2,1103.3,1090.0,6.59,4.45,1.853,6.41,298.4,2484649.0,26.0,5.5,18.4,70.9512195121951,6175338.0,64.95,0.05434782608695653,Kyrgyz Republic,Lower-mid,Mixed,,,,False
KGZ,2017,32.88,1221.4,1090.0,6.03,4.33,1.835,6.19,310.7,2432348.0,24.8,5.4,17.4,71.2,6306696.0,65.0,0.0574712643678161,Kyrgyz Republic,Lower-mid,Mixed,,,,False
KGZ,2018,33.6,1283.5,1200.0,5.55,4.2,1.787,5.01,243.3,2549272.0,27.1,5.2,16.6,71.4,6444079.0,65.06,0.06024096385542168,Kyrgyz Republic,Lower-mid,Mixed,,,,False
KGZ,2019,34.36,1422.0,1240.0,5.08,4.09,1.759,4.25,229.0,2614491.0,26.9,5.2,16.0,71.6,6590211.0,65.12,0.0625,Kyrgyz Republic,Lower-mid,Mixed,0.59,0.59,0.86,True
KGZ,2020,35.07,1229.5,1210.0,5.73,4.04,1.692,4.94,258.0,2587678.0,24.0,6.1,15.6,71.8,6726596.0,65.18,0.06410256410256411,Kyrgyz Republic,Lower-mid,Mixed,,,,False
KOR,2015,523.53,30171.8,30130.0,4.24,11.62,2.242,6.46,2573.4,27531028.0,8.6,5.4,2.9,82.0243902439024,51014947.0,18.36,0.3448275862068966,"Korea, Rep.",High,Mixed,0.7,0.86,0.99,True
KOR,2016,525.37,30832.1,30850.0,4.12,11.97,2.29,6.64,2761.0,27791833.0,7.9,5.5,2.8,82.2756097560976,51217803.0,18.44,0.35714285714285715,"Korea, Rep.",High,Mixed,0.71,0.85,0.99,True
KOR,2017,526.73,33297.0,31940.0,4.11,12.26,2.343,6.8,2926.8,28106147.0,7.0,5.6,2.7,82.6268292682927,51361911.0,18.53,0.37037037037037035,"Korea, Rep.",High,Mixed,0.74,0.93,0.99,True
KOR,2018,528.97,35364.0,34610.0,4.22,12.43,2.386,7.14,3247.0,28257879.0,6.4,5.8,2.6,82.6268292682927,51585058.0,18.62,0.3846153846153846,"Korea, Rep.",High,Mixed,0.72,0.87,0.99,True
KOR,2019,530.38,33827.0,35790.0,4.42,12.43,2.458,7.69,3578.4,28561856.0,5.9,5.7,2.6,83.2268292682927,51764822.0,18.71,0.3846153846153846,"Korea, Rep.",High,Mixed,0.72,0.94,1.0,True
KOR,2020,531.11,33645.8,35000.0,4.53,12.65,2.507,8.03,3841.9,28369827.0,5.3,5.9,2.5,83.4268292682927,51836239.0,18.82,0.4,"Korea, Rep.",High,Mixed,0.87,1.0,1.0,True
LAO,2015,29.47,2121.0,1960.0,2.74,1.15,0.4,2.45,149.3,2725447.0,24.962,7.507,39.9,66.688,6801645.0,66.88,0.025062656641604012,Lao PDR,Lower-mid,Mixed,1.0,1.0,1.0,True
LAO,2016,29.93,2303.2,2110.0,2.77,1.21,0.371,2.36,159.2,2778397.0,24.567,7.201,38.1,67.014,6908802.0,66.17,0.026246719160104987,Lao PDR,Lower-mid,Mixed,1.0,1.0,1.0,True
LAO,2017,30.41,2432.4,2240.0,2.5,1.58,0.44,2.53,180.3,2830876.0,24.117,6.945,36.4,67.345,7018147.0,65.49,0.027472527472527472,Lao PDR,Lower-mid,Mixed,1.0,1.0,1.0,True
LAO,2018,30.88,2545.1,2460.0,2.34,1.46,0.361,2.25,168.2,2946540.0,23.599,6.766,34.8,67.594,7128045.0,64.79,0.02873563218390805,Lao PDR,Lower-mid,Mixed,1.0,1.0,1.0,True
LAO,2019,31.36,2589.3,2520.0,2.12,1.68,0.363,2.6,202.1,3065141.0,23.151,6.599,33.3,67.911,7237636.0,64.09,0.030030030030030033,Lao PDR,Lower-mid,Mixed,0.97,1.0,1.0,True
LAO,2020,31.83,2583.8,2470.0,1.92,1.27,0.356,2.06,159.2,3161020.0,22.618,6.473,31.9,68.339,7346533.0,63.38,0.031347962382445145,Lao PDR,Lower-mid,Mixed,1.0,1.0,1.0,True
LBN,2015,632.69,7714.1,7360.0,,3.37,2.123,7.42,1264.1,2259873.0,19.555,4.509,11.3,78.275,6472469.0,11.38,0.08849557522123894,Lebanon,Upper-mid,Mixed,,,,False
LBN,2016,618.09,8089.0,7670.0,2.18,2.73,2.136,7.92,1500.8,2211422.0,19.197,4.718,11.5,78.306,6323060.0,11.16,0.08695652173913043,Lebanon,Upper-mid,Mixed,0.41,0.64,0.96,True
LBN,2017,602.16,8608.2,8260.0,2.22,2.73,2.242,7.8,1636.0,2158877.0,18.648,4.984,11.8,78.192,6160128.0,10.95,0.0847457627118644,Lebanon,Upper-mid,Mixed,0.41,0.69,0.96,True
LBN,2018,584.96,9174.5,8700.0,2.62,2.73,2.412,8.07,1774.2,2102355.0,18.09,5.195,12.2,78.263,5984119.0,10.73,0.0819672131147541,Lebanon,Upper-mid,Mixed,0.39,0.68,0.96,True
LBN,2019,566.43,8905.9,8630.0,2.52,2.73,2.611,8.69,1887.5,2042509.0,17.622,5.458,12.6,78.208,5794594.0,10.5,0.07936507936507936,Lebanon,Upper-mid,Mixed,0.38,0.67,0.95,True
LBN,2020,557.42,5561.2,6350.0,2.44,2.73,2.68,7.48,1008.0,1949531.0,16.912,6.407,13.1,76.299,5702398.0,10.27,0.07633587786259542,Lebanon,Upper-mid,Mixed,,,,False
LBR,2015,48.37,692.6,620.0,2.12,,0.036,10.38,170.1,2065640.0,34.343,9.559,65.1,59.248,4659431.0,49.26,0.015360983102918589,Liberia,Low,Public,,,,False
LBR,2016,49.37,714.6,610.0,2.11,0.63,0.049,9.89,157.8,2112365.0,33.926,8.934,64.2,60.483,4755608.0,48.73,0.01557632398753894,Liberia,Low,Public,,,,False
LBR,2017,50.34,699.3,620.0,2.66,,0.051,9.91,161.6,2158010.0,33.384,8.765,63.7,60.777,4848925.0,48.2,0.015698587127158554,Liberia,Low,Public,,,,False
LBR,2018,51.34,692.2,620.0,2.5,1.64,0.14,10.44,179.4,2206322.0,32.955,8.64,63.4,60.999,4944726.0,47.68,0.015772870662460567,Liberia,Low,Public,0.72,0.73,0.91,True
LBR,2019,52.36,658.2,600.0,2.17,,0.145,8.38,148.0,2258308.0,32.431,8.513,63.3,61.232,5043721.0,47.14,0.015797788309636653,Liberia,Low,Public,,,,False
LBR,2020,53.46,616.8,570.0,2.14,,0.151,12.91,204.6,2297082.0,31.923,8.497,63.4,61.267,5149463.0,46.61,0.015772870662460567,Liberia,Low,Public,,,,False
LCA,2015,286.73,10335.0,9020.0,3.88,1.43,,4.58,657.2,95917.0,12.308,7.501,16.9,72.932,174905.0,79.98,0.0591715976331361,St. Lucia,Upper-mid,Mixed,,,,False
LCA,2016,287.94,10638.1,9710.0,5.21,,5.672,4.51,690.5,97030.0,12.209,7.84,16.8,72.552,175646.0,79.18,0.05952380952380952,St. Lucia,Upper-mid,Mixed,,,,False
LCA,2017,289.09,11333.1,10260.0,3.63,1.32,6.245,4.46,718.7,98031.0,12.1,7.991,16.8,72.522,176342.0,78.22,0.05952380952380952,St. Lucia,Upper-mid,Mixed,0.73,0.81,0.97,True
LCA,2018,290.19,11642.7,11060.0,3.33,,6.367,4.27,744.9,99636.0,11.979,8.058,16.7,72.655,177017.0,77.07,0.059880239520958084,St. Lucia,Upper-mid,Mixed,,,,False
LCA,2019,291.25,11764.4,11060.0,3.27,,6.168,4.29,802.8,98910.0,11.853,8.425,16.6,72.249,177661.0,75.75,0.06024096385542168,St. Lucia,Upper-mid,Mixed,,,,False
LCA,2020,292.21,8537.1,8700.0,3.62,1.75,4.234,7.01,1045.4,77845.0,11.713,8.556,16.5,72.308,178250.0,74.25,0.06060606060606061,St. Lucia,Upper-mid,Mixed,,,,False
LKA,2015,338.81,4057.7,3920.0,2.11,3.71,0.83,3.68,434.5,8475356.0,16.022,6.398,7.4,75.99,20970000.0,81.2,0.13513513513513511,Sri Lanka,Lower-mid,Mixed,0.84,0.87,0.95,True
LKA,2016,342.67,4149.2,4020.0,3.23,3.72,0.856,3.62,458.0,8605342.0,15.651,6.493,7.0,76.136,21209000.0,81.03,0.14285714285714285,Sri Lanka,Lower-mid,Mixed,0.85,0.9,0.97,True
LKA,2017,346.61,4398.9,4220.0,2.59,3.77,0.887,3.33,440.3,8776309.0,15.371,6.608,6.7,76.239,21453000.0,80.85,0.14925373134328357,Sri Lanka,Lower-mid,Mixed,0.93,0.97,0.99,True
LKA,2018,350.28,4358.6,4350.0,1.99,3.81,0.958,3.64,502.8,8523299.0,15.15,6.677,6.5,76.485,21670000.0,80.68,0.15384615384615385,Sri Lanka,Lower-mid,Mixed,0.82,0.9,0.96,True
LKA,2019,352.43,4081.9,4220.0,,3.86,1.098,3.7,508.2,8697166.0,14.6,6.7,6.2,76.698,21803000.0,80.51,0.16129032258064516,Sri Lanka,Lower-mid,Mixed,,,,False
LKA,2020,354.33,3847.6,3880.0,1.56,3.87,1.167,4.27,537.4,8485010.0,13.8,6.0,6.0,76.928,21919000.0,80.34,0.16666666666666666,Sri Lanka,Lower-mid,Mixed,0.95,1.0,1.0,True
LTU,2015,46.47,14269.8,15220.0,4.22,6.96,4.338,6.47,1858.1,1470288.0,10.3,14.4,4.1,74.3219512195122,2911109.0,32.77,0.24390243902439027,Lithuania,High,Mixed,0.51,0.52,0.9,True
LTU,2016,45.93,14934.3,14890.0,4.01,6.69,4.466,6.65,2033.3,1479370.0,10.3,14.3,4.0,74.6707317073171,2877325.0,32.81,0.25,Lithuania,High,Mixed,0.52,0.53,0.9,True
LTU,2017,45.38,16800.2,15260.0,3.81,6.56,4.555,6.44,2152.4,1466105.0,9.8,14.1,3.7,75.4804878048781,2842639.0,32.9,0.27027027027027023,Lithuania,High,Mixed,0.55,0.55,0.91,True
LTU,2018,45.01,19247.2,17550.0,3.86,6.43,4.596,6.47,2354.8,1473979.0,9.5,14.0,3.5,75.6804878048781,2819200.0,32.85,0.2857142857142857,Lithuania,High,Mixed,0.51,0.52,0.9,True
LTU,2019,44.89,19608.8,19200.0,3.94,6.34,4.568,6.94,2815.9,1481171.0,8.9,13.6,3.3,76.2829268292683,2811089.0,32.75,0.30303030303030304,Lithuania,High,Mixed,0.52,0.53,0.91,True
LTU,2020,44.88,20428.6,19800.0,4.47,6.01,4.481,7.42,3060.5,1494750.0,8.4,15.5,3.1,75.0292682926829,2810369.0,32.57,0.3225806451612903,Lithuania,High,Mixed,0.69,0.7,0.91,True
LUX,2015,221.25,105462.0,73530.0,3.77,4.96,2.908,5.08,5546.7,284538.0,10.7,7.0,2.1,82.2926829268293,569604.0,9.01,0.47619047619047616,Luxembourg,High,Mixed,0.82,0.82,0.99,True
LUX,2016,226.07,106899.3,73730.0,,4.81,2.884,5.07,5806.3,287759.0,10.4,6.8,2.1,82.6853658536585,582014.0,8.46,0.47619047619047616,Luxembourg,High,Mixed,0.87,0.87,1.0,True
LUX,2017,231.64,110193.2,75800.0,3.49,4.66,2.984,5.14,5961.6,293587.0,10.4,7.1,2.1,82.0951219512195,596336.0,7.9,0.47619047619047616,Luxembourg,High,Mixed,0.83,0.83,0.99,True
LUX,2018,236.15,116926.8,80120.0,3.66,4.51,,5.27,6211.7,302446.0,10.3,7.1,2.1,82.2951219512195,607950.0,7.33,0.47619047619047616,Luxembourg,High,Mixed,,,,False
LUX,2019,240.83,112696.6,79280.0,3.74,4.26,,5.47,6700.7,312622.0,10.0,6.9,2.0,82.6390243902439,620001.0,6.74,0.5,Luxembourg,High,Mixed,,,,False
LUX,2020,244.87,116860.0,80090.0,3.85,4.19,,5.77,7088.2,318373.0,10.2,7.3,2.0,82.1439024390244,630419.0,6.14,0.5,Luxembourg,High,Mixed,,,,False
LVA,2015,31.78,13322.0,14580.0,5.47,5.69,3.197,5.85,1405.8,1007753.0,11.1,14.4,4.3,74.4804878048781,1977527.0,32.1,0.23255813953488372,Latvia,High,Mixed,0.58,0.58,0.9,True
LVA,2016,31.49,13838.5,14300.0,4.82,5.72,3.212,6.35,1631.1,1000347.0,11.2,14.6,4.0,74.580487804878,1959537.0,32.07,0.25,Latvia,High,Mixed,0.55,0.56,0.9,True
LVA,2017,31.21,15132.5,14360.0,4.53,5.57,3.205,6.19,1703.6,995587.0,10.7,14.8,3.8,74.6292682926829,1942248.0,32.03,0.2631578947368421,Latvia,High,Mixed,0.58,0.59,0.9,True
LVA,2018,30.97,17252.2,16010.0,4.39,5.49,3.303,6.41,1903.8,994948.0,10.0,15.0,3.6,74.7829268292683,1927174.0,31.98,0.2777777777777778,Latvia,High,Mixed,0.52,0.53,0.89,True
LVA,2019,30.76,17295.0,17010.0,4.59,5.42,3.267,6.86,2202.7,982724.0,9.8,14.5,3.3,75.3878048780488,1913822.0,31.93,0.30303030303030304,Latvia,High,Mixed,0.53,0.54,0.9,True
LVA,2020,30.54,17564.2,17350.0,5.0,5.28,3.338,7.51,2448.2,982835.0,9.2,15.2,3.1,75.1853658536585,1900449.0,31.88,0.3225806451612903,Latvia,High,Mixed,0.68,0.69,0.91,True
MDA,2015,98.76,2749.6,3290.0,5.77,5.72,3.159,8.5,623.7,1628234.0,15.227,13.094,14.2,70.118,2835978.0,60.3,0.07042253521126761,Moldova,Lower-mid,Mixed,0.31,0.32,0.84,True
MDA,2016,97.61,2847.1,3170.0,5.67,5.81,3.239,7.62,620.9,1592836.0,14.88,13.246,14.1,70.179,2803186.0,60.26,0.07092198581560284,Moldova,Lower-mid,Mixed,,,,False
MDA,2017,95.91,3453.3,3300.0,5.71,5.76,3.285,7.13,794.9,1522181.0,13.762,13.253,14.0,70.375,2755189.0,60.03,0.07142857142857142,Moldova,Lower-mid,Mixed,0.4,0.4,0.85,True
MDA,2018,94.25,4156.4,3850.0,5.54,5.75,3.204,6.71,789.4,1461369.0,13.275,13.63,14.1,70.236,2707203.0,59.67,0.07092198581560284,Moldova,Lower-mid,Mixed,,,,False
MDA,2019,92.76,4405.3,4490.0,6.23,5.8,4.033,6.5,864.7,1481802.0,12.637,13.919,14.1,70.181,2664224.0,59.23,0.07092198581560284,Moldova,Lower-mid,Mixed,0.42,0.42,0.85,True
MDA,2020,91.75,4375.8,4360.0,6.6,5.59,4.038,7.0,944.4,1469067.0,12.077,14.759,14.3,69.914,2635130.0,58.66,0.06993006993006992,Moldova,Lower-mid,Mixed,0.37,0.38,0.85,True
MDV,2015,1427.18,9644.9,8210.0,3.87,4.95,,8.68,1552.1,184820.0,16.664,2.851,8.5,78.607,428154.0,61.42,0.11764705882352941,Maldives,Upper-mid,Mixed,,,,False
MDV,2016,1477.69,9947.8,8720.0,3.66,4.94,1.32,10.23,1920.8,194588.0,15.512,2.763,8.0,78.913,443308.0,61.04,0.125,Maldives,Upper-mid,Mixed,0.4,0.74,0.99,True
MDV,2017,1527.62,10509.6,9400.0,3.82,4.94,1.894,9.15,1808.7,210295.0,14.342,2.685,7.4,79.228,458287.0,60.67,0.13513513513513511,Maldives,Upper-mid,Mixed,0.42,0.7,0.98,True
MDV,2018,1576.99,11423.3,10220.0,3.86,4.95,1.862,7.29,1597.3,226484.0,13.395,2.642,6.9,79.433,473099.0,60.31,0.14492753623188406,Maldives,Upper-mid,Mixed,0.45,0.68,0.98,True
MDV,2019,1625.77,11740.3,10730.0,4.12,6.36,2.235,7.5,1731.3,243098.0,12.597,2.579,6.4,79.707,487731.0,59.95,0.15625,Maldives,Upper-mid,Mixed,0.44,0.59,0.97,True
MDV,2020,1673.73,7393.9,7050.0,5.85,5.04,,11.44,1535.8,230564.0,12.112,2.963,6.0,78.713,502118.0,59.6,0.16666666666666666,Maldives,Upper-mid,Mixed,,,,False
MEX,2015,62.28,10021.2,10580.0,5.05,1.0,2.34,5.53,1054.4,52800736.0,18.227,5.768,15.0,74.431,121072306.0,22.81,0.06666666666666667,Mexico,Upper-mid,Mixed,0.67,0.94,0.99,True
MEX,2016,62.89,9097.9,9740.0,4.76,1.0,2.345,5.38,1082.6,53498509.0,17.69,5.868,14.7,74.376,122251351.0,22.56,0.06802721088435375,Mexico,Upper-mid,Mixed,0.68,0.91,0.98,True
MEX,2017,63.48,9649.3,9270.0,4.4,0.99,2.409,5.31,1088.3,54114274.0,17.214,5.997,14.4,74.261,123400057.0,22.28,0.06944444444444445,Mexico,Upper-mid,Mixed,0.69,0.86,0.97,True
MEX,2018,64.08,10084.8,9560.0,4.14,0.98,2.456,5.24,1095.9,55142830.0,17.037,6.071,14.0,74.301,124573711.0,21.97,0.07142857142857142,Mexico,Upper-mid,Mixed,0.69,0.85,0.97,True
MEX,2019,64.69,10369.6,9860.0,,0.96,2.46,5.3,1111.4,56614536.0,16.877,6.083,13.7,74.53,125762982.0,21.64,0.07299270072992702,Mexico,Upper-mid,Mixed,,,,False
MEX,2020,65.23,8841.3,8920.0,4.5,1.0,2.425,6.05,1171.4,52956486.0,16.565,8.429,13.4,70.449,126799054.0,21.32,0.07462686567164178,Mexico,Upper-mid,Mixed,0.78,0.78,0.93,True
MLI,2015,15.24,838.1,890.0,3.2,0.25,0.094,4.11,80.6,6823303.0,44.474,10.59,66.1,57.852,18593022.0,74.15,0.015128593040847203,Mali,Low,Private,1.0,1.0,1.0,True
MLI,2016,15.73,872.5,870.0,2.59,0.23,0.117,3.77,80.0,6976542.0,43.911,10.268,64.0,58.286,19191289.0,73.55,0.015625,Mali,Low,Private,1.0,1.0,1.0,True
MLI,2017,16.24,924.1,860.0,3.18,0.22,0.113,3.67,80.4,7140459.0,43.444,10.033,61.9,58.562,19813011.0,72.94,0.01615508885298869,Mali,Low,Private,1.0,1.0,1.0,True
MLI,2018,16.75,996.4,930.0,2.98,0.25,0.12,3.73,84.0,7290683.0,42.585,9.774,59.7,58.873,20442030.0,72.3,0.01675041876046901,Mali,Low,Private,1.0,1.0,1.0,True
MLI,2019,17.27,972.0,960.0,3.0,,,3.83,91.1,7442902.0,41.139,9.475,57.6,59.217,21068405.0,71.65,0.017361111111111112,Mali,Low,Private,,,,False
MLI,2020,17.8,953.2,930.0,3.34,,,3.51,80.6,7540126.0,40.959,9.502,55.4,58.858,21713836.0,70.98,0.018050541516245487,Mali,Low,Private,,,,False
MLT,2015,1388.19,25529.7,25470.0,4.91,4.59,3.676,8.7,3381.0,211969.0,9.7,7.7,5.8,81.7975609756098,444220.0,5.56,0.1724137931034483,Malta,High,Mixed,0.39,0.69,0.99,True
MLT,2016,1420.33,26459.1,23820.0,4.96,4.67,3.828,8.7,3605.3,220741.0,9.8,7.4,5.7,82.3536585365854,454505.0,5.52,0.17543859649122806,Malta,High,Mixed,,,,False
MLT,2017,1459.71,30317.3,26690.0,4.34,4.49,3.965,8.31,3868.7,231534.0,9.2,7.6,5.6,82.1951219512195,467106.0,5.43,0.17857142857142858,Malta,High,Mixed,,,,False
MLT,2018,1512.2,33382.3,29030.0,,4.31,3.972,8.11,3983.2,247175.0,9.2,7.6,5.5,82.2487804878049,483903.0,5.28,0.18181818181818182,Malta,High,Mixed,,,,False
MLT,2019,1574.73,32422.0,29830.0,4.8,4.1,4.026,8.89,4671.7,262597.0,8.6,7.3,5.4,82.6585365853659,503912.0,5.07,0.18518518518518517,Malta,High,Mixed,,,,False
MLT,2020,1610.91,31823.4,26910.0,,4.36,4.164,9.85,4931.9,274659.0,8.6,7.9,5.2,82.0975609756098,515490.0,4.82,0.1923076923076923,Malta,High,Mixed,,,,False
MMR,2015,78.23,1166.7,1230.0,,1.07,,5.2,231.9,24298397.0,18.608,8.904,44.1,65.288,51089056.0,70.28,0.022675736961451247,Myanmar,Lower-mid,Public,,,,False
MMR,2016,78.89,1229.2,1230.0,,1.07,0.638,4.76,212.4,24084188.0,18.561,8.861,42.6,65.64,51495696.0,70.19,0.023474178403755867,Myanmar,Lower-mid,Public,0.52,0.56,0.89,True
MMR,2017,79.5,1272.8,1230.0,2.17,1.06,0.889,4.69,220.8,23847667.0,18.341,8.855,41.1,65.909,51894938.0,70.09,0.024330900243309,Myanmar,Lower-mid,Public,0.58,0.59,0.87,True
MMR,2018,80.09,1298.2,1310.0,1.99,1.06,0.696,4.54,253.1,24244077.0,18.054,8.827,39.8,66.232,52272247.0,70.01,0.02512562814070352,Myanmar,Lower-mid,Public,0.55,0.58,0.89,True
MMR,2019,80.65,1426.0,1380.0,2.0,1.05,0.757,3.81,232.6,23767370.0,17.774,8.847,38.4,66.457,52640713.0,69.92,0.026041666666666668,Myanmar,Lower-mid,Public,0.54,0.57,0.9,True
MMR,2020,81.23,1490.2,1320.0,,1.07,,4.28,257.3,23870997.0,17.456,8.994,37.2,66.612,53016522.0,69.84,0.026881720430107524,Myanmar,Lower-mid,Public,,,,False
MNG,2015,1.94,3838.9,3770.0,4.22,7.3,3.243,4.23,450.0,1272830.0,27.1,5.8,15.7,70.810243902439,3026864.0,32.0,0.06369426751592357,Mongolia,Lower-mid,Mixed,0.63,0.64,0.84,True
MNG,2016,1.98,3619.9,3460.0,5.18,7.55,3.289,4.58,489.0,1258931.0,25.9,5.8,15.0,70.2239024390244,3088856.0,32.02,0.06666666666666667,Mongolia,Lower-mid,Mixed,0.61,0.64,0.85,True
MNG,2017,2.02,3645.9,3200.0,4.07,7.7,3.407,4.34,488.4,1286695.0,23.9,5.5,14.2,70.5434146341463,3148917.0,32.07,0.07042253521126761,Mongolia,Lower-mid,Mixed,,,,False
MNG,2018,2.06,4107.6,3650.0,,7.86,3.526,4.53,565.7,1310964.0,24.5,5.6,13.5,70.8270731707317,3208189.0,32.13,0.07407407407407407,Mongolia,Lower-mid,Mixed,0.66,0.69,0.88,True
MNG,2019,2.1,4347.5,3800.0,,7.94,3.647,4.49,618.3,1451060.0,24.4,5.6,12.8,71.0531707317073,3267673.0,32.17,0.078125,Mongolia,Lower-mid,Mixed,,,,False
MNG,2020,2.14,4001.3,3690.0,,8.23,3.778,4.67,646.0,1418986.0,23.4,5.1,12.2,71.3490243902439,3327204.0,31.91,0.0819672131147541,Mongolia,Lower-mid,Mixed,,,,False
MOZ,2015,33.76,610.6,670.0,5.92,0.78,,6.61,87.1,11397352.0,40.426,9.371,53.8,58.711,26547572.0,67.86,0.01858736059479554,Mozambique,Low,Public,,,,False
MOZ,2016,34.76,441.5,550.0,5.8,0.79,,7.22,99.5,11753394.0,40.093,8.984,52.8,59.455,27337105.0,67.62,0.01893939393939394,Mozambique,Low,Public,,,,False
MOZ,2017,35.82,470.9,480.0,5.49,0.77,0.077,7.81,100.1,12130020.0,39.755,8.633,51.4,60.148,28166393.0,67.37,0.019455252918287938,Mozambique,Low,Public,0.65,0.66,0.93,True
MOZ,2018,36.9,517.5,470.0,5.39,0.77,0.085,7.98,105.8,12515124.0,39.448,8.324,50.3,60.79,29018644.0,67.01,0.019880715705765408,Mozambique,Low,Public,0.51,0.55,0.9,True
MOZ,2019,38.0,519.1,500.0,6.0,0.72,0.086,7.9,109.7,12903560.0,39.117,8.078,49.2,61.306,29884380.0,66.58,0.02032520325203252,Mozambique,Low,Public,0.6,0.6,0.9,True
MOZ,2020,39.15,462.4,480.0,6.17,0.71,0.084,7.55,106.6,13187062.0,38.736,8.007,48.6,61.39,30783688.0,66.1,0.0205761316872428,Mozambique,Low,Public,0.71,0.72,0.98,True
MUS,2015,632.39,9630.5,10660.0,4.76,3.47,1.973,5.55,1085.4,618312.0,10.1,7.8,12.9,74.3531707317073,1262879.0,60.33,0.07751937984496124,Mauritius,Upper-mid,Mixed,0.5,0.56,0.91,True
MUS,2016,632.82,10095.1,10650.0,4.88,3.51,2.144,5.54,1175.1,615224.0,10.4,8.1,13.0,74.3948780487805,1263747.0,60.44,0.07692307692307693,Mauritius,Upper-mid,Mixed,0.49,0.58,0.9,True
MUS,2017,633.39,10986.7,11020.0,4.88,3.52,2.268,5.6,1239.8,621819.0,10.7,8.1,13.3,74.5146341463415,1264887.0,60.55,0.07518796992481203,Mauritius,Upper-mid,Mixed,0.5,0.54,0.9,True
MUS,2018,633.74,11818.7,12190.0,4.67,3.56,1.858,5.6,1269.2,619649.0,10.3,8.6,13.7,74.4163414634146,1265577.0,60.65,0.07299270072992702,Mauritius,Upper-mid,Mixed,0.45,0.5,0.91,True
MUS,2019,633.94,11568.3,12710.0,4.54,3.66,2.558,5.7,1346.8,628768.0,10.2,8.9,14.0,74.2358536585366,1265985.0,60.75,0.07142857142857142,Mauritius,Upper-mid,Mixed,0.45,0.46,0.89,True
MUS,2020,633.96,9135.8,10780.0,4.35,3.68,2.689,6.1,1282.6,589990.0,10.7,8.8,14.1,74.1770731707317,1266014.0,60.84,0.07092198581560284,Mauritius,Upper-mid,Mixed,0.42,0.5,0.91,True
MYS,2015,95.06,9648.7,10350.0,4.89,1.86,1.489,3.82,937.4,15103051.0,16.336,4.864,6.7,75.288,31232798.0,26.56,0.14925373134328357,Malaysia,Upper-mid,Mixed,0.81,0.86,0.95,True
MYS,2016,96.76,9476.5,9800.0,4.75,1.88,1.576,3.7,935.8,15415068.0,15.789,4.915,6.7,75.371,31789685.0,26.14,0.14925373134328357,Malaysia,Upper-mid,Mixed,0.83,0.92,0.97,True
MYS,2017,98.48,9862.5,9560.0,4.68,1.89,1.787,3.71,981.3,15779343.0,15.329,4.931,6.7,75.542,32355644.0,25.76,0.14925373134328357,Malaysia,Upper-mid,Mixed,0.85,0.89,0.96,True
MYS,2018,100.17,10901.8,10200.0,4.48,1.9,1.858,3.76,1044.9,16212579.0,14.808,4.946,6.8,75.734,32910967.0,25.44,0.14705882352941177,Malaysia,Upper-mid,Mixed,0.79,0.83,0.95,True
MYS,2019,101.78,10920.2,10750.0,4.16,1.9,2.021,3.84,1111.0,16636582.0,14.233,4.98,6.8,75.9,33440596.0,25.16,0.14705882352941177,Malaysia,Upper-mid,Mixed,0.79,0.81,0.95,True
MYS,2020,103.15,9957.5,10110.0,3.91,1.93,2.183,4.08,1121.7,16871915.0,13.393,5.034,6.8,76.057,33889558.0,24.95,0.14705882352941177,Malaysia,Upper-mid,Mixed,0.92,1.0,1.0,True
NER,2015,15.74,485.7,560.0,4.49,0.26,0.032,5.35,62.7,7430131.0,46.577,10.386,69.1,58.85,19939498.0,83.7,0.014471780028943561,Niger,Low,Private,1.0,1.0,1.0,True
NER,2016,16.33,499.9,520.0,2.96,0.3,0.033,4.53,53.6,7711696.0,45.881,10.156,69.2,59.228,20685753.0,83.61,0.014450867052023121,Niger,Low,Private,1.0,1.0,1.0,True
NER,2017,16.92,529.9,520.0,2.58,0.18,0.022,5.58,67.4,7997473.0,45.057,9.957,69.3,59.524,21435446.0,83.5,0.01443001443001443,Niger,Low,Private,1.0,1.0,1.0,True
NER,2018,17.52,576.9,580.0,3.45,0.24,0.037,5.3,67.5,8289312.0,44.181,9.769,69.3,59.765,22188069.0,83.36,0.01443001443001443,Niger,Low,Private,1.0,1.0,1.0,True
NER,2019,18.12,541.3,600.0,3.53,0.29,0.039,5.67,80.6,8590335.0,43.366,9.573,69.3,60.031,22947757.0,83.19,0.01443001443001443,Niger,Low,Private,1.0,1.0,1.0,True
NER,2020,18.72,575.5,570.0,3.82,0.28,0.035,6.17,92.4,9140912.0,42.6,9.526,69.1,59.89,23717613.0,82.99,0.014471780028943561,Niger,Low,Private,1.0,1.0,1.0,True
NIC,2015,51.1,2074.5,1910.0,4.08,0.92,0.942,7.96,433.9,2714759.0,22.449,4.993,15.0,72.899,6149417.0,42.19,0.06666666666666667,Nicaragua,Lower-mid,Mixed,0.6,1.0,1.0,True
NIC,2016,51.79,2131.7,1980.0,4.08,0.91,0.965,8.05,473.5,2771179.0,22.06,4.959,14.2,73.18,6232666.0,41.99,0.07042253521126761,Nicaragua,Lower-mid,Mixed,0.57,0.84,0.98,True
NIC,2017,52.49,2182.6,2050.0,4.36,0.92,1.0,8.33,518.4,2827514.0,21.647,4.949,13.4,73.389,6316231.0,41.81,0.07462686567164178,Nicaragua,Lower-mid,Mixed,0.54,0.7,0.98,True
NIC,2018,53.18,2035.2,1990.0,4.47,0.95,0.682,8.5,504.5,2871355.0,21.209,4.832,12.9,73.879,6400080.0,41.63,0.07751937984496124,Nicaragua,Lower-mid,Mixed,0.57,0.76,0.99,True
NIC,2019,53.88,1958.6,1930.0,4.6,0.98,,8.5,508.4,2916688.0,20.808,4.95,12.6,73.764,6483657.0,41.46,0.07936507936507936,Nicaragua,Lower-mid,Mixed,,,,False
NIC,2020,54.56,1938.4,1810.0,4.58,0.97,,8.56,536.9,2940072.0,20.45,6.663,12.5,70.766,6565267.0,41.3,0.08,Nicaragua,Lower-mid,Mixed,,,,False
NLD,2015,503.12,45793.8,49670.0,5.28,3.46,3.457,10.19,5205.2,9385800.0,10.1,8.7,3.5,81.509756097561,16939923.0,9.72,0.2857142857142857,Netherlands,High,Mixed,0.45,0.59,0.98,True
NLD,2016,505.8,46808.5,46960.0,5.39,3.38,3.501,9.89,5274.4,9434786.0,10.1,8.7,3.5,81.5609756097561,17030314.0,9.42,0.2857142857142857,Netherlands,High,Mixed,0.48,0.61,0.98,True
NLD,2017,508.8,49513.7,46710.0,5.09,3.24,3.565,9.94,5584.8,9491538.0,9.9,8.8,3.5,81.7609756097561,17131296.0,8.88,0.2857142857142857,Netherlands,High,Mixed,0.46,0.64,0.98,True
NLD,2018,511.78,53955.1,51290.0,5.27,3.15,3.632,9.85,5811.2,9608481.0,9.8,8.9,3.5,81.8121951219512,17231624.0,7.39,0.2857142857142857,Netherlands,High,Mixed,0.48,0.65,0.98,True
NLD,2019,515.14,53555.0,52940.0,5.06,2.99,3.713,9.94,6217.2,9742856.0,9.8,8.8,3.5,82.1121951219512,17344874.0,6.11,0.2857142857142857,Netherlands,High,Mixed,0.51,0.7,0.98,True
NLD,2020,518.01,53468.0,51490.0,5.29,2.88,3.805,10.95,6867.4,9793423.0,9.7,9.7,3.5,81.3585365853659,17441500.0,5.75,0.2857142857142857,Netherlands,High,Mixed,0.66,0.81,0.98,True
NOR,2015,14.21,77221.0,93290.0,7.52,3.76,4.091,10.07,6144.9,2832644.0,11.3,7.8,2.2,82.3048780487805,5188607.0,18.76,0.45454545454545453,Norway,High,Public,0.62,0.62,1.0,True
NOR,2016,14.34,73222.4,81840.0,7.98,3.68,4.22,10.53,6267.1,2845954.0,11.2,7.8,2.1,82.4073170731707,5234519.0,18.32,0.47619047619047616,Norway,High,Public,0.69,1.0,1.0,True
NOR,2017,14.45,78771.2,76270.0,7.85,3.6,4.346,10.23,6630.8,2848702.0,10.7,7.7,2.1,82.609756097561,5276968.0,18.03,0.47619047619047616,Norway,High,Public,0.67,0.67,0.99,True
NOR,2018,14.55,85579.1,81200.0,7.6,3.52,4.466,9.96,7019.1,2883492.0,10.4,7.7,2.0,82.7585365853659,5311916.0,17.75,0.5,Norway,High,Public,0.72,1.0,1.0,True
NOR,2019,14.65,79329.3,82500.0,7.86,3.48,4.578,10.44,7432.1,2911217.0,10.2,7.6,2.0,82.9585365853659,5347896.0,17.51,0.5,Norway,High,Public,0.75,1.0,1.0,True
NOR,2020,14.77,71057.6,78460.0,8.37,3.4,4.682,11.42,7683.8,2925043.0,9.8,7.5,2.0,83.209756097561,5379475.0,17.3,0.5,Norway,High,Public,0.85,1.0,1.0,True
NPL,2015,194.1,875.5,870.0,3.26,0.25,,5.47,161.7,7493338.0,22.141,7.385,32.4,67.374,27823629.0,35.05,0.0308641975308642,Nepal,Lower-mid,Mixed,,,,False
NPL,2016,195.02,877.3,860.0,3.9,0.28,,5.42,161.4,7565879.0,21.943,7.065,31.0,68.444,27955462.0,34.71,0.03225806451612903,Nepal,Lower-mid,Mixed,,,,False
NPL,2017,195.4,1034.3,970.0,4.77,0.29,0.681,4.72,170.2,7596203.0,21.572,7.07,29.6,68.74,28011258.0,34.42,0.03378378378378378,Nepal,Lower-mid,Mixed,1.0,1.0,1.0,True
NPL,2018,195.88,1179.2,1120.0,4.43,0.29,0.749,4.53,179.2,7630668.0,21.122,7.07,28.3,69.036,28079689.0,34.19,0.0353356890459364,Nepal,Lower-mid,Mixed,1.0,1.0,1.0,True
NPL,2019,198.21,1203.1,1240.0,3.89,0.29,0.815,4.45,189.4,7802999.0,20.648,7.024,27.1,69.299,28414064.0,34.01,0.03690036900369004,Nepal,Lower-mid,Mixed,1.0,1.0,1.0,True
NPL,2020,202.07,1154.2,1190.0,4.24,0.28,0.857,5.21,220.6,7977675.0,20.168,7.272,25.9,69.106,28966574.0,33.89,0.03861003861003861,Nepal,Lower-mid,Mixed,1.0,1.0,1.0,True
NZL,2015,17.51,38648.7,40660.0,5.7,2.7,3.031,8.89,3337.0,2526061.0,13.23,6.85,4.7,81.6124390243903,4609400.0,14.85,0.2127659574468085,New Zealand,High,Mixed,0.48,0.74,0.99,True
NZL,2016,17.9,40088.3,39440.0,5.5,2.72,3.115,8.77,3506.0,2634836.0,12.6,6.61,4.6,81.6585365853659,4714100.0,15.31,0.2173913043478261,New Zealand,High,Mixed,0.5,0.74,0.98,True
NZL,2017,18.28,42912.2,38790.0,5.28,2.7,3.253,8.62,3641.2,2732646.0,12.38,6.92,4.5,81.8585365853659,4813600.0,15.83,0.2222222222222222,New Zealand,High,Mixed,0.49,0.74,0.98,True
NZL,2018,18.61,43204.1,41570.0,5.19,2.59,3.311,8.57,3644.3,2787916.0,11.84,6.78,4.5,81.7073170731707,4900600.0,15.2,0.2222222222222222,New Zealand,High,Mixed,0.5,0.75,0.98,True
NZL,2019,18.88,42872.3,43090.0,5.17,2.54,3.37,8.62,3887.6,2819371.0,11.98,6.88,4.4,82.0560975609756,4970300.0,16.2,0.22727272727272727,New Zealand,High,Mixed,0.52,0.8,0.98,True
NZL,2020,19.26,42054.7,41880.0,5.64,2.5,3.442,9.25,4213.1,2869748.0,11.36,6.43,4.3,82.2560975609756,5072400.0,16.19,0.23255813953488372,New Zealand,High,Mixed,0.67,1.0,1.0,True
OMN,2015,13.52,18808.3,20560.0,,1.19,2.13,4.08,1470.5,2259607.0,20.992,2.057,9.0,79.346,4184895.0,22.7,0.1111111111111111,Oman,High,Public,,,,False
OMN,2016,14.19,17110.2,18550.0,,1.15,1.964,4.18,1392.0,2403255.0,20.544,2.017,9.0,79.581,4390877.0,22.25,0.1111111111111111,Oman,High,Public,,,,False
OMN,2017,14.66,17820.1,16640.0,5.99,1.11,2.013,3.95,1329.4,2493490.0,20.155,1.993,8.9,79.748,4537396.0,21.69,0.11235955056179775,Oman,High,Public,,,,False
OMN,2018,14.86,19901.8,17250.0,4.59,1.09,2.104,3.21,1214.5,2500377.0,19.269,1.992,8.8,79.864,4597877.0,21.03,0.11363636363636363,Oman,High,Public,,,,False
OMN,2019,14.83,19180.2,17860.0,5.06,1.1,2.091,3.81,1417.9,2435263.0,18.858,2.001,8.7,79.946,4591241.0,20.42,0.1149425287356322,Oman,High,Public,,,,False
OMN,2020,14.61,16784.9,17190.0,6.88,1.16,2.003,5.12,1800.1,2220588.0,18.856,2.444,8.6,77.763,4522497.0,19.98,0.11627906976744186,Oman,High,Public,0.93,1.0,1.0,True
PAK,2015,281.87,1380.5,1280.0,2.39,0.46,0.85,2.49,111.8,69229075.0,30.697,7.164,63.6,65.641,217290883.0,64.1,0.015723270440251572,Pakistan,Lower-mid,Private,1.0,1.0,1.0,True
PAK,2016,285.57,1424.7,1360.0,2.67,0.49,0.89,2.57,119.0,69799389.0,29.956,7.039,61.7,65.943,220138869.0,63.84,0.01620745542949757,Pakistan,Lower-mid,Private,1.0,1.0,1.0,True
PAK,2017,289.64,1519.2,1450.0,2.58,0.5,0.932,2.79,133.5,70494278.0,29.738,6.94,59.8,66.223,223273967.0,63.56,0.016722408026755852,Pakistan,Lower-mid,Private,1.0,1.0,1.0,True
PAK,2018,294.38,1569.3,1560.0,2.33,0.5,0.917,2.83,140.8,71401725.0,29.343,6.852,58.1,66.481,226928892.0,63.25,0.01721170395869191,Pakistan,Lower-mid,Private,0.97,1.0,1.0,True
PAK,2019,299.4,1390.4,1520.0,2.21,0.5,1.049,2.85,143.4,73727954.0,28.986,6.772,56.3,66.729,230800899.0,62.89,0.017761989342806397,Pakistan,Lower-mid,Private,0.9,1.0,1.0,True
PAK,2020,304.85,1278.4,1370.0,2.06,0.63,,2.95,149.1,75332749.0,28.625,7.301,54.6,65.701,235001746.0,62.49,0.018315018315018316,Pakistan,Lower-mid,Private,,,,False
PAN,2015,53.43,14082.7,12570.0,3.27,2.09,1.579,6.94,1900.0,1874167.0,19.839,4.714,13.6,77.583,3960035.0,34.47,0.07352941176470588,Panama,Upper-mid,Mixed,0.44,0.73,0.96,True
PAN,2016,54.36,14832.4,13180.0,3.32,2.06,1.573,7.09,2157.0,1929484.0,19.495,4.739,13.5,77.772,4029086.0,34.4,0.07407407407407407,Panama,Upper-mid,Mixed,0.43,0.71,0.96,True
PAN,2017,55.3,15694.6,14230.0,3.38,2.15,1.589,7.16,2407.9,1960954.0,19.081,4.782,13.3,77.901,4098707.0,34.34,0.07518796992481203,Panama,Upper-mid,Mixed,0.44,0.73,0.97,True
PAN,2018,56.19,16151.3,14910.0,3.45,1.96,1.609,7.6,2466.8,2053703.0,18.52,4.722,12.9,78.266,4167860.0,34.29,0.07751937984496124,Panama,Upper-mid,Mixed,0.41,0.77,0.97,True
PAN,2019,57.09,16478.0,15640.0,3.28,1.94,1.637,8.14,2702.0,2125347.0,17.57,4.719,12.6,78.514,4234700.0,34.25,0.07936507936507936,Panama,Upper-mid,Mixed,0.38,0.86,0.98,True
PAN,2020,57.88,13290.6,13070.0,4.3,1.92,1.63,10.22,2761.5,2098423.0,16.718,5.864,12.2,76.33,4293261.0,34.21,0.0819672131147541,Panama,Upper-mid,Mixed,0.5,0.77,0.97,True
PER,2015,23.8,6231.7,6340.0,3.97,1.6,,4.9,578.2,16759049.0,17.948,6.037,13.8,75.732,30457600.0,19.3,0.07246376811594203,Peru,Upper-mid,Mixed,,,,False
PER,2016,24.11,6217.0,6130.0,3.81,1.64,1.307,4.89,604.3,16939632.0,17.565,6.036,13.4,75.951,30866494.0,18.58,0.07462686567164178,Peru,Upper-mid,Mixed,0.62,0.82,0.96,True
PER,2017,24.47,6736.2,6090.0,3.93,1.63,,4.81,621.6,17644346.0,17.254,6.102,13.1,75.958,31324637.0,17.81,0.07633587786259542,Peru,Upper-mid,Mixed,,,,False
PER,2018,24.92,6978.5,6500.0,3.71,1.61,1.373,5.08,679.8,18124121.0,16.93,6.173,12.8,76.018,31897584.0,17.31,0.078125,Peru,Upper-mid,Mixed,0.59,0.79,0.97,True
PER,2019,25.35,7037.0,6850.0,3.82,1.6,1.354,5.13,709.3,18599717.0,16.853,6.16,12.5,76.275,32449303.0,16.9,0.08,Peru,Upper-mid,Mixed,,,,False
PER,2020,25.66,6133.3,6080.0,4.26,1.67,1.436,6.35,817.6,16861243.0,16.61,7.415,12.2,73.832,32838579.0,16.47,0.0819672131147541,Peru,Upper-mid,Mixed,,,,False
PHL,2015,353.2,2909.9,3280.0,2.83,0.93,0.609,3.9,268.8,42976583.0,22.933,5.583,22.1,69.45,105312992.0,48.85,0.04524886877828054,Philippines,Lower-mid,Mixed,,,,False
PHL,2016,357.97,2985.2,3350.0,3.3,1.03,0.631,3.95,292.0,44089437.0,21.76,5.662,22.2,69.49,106735719.0,48.09,0.04504504504504505,Philippines,Lower-mid,Mixed,,,,False
PHL,2017,362.61,3038.1,3440.0,3.96,0.98,0.66,3.96,307.9,43266495.0,20.571,5.565,22.3,69.966,108119693.0,47.4,0.04484304932735426,Philippines,Lower-mid,Mixed,0.79,0.81,0.97,True
PHL,2018,367.12,3168.5,3610.0,3.86,0.94,0.695,3.95,330.5,44041398.0,19.418,5.753,22.5,69.761,109465287.0,46.79,0.044444444444444446,Philippines,Lower-mid,Mixed,0.74,0.81,0.97,True
PHL,2019,371.62,3400.8,3760.0,3.41,0.98,0.732,4.17,371.8,45267971.0,18.104,5.896,22.6,69.68,110804683.0,46.28,0.04424778761061947,Philippines,Lower-mid,Mixed,0.67,0.82,0.98,True
PHL,2020,375.9,3227.6,3350.0,3.86,0.99,0.752,5.16,425.3,42533348.0,17.017,5.831,22.7,70.097,112081264.0,45.89,0.04405286343612335,Philippines,Lower-mid,Mixed,0.83,1.0,1.0,True
POL,2015,124.06,12637.5,13320.0,4.79,6.59,2.311,6.36,1717.4,18407499.0,9.7,10.4,4.2,77.4512195121951,37986412.0,39.66,0.23809523809523808,Poland,High,Mixed,0.55,0.56,0.94,True
POL,2016,124.01,12464.0,12740.0,4.63,6.59,2.397,6.55,1856.9,18466235.0,10.1,10.2,4.1,77.8512195121951,37970087.0,39.76,0.24390243902439027,Poland,High,Mixed,0.55,0.58,0.94,True
POL,2017,124.02,13913.3,12780.0,4.54,6.58,2.36,6.54,1972.4,18534927.0,10.6,10.6,4.0,77.7536585365854,37974826.0,39.85,0.25,Poland,High,Mixed,0.56,0.57,0.94,True
POL,2018,124.03,15658.2,14310.0,4.56,6.49,2.341,6.25,2021.8,18503688.0,10.2,10.9,3.9,77.6024390243903,37974750.0,39.95,0.25641025641025644,Poland,High,Mixed,,,,False
POL,2019,124.03,15874.5,15510.0,4.63,6.13,3.279,6.39,2292.1,18454120.0,9.9,10.8,3.8,77.9048780487805,37965475.0,40.04,0.2631578947368421,Poland,High,Mixed,,,,False
POL,2020,122.55,16151.0,15640.0,4.8,6.15,3.303,6.43,2356.1,18197725.0,9.5,12.7,3.8,76.4,37515748.0,40.13,0.2631578947368421,Poland,High,Mixed,0.69,0.74,0.93,True
PRT,2015,113.07,19215.8,20450.0,4.89,3.36,4.748,9.33,2754.2,5197927.0,8.2,10.5,2.9,81.1243902439025,10358076.0,38.86,0.3448275862068966,Portugal,High,Mixed,0.53,0.56,0.98,True
PRT,2016,112.72,19980.3,19950.0,,3.39,4.93,9.4,2957.0,5182106.0,8.4,10.7,2.9,81.1243902439025,10325452.0,38.87,0.3448275862068966,Portugal,High,Mixed,0.54,0.57,0.97,True
PRT,2017,112.44,21442.4,20030.0,5.03,3.38,5.103,9.33,3062.0,5221693.0,8.3,10.6,2.9,81.4243902439025,10300300.0,38.87,0.3448275862068966,Portugal,High,Mixed,0.52,0.57,0.98,True
PRT,2018,112.26,23541.1,22040.0,4.68,3.43,5.276,9.42,3271.2,5230976.0,8.4,10.9,2.9,81.3243902439024,10283822.0,38.88,0.3448275862068966,Portugal,High,Mixed,0.53,0.56,0.97,True
PRT,2019,112.29,23343.4,23250.0,4.63,3.49,5.422,9.51,3584.1,5245523.0,8.4,10.8,2.8,81.6756097560976,10286263.0,38.89,0.35714285714285715,Portugal,High,Mixed,0.53,0.57,0.97,True
PRT,2020,112.41,22299.4,21910.0,4.86,3.47,5.576,10.52,3755.4,5138884.0,8.1,11.9,2.8,81.3292682926829,10297081.0,38.9,0.35714285714285715,Portugal,High,Mixed,0.69,0.72,0.97,True
PRY,2015,15.5,5879.3,6100.0,3.33,0.85,,6.69,848.4,2922145.0,22.662,5.319,19.3,73.454,6159103.0,38.67,0.05181347150259067,Paraguay,Upper-mid,Mixed,,,,False
PRY,2016,15.73,5775.2,5870.0,3.43,0.89,,6.68,889.8,3066119.0,22.487,5.396,18.7,73.487,6249126.0,37.92,0.053475935828877004,Paraguay,Upper-mid,Mixed,,,,False
PRY,2017,15.95,6152.3,5810.0,3.09,0.89,,6.61,923.8,3167703.0,22.166,5.501,18.1,73.45,6338660.0,37.05,0.055248618784530384,Paraguay,Upper-mid,Mixed,,,,False
PRY,2018,16.18,6258.4,6060.0,3.3,0.9,1.466,6.74,953.7,3257956.0,21.836,5.514,17.6,73.627,6427382.0,36.08,0.056818181818181816,Paraguay,Upper-mid,Mixed,0.59,0.76,0.96,True
PRY,2019,16.4,5821.2,5950.0,3.49,0.91,,7.16,1013.2,3334564.0,21.421,5.584,17.0,73.668,6515058.0,35.02,0.058823529411764705,Paraguay,Upper-mid,Mixed,,,,False
PRY,2020,16.62,5365.5,5550.0,3.94,1.01,1.296,7.68,1098.3,3281326.0,21.036,6.095,16.5,72.72,6603739.0,33.88,0.06060606060606061,Paraguay,Upper-mid,Mixed,0.71,0.9,0.99,True
ROU,2015,86.12,8977.0,9610.0,3.11,6.77,2.758,4.94,1066.2,8563782.0,10.2,13.2,7.7,74.9121951219512,19815616.0,46.29,0.12987012987012986,Romania,Upper-mid,Mixed,,,,False
ROU,2016,85.63,9404.5,9460.0,3.03,6.81,2.83,5.08,1210.8,8458910.0,10.4,13.1,7.1,75.209756097561,19702267.0,46.45,0.14084507042253522,Romania,Upper-mid,Mixed,0.61,0.68,0.91,True
ROU,2017,85.14,10728.0,10030.0,3.12,6.86,2.912,5.19,1394.1,8547354.0,10.8,13.4,6.6,75.209756097561,19588715.0,46.64,0.15151515151515152,Romania,Upper-mid,Mixed,0.62,0.64,0.91,True
ROU,2018,84.64,12416.1,11490.0,3.32,6.92,3.028,5.51,1626.6,8484137.0,10.4,13.6,6.1,75.3585365853659,19473970.0,46.86,0.1639344262295082,Romania,Upper-mid,Mixed,,,,False
ROU,2019,84.2,12909.6,12660.0,3.56,7.01,3.165,5.7,1912.9,8460344.0,10.3,13.4,5.6,75.6073170731707,19371648.0,47.11,0.17857142857142858,Romania,Upper-mid,Mixed,,,,False
ROU,2020,83.73,13009.2,12720.0,3.58,7.07,3.307,6.21,2128.2,8404862.0,10.3,15.5,5.4,74.2536585365854,19265250.0,47.39,0.18518518518518517,Romania,Upper-mid,Mixed,,,,False
RUS,2015,8.83,9277.7,11740.0,3.83,7.55,3.925,5.3,1285.2,75408951.0,13.3,13.0,6.6,71.1834146341463,144640716.0,25.72,0.15151515151515152,Russian Federation,Upper-mid,Mixed,0.56,0.56,0.86,True
RUS,2016,8.85,8663.2,9680.0,3.76,7.37,3.964,5.29,1284.1,75488447.0,12.9,12.9,6.0,71.6512195121951,145015460.0,25.63,0.16666666666666666,Russian Federation,Upper-mid,Mixed,0.57,0.57,0.86,True
RUS,2017,8.87,10658.9,9160.0,4.69,7.21,4.058,5.36,1395.6,74950044.0,11.5,12.4,5.5,72.4514634146342,145293260.0,25.54,0.18181818181818182,Russian Federation,Upper-mid,Mixed,0.59,0.59,0.87,True
RUS,2018,8.88,11211.9,10180.0,4.68,7.14,4.097,5.36,1547.7,74826387.0,10.9,12.5,5.1,72.6621951219512,145398106.0,25.46,0.19607843137254904,Russian Federation,Upper-mid,Mixed,0.54,0.55,0.87,True
RUS,2019,8.88,11447.7,11190.0,3.7,7.03,4.165,5.65,1759.4,73911859.0,10.1,12.3,4.8,73.0839024390244,145453291.0,25.38,0.20833333333333334,Russian Federation,Upper-mid,Mixed,0.56,0.57,0.87,True
RUS,2020,8.87,10108.3,10660.0,4.02,7.05,3.807,8.04,2538.8,73410465.0,9.8,14.6,4.6,71.3387804878049,145245148.0,25.31,0.2173913043478261,Russian Federation,Upper-mid,Mixed,0.53,0.53,0.86,True
RWA,2015,471.83,725.7,720.0,3.65,0.74,0.11,6.65,118.4,4154021.0,32.098,6.401,33.9,65.419,11640022.0,81.8,0.029498525073746312,Rwanda,Low,Public,0.8,1.0,1.0,True
RWA,2016,483.14,721.3,720.0,3.43,0.73,0.12,5.97,111.4,4269266.0,31.971,6.336,33.2,65.733,11919183.0,80.88,0.03012048192771084,Rwanda,Low,Public,0.71,0.82,0.97,True
RWA,2017,494.61,751.0,720.0,3.12,0.72,0.135,5.38,105.8,4388612.0,31.666,6.234,32.7,66.14,12202060.0,79.75,0.030581039755351678,Rwanda,Low,Public,0.85,0.92,0.99,True
RWA,2018,506.2,772.8,760.0,3.07,0.73,0.132,5.46,116.0,4514731.0,31.231,6.206,32.2,66.354,12487996.0,78.46,0.03105590062111801,Rwanda,Low,Public,0.6,0.61,0.97,True
RWA,2019,517.88,823.4,820.0,3.24,0.73,0.117,4.91,114.8,4505832.0,30.672,6.132,31.7,66.691,12776103.0,77.03,0.031545741324921134,Rwanda,Low,Public,0.83,0.84,0.97,True
RWA,2020,529.62,802.6,780.0,3.33,0.74,0.116,5.8,132.5,4981285.0,30.021,6.089,31.3,66.953,13065837.0,75.5,0.03194888178913738,Rwanda,Low,Public,,,,False
SEN,2015,75.8,1218.0,1320.0,5.46,0.68,0.2074,4.38,131.1,3825810.0,34.505,6.615,37.3,66.451,14593331.0,53.73,0.02680965147453083,Senegal,Lower-mid,Mixed,0.89,1.0,1.0,True
SEN,2016,78.09,1266.4,1270.0,5.11,0.72,0.077,4.26,132.0,4362873.0,33.828,6.459,36.8,66.724,15034521.0,52.94,0.027173913043478264,Senegal,Lower-mid,Mixed,1.0,1.0,1.0,True
SEN,2017,80.38,1354.8,1270.0,4.74,,0.069,4.16,134.7,4146271.0,32.801,6.283,36.3,67.059,15475002.0,52.07,0.027548209366391185,Senegal,Lower-mid,Mixed,,,,False
SEN,2018,82.66,1452.6,1390.0,5.11,,,4.43,149.8,4514053.0,31.596,6.119,35.7,67.379,15914498.0,51.1,0.028011204481792715,Senegal,Lower-mid,Mixed,,,,False
SEN,2019,84.94,1431.2,1430.0,5.04,0.71,0.088,4.5,164.0,4904458.0,30.405,5.979,34.8,67.668,16352922.0,50.06,0.02873563218390805,Senegal,Lower-mid,Mixed,1.0,1.0,1.0,True
SEN,2020,87.2,1461.1,1430.0,5.69,,0.082,5.15,193.1,5080703.0,29.931,6.052,33.7,67.496,16789219.0,48.94,0.029673590504451036,Senegal,Lower-mid,Mixed,,,,False
SGP,2015,7806.77,55645.6,53160.0,2.99,2.4,2.255,4.18,3650.0,3360400.0,9.7,4.8,2.2,82.7439024390244,5535002.0,0.0,0.45454545454545453,Singapore,High,Mixed,1.0,1.0,1.0,True
SGP,2016,7908.72,57204.0,53600.0,2.94,2.5,2.325,4.38,3958.3,3396546.0,9.4,4.8,2.1,82.8463414634146,5607283.0,0.0,0.47619047619047616,Singapore,High,Mixed,1.0,1.0,1.0,True
SGP,2017,7882.38,61436.1,55360.0,2.88,2.49,2.389,4.36,4180.3,3388507.0,8.9,5.0,2.1,83.0951219512195,5612253.0,0.0,0.47619047619047616,Singapore,High,Mixed,1.0,1.0,1.0,True
SGP,2018,7897.31,67032.8,56440.0,2.85,2.58,2.443,4.07,4237.4,3390276.0,8.8,5.0,2.0,83.2975609756098,5638676.0,0.0,0.5,Singapore,High,Mixed,1.0,1.0,1.0,True
SGP,2019,7965.88,66068.7,58510.0,2.73,2.69,2.519,4.41,4670.5,3454121.0,8.8,5.0,2.0,83.5951219512195,5703569.0,0.0,0.5,Singapore,High,Mixed,1.0,1.0,1.0,True
SGP,2020,7918.95,61772.5,56290.0,2.69,2.77,2.638,5.7,5854.3,3431193.0,8.5,5.2,2.0,83.5439024390244,5685807.0,0.0,0.5,Singapore,High,Mixed,,,,False
SLV,2015,298.44,3790.3,3520.0,3.91,1.04,,8.76,694.9,2591980.0,18.579,7.378,12.6,70.952,6183676.0,30.3,0.07936507936507936,El Salvador,Lower-mid,Mixed,,,,False
SLV,2016,299.27,3901.3,3600.0,3.83,1.08,1.5662,8.71,736.9,2645808.0,17.73,7.449,12.0,70.908,6200800.0,29.6,0.08333333333333333,El Salvador,Lower-mid,Mixed,0.54,0.7,0.94,True
SLV,2017,299.88,4020.1,3700.0,3.73,1.07,,8.42,755.1,2658834.0,17.122,7.494,11.5,71.007,6213533.0,28.91,0.08695652173913043,El Salvador,Lower-mid,Mixed,,,,False
SLV,2018,300.18,4183.5,3940.0,3.61,1.08,2.963,8.32,766.0,2664932.0,16.683,7.437,11.1,71.384,6219807.0,28.24,0.0900900900900901,El Salvador,Lower-mid,Mixed,0.52,0.59,0.92,True
SLV,2019,300.3,4320.1,4130.0,3.39,1.07,,8.81,859.4,2732360.0,16.57,7.439,10.6,71.725,6222318.0,27.59,0.09433962264150944,El Salvador,Lower-mid,Mixed,,,,False
SLV,2020,300.9,3997.2,3800.0,3.66,1.09,,8.95,840.7,2595893.0,16.303,8.565,10.2,70.244,6234673.0,26.94,0.09803921568627452,El Salvador,Lower-mid,Mixed,,,,False
SRB,2015,81.13,5820.3,6210.0,,5.52,3.043,8.46,1312.5,3113181.0,9.3,14.6,5.4,75.2878048780488,7095383.0,39.86,0.18518518518518517,Serbia,Upper-mid,Mixed,0.37,0.38,0.91,True
SRB,2016,80.7,5982.4,5920.0,3.5,5.54,2.926,8.15,1338.0,3203020.0,9.2,14.3,5.2,75.6878048780488,7058322.0,39.61,0.1923076923076923,Serbia,Upper-mid,Mixed,0.38,0.41,0.91,True
SRB,2017,80.28,6548.0,5810.0,3.57,5.57,2.937,7.9,1361.7,3222414.0,9.2,14.8,5.1,75.5390243902439,7020858.0,39.38,0.19607843137254904,Serbia,Upper-mid,Mixed,,,,False
SRB,2018,79.84,7559.9,6700.0,3.44,5.61,2.966,8.18,1507.6,3230350.0,9.2,14.6,4.9,75.890243902439,6982604.0,39.16,0.2040816326530612,Serbia,Upper-mid,Mixed,,,,False
SRB,2019,79.41,7755.6,7380.0,3.46,5.67,,8.29,1701.7,3219618.0,9.3,14.6,4.8,75.9365853658537,6945235.0,38.95,0.20833333333333334,Serbia,Upper-mid,Mixed,,,,False
SRB,2020,82.04,8098.7,7790.0,,5.69,2.875,8.31,1738.5,3157142.0,8.9,16.9,4.7,74.4780487804878,6899126.0,38.78,0.2127659574468085,Serbia,Upper-mid,Mixed,,,,False
STP,2015,208.64,1298.1,1400.0,4.7,,0.315,6.53,206.1,27918.0,33.025,6.719,15.2,66.023,200291.0,32.61,0.06578947368421052,Sao Tome and Principe,Lower-mid,Public,,,,False
STP,2016,212.18,1434.9,1420.0,6.12,,,7.6,250.5,28447.0,31.691,6.53,14.0,66.563,203689.0,32.48,0.07142857142857142,Sao Tome and Principe,Lower-mid,Public,,,,False
STP,2017,215.59,1555.8,1440.0,5.87,,,7.47,256.5,28984.0,30.564,6.371,12.9,67.074,206970.0,32.35,0.07751937984496124,Sao Tome and Principe,Lower-mid,Public,,,,False
STP,2018,218.94,1825.6,1660.0,5.62,,,5.92,233.3,29532.0,29.804,6.219,12.0,67.602,210187.0,32.22,0.08333333333333333,Sao Tome and Principe,Lower-mid,Public,,,,False
STP,2019,222.28,1935.3,1810.0,6.11,2.91,0.492,5.48,255.2,30096.0,29.229,6.117,11.3,68.043,213392.0,32.09,0.08849557522123894,Sao Tome and Principe,Lower-mid,Public,0.67,0.72,0.93,True
STP,2020,226.49,2167.2,2030.0,5.03,,,7.32,376.6,30200.0,28.643,6.227,10.8,67.979,217435.0,31.96,0.09259259259259259,Sao Tome and Principe,Lower-mid,Public,,,,False
SUR,2015,3.62,8813.6,8550.0,5.53,2.9,1.006,5.81,960.9,230457.0,19.479,7.186,19.0,70.567,581627.0,33.82,0.05263157894736842,Suriname,Upper-mid,Mixed,0.48,0.49,0.89,True
SUR,2016,3.66,5644.2,6660.0,5.64,2.8,1.087,5.99,867.5,236541.0,18.942,7.069,18.6,70.979,587757.0,33.86,0.05376344086021505,Suriname,Upper-mid,Mixed,0.45,0.49,0.89,True
SUR,2017,3.7,6049.5,5700.0,5.46,2.83,1.139,5.32,935.1,240368.0,18.448,7.041,18.0,71.247,593713.0,33.9,0.05555555555555555,Suriname,Upper-mid,Mixed,0.53,0.54,0.91,True
SUR,2018,3.74,6665.7,5730.0,4.92,2.85,0.787,6.61,1179.5,244674.0,18.092,7.061,17.6,71.468,599513.0,33.93,0.056818181818181816,Suriname,Upper-mid,Mixed,0.44,0.56,0.92,True
SUR,2019,3.77,6629.7,6000.0,6.78,2.69,,8.38,1657.5,248439.0,17.869,7.034,17.1,71.773,605768.0,33.96,0.05847953216374269,Suriname,Upper-mid,Mixed,,,,False
SUR,2020,3.81,4755.4,4710.0,4.58,2.87,,6.03,1022.6,235893.0,17.692,6.848,16.6,72.321,612317.0,33.99,0.06024096385542168,Suriname,Upper-mid,Mixed,,,,False
SVK,2015,112.8,16442.1,17800.0,4.56,5.75,3.454,6.74,2033.8,2738069.0,10.3,9.9,5.2,76.5634146341463,5423801.0,46.13,0.1923076923076923,Slovak Republic,High,Mixed,0.48,0.51,0.92,True
SVK,2016,112.95,16636.1,16900.0,3.88,5.79,3.476,7.06,2110.7,2756837.0,10.6,9.6,5.1,77.1658536585366,5430798.0,46.26,0.19607843137254904,Slovak Republic,High,Mixed,0.46,0.51,0.93,True
SVK,2017,113.13,17645.5,16710.0,3.92,5.82,3.423,6.73,2038.2,2751313.0,10.7,9.9,5.0,77.1658536585366,5439232.0,46.39,0.2,Slovak Republic,High,Mixed,0.5,0.52,0.93,True
SVK,2018,113.29,19573.4,18460.0,3.94,5.7,3.523,6.64,2092.6,2742867.0,10.6,10.0,5.0,77.2658536585366,5446771.0,46.51,0.2,Slovak Republic,High,Mixed,0.46,0.49,0.92,True
SVK,2019,113.44,19406.1,19230.0,4.27,5.76,3.569,6.91,2350.4,2735233.0,10.5,9.8,5.0,77.6658536585366,5454147.0,46.63,0.2,Slovak Republic,High,Mixed,0.47,0.49,0.93,True
SVK,2020,113.54,19735.5,19420.0,4.72,5.69,3.671,7.06,2494.7,2705756.0,10.4,10.8,5.0,76.8658536585366,5458827.0,46.75,0.2,Slovak Republic,High,Mixed,0.55,0.62,0.93,True
SVN,2015,102.45,20697.3,22080.0,4.96,4.52,2.83,8.58,2689.4,1012244.0,10.0,9.6,2.1,80.7756097560976,2063531.0,46.34,0.47619047619047616,Slovenia,High,Mixed,0.8,0.99,1.0,True
SVN,2016,102.52,21447.8,21610.0,4.84,4.5,3.019,8.57,2878.3,998728.0,9.9,9.5,2.1,81.1756097560976,2065042.0,46.35,0.47619047619047616,Slovenia,High,Mixed,0.76,0.91,0.99,True
SVN,2017,102.61,23303.1,22040.0,4.82,4.51,3.107,8.26,2988.8,1028260.0,9.8,9.9,2.0,81.0292682926829,2066388.0,44.75,0.5,Slovenia,High,Mixed,0.79,0.94,0.99,True
SVN,2018,102.99,25888.0,24510.0,4.98,4.44,3.185,8.35,3236.6,1038040.0,9.4,9.9,2.0,81.3780487804878,2073894.0,44.81,0.5,Slovenia,High,Mixed,0.78,0.9,0.98,True
SVN,2019,103.71,25814.2,25900.0,4.93,4.44,3.27,8.57,3642.6,1035062.0,9.3,9.9,2.0,81.5292682926829,2088385.0,44.55,0.5,Slovenia,High,Mixed,0.75,0.75,0.98,True
SVN,2020,104.41,25392.1,25380.0,5.42,4.28,3.303,9.49,3976.1,1031435.0,8.9,11.4,1.9,80.5317073170732,2102419.0,44.62,0.5263157894736842,Slovenia,High,Mixed,1.0,1.0,1.0,True
SWE,2015,24.06,51188.2,57900.0,7.49,2.44,4.174,10.93,5360.9,5177451.0,11.7,9.3,2.3,82.2048780487805,9799186.0,13.38,0.4347826086956522,Sweden,High,Public,0.93,0.93,0.99,True
SWE,2016,24.36,51703.5,53850.0,7.64,2.34,4.233,10.96,5550.5,5244169.0,11.8,9.2,2.3,82.3073170731707,9923085.0,13.0,0.4347826086956522,Sweden,High,Public,1.0,1.0,1.0,True
SWE,2017,24.69,53210.2,52240.0,7.64,2.21,4.269,10.95,5670.3,5331498.0,11.5,9.1,2.3,82.409756097561,10057698.0,12.76,0.4347826086956522,Sweden,High,Public,1.0,1.0,1.0,True
SWE,2018,24.98,54018.5,54930.0,7.7,2.13,4.322,11.09,5924.0,5397382.0,11.4,9.1,2.2,82.5585365853659,10175214.0,12.53,0.45454545454545453,Sweden,High,Public,1.0,1.0,1.0,True
SWE,2019,25.24,51649.0,56100.0,7.66,2.07,4.288,10.93,6267.4,5458324.0,11.1,8.6,2.2,83.109756097561,10278887.0,12.29,0.45454545454545453,Sweden,High,Public,1.0,1.0,1.0,True
SWE,2020,25.42,52568.6,54590.0,7.95,2.05,4.322,11.42,6584.4,5463932.0,10.9,9.5,2.1,82.3560975609756,10353442.0,12.06,0.47619047619047616,Sweden,High,Public,1.0,1.0,1.0,True
TCD,2015,11.63,993.9,1130.0,2.34,0.47,0.048,3.4,80.9,4641464.0,46.51,13.876,72.1,51.32,14647621.0,77.2,0.013869625520110958,Chad,Low,Mixed,0.87,1.0,1.0,True
TCD,2016,12.0,861.8,940.0,2.39,,0.036,3.71,78.6,4749824.0,45.533,13.548,70.2,51.603,15114655.0,76.89,0.014245014245014245,Chad,Low,Mixed,,,,False
TCD,2017,12.41,854.5,830.0,1.84,0.44,0.042,3.51,73.6,4877629.0,44.917,13.277,68.3,51.875,15622759.0,76.54,0.014641288433382138,Chad,Low,Mixed,0.95,1.0,1.0,True
TCD,2018,12.83,948.7,890.0,2.26,,0.05,3.29,73.3,5014610.0,44.401,12.857,66.4,52.447,16156531.0,76.15,0.01506024096385542,Chad,Low,Mixed,,,,False
TCD,2019,13.25,893.3,930.0,2.37,,0.052,3.38,79.6,5188719.0,44.316,12.519,64.6,52.993,16685223.0,75.73,0.015479876160990714,Chad,Low,Mixed,,,,False
TCD,2020,13.68,866.9,890.0,2.74,0.15,0.058,4.35,95.1,5321517.0,43.75,12.328,62.9,53.082,17224679.0,75.27,0.01589825119236884,Chad,Low,Mixed,,,,False
TGO,2015,130.01,813.9,910.0,3.71,0.64,0.047,6.25,117.4,2380396.0,36.098,10.207,45.4,59.23,7071502.0,60.28,0.022026431718061675,Togo,Low,Private,1.0,1.0,1.0,True
TGO,2016,132.39,843.1,870.0,3.66,0.65,0.044,6.59,127.3,2455743.0,36.002,10.032,44.0,59.677,7200884.0,59.85,0.022727272727272728,Togo,Low,Private,0.94,1.0,1.0,True
TGO,2017,134.66,872.1,850.0,3.77,0.64,0.072,6.5,129.1,2533890.0,35.738,9.881,42.6,60.145,7324386.0,59.42,0.023474178403755867,Togo,Low,Private,0.81,0.81,0.94,True
TGO,2018,137.12,942.5,920.0,4.09,0.63,0.074,6.16,127.3,2602312.0,35.431,9.757,41.4,60.608,7458206.0,58.99,0.024154589371980676,Togo,Low,Private,0.62,0.68,0.9,True
TGO,2019,140.1,917.7,950.0,4.2,0.56,0.074,5.91,130.9,2646782.0,34.907,9.58,40.2,61.061,7619925.0,58.55,0.02487562189054726,Togo,Low,Private,0.79,0.81,0.91,True
TGO,2020,143.19,961.2,970.0,4.09,0.37,0.079,6.19,145.7,2653176.0,34.251,9.537,39.1,61.14,7788054.0,58.12,0.02557544757033248,Togo,Low,Private,,,,False
THA,2015,138.07,5688.9,5560.0,3.86,2.13,0.453,3.85,608.3,40014953.0,10.594,6.818,10.1,76.563,70540795.0,53.05,0.09900990099009901,Thailand,Upper-mid,Mixed,1.0,1.0,1.0,True
THA,2016,138.7,5833.6,5550.0,3.77,2.0,0.433,3.94,656.7,39822992.0,10.111,6.918,9.8,76.769,70859841.0,52.12,0.1020408163265306,Thailand,Upper-mid,Mixed,1.0,1.0,1.0,True
THA,2017,139.29,6413.1,5800.0,3.47,2.12,0.788,3.85,677.1,39720340.0,9.765,7.029,9.5,76.989,71160187.0,50.77,0.10526315789473684,Thailand,Upper-mid,Mixed,0.91,1.0,1.0,True
THA,2018,139.71,7099.8,6430.0,3.2,2.1,0.518,3.87,730.4,40193292.0,9.4,7.167,9.2,77.19,71376079.0,45.42,0.10869565217391305,Thailand,Upper-mid,Mixed,0.85,1.0,1.0,True
THA,2019,140.0,7605.7,7070.0,3.02,2.21,0.548,3.79,756.8,39952678.0,9.056,7.422,8.9,77.197,71522271.0,44.07,0.11235955056179775,Thailand,Upper-mid,Mixed,0.84,1.0,1.0,True
THA,2020,140.23,6983.0,6910.0,3.15,2.32,0.509,4.36,835.0,40252215.0,8.792,7.618,8.7,77.331,71641484.0,42.76,0.1149425287356322,Thailand,Upper-mid,Mixed,0.97,1.0,1.0,True
TTO,2015,263.09,19887.2,20650.0,4.42,2.43,2.541,5.65,1592.1,684099.0,13.031,7.131,20.6,72.882,1349667.0,46.07,0.04854368932038835,Trinidad and Tobago,High,Mixed,0.47,0.54,0.9,True
TTO,2016,263.92,17449.2,17870.0,4.21,2.46,,6.47,1722.2,676403.0,12.804,7.312,20.2,72.935,1353895.0,46.07,0.04950495049504951,Trinidad and Tobago,High,Mixed,,,,False
TTO,2017,264.45,17566.1,16930.0,3.33,2.47,3.222,6.57,1756.7,673740.0,12.491,7.494,19.9,72.984,1356633.0,46.07,0.05025125628140704,Trinidad and Tobago,High,Mixed,0.44,0.48,0.89,True
TTO,2018,264.95,17571.5,16800.0,3.47,2.44,3.939,6.65,1763.1,672830.0,12.06,7.742,19.5,72.658,1359193.0,46.07,0.05128205128205128,Trinidad and Tobago,High,Mixed,0.42,0.44,0.89,True
TTO,2019,265.88,17212.6,17240.0,3.55,1.95,4.205,6.91,1868.7,671805.0,12.088,7.948,19.2,72.836,1363985.0,46.07,0.052083333333333336,Trinidad and Tobago,High,Mixed,0.42,0.51,0.91,True
TTO,2020,266.42,15283.6,15040.0,4.22,1.97,4.298,7.48,1853.5,651175.0,11.647,8.312,18.8,72.645,1366725.0,46.06,0.05319148936170213,Trinidad and Tobago,High,Mixed,,,,False
TUN,2015,73.39,4014.9,4130.0,6.22,1.8,1.285,6.21,670.0,4077612.0,19.415,5.996,16.0,74.875,11402264.0,32.12,0.0625,Tunisia,Lower-mid,Mixed,0.51,0.76,0.95,True
TUN,2016,74.21,3847.8,3930.0,,1.79,1.258,6.25,686.9,4133705.0,18.954,6.041,15.8,75.007,11528674.0,31.94,0.06329113924050632,Tunisia,Lower-mid,Mixed,,,,False
TUN,2017,74.99,3619.0,3700.0,,1.81,1.278,6.19,698.3,4149640.0,18.168,6.068,15.5,75.177,11650498.0,31.71,0.06451612903225806,Tunisia,Lower-mid,Mixed,,,,False
TUN,2018,75.73,3628.1,3700.0,,1.82,,5.94,703.1,4284730.0,17.344,6.087,15.1,75.37,11765514.0,31.45,0.06622516556291391,Tunisia,Lower-mid,Mixed,,,,False
TUN,2019,76.44,3528.9,3590.0,6.17,1.82,1.299,6.02,752.8,4418079.0,16.82,6.099,14.4,75.599,11875081.0,31.18,0.06944444444444445,Tunisia,Lower-mid,Mixed,,,,False
TUN,2020,77.07,3548.7,3270.0,7.27,2.42,1.315,7.06,841.0,4082144.0,15.787,6.648,13.5,75.004,11974057.0,30.9,0.07407407407407407,Tunisia,Lower-mid,Mixed,,,,False
TUR,2015,101.63,11064.6,12080.0,4.31,2.62,1.765,4.12,1040.8,30550902.0,17.1,5.2,11.0,76.539,78218479.0,12.78,0.09090909090909091,Turkiye,Upper-mid,Mixed,0.72,0.84,0.94,True
TUR,2016,103.01,10984.4,11350.0,4.63,2.67,1.774,4.28,1110.6,31514194.0,16.6,5.3,10.5,76.595,79277962.0,11.9,0.09523809523809523,Turkiye,Upper-mid,Mixed,0.68,0.84,0.94,True
TUR,2017,104.35,10756.4,11140.0,4.32,2.72,1.805,4.18,1139.1,32535361.0,16.2,5.3,10.1,77.037,80312698.0,11.97,0.09900990099009901,Turkiye,Upper-mid,Mixed,0.74,0.85,0.95,True
TUR,2018,105.77,9684.1,10760.0,4.3,2.75,1.814,4.12,1124.7,33302540.0,15.4,5.2,9.7,77.454,81407204.0,11.83,0.10309278350515465,Turkiye,Upper-mid,Mixed,0.67,0.81,0.95,True
TUR,2019,107.3,9395.2,9970.0,4.45,2.78,1.884,4.36,1200.4,33686201.0,14.4,5.3,9.4,77.737,82579440.0,11.34,0.10638297872340426,Turkiye,Upper-mid,Mixed,0.69,0.79,0.95,True
TUR,2020,108.34,8798.1,9330.0,4.03,2.92,1.989,4.62,1282.4,31770146.0,13.4,6.1,9.1,76.525,83384680.0,11.07,0.10989010989010989,Turkiye,Upper-mid,Mixed,0.65,0.79,0.95,True
TZA,2015,58.73,939.1,970.0,4.19,,,3.65,82.1,24221886.0,37.622,7.002,40.8,63.928,52020962.0,68.79,0.02450980392156863,Tanzania,Lower-mid,Public,,,,False
TZA,2016,60.76,953.0,960.0,4.1,0.46,,3.96,93.6,25187717.0,37.632,6.8,39.3,64.404,53824013.0,68.24,0.025445292620865142,Tanzania,Lower-mid,Public,,,,False
TZA,2017,62.83,986.7,960.0,4.43,,,4.02,97.8,26154191.0,37.611,6.581,37.5,64.963,55652890.0,67.7,0.02666666666666667,Tanzania,Lower-mid,Public,,,,False
TZA,2018,64.84,1023.1,1010.0,3.7,0.44,0.05,4.33,110.0,27078758.0,37.335,6.382,35.9,65.488,57437145.0,67.17,0.02785515320334262,Tanzania,Lower-mid,Public,1.0,1.0,1.0,True
TZA,2019,66.8,1063.3,1050.0,3.6,0.62,,4.02,112.1,27975993.0,36.883,6.183,34.5,66.007,59174891.0,66.65,0.028985507246376812,Tanzania,Lower-mid,Public,,,,False
TZA,2020,68.83,1117.4,1060.0,3.23,0.64,,3.05,93.4,28601375.0,36.437,5.909,33.2,66.771,60972798.0,66.15,0.03012048192771084,Tanzania,Lower-mid,Public,,,,False
URY,2015,19.24,17126.0,17070.0,4.21,2.48,,8.26,1844.5,1724536.0,14.302,9.494,7.5,77.285,3368017.0,4.92,0.13333333333333333,Uruguay,High,Mixed,,,,False
URY,2016,19.31,17009.8,16490.0,4.36,2.51,4.008,8.64,1973.1,1725328.0,13.726,9.581,7.1,77.351,3379283.0,4.84,0.14084507042253522,Uruguay,High,Mixed,0.42,0.57,0.94,True
URY,2017,19.36,19184.7,16720.0,4.42,2.47,5.01,8.72,2057.8,1721302.0,12.707,9.488,6.8,77.618,3388438.0,4.77,0.14705882352941177,Uruguay,High,Mixed,0.43,0.55,0.93,True
URY,2018,19.4,19250.0,17700.0,4.6,2.52,,8.9,2170.4,1718627.0,11.687,9.53,6.5,77.527,3394534.0,4.71,0.15384615384615385,Uruguay,High,Mixed,,,,False
URY,2019,19.41,18315.7,18390.0,4.63,2.5,,9.24,2382.5,1721844.0,10.894,9.754,6.2,77.503,3397206.0,4.65,0.16129032258064516,Uruguay,High,Mixed,,,,False
URY,2020,19.42,15757.5,16130.0,4.55,2.52,,9.09,2337.8,1665492.0,10.41,9.219,6.1,78.381,3398968.0,4.6,0.1639344262295082,Uruguay,High,Mixed,,,,False
USA,2015,35.18,56849.5,56320.0,4.93,2.75,,16.4,9200.9,161927418.0,12.4,8.44,5.8,78.690243902439,321815121.0,19.43,0.1724137931034483,United States,High,Private,,,,False
USA,2016,35.46,57976.6,56830.0,4.78,2.72,,16.69,9535.6,163886456.0,12.2,8.493,5.7,78.5390243902439,324353340.0,19.5,0.17543859649122806,United States,High,Private,,,,False
USA,2017,35.7,60047.7,58860.0,5.09,2.8,,16.64,9822.6,165597316.0,11.8,8.638,5.6,78.5390243902439,326608609.0,19.6,0.17857142857142858,United States,High,Private,,,,False
USA,2018,35.91,62875.7,63040.0,4.9,2.76,2.548,16.51,10180.5,167002008.0,11.6,8.678,5.6,78.6390243902439,328529577.0,19.72,0.17857142857142858,United States,High,Private,0.37,0.57,0.94,True
USA,2019,36.1,65228.0,65840.0,4.96,2.72,3.482,16.54,10550.2,168920514.0,11.4,8.697,5.5,78.7878048780488,330226227.0,19.87,0.18181818181818182,United States,High,Private,0.37,0.58,0.94,True
USA,2020,36.25,64465.3,64630.0,5.4,2.71,3.518,18.52,11648.5,166565253.0,10.9,10.27,5.5,76.9804878048781,331578104.0,20.0,0.18181818181818182,United States,High,Private,0.42,0.54,0.93,True
VNM,2015,296.2,2577.6,2460.0,3.42,2.51,0.795,4.71,361.4,54628714.0,18.498,6.153,15.5,73.955,92823254.0,67.62,0.06451612903225806,Vietnam,Lower-mid,Mixed,0.63,0.7,0.94,True
VNM,2016,299.95,2735.1,2560.0,3.47,2.47,0.825,4.87,407.8,54888312.0,17.313,6.195,15.2,73.984,94000117.0,67.15,0.06578947368421052,Vietnam,Lower-mid,Mixed,0.61,0.73,0.93,True
VNM,2017,303.69,2956.1,2680.0,3.42,2.52,,4.99,457.6,55533898.0,16.764,6.238,14.9,74.026,95176977.0,66.64,0.06711409395973154,Vietnam,Lower-mid,Mixed,,,,False
VNM,2018,307.05,3222.3,3020.0,3.3,,0.881,5.03,503.2,56235855.0,15.438,6.263,14.5,74.1,96237319.0,66.06,0.06896551724137931,Vietnam,Lower-mid,Mixed,,,,False
VNM,2019,310.03,3440.9,3290.0,3.08,,0.99,4.97,548.6,56180127.0,15.513,6.3,14.1,74.211,97173776.0,65.38,0.07092198581560284,Vietnam,Lower-mid,Mixed,,,,False
VNM,2020,312.92,3534.0,3400.0,3.22,,0.856,4.33,502.9,55149609.0,15.234,5.813,13.7,75.383,98079191.0,64.43,0.07299270072992702,Vietnam,Lower-mid,Mixed,,,,False
