"iteration","current","best_so_far"
1,3.5802,3.61
2,3.5464,3.61
3,3.5471,3.61
4,3.5178,3.61
5,3.4103,3.61
6,3.402,3.61
7,3.4096,3.61
8,3.3572,3.61
9,3.3434,3.61
10,3.3471,3.61
11,3.2737,3.61
12,3.3073,3.61
13,3.2607,3.61
14,3.2761,3.61
15,3.2529,3.61
16,3.2541,3.61
17,3.2431,3.61
18,3.275,3.61
19,3.2381,3.61
20,3.261,3.61
21,3.2472,3.61
22,3.239,3.61
23,3.1679,3.61
24,3.2277,3.61
25,3.1959,3.61
26,3.1897,3.61
27,3.059,3.61
28,3.1908,3.61
29,3.1949,3.61
30,3.0911,3.61
31,3.1969,3.61
32,3.2179,3.61
33,3.1428,3.61
34,3.0631,3.61
35,3.0823,3.61
36,3.1151,3.61
37,3.0148,3.61
38,2.9731,3.61
39,2.9631,3.61
40,3.0374,3.61
41,2.9531,3.61
42,2.9491,3.61
43,3.0145,3.61
44,3.0209,3.61
45,3.0257,3.61
46,2.8533,3.61
47,2.9835,3.61
48,2.9504,3.61
49,3.0063,3.61
50,2.9025,3.61
51,2.9775,3.61
52,2.88,3.61
53,2.8997,3.61
54,2.8997,3.61
55,2.9628,3.61
56,2.8868,3.61
57,2.8606,3.61
58,2.8557,3.61
59,2.89,3.61
60,2.7302,3.61
61,2.7715,3.61
62,2.7991,3.61
63,2.842,3.61
64,2.8679,3.61
65,2.8314,3.61
66,2.8026,3.61
67,2.6751,3.61
68,2.7048,3.61
69,2.8498,3.61
70,2.8565,3.61
71,2.7726,3.61
72,2.7209,3.61
73,2.7351,3.61
74,2.7434,3.61
75,2.74,3.61
76,2.6415,3.61
77,2.7832,3.61
78,2.8269,3.61
79,2.7898,3.61
80,2.8285,3.61
81,2.8017,3.61
82,2.7253,3.61
83,2.6701,3.61
84,2.6421,3.61
85,2.7191,3.61
86,2.6315,3.61
87,2.7087,3.61
88,2.6917,3.61
89,2.7538,3.61
90,2.7256,3.61
91,2.7274,3.61
92,2.7226,3.61
93,2.6907,3.61
94,2.6312,3.61
95,2.7305,3.61
96,2.6465,3.61
97,2.6966,3.61
98,2.7395,3.61
99,2.7184,3.61
100,2.6521,3.61
101,2.7005,3.61
102,2.7347,3.61
103,2.7514,3.61
104,2.651,3.61
105,2.6819,3.61
106,2.6761,3.61
107,2.6836,3.61
108,2.6479,3.61
109,2.6744,3.61
110,2.6374,3.61
111,2.6595,3.61
112,2.6443,3.61
113,2.594,3.61
114,2.5865,3.61
115,2.5688,3.61
116,2.5602,3.61
117,2.5708,3.61
118,2.5815,3.61
119,2.5284,3.61
120,2.5035,3.61
121,2.4941,3.61
122,2.5337,3.61
123,2.5316,3.61
124,2.5302,3.61
125,2.5367,3.61
126,2.5056,3.61
127,2.688,3.61
128,2.5845,3.61
129,2.6131,3.61
130,2.6287,3.61
131,2.6532,3.61
132,2.5951,3.61
133,2.5955,3.61
134,2.4072,3.61
135,2.4391,3.61
136,2.4761,3.61
137,2.489,3.61
138,2.5009,3.61
139,2.4918,3.61
140,2.4552,3.61
141,2.4624,3.61
142,2.4779,3.61
143,2.5429,3.61
144,2.4828,3.61
145,2.5197,3.61
146,2.3413,3.61
147,2.4197,3.61
148,2.587,3.61
149,2.3871,3.61
150,2.4201,3.61
151,2.1998,3.61
152,2.1787,3.61
153,2.4366,3.61
154,2.519,3.61
155,2.5322,3.61
156,2.5456,3.61
157,2.5942,3.61
158,2.3267,3.61
159,2.3806,3.61
160,2.362,3.61
161,2.4068,3.61
162,2.2815,3.61
163,2.2621,3.61
164,2.3101,3.61
165,2.328,3.61
166,2.3188,3.61
167,2.3714,3.61
168,2.275,3.61
169,2.2222,3.61
170,2.2279,3.61
171,2.2089,3.61
172,2.1557,3.61
173,2.1112,3.61
174,2.003,3.61
175,2.1277,3.61
176,2.1404,3.61
177,2.0997,3.61
178,2.0827,3.61
179,1.9871,3.61
180,2.0329,3.61
181,2.1386,3.61
182,2.2568,3.61
183,2.1609,3.61
184,2.3483,3.61
185,2.1505,3.61
186,2.061,3.61
187,1.9378,3.61
188,1.9404,3.61
189,1.9603,3.61
190,1.9694,3.61
191,2.006,3.61
192,2.0239,3.61
193,2.1412,3.61
194,2.1274,3.61
195,2.0722,3.61
196,2.1126,3.61
197,1.9079,3.61
198,1.7971,3.61
199,1.8827,3.61
200,1.8572,3.61
201,1.8808,3.61
202,1.8388,3.61
203,1.8468,3.61
204,1.8812,3.61
205,1.8414,3.61
206,2.0565,3.61
207,2.0894,3.61
208,2.0904,3.61
209,2.0734,3.61
210,2.0572,3.61
211,2.0068,3.61
212,1.9742,3.61
213,2.0436,3.61
214,2.0436,3.61
215,2.0349,3.61
216,1.9754,3.61
217,2.0711,3.61
218,2.0462,3.61
219,2.0663,3.61
220,2.0052,3.61
221,1.9507,3.61
222,1.7577,3.61
223,1.9276,3.61
224,1.9011,3.61
225,1.847,3.61
226,1.8511,3.61
227,1.8363,3.61
228,1.8205,3.61
229,1.8617,3.61
230,1.7922,3.61
231,1.7963,3.61
232,1.8651,3.61
233,1.8732,3.61
234,1.9264,3.61
235,1.9381,3.61
236,1.9346,3.61
237,1.9127,3.61
238,1.8719,3.61
239,1.8218,3.61
240,1.8504,3.61
241,1.8129,3.61
242,1.896,3.61
243,1.9376,3.61
244,1.8767,3.61
245,1.8958,3.61
246,1.9199,3.61
247,1.8094,3.61
248,1.7508,3.61
249,1.7496,3.61
250,1.6958,3.61
251,1.9595,3.61
252,1.4756,3.61
253,1.8758,3.61
254,1.8323,3.61
255,1.806,3.61
256,1.8023,3.61
257,1.7824,3.61
258,1.8309,3.61
259,1.8633,3.61
260,1.8434,3.61
261,1.8088,3.61
262,1.8191,3.61
263,1.8127,3.61
264,1.783,3.61
265,1.6862,3.61
266,1.7974,3.61
267,1.764,3.61
268,1.764,3.61
269,1.7092,3.61
270,1.664,3.61
271,1.7001,3.61
272,1.7657,3.61
273,1.5244,3.61
274,1.6081,3.61
275,1.6372,3.61
276,1.68,3.61
277,1.7255,3.61
278,1.652,3.61
279,1.6887,3.61
280,1.7541,3.61
281,1.8915,3.61
282,1.7609,3.61
283,2.0019,3.61
284,1.8557,3.61
285,1.7978,3.61
286,1.7379,3.61
287,1.9258,3.61
288,1.9167,3.61
289,1.9496,3.61
290,2.132,3.61
291,1.6441,3.61
292,2.1084,3.61
293,2.0949,3.61
294,1.8379,3.61
295,1.5719,3.61
296,1.8935,3.61
297,1.8848,3.61
298,1.4576,3.61
299,1.5035,3.61
300,1.5096,3.61
301,1.4917,3.61
302,1.541,3.61
303,1.5028,3.61
304,1.4784,3.61
305,1.4008,3.61
306,1.7294,3.61
307,1.9061,3.61
308,1.9067,3.61
309,1.571,3.61
310,1.5442,3.61
311,1.5459,3.61
312,1.5379,3.61
313,1.8635,3.61
314,1.869,3.61
315,1.8319,3.61
316,1.9269,3.61
317,1.9277,3.61
318,2.0222,3.61
319,1.7298,3.61
320,2.0036,3.61
321,1.7857,3.61
322,1.5984,3.61
323,1.6618,3.61
324,1.7303,3.61
325,1.7287,3.61
326,1.9599,3.61
327,2.0289,3.61
328,1.5855,3.61
329,1.7265,3.61
330,1.6723,3.61
331,1.7898,3.61
332,1.7636,3.61
333,2.0151,3.61
334,1.663,3.61
335,1.7275,3.61
336,1.8686,3.61
337,1.4864,3.61
338,1.7955,3.61
339,1.6376,3.61
340,2.0388,3.61
341,2.0181,3.61
342,1.9041,3.61
343,1.5888,3.61
344,1.6068,3.61
345,1.6779,3.61
346,1.7434,3.61
347,1.7332,3.61
348,1.784,3.61
349,1.9738,3.61
350,2.0781,3.61
351,1.853,3.61
352,1.8617,3.61
353,1.9754,3.61
354,1.9702,3.61
355,2.0081,3.61
356,1.9652,3.61
357,1.9553,3.61
358,1.9548,3.61
359,1.9498,3.61
360,1.9419,3.61
361,1.7766,3.61
362,1.9664,3.61
363,1.7741,3.61
364,1.8093,3.61
365,1.8255,3.61
366,1.7715,3.61
367,1.7874,3.61
368,1.8555,3.61
369,1.7658,3.61
370,1.8493,3.61
371,1.8243,3.61
372,1.8454,3.61
373,1.9529,3.61
374,1.8517,3.61
375,1.9844,3.61
376,1.9547,3.61
377,1.9187,3.61
378,1.9091,3.61
379,1.8601,3.61
380,1.8345,3.61
381,1.8082,3.61
382,1.883,3.61
383,1.796,3.61
384,1.8322,3.61
385,1.7044,3.61
386,1.7002,3.61
387,1.6422,3.61
388,1.7868,3.61
389,1.6261,3.61
390,1.7017,3.61
391,1.7096,3.61
392,1.7204,3.61
393,1.6796,3.61
394,1.6754,3.61
395,1.7189,3.61
396,1.7569,3.61
397,1.7643,3.61
398,1.705,3.61
399,1.6125,3.61
400,1.6278,3.61
401,1.8416,3.61
402,1.7461,3.61
403,1.8806,3.61
404,1.8636,3.61
405,1.7791,3.61
406,1.8565,3.61
407,1.901,3.61
408,1.8649,3.61
409,1.8958,3.61
410,1.9239,3.61
411,1.9298,3.61
412,1.856,3.61
413,1.999,3.61
414,1.999,3.61
415,1.96,3.61
416,1.997,3.61
417,1.9972,3.61
418,1.4962,3.61
419,1.6618,3.61
420,1.6176,3.61
421,1.864,3.61
422,1.9787,3.61
423,2.0144,3.61
424,1.7751,3.61
425,1.8826,3.61
426,1.9168,3.61
427,1.3566,3.61
428,1.5253,3.61
429,1.4856,3.61
430,1.8972,3.61
431,1.7991,3.61
432,1.4609,3.61
433,1.4511,3.61
434,1.4401,3.61
435,1.5922,3.61
436,1.5488,3.61
437,1.5814,3.61
438,1.6982,3.61
439,1.6971,3.61
440,1.7099,3.61
441,1.7231,3.61
442,1.56,3.61
443,1.6985,3.61
444,1.4746,3.61
445,1.7844,3.61
446,1.6881,3.61
447,1.7932,3.61
448,1.8778,3.61
449,1.843,3.61
450,1.7589,3.61
451,1.7589,3.61
452,1.7198,3.61
453,1.7302,3.61
454,1.9951,3.61
455,1.9951,3.61
456,1.8456,3.61
457,1.8437,3.61
458,1.8822,3.61
459,2.1144,3.61
460,1.9456,3.61
461,1.779,3.61
462,1.7993,3.61
463,2.0939,3.61
464,2.0939,3.61
465,1.9262,3.61
466,1.9978,3.61
467,2.2899,3.61
468,2.3336,3.61
469,2.2735,3.61
470,2.3394,3.61
471,2.2274,3.61
472,2.1734,3.61
473,2.1734,3.61
474,2.1734,3.61
475,2.1767,3.61
476,2.1767,3.61
477,2.1271,3.61
478,2.0648,3.61
479,1.9897,3.61
480,2.0736,3.61
481,2.0984,3.61
482,2.214,3.61
483,2.214,3.61
484,1.8429,3.61
485,1.5878,3.61
486,1.6549,3.61
487,1.7471,3.61
488,1.8098,3.61
489,1.8924,3.61
490,1.764,3.61
491,1.7345,3.61
492,1.5714,3.61
493,1.7553,3.61
494,1.9317,3.61
495,2.1642,3.61
496,1.9612,3.61
497,1.9612,3.61
498,2.0699,3.61
499,1.8026,3.61
500,2.0557,3.61
501,1.9518,3.61
502,1.9171,3.61
503,1.9762,3.61
504,2.0467,3.61
505,1.9867,3.61
506,1.9741,3.61
507,1.9406,3.61
508,2.0115,3.61
509,2.0617,3.61
510,2.0841,3.61
511,2.1033,3.61
512,2.1199,3.61
513,2.0067,3.61
514,1.9965,3.61
515,2.1485,3.61
516,2.1358,3.61
517,2.1136,3.61
518,2.1042,3.61
519,2.2564,3.61
520,2.2367,3.61
521,2.2335,3.61
522,2.2086,3.61
523,2.2246,3.61
524,2.186,3.61
525,2.1519,3.61
526,2.164,3.61
527,2.025,3.61
528,1.9565,3.61
529,2.0048,3.61
530,1.9792,3.61
531,2.1563,3.61
532,2.134,3.61
533,2.0926,3.61
534,2.2491,3.61
535,2.1988,3.61
536,2.0077,3.61
537,2.0243,3.61
538,2.0417,3.61
539,2.0174,3.61
540,2.0174,3.61
541,2.1778,3.61
542,1.9819,3.61
543,2.0421,3.61
544,1.9304,3.61
545,1.8125,3.61
546,1.8203,3.61
547,1.9667,3.61
548,1.9226,3.61
549,1.9333,3.61
550,1.9017,3.61
551,1.9263,3.61
552,1.9704,3.61
553,1.9857,3.61
554,1.9389,3.61
555,1.8967,3.61
556,1.8967,3.61
557,1.7942,3.61
558,1.8729,3.61
559,1.8729,3.61
560,1.882,3.61
561,1.8191,3.61
562,1.7291,3.61
563,1.9609,3.61
564,1.929,3.61
565,1.8973,3.61
566,1.9954,3.61
567,2.0149,3.61
568,2.135,3.61
569,2.135,3.61
570,2.0926,3.61
571,2.0643,3.61
572,1.8692,3.61
573,2.0364,3.61
574,1.8829,3.61
575,1.9413,3.61
576,1.9221,3.61
577,1.8946,3.61
578,1.634,3.61
579,1.8387,3.61
580,1.8016,3.61
581,1.825,3.61
582,1.7439,3.61
583,1.7934,3.61
584,1.8049,3.61
585,1.8049,3.61
586,1.7377,3.61
587,1.7509,3.61
588,1.7489,3.61
589,1.6155,3.61
590,1.6342,3.61
591,1.6518,3.61
592,1.6631,3.61
593,1.9281,3.61
594,1.982,3.61
595,1.9007,3.61
596,1.8828,3.61
597,1.8183,3.61
598,1.818,3.61
599,1.8923,3.61
600,1.7896,3.61
601,1.8501,3.61
602,1.8567,3.61
603,1.9042,3.61
604,1.8925,3.61
605,1.8897,3.61
606,1.9937,3.61
607,1.8865,3.61
608,1.8501,3.61
609,1.9148,3.61
610,1.8867,3.61
611,1.6751,3.61
612,1.6934,3.61
613,1.7229,3.61
614,1.6931,3.61
615,1.6907,3.61
616,1.6618,3.61
617,1.7328,3.61
618,1.625,3.61
619,1.6908,3.61
620,1.6908,3.61
621,1.6464,3.61
622,1.6776,3.61
623,1.79,3.61
624,1.718,3.61
625,1.6424,3.61
626,1.5192,3.61
627,1.6454,3.61
628,1.7543,3.61
629,1.8389,3.61
630,1.8348,3.61
631,1.8456,3.61
632,1.7749,3.61
633,1.5933,3.61
634,1.729,3.61
635,1.6073,3.61
636,1.5659,3.61
637,1.4454,3.61
638,1.6125,3.61
639,1.5177,3.61
640,1.579,3.61
641,1.579,3.61
642,1.6157,3.61
643,1.6344,3.61
644,1.6046,3.61
645,1.5271,3.61
646,1.4761,3.61
647,1.3833,3.61
648,1.4876,3.61
649,1.5893,3.61
650,1.6337,3.61
651,1.5771,3.61
652,1.5573,3.61
653,1.458,3.61
654,1.4213,3.61
655,1.3967,3.61
656,1.4873,3.61
657,1.5285,3.61
658,1.5959,3.61
659,1.5879,3.61
660,1.6146,3.61
661,1.6159,3.61
662,1.7066,3.61
663,1.6156,3.61
664,1.5291,3.61
665,1.5291,3.61
666,1.4514,3.61
667,1.433,3.61
668,1.433,3.61
669,1.3412,3.61
670,1.264,3.61
671,1.412,3.61
672,1.3668,3.61
673,1.2419,3.61
674,1.1341,3.61
675,0.9893,3.61
676,0.9383,3.61
677,1.146,3.61
678,0.8996,3.61
679,0.8174,3.61
680,0.9783,3.61
681,0.9363,3.61
682,0.9671,3.61
683,0.878,3.61
684,0.969,3.61
685,1.0839,3.61
686,1.1918,3.61
687,1.2942,3.61
688,1.3965,3.61
689,1.3883,3.61
690,1.4078,3.61
691,1.3677,3.61
692,1.3677,3.61
693,1.2751,3.61
694,1.2492,3.61
695,1.2428,3.61
696,1.3173,3.61
697,1.2283,3.61
698,1.1966,3.61
699,1.2823,3.61
700,1.1967,3.61
701,1.2723,3.61
702,1.2644,3.61
703,1.1939,3.61
704,1.1557,3.61
705,1.1797,3.61
706,1.1575,3.61
707,1.446,3.61
708,1.331,3.61
709,0.884,3.61
710,1.3271,3.61
711,1.407,3.61
712,1.407,3.61
713,1.0167,3.61
714,1.107,3.61
715,1.0463,3.61
716,0.9315,3.61
717,0.9256,3.61
718,1.091,3.61
719,1.1974,3.61
720,1.2432,3.61
721,1.3351,3.61
722,1.3864,3.61
723,1.3864,3.61
724,1.3864,3.61
725,1.2651,3.61
726,1.3249,3.61
727,1.4048,3.61
728,1.3744,3.61
729,1.3243,3.61
730,1.319,3.61
731,1.3535,3.61
732,1.5199,3.61
733,1.5384,3.61
734,1.657,3.61
735,1.657,3.61
736,1.5468,3.61
737,1.5468,3.61
738,1.5644,3.61
739,1.6474,3.61
740,1.6532,3.61
741,1.6532,3.61
742,1.6334,3.61
743,1.7198,3.61
744,1.7467,3.61
745,1.6536,3.61
746,1.7102,3.61
747,1.7266,3.61
748,1.8249,3.61
749,1.7996,3.61
750,1.7806,3.61
751,1.6271,3.61
752,1.747,3.61
753,1.7208,3.61
754,1.6983,3.61
755,1.8073,3.61
756,1.8745,3.61
757,1.9402,3.61
758,1.8983,3.61
759,1.9073,3.61
760,1.8331,3.61
761,1.8705,3.61
762,1.9615,3.61
763,1.9504,3.61
764,1.9493,3.61
765,1.9493,3.61
766,1.9493,3.61
767,1.8947,3.61
768,1.9408,3.61
769,1.7913,3.61
770,1.9342,3.61
771,1.963,3.61
772,1.8235,3.61
773,1.8115,3.61
774,1.9226,3.61
775,1.948,3.61
776,1.9573,3.61
777,1.8001,3.61
778,1.8851,3.61
779,1.9427,3.61
780,2.0128,3.61
781,2.0622,3.61
782,2.0509,3.61
783,1.8756,3.61
784,1.8766,3.61
785,1.8148,3.61
786,1.8473,3.61
787,1.8234,3.61
788,1.8259,3.61
789,1.8259,3.61
790,1.7643,3.61
791,1.921,3.61
792,1.9544,3.61
793,1.9784,3.61
794,2.0031,3.61
795,1.8335,3.61
796,1.7813,3.61
797,1.888,3.61
798,1.888,3.61
799,1.6436,3.61
800,1.8827,3.61
801,1.6421,3.61
802,1.7063,3.61
803,1.7075,3.61
804,1.7492,3.61
805,1.6837,3.61
806,1.6837,3.61
807,1.6732,3.61
808,1.6489,3.61
809,1.6684,3.61
810,1.7536,3.61
811,1.7823,3.61
812,1.7465,3.61
813,1.7746,3.61
814,1.7362,3.61
815,1.7269,3.61
816,1.6474,3.61
817,1.6568,3.61
818,1.701,3.61
819,1.7616,3.61
820,1.7692,3.61
821,1.9703,3.61
822,2.0796,3.61
823,1.8937,3.61
824,2.1498,3.61
825,2.1407,3.61
826,2.1407,3.61
827,2.1407,3.61
828,2.1261,3.61
829,1.9152,3.61
830,1.9642,3.61
831,1.9031,3.61
832,2.098,3.61
833,2.0341,3.61
834,2.0341,3.61
835,2.0588,3.61
836,2.1002,3.61
837,2.0405,3.61
838,2.1158,3.61
839,2.1831,3.61
840,2.0471,3.61
841,2.0994,3.61
842,2.2387,3.61
843,2.1046,3.61
844,2.1046,3.61
845,2.1306,3.61
846,2.1094,3.61
847,1.9743,3.61
848,2.2501,3.61
849,2.1105,3.61
850,1.8795,3.61
851,2.0719,3.61
852,2.0197,3.61
853,2.109,3.61
854,2.0613,3.61
855,2.0814,3.61
856,2.0848,3.61
857,2.2471,3.61
858,2.2065,3.61
859,2.2224,3.61
860,2.2321,3.61
861,2.1914,3.61
862,2.1629,3.61
863,2.1629,3.61
864,2.1599,3.61
865,2.1599,3.61
866,2.1901,3.61
867,2.1883,3.61
868,2.1883,3.61
869,2.1883,3.61
870,2.1322,3.61
871,2.1137,3.61
872,2.0719,3.61
873,2.0837,3.61
874,2.0656,3.61
875,2.0323,3.61
876,2.0612,3.61
877,2.0515,3.61
878,1.9573,3.61
879,1.9573,3.61
880,2.0046,3.61
881,2.0178,3.61
882,2.0729,3.61
883,2.0801,3.61
884,2.0718,3.61
885,2.0718,3.61
886,2.0379,3.61
887,2.0728,3.61
888,1.9844,3.61
889,2.0096,3.61
890,2.0096,3.61
891,2.0094,3.61
892,1.9916,3.61
893,1.9216,3.61
894,1.9057,3.61
895,1.9353,3.61
896,1.9733,3.61
897,1.9674,3.61
898,1.9997,3.61
899,2.0221,3.61
900,2.0166,3.61
901,2.1394,3.61
902,2.1394,3.61
903,2.1397,3.61
904,2.1535,3.61
905,2.1779,3.61
906,2.1779,3.61
907,2.1754,3.61
908,2.1754,3.61
909,2.1754,3.61
910,2.1754,3.61
911,2.1754,3.61
912,2.1754,3.61
913,2.1754,3.61
914,2.1778,3.61
915,2.1778,3.61
916,2.1987,3.61
917,2.1987,3.61
918,2.2219,3.61
919,2.2219,3.61
920,2.2553,3.61
921,2.2658,3.61
922,2.2617,3.61
923,2.2617,3.61
924,2.2617,3.61
925,2.2617,3.61
926,2.2617,3.61
927,2.2617,3.61
928,2.2617,3.61
929,2.2617,3.61
930,2.2726,3.61
931,2.2736,3.61
932,2.2766,3.61
933,2.2811,3.61
934,2.2811,3.61
935,2.2811,3.61
936,2.2811,3.61
937,2.2811,3.61
938,2.2811,3.61
939,2.2811,3.61
940,2.2811,3.61
941,2.2811,3.61
942,2.2943,3.61
943,2.2943,3.61
944,2.2943,3.61
945,2.2959,3.61
946,2.2959,3.61
947,2.296,3.61
948,2.3044,3.61
949,2.315,3.61
950,2.315,3.61
951,2.315,3.61
952,2.315,3.61
953,2.3322,3.61
954,2.3322,3.61
955,2.3322,3.61
956,2.3322,3.61
957,2.3322,3.61
958,2.3322,3.61
959,2.3322,3.61
960,2.3322,3.61
961,2.3322,3.61
962,2.3322,3.61
963,2.3322,3.61
964,2.3436,3.61
965,2.3436,3.61
966,2.3436,3.61
967,2.3436,3.61
968,2.3436,3.61
969,2.3436,3.61
970,2.3422,3.61
971,2.3422,3.61
972,2.3512,3.61
973,2.3546,3.61
974,2.3546,3.61
975,2.3546,3.61
976,2.3546,3.61
977,2.3546,3.61
978,2.3546,3.61
979,2.3546,3.61
980,2.353,3.61
981,2.3451,3.61
982,2.3451,3.61
983,2.3451,3.61
984,2.3451,3.61
985,2.3521,3.61
986,2.3521,3.61
987,2.3521,3.61
988,2.3521,3.61
989,2.3521,3.61
990,2.3521,3.61
991,2.3521,3.61
992,2.3521,3.61
993,2.3521,3.61
994,2.3462,3.61
995,2.3462,3.61
996,2.3462,3.61
997,2.3533,3.61
998,2.3533,3.61
999,2.3533,3.61
1000,2.3624,3.61
1001,2.3624,3.61
1002,2.3624,3.61
1003,2.3624,3.61
1004,2.3624,3.61
1005,2.3753,3.61
1006,2.3753,3.61
1007,2.3753,3.61
1008,2.3753,3.61
1009,2.3753,3.61
1010,2.3753,3.61
1011,2.3753,3.61
1012,2.3753,3.61
1013,2.3767,3.61
1014,2.3767,3.61
1015,2.3763,3.61
1016,2.3763,3.61
1017,2.3763,3.61
1018,2.3763,3.61
1019,2.3763,3.61
1020,2.3763,3.61
1021,2.3843,3.61
1022,2.3994,3.61
1023,2.3994,3.61
1024,2.3994,3.61
1025,2.3994,3.61
1026,2.3994,3.61
1027,2.3994,3.61
1028,2.4024,3.61
1029,2.4024,3.61
1030,2.4024,3.61
1031,2.4024,3.61
1032,2.4024,3.61
1033,2.4024,3.61
1034,2.4024,3.61
1035,2.4024,3.61
1036,2.4024,3.61
1037,2.4024,3.61
1038,2.4024,3.61
1039,2.3866,3.61
1040,2.3866,3.61
1041,2.3866,3.61
1042,2.3866,3.61
1043,2.4006,3.61
1044,2.4006,3.61
1045,2.4006,3.61
1046,2.4006,3.61
1047,2.4006,3.61
1048,2.4006,3.61
1049,2.4021,3.61
1050,2.4021,3.61
1051,2.4021,3.61
1052,2.4021,3.61
1053,2.4021,3.61
1054,2.4204,3.61
1055,2.4226,3.61
1056,2.425,3.61
1057,2.425,3.61
1058,2.4565,3.61
1059,2.4565,3.61
1060,2.4565,3.61
1061,2.4565,3.61
1062,2.4565,3.61
1063,2.4583,3.61
1064,2.4583,3.61
1065,2.4583,3.61
1066,2.4583,3.61
1067,2.4583,3.61
1068,2.4583,3.61
1069,2.4583,3.61
1070,2.4583,3.61
1071,2.4655,3.61
1072,2.4655,3.61
1073,2.4626,3.61
1074,2.4626,3.61
1075,2.4657,3.61
1076,2.4657,3.61
1077,2.4657,3.61
1078,2.4657,3.61
1079,2.4657,3.61
1080,2.4657,3.61
1081,2.4657,3.61
1082,2.4657,3.61
1083,2.463,3.61
1084,2.463,3.61
1085,2.463,3.61
1086,2.472,3.61
1087,2.4663,3.61
1088,2.4663,3.61
1089,2.4663,3.61
1090,2.4663,3.61
1091,2.4663,3.61
1092,2.4663,3.61
1093,2.4663,3.61
1094,2.4663,3.61
1095,2.4663,3.61
1096,2.4663,3.61
1097,2.4663,3.61
1098,2.4663,3.61
1099,2.4663,3.61
1100,2.4663,3.61
1101,2.4663,3.61
1102,2.4663,3.61
1103,2.4663,3.61
1104,2.4691,3.61
1105,2.4701,3.61
1106,2.471,3.61
1107,2.4764,3.61
1108,2.4764,3.61
1109,2.487,3.61
1110,2.487,3.61
1111,2.487,3.61
1112,2.487,3.61
1113,2.4865,3.61
1114,2.4805,3.61
1115,2.4982,3.61
1116,2.4982,3.61
1117,2.4982,3.61
1118,2.4982,3.61
1119,2.4982,3.61
1120,2.4982,3.61
1121,2.4982,3.61
1122,2.4982,3.61
1123,2.4982,3.61
1124,2.4992,3.61
1125,2.4992,3.61
1126,2.4992,3.61
1127,2.4992,3.61
1128,2.4992,3.61
1129,2.5021,3.61
1130,2.5021,3.61
1131,2.5021,3.61
1132,2.5021,3.61
1133,2.5021,3.61
1134,2.5021,3.61
1135,2.5021,3.61
1136,2.5021,3.61
1137,2.5021,3.61
1138,2.5021,3.61
1139,2.5021,3.61
1140,2.5021,3.61
1141,2.5021,3.61
1142,2.5021,3.61
1143,2.5021,3.61
1144,2.5021,3.61
1145,2.5021,3.61
1146,2.5021,3.61
1147,2.5021,3.61
1148,2.5021,3.61
1149,2.5021,3.61
1150,2.5021,3.61
1151,2.5021,3.61
1152,2.5021,3.61
1153,2.5021,3.61
1154,2.5021,3.61
1155,2.504,3.61
1156,2.504,3.61
1157,2.504,3.61
1158,2.504,3.61
1159,2.504,3.61
1160,2.504,3.61
1161,2.504,3.61
1162,2.504,3.61
1163,2.5037,3.61
1164,2.5037,3.61
1165,2.5037,3.61
1166,2.5022,3.61
1167,2.5022,3.61
1168,2.5022,3.61
1169,2.5022,3.61
1170,2.5022,3.61
1171,2.5022,3.61
1172,2.5022,3.61
1173,2.5022,3.61
1174,2.5066,3.61
1175,2.5066,3.61
1176,2.5066,3.61
1177,2.4981,3.61
1178,2.4981,3.61
1179,2.4999,3.61
1180,2.4999,3.61
1181,2.4999,3.61
1182,2.4999,3.61
1183,2.4999,3.61
1184,2.5019,3.61
1185,2.5019,3.61
1186,2.5019,3.61
1187,2.5019,3.61
1188,2.5019,3.61
1189,2.5019,3.61
1190,2.5019,3.61
1191,2.5019,3.61
1192,2.5019,3.61
1193,2.5019,3.61
1194,2.5019,3.61
1195,2.5019,3.61
1196,2.5019,3.61
1197,2.5019,3.61
1198,2.5019,3.61
1199,2.5019,3.61
1200,2.5019,3.61
1201,2.498,3.61
1202,2.498,3.61
1203,2.498,3.61
1204,2.498,3.61
1205,2.5144,3.61
1206,2.5144,3.61
1207,2.5144,3.61
1208,2.5207,3.61
1209,2.5207,3.61
1210,2.5207,3.61
1211,2.5207,3.61
1212,2.5207,3.61
1213,2.5207,3.61
1214,2.5207,3.61
1215,2.5207,3.61
1216,2.5207,3.61
1217,2.5207,3.61
1218,2.5207,3.61
1219,2.5207,3.61
1220,2.5207,3.61
1221,2.5207,3.61
1222,2.5207,3.61
1223,2.5207,3.61
1224,2.5207,3.61
1225,2.5207,3.61
1226,2.5207,3.61
1227,2.5207,3.61
1228,2.5207,3.61
1229,2.5207,3.61
1230,2.5107,3.61
1231,2.5124,3.61
1232,2.5124,3.61
1233,2.5124,3.61
1234,2.5124,3.61
1235,2.5124,3.61
1236,2.5122,3.61
1237,2.5122,3.61
1238,2.5122,3.61
1239,2.5122,3.61
1240,2.5123,3.61
1241,2.5123,3.61
1242,2.5123,3.61
1243,2.5123,3.61
1244,2.5032,3.61
1245,2.5032,3.61
1246,2.5032,3.61
1247,2.5027,3.61
1248,2.5027,3.61
1249,2.5168,3.61
1250,2.5168,3.61
1251,2.5184,3.61
1252,2.5184,3.61
1253,2.5184,3.61
1254,2.5203,3.61
1255,2.5203,3.61
1256,2.5203,3.61
1257,2.5203,3.61
1258,2.5203,3.61
1259,2.516,3.61
1260,2.516,3.61
1261,2.516,3.61
1262,2.516,3.61
1263,2.5197,3.61
1264,2.5197,3.61
1265,2.5228,3.61
1266,2.5228,3.61
1267,2.5228,3.61
1268,2.5228,3.61
1269,2.5228,3.61
1270,2.5228,3.61
1271,2.5232,3.61
1272,2.5232,3.61
1273,2.5195,3.61
1274,2.5195,3.61
1275,2.5195,3.61
1276,2.5195,3.61
1277,2.5195,3.61
1278,2.5195,3.61
1279,2.5231,3.61
1280,2.5231,3.61
1281,2.5231,3.61
1282,2.5231,3.61
1283,2.5231,3.61
1284,2.5311,3.61
1285,2.5311,3.61
1286,2.5311,3.61
1287,2.5311,3.61
1288,2.5311,3.61
1289,2.534,3.61
1290,2.5353,3.61
1291,2.5386,3.61
1292,2.5386,3.61
1293,2.5386,3.61
1294,2.5386,3.61
1295,2.5386,3.61
1296,2.5415,3.61
1297,2.5385,3.61
1298,2.5412,3.61
1299,2.5412,3.61
1300,2.5367,3.61
1301,2.5405,3.61
1302,2.5405,3.61
1303,2.5405,3.61
1304,2.5405,3.61
1305,2.5353,3.61
1306,2.5353,3.61
1307,2.5353,3.61
1308,2.5353,3.61
1309,2.5353,3.61
1310,2.5353,3.61
1311,2.5353,3.61
1312,2.5374,3.61
1313,2.5374,3.61
1314,2.5374,3.61
1315,2.5286,3.61
1316,2.5323,3.61
1317,2.5323,3.61
1318,2.5323,3.61
1319,2.5323,3.61
1320,2.5323,3.61
1321,2.5327,3.61
1322,2.5327,3.61
1323,2.5353,3.61
1324,2.5353,3.61
1325,2.5353,3.61
1326,2.5347,3.61
1327,2.5399,3.61
1328,2.5399,3.61
1329,2.5399,3.61
1330,2.5399,3.61
1331,2.54,3.61
1332,2.54,3.61
1333,2.54,3.61
1334,2.5399,3.61
1335,2.5399,3.61
1336,2.5399,3.61
1337,2.5336,3.61
1338,2.5336,3.61
1339,2.5341,3.61
1340,2.5385,3.61
1341,2.5385,3.61
1342,2.5505,3.61
1343,2.5505,3.61
1344,2.5505,3.61
1345,2.5505,3.61
1346,2.5543,3.61
1347,2.5607,3.61
1348,2.5541,3.61
1349,2.5603,3.61
1350,2.5603,3.61
1351,2.5603,3.61
1352,2.5603,3.61
1353,2.5603,3.61
1354,2.5603,3.61
1355,2.5603,3.61
1356,2.5603,3.61
1357,2.5603,3.61
1358,2.5603,3.61
1359,2.5603,3.61
1360,2.5603,3.61
1361,2.5603,3.61
1362,2.5603,3.61
1363,2.5603,3.61
1364,2.5603,3.61
1365,2.5603,3.61
1366,2.5637,3.61
1367,2.5637,3.61
1368,2.5637,3.61
1369,2.5637,3.61
1370,2.5637,3.61
1371,2.5637,3.61
1372,2.5637,3.61
1373,2.5637,3.61
1374,2.5637,3.61
1375,2.5637,3.61
1376,2.5637,3.61
1377,2.5637,3.61
1378,2.5637,3.61
1379,2.5637,3.61
1380,2.5637,3.61
1381,2.5648,3.61
1382,2.5648,3.61
1383,2.5648,3.61
1384,2.5648,3.61
1385,2.5658,3.61
1386,2.5658,3.61
1387,2.5658,3.61
1388,2.5658,3.61
1389,2.5658,3.61
1390,2.5658,3.61
1391,2.5705,3.61
1392,2.5705,3.61
1393,2.5705,3.61
1394,2.5705,3.61
1395,2.5705,3.61
1396,2.5743,3.61
1397,2.5746,3.61
1398,2.5888,3.61
1399,2.5954,3.61
1400,2.5954,3.61
1401,2.5954,3.61
1402,2.5954,3.61
1403,2.5954,3.61
1404,2.5954,3.61
1405,2.5983,3.61
1406,2.606,3.61
1407,2.606,3.61
1408,2.606,3.61
1409,2.606,3.61
1410,2.606,3.61
1411,2.606,3.61
1412,2.6066,3.61
1413,2.6066,3.61
1414,2.6066,3.61
1415,2.6066,3.61
1416,2.6066,3.61
1417,2.6066,3.61
1418,2.6089,3.61
1419,2.6089,3.61
1420,2.6089,3.61
1421,2.6089,3.61
1422,2.6089,3.61
1423,2.6108,3.61
1424,2.6108,3.61
1425,2.6108,3.61
1426,2.6108,3.61
1427,2.6108,3.61
1428,2.6108,3.61
1429,2.6108,3.61
1430,2.6108,3.61
1431,2.6108,3.61
1432,2.6108,3.61
1433,2.6108,3.61
1434,2.6137,3.61
1435,2.6137,3.61
1436,2.6137,3.61
1437,2.6137,3.61
1438,2.6137,3.61
1439,2.6137,3.61
1440,2.6137,3.61
1441,2.6137,3.61
1442,2.6137,3.61
1443,2.6166,3.61
1444,2.6166,3.61
1445,2.6166,3.61
1446,2.6166,3.61
1447,2.6166,3.61
1448,2.6176,3.61
1449,2.6176,3.61
1450,2.6211,3.61
1451,2.6211,3.61
1452,2.6211,3.61
1453,2.6211,3.61
1454,2.6211,3.61
1455,2.6211,3.61
1456,2.6211,3.61
1457,2.6211,3.61
1458,2.6211,3.61
1459,2.6211,3.61
1460,2.6233,3.61
1461,2.6233,3.61
1462,2.6233,3.61
1463,2.6233,3.61
1464,2.6233,3.61
1465,2.6233,3.61
1466,2.6233,3.61
1467,2.6233,3.61
1468,2.6233,3.61
1469,2.6233,3.61
1470,2.6233,3.61
1471,2.6233,3.61
1472,2.6233,3.61
1473,2.6233,3.61
1474,2.6233,3.61
1475,2.6233,3.61
1476,2.6233,3.61
1477,2.6233,3.61
1478,2.6233,3.61
1479,2.6233,3.61
1480,2.6233,3.61
1481,2.6233,3.61
1482,2.6233,3.61
1483,2.6233,3.61
1484,2.6233,3.61
1485,2.6233,3.61
1486,2.6233,3.61
1487,2.6233,3.61
1488,2.6233,3.61
1489,2.6233,3.61
1490,2.6233,3.61
1491,2.6233,3.61
1492,2.6233,3.61
1493,2.6233,3.61
1494,2.6241,3.61
1495,2.6241,3.61
1496,2.6241,3.61
1497,2.6241,3.61
1498,2.6241,3.61
1499,2.6241,3.61
1500,2.6241,3.61
1501,2.6241,3.61
1502,2.6241,3.61
1503,2.6241,3.61
1504,2.6241,3.61
1505,2.6241,3.61
1506,2.6241,3.61
1507,2.6241,3.61
1508,2.6241,3.61
1509,2.6241,3.61
1510,2.6241,3.61
1511,2.6241,3.61
1512,2.6241,3.61
1513,2.6241,3.61
1514,2.6241,3.61
1515,2.6241,3.61
1516,2.6241,3.61
1517,2.6241,3.61
1518,2.6241,3.61
1519,2.6241,3.61
1520,2.6241,3.61
1521,2.6241,3.61
1522,2.6241,3.61
1523,2.6241,3.61
1524,2.6241,3.61
1525,2.6241,3.61
1526,2.6241,3.61
1527,2.6241,3.61
1528,2.6241,3.61
1529,2.6241,3.61
1530,2.6241,3.61
1531,2.6241,3.61
1532,2.6241,3.61
1533,2.6241,3.61
1534,2.6241,3.61
1535,2.6241,3.61
1536,2.6241,3.61
1537,2.6241,3.61
1538,2.6241,3.61
1539,2.6241,3.61
1540,2.6241,3.61
1541,2.6241,3.61
1542,2.6241,3.61
1543,2.6241,3.61
1544,2.6241,3.61
1545,2.6241,3.61
1546,2.6241,3.61
1547,2.6241,3.61
1548,2.6241,3.61
1549,2.6241,3.61
1550,2.6241,3.61
1551,2.6241,3.61
1552,2.6241,3.61
1553,2.6241,3.61
1554,2.6241,3.61
1555,2.6241,3.61
1556,2.6313,3.61
1557,2.6313,3.61
1558,2.6313,3.61
1559,2.6313,3.61
1560,2.6313,3.61
1561,2.6313,3.61
1562,2.6313,3.61
1563,2.6355,3.61
1564,2.6355,3.61
1565,2.6355,3.61
1566,2.6355,3.61
1567,2.6355,3.61
1568,2.6355,3.61
1569,2.6355,3.61
1570,2.6355,3.61
1571,2.6374,3.61
1572,2.6374,3.61
1573,2.6374,3.61
1574,2.6374,3.61
1575,2.6374,3.61
1576,2.6374,3.61
1577,2.6374,3.61
1578,2.6374,3.61
1579,2.6374,3.61
1580,2.6374,3.61
1581,2.6374,3.61
1582,2.6374,3.61
1583,2.6374,3.61
1584,2.6374,3.61
1585,2.6374,3.61
1586,2.6374,3.61
1587,2.6374,3.61
1588,2.6374,3.61
1589,2.6374,3.61
1590,2.6374,3.61
1591,2.6374,3.61
1592,2.6374,3.61
1593,2.6374,3.61
1594,2.6374,3.61
1595,2.6374,3.61
1596,2.6374,3.61
1597,2.6374,3.61
1598,2.6374,3.61
1599,2.6374,3.61
1600,2.6374,3.61
1601,2.6374,3.61
1602,2.6374,3.61
1603,2.6374,3.61
1604,2.6374,3.61
1605,2.6374,3.61
1606,2.6431,3.61
1607,2.6431,3.61
1608,2.6431,3.61
1609,2.6431,3.61
1610,2.6431,3.61
1611,2.6527,3.61
1612,2.6527,3.61
1613,2.6527,3.61
1614,2.6527,3.61
1615,2.6531,3.61
1616,2.6531,3.61
1617,2.6531,3.61
1618,2.6531,3.61
1619,2.6531,3.61
1620,2.6531,3.61
1621,2.6531,3.61
1622,2.6531,3.61
1623,2.6531,3.61
1624,2.6563,3.61
1625,2.6563,3.61
1626,2.6563,3.61
1627,2.6563,3.61
1628,2.6563,3.61
1629,2.6563,3.61
1630,2.6563,3.61
1631,2.6563,3.61
1632,2.6563,3.61
1633,2.6563,3.61
1634,2.6563,3.61
1635,2.6563,3.61
1636,2.6563,3.61
1637,2.6563,3.61
1638,2.6563,3.61
1639,2.6563,3.61
1640,2.6563,3.61
1641,2.6656,3.61
1642,2.6656,3.61
1643,2.6656,3.61
1644,2.6656,3.61
1645,2.6656,3.61
1646,2.6656,3.61
1647,2.6656,3.61
1648,2.6656,3.61
1649,2.6656,3.61
1650,2.6656,3.61
1651,2.6656,3.61
1652,2.6656,3.61
1653,2.6656,3.61
1654,2.6656,3.61
1655,2.6656,3.61
1656,2.6656,3.61
1657,2.6656,3.61
1658,2.6656,3.61
1659,2.6656,3.61
1660,2.6656,3.61
1661,2.6656,3.61
1662,2.6656,3.61
1663,2.6656,3.61
1664,2.6656,3.61
1665,2.6656,3.61
1666,2.6656,3.61
1667,2.6656,3.61
1668,2.6656,3.61
1669,2.6656,3.61
1670,2.6656,3.61
1671,2.6656,3.61
1672,2.6656,3.61
1673,2.6656,3.61
1674,2.6656,3.61
1675,2.6656,3.61
1676,2.6656,3.61
1677,2.6656,3.61
1678,2.6656,3.61
1679,2.6656,3.61
1680,2.6656,3.61
1681,2.6656,3.61
1682,2.6656,3.61
1683,2.6656,3.61
1684,2.6656,3.61
1685,2.6656,3.61
1686,2.6656,3.61
1687,2.6656,3.61
1688,2.6656,3.61
1689,2.6656,3.61
1690,2.6656,3.61
1691,2.6656,3.61
1692,2.6656,3.61
1693,2.6656,3.61
1694,2.6656,3.61
1695,2.6656,3.61
1696,2.6656,3.61
1697,2.6656,3.61
1698,2.6656,3.61
1699,2.6656,3.61
1700,2.6656,3.61
1701,2.6656,3.61
1702,2.6656,3.61
1703,2.6656,3.61
1704,2.6656,3.61
1705,2.6656,3.61
1706,2.6656,3.61
1707,2.6656,3.61
1708,2.6656,3.61
1709,2.6656,3.61
1710,2.6656,3.61
1711,2.6656,3.61
1712,2.6656,3.61
1713,2.6656,3.61
1714,2.6656,3.61
1715,2.6735,3.61
1716,2.6735,3.61
1717,2.6735,3.61
1718,2.6735,3.61
1719,2.6738,3.61
1720,2.6738,3.61
1721,2.6738,3.61
1722,2.6738,3.61
1723,2.6738,3.61
1724,2.6738,3.61
1725,2.6738,3.61
1726,2.6738,3.61
1727,2.6738,3.61
1728,2.6738,3.61
1729,2.6738,3.61
1730,2.6738,3.61
1731,2.6738,3.61
1732,2.6738,3.61
1733,2.6738,3.61
1734,2.6738,3.61
1735,2.6738,3.61
1736,2.6738,3.61
1737,2.6738,3.61
1738,2.6738,3.61
1739,2.6738,3.61
1740,2.6738,3.61
1741,2.6738,3.61
1742,2.6738,3.61
1743,2.6738,3.61
1744,2.6738,3.61
1745,2.6738,3.61
1746,2.6738,3.61
1747,2.6738,3.61
1748,2.6738,3.61
1749,2.6738,3.61
1750,2.6738,3.61
1751,2.6738,3.61
1752,2.6738,3.61
1753,2.6738,3.61
1754,2.6738,3.61
1755,2.6738,3.61
1756,2.675,3.61
1757,2.675,3.61
1758,2.675,3.61
1759,2.675,3.61
1760,2.675,3.61
1761,2.675,3.61
1762,2.675,3.61
1763,2.675,3.61
1764,2.675,3.61
1765,2.675,3.61
1766,2.675,3.61
1767,2.675,3.61
1768,2.675,3.61
1769,2.675,3.61
1770,2.675,3.61
1771,2.675,3.61
1772,2.675,3.61
1773,2.675,3.61
1774,2.675,3.61
1775,2.675,3.61
1776,2.675,3.61
1777,2.675,3.61
1778,2.675,3.61
1779,2.675,3.61
1780,2.675,3.61
1781,2.675,3.61
1782,2.675,3.61
1783,2.676,3.61
1784,2.676,3.61
1785,2.676,3.61
1786,2.676,3.61
1787,2.676,3.61
1788,2.676,3.61
1789,2.676,3.61
1790,2.676,3.61
1791,2.6766,3.61
1792,2.6766,3.61
1793,2.6766,3.61
1794,2.6766,3.61
1795,2.6766,3.61
1796,2.6766,3.61
1797,2.6766,3.61
1798,2.6766,3.61
1799,2.6766,3.61
1800,2.6766,3.61
1801,2.6766,3.61
1802,2.6766,3.61
1803,2.6766,3.61
1804,2.6766,3.61
1805,2.6766,3.61
1806,2.6766,3.61
1807,2.6766,3.61
1808,2.6766,3.61
1809,2.6766,3.61
1810,2.6766,3.61
1811,2.6766,3.61
1812,2.6766,3.61
1813,2.6766,3.61
1814,2.6766,3.61
1815,2.6766,3.61
1816,2.6766,3.61
1817,2.6766,3.61
1818,2.6766,3.61
1819,2.6766,3.61
1820,2.6766,3.61
1821,2.6766,3.61
1822,2.6766,3.61
1823,2.6766,3.61
1824,2.6766,3.61
1825,2.6766,3.61
1826,2.6766,3.61
1827,2.6766,3.61
1828,2.6766,3.61
1829,2.6766,3.61
1830,2.6766,3.61
1831,2.6766,3.61
1832,2.6766,3.61
1833,2.6766,3.61
1834,2.6766,3.61
1835,2.6766,3.61
1836,2.6766,3.61
1837,2.6766,3.61
1838,2.6766,3.61
1839,2.6766,3.61
1840,2.6766,3.61
1841,2.6766,3.61
1842,2.6766,3.61
1843,2.6766,3.61
1844,2.6766,3.61
1845,2.6766,3.61
1846,2.6766,3.61
1847,2.6766,3.61
1848,2.6766,3.61
1849,2.6766,3.61
1850,2.6766,3.61
1851,2.6766,3.61
1852,2.6766,3.61
1853,2.6766,3.61
1854,2.6766,3.61
1855,2.6766,3.61
1856,2.6766,3.61
1857,2.6766,3.61
1858,2.6766,3.61
1859,2.6766,3.61
1860,2.6766,3.61
1861,2.6766,3.61
1862,2.6766,3.61
1863,2.6766,3.61
1864,2.6766,3.61
1865,2.6766,3.61
1866,2.6766,3.61
1867,2.6766,3.61
1868,2.6766,3.61
1869,2.6766,3.61
1870,2.6766,3.61
1871,2.6766,3.61
1872,2.6766,3.61
1873,2.6766,3.61
1874,2.6766,3.61
1875,2.6766,3.61
1876,2.6766,3.61
1877,2.6766,3.61
1878,2.6766,3.61
1879,2.6766,3.61
1880,2.6766,3.61
1881,2.6766,3.61
1882,2.6766,3.61
1883,2.6766,3.61
1884,2.6839,3.61
1885,2.6839,3.61
1886,2.6839,3.61
1887,2.6839,3.61
1888,2.6839,3.61
1889,2.6839,3.61
1890,2.6839,3.61
1891,2.6839,3.61
1892,2.6839,3.61
1893,2.6839,3.61
1894,2.6839,3.61
1895,2.6839,3.61
1896,2.6839,3.61
1897,2.6839,3.61
1898,2.6839,3.61
1899,2.6839,3.61
1900,2.6839,3.61
1901,2.6839,3.61
1902,2.6839,3.61
1903,2.6839,3.61
1904,2.6839,3.61
1905,2.6839,3.61
1906,2.6839,3.61
1907,2.6839,3.61
1908,2.6839,3.61
1909,2.6839,3.61
1910,2.6839,3.61
1911,2.6839,3.61
1912,2.6839,3.61
1913,2.6839,3.61
1914,2.6839,3.61
1915,2.6839,3.61
1916,2.6839,3.61
1917,2.6839,3.61
1918,2.6839,3.61
1919,2.6839,3.61
1920,2.6839,3.61
1921,2.6839,3.61
1922,2.6839,3.61
1923,2.6839,3.61
1924,2.6839,3.61
1925,2.6839,3.61
1926,2.6839,3.61
1927,2.6839,3.61
1928,2.6839,3.61
1929,2.6839,3.61
1930,2.6839,3.61
1931,2.6839,3.61
1932,2.6839,3.61
1933,2.6861,3.61
1934,2.6861,3.61
1935,2.6861,3.61
1936,2.6861,3.61
1937,2.6861,3.61
1938,2.6861,3.61
1939,2.6861,3.61
1940,2.6861,3.61
1941,2.6861,3.61
1942,2.6861,3.61
1943,2.6861,3.61
1944,2.6861,3.61
1945,2.6861,3.61
1946,2.6861,3.61
1947,2.6861,3.61
1948,2.6861,3.61
1949,2.6861,3.61
1950,2.6861,3.61
1951,2.6861,3.61
1952,2.6861,3.61
1953,2.6861,3.61
1954,2.6861,3.61
1955,2.6861,3.61
1956,2.6861,3.61
1957,2.6861,3.61
1958,2.6861,3.61
1959,2.6861,3.61
1960,2.6861,3.61
1961,2.6861,3.61
1962,2.6861,3.61
1963,2.6861,3.61
1964,2.6861,3.61
1965,2.6861,3.61
1966,2.6861,3.61
1967,2.6861,3.61
1968,2.6861,3.61
1969,2.6861,3.61
1970,2.6861,3.61
1971,2.6861,3.61
1972,2.6861,3.61
1973,2.6861,3.61
1974,2.6871,3.61
1975,2.6871,3.61
1976,2.6871,3.61
1977,2.6871,3.61
1978,2.6871,3.61
1979,2.6871,3.61
1980,2.6871,3.61
1981,2.6871,3.61
1982,2.6871,3.61
1983,2.6871,3.61
1984,2.6871,3.61
1985,2.6871,3.61
1986,2.6871,3.61
1987,2.6871,3.61
1988,2.6871,3.61
1989,2.6871,3.61
1990,2.6871,3.61
1991,2.6871,3.61
1992,2.6871,3.61
1993,2.6871,3.61
1994,2.6871,3.61
1995,2.6871,3.61
1996,2.6871,3.61
1997,2.6871,3.61
1998,2.6871,3.61
1999,2.6871,3.61
2000,2.6871,3.61
2001,2.6871,3.61
2002,2.6871,3.61
2003,2.6871,3.61
2004,2.6871,3.61
2005,2.6871,3.61
2006,2.6871,3.61
2007,2.6871,3.61
2008,2.6871,3.61
2009,2.6871,3.61
2010,2.6871,3.61
2011,2.6871,3.61
2012,2.6871,3.61
2013,2.6871,3.61
2014,2.6871,3.61
2015,2.6871,3.61
2016,2.6871,3.61
2017,2.6871,3.61
2018,2.6871,3.61
2019,2.6871,3.61
2020,2.6871,3.61
2021,2.6871,3.61
2022,2.6871,3.61
2023,2.6871,3.61
2024,2.6871,3.61
2025,2.6871,3.61
2026,2.6871,3.61
2027,2.6871,3.61
2028,2.6871,3.61
2029,2.6871,3.61
2030,2.6871,3.61
2031,2.6871,3.61
2032,2.6871,3.61
2033,2.6871,3.61
2034,2.6871,3.61
2035,2.6871,3.61
2036,2.6871,3.61
2037,2.6871,3.61
2038,2.6871,3.61
2039,2.6871,3.61
2040,2.6871,3.61
2041,2.6871,3.61
2042,2.6871,3.61
2043,2.6871,3.61
2044,2.6871,3.61
2045,2.6871,3.61
2046,2.6871,3.61
2047,2.6871,3.61
2048,2.6871,3.61
2049,2.6871,3.61
2050,2.6871,3.61
2051,2.6871,3.61
2052,2.6871,3.61
2053,2.6871,3.61
2054,2.6871,3.61
2055,2.6871,3.61
2056,2.6871,3.61
2057,2.6871,3.61
2058,2.6871,3.61
2059,2.6871,3.61
2060,2.6871,3.61
2061,2.6871,3.61
2062,2.6871,3.61
2063,2.6871,3.61
2064,2.6871,3.61
2065,2.6871,3.61
2066,2.6871,3.61
2067,2.6871,3.61
2068,2.6871,3.61
2069,2.6871,3.61
2070,2.6871,3.61
2071,2.6871,3.61
2072,2.6871,3.61
2073,2.6871,3.61
2074,2.6871,3.61
2075,2.6871,3.61
2076,2.6871,3.61
2077,2.6871,3.61
2078,2.6871,3.61
2079,2.6871,3.61
2080,2.6871,3.61
2081,2.6871,3.61
2082,2.6871,3.61
2083,2.6871,3.61
2084,2.6871,3.61
2085,2.6871,3.61
2086,2.6871,3.61
2087,2.6871,3.61
2088,2.6871,3.61
2089,2.6871,3.61
2090,2.6871,3.61
2091,2.6871,3.61
2092,2.6871,3.61
2093,2.6871,3.61
2094,2.6871,3.61
2095,2.6871,3.61
2096,2.6871,3.61
2097,2.6871,3.61
2098,2.6871,3.61
2099,2.6871,3.61
2100,2.6871,3.61
2101,2.6871,3.61
2102,2.6871,3.61
2103,2.6871,3.61
2104,2.6871,3.61
2105,2.6871,3.61
2106,2.6871,3.61
2107,2.6871,3.61
2108,2.6871,3.61
2109,2.6871,3.61
2110,2.6871,3.61
2111,2.6871,3.61
2112,2.6871,3.61
2113,2.6871,3.61
2114,2.6871,3.61
2115,2.6871,3.61
2116,2.6871,3.61
2117,2.6871,3.61
2118,2.6871,3.61
2119,2.6871,3.61
2120,2.6871,3.61
2121,2.6871,3.61
2122,2.6871,3.61
2123,2.6871,3.61
2124,2.6871,3.61
2125,2.6871,3.61
2126,2.6871,3.61
2127,2.6871,3.61
2128,2.6871,3.61
2129,2.6871,3.61
2130,2.6871,3.61
2131,2.6871,3.61
2132,2.6871,3.61
2133,2.6871,3.61
2134,2.6871,3.61
2135,2.6871,3.61
2136,2.6871,3.61
2137,2.6871,3.61
2138,2.6871,3.61
2139,2.6871,3.61
2140,2.6871,3.61
2141,2.6871,3.61
2142,2.6871,3.61
2143,2.6871,3.61
2144,2.6871,3.61
2145,2.6871,3.61
2146,2.6871,3.61
2147,2.6871,3.61
2148,2.6871,3.61
2149,2.6871,3.61
2150,2.6871,3.61
2151,2.6871,3.61
2152,2.6871,3.61
2153,2.6871,3.61
2154,2.6871,3.61
2155,2.6871,3.61
2156,2.6871,3.61
2157,2.6871,3.61
2158,2.6871,3.61
2159,2.6871,3.61
2160,2.6871,3.61
2161,2.6871,3.61
2162,2.6871,3.61
2163,2.6871,3.61
2164,2.6871,3.61
2165,2.6871,3.61
2166,2.6871,3.61
2167,2.6871,3.61
2168,2.6871,3.61
2169,2.6871,3.61
2170,2.6871,3.61
2171,2.6871,3.61
2172,2.6871,3.61
2173,2.6871,3.61
2174,2.6871,3.61
2175,2.6871,3.61
2176,2.6871,3.61
2177,2.6871,3.61
2178,2.6871,3.61
2179,2.6871,3.61
2180,2.6871,3.61
2181,2.6871,3.61
2182,2.6871,3.61
2183,2.6871,3.61
2184,2.6871,3.61
2185,2.6871,3.61
2186,2.6871,3.61
2187,2.6871,3.61
2188,2.6871,3.61
2189,2.6871,3.61
2190,2.6871,3.61
2191,2.6871,3.61
2192,2.6871,3.61
2193,2.6871,3.61
2194,2.6871,3.61
2195,2.6871,3.61
2196,2.6871,3.61
2197,2.6871,3.61
2198,2.6871,3.61
2199,2.6871,3.61
2200,2.6871,3.61
2201,2.6871,3.61
2202,2.6871,3.61
2203,2.6871,3.61
2204,2.6871,3.61
2205,2.6871,3.61
2206,2.6871,3.61
2207,2.6871,3.61
2208,2.6871,3.61
2209,2.6871,3.61
2210,2.6871,3.61
2211,2.6871,3.61
2212,2.6871,3.61
2213,2.6871,3.61
2214,2.6871,3.61
2215,2.6871,3.61
2216,2.6871,3.61
2217,2.6871,3.61
2218,2.6871,3.61
2219,2.6871,3.61
2220,2.6871,3.61
2221,2.6871,3.61
2222,2.6871,3.61
2223,2.6871,3.61
2224,2.6871,3.61
2225,2.6871,3.61
2226,2.6871,3.61
2227,2.6871,3.61
2228,2.6871,3.61
2229,2.6871,3.61
2230,2.6871,3.61
2231,2.6871,3.61
2232,2.6871,3.61
2233,2.6871,3.61
2234,2.6871,3.61
2235,2.6871,3.61
2236,2.6871,3.61
2237,2.6871,3.61
2238,2.6871,3.61
2239,2.6871,3.61
2240,2.6871,3.61
2241,2.6871,3.61
2242,2.6871,3.61
2243,2.6871,3.61
2244,2.6871,3.61
2245,2.6871,3.61
2246,2.6871,3.61
2247,2.6871,3.61
2248,2.6871,3.61
2249,2.6871,3.61
2250,2.6871,3.61
2251,2.6871,3.61
2252,2.6871,3.61
2253,2.6871,3.61
2254,2.6871,3.61
2255,2.6871,3.61
2256,2.6871,3.61
2257,2.6871,3.61
2258,2.6871,3.61
2259,2.6871,3.61
2260,2.6871,3.61
2261,2.6871,3.61
2262,2.6871,3.61
2263,2.6871,3.61
2264,2.6871,3.61
2265,2.6871,3.61
2266,2.6871,3.61
2267,2.6871,3.61
2268,2.6871,3.61
2269,2.6871,3.61
2270,2.6871,3.61
2271,2.6871,3.61
2272,2.6871,3.61
2273,2.6871,3.61
2274,2.6871,3.61
2275,2.6871,3.61
2276,2.6871,3.61
2277,2.6871,3.61
2278,2.6871,3.61
2279,2.6871,3.61
2280,2.6871,3.61
2281,2.6871,3.61
2282,2.6871,3.61
2283,2.6871,3.61
2284,2.6871,3.61
2285,2.6871,3.61
2286,2.6871,3.61
2287,2.6871,3.61
2288,2.6871,3.61
2289,2.6871,3.61
2290,2.6871,3.61
2291,2.6871,3.61
2292,2.6871,3.61
2293,2.6871,3.61
2294,2.6871,3.61
2295,2.6871,3.61
2296,2.6871,3.61
2297,2.6871,3.61
2298,2.6871,3.61
2299,2.6871,3.61
2300,2.6871,3.61
2301,2.6871,3.61
2302,2.6871,3.61
2303,2.6871,3.61
2304,2.6871,3.61
2305,2.6871,3.61
2306,2.6871,3.61
2307,2.6871,3.61
2308,2.6871,3.61
2309,2.6871,3.61
2310,2.6871,3.61
2311,2.6871,3.61
2312,2.6871,3.61
2313,2.6871,3.61
2314,2.6871,3.61
2315,2.6871,3.61
2316,2.6871,3.61
2317,2.6871,3.61
2318,2.6871,3.61
2319,2.6871,3.61
2320,2.6871,3.61
2321,2.6871,3.61
2322,2.6871,3.61
2323,2.6871,3.61
2324,2.6871,3.61
2325,2.6871,3.61
2326,2.6871,3.61
2327,2.6871,3.61
2328,2.6871,3.61
2329,2.6871,3.61
2330,2.6871,3.61
2331,2.6871,3.61
2332,2.6871,3.61
2333,2.6871,3.61
2334,2.6871,3.61
2335,2.6871,3.61
2336,2.6871,3.61
2337,2.6871,3.61
2338,2.6871,3.61
2339,2.6871,3.61
2340,2.6871,3.61
2341,2.6871,3.61
2342,2.6871,3.61
2343,2.6871,3.61
2344,2.6871,3.61
2345,2.6871,3.61
2346,2.6871,3.61
2347,2.6871,3.61
2348,2.6871,3.61
2349,2.6871,3.61
2350,2.6871,3.61
2351,2.6871,3.61
2352,2.6871,3.61
2353,2.6871,3.61
2354,2.6871,3.61
2355,2.6871,3.61
2356,2.6871,3.61
2357,2.6871,3.61
2358,2.6871,3.61
2359,2.6871,3.61
2360,2.6871,3.61
2361,2.6871,3.61
2362,2.6871,3.61
2363,2.6871,3.61
2364,2.6871,3.61
2365,2.6871,3.61
2366,2.6871,3.61
2367,2.6871,3.61
2368,2.6871,3.61
2369,2.6871,3.61
2370,2.6871,3.61
2371,2.6871,3.61
2372,2.6871,3.61
2373,2.6871,3.61
2374,2.6871,3.61
2375,2.6871,3.61
2376,2.6871,3.61
2377,2.6871,3.61
2378,2.6871,3.61
2379,2.6871,3.61
2380,2.6871,3.61
2381,2.6871,3.61
2382,2.6871,3.61
2383,2.6871,3.61
2384,2.6871,3.61
2385,2.6871,3.61
2386,2.6871,3.61
2387,2.6871,3.61
2388,2.6871,3.61
2389,2.6871,3.61
2390,2.6871,3.61
2391,2.6871,3.61
2392,2.6871,3.61
2393,2.6871,3.61
2394,2.6871,3.61
2395,2.6871,3.61
2396,2.6871,3.61
2397,2.6871,3.61
2398,2.6871,3.61
2399,2.6871,3.61
2400,2.6871,3.61
2401,2.6871,3.61
2402,2.6871,3.61
2403,2.6871,3.61
2404,2.6889,3.61
2405,2.6889,3.61
2406,2.6889,3.61
2407,2.6889,3.61
2408,2.6889,3.61
2409,2.6889,3.61
2410,2.6889,3.61
2411,2.6889,3.61
2412,2.6889,3.61
2413,2.6889,3.61
2414,2.6889,3.61
2415,2.6889,3.61
2416,2.6889,3.61
2417,2.6889,3.61
2418,2.6889,3.61
2419,2.6889,3.61
2420,2.6889,3.61
2421,2.6889,3.61
2422,2.6889,3.61
2423,2.6889,3.61
2424,2.6889,3.61
2425,2.6889,3.61
2426,2.6889,3.61
2427,2.6889,3.61
2428,2.6889,3.61
2429,2.6889,3.61
2430,2.6889,3.61
2431,2.6889,3.61
2432,2.6889,3.61
2433,2.6889,3.61
2434,2.6889,3.61
2435,2.6889,3.61
2436,2.6889,3.61
2437,2.6889,3.61
2438,2.6889,3.61
2439,2.6889,3.61
2440,2.6889,3.61
2441,2.6889,3.61
2442,2.6889,3.61
2443,2.6889,3.61
2444,2.6889,3.61
2445,2.6889,3.61
2446,2.6889,3.61
2447,2.6889,3.61
2448,2.6889,3.61
2449,2.6889,3.61
2450,2.6889,3.61
2451,2.6889,3.61
2452,2.6889,3.61
2453,2.6889,3.61
2454,2.6889,3.61
2455,2.6889,3.61
2456,2.6889,3.61
2457,2.6889,3.61
2458,2.6889,3.61
2459,2.6889,3.61
2460,2.6889,3.61
2461,2.6889,3.61
2462,2.6889,3.61
2463,2.6889,3.61
2464,2.6889,3.61
2465,2.6889,3.61
2466,2.6889,3.61
2467,2.6889,3.61
2468,2.6889,3.61
2469,2.6889,3.61
2470,2.6889,3.61
2471,2.6889,3.61
2472,2.6889,3.61
2473,2.6889,3.61
2474,2.6889,3.61
2475,2.6889,3.61
2476,2.6889,3.61
2477,2.6889,3.61
2478,2.6889,3.61
2479,2.6889,3.61
2480,2.6889,3.61
2481,2.6889,3.61
2482,2.6889,3.61
2483,2.6889,3.61
2484,2.6889,3.61
2485,2.6889,3.61
2486,2.6889,3.61
2487,2.6889,3.61
2488,2.6889,3.61
2489,2.6889,3.61
2490,2.6889,3.61
2491,2.6889,3.61
2492,2.6889,3.61
2493,2.6889,3.61
2494,2.6889,3.61
2495,2.6889,3.61
2496,2.6889,3.61
2497,2.6889,3.61
2498,2.6889,3.61
2499,2.6889,3.61
2500,2.6889,3.61
2501,2.6889,3.61
2502,2.6889,3.61
2503,2.6889,3.61
2504,2.6889,3.61
2505,2.6889,3.61
2506,2.6889,3.61
2507,2.6889,3.61
2508,2.6889,3.61
2509,2.6889,3.61
2510,2.6889,3.61
2511,2.6889,3.61
2512,2.6889,3.61
2513,2.6889,3.61
2514,2.6889,3.61
2515,2.6889,3.61
2516,2.6889,3.61
2517,2.6889,3.61
2518,2.6889,3.61
2519,2.6889,3.61
2520,2.6889,3.61
2521,2.6889,3.61
2522,2.6889,3.61
2523,2.6889,3.61
2524,2.6889,3.61
2525,2.6889,3.61
2526,2.6889,3.61
2527,2.6889,3.61
2528,2.6889,3.61
2529,2.6889,3.61
2530,2.6889,3.61
2531,2.6889,3.61
2532,2.6889,3.61
2533,2.6889,3.61
2534,2.6889,3.61
2535,2.6889,3.61
2536,2.6889,3.61
2537,2.6889,3.61
2538,2.6889,3.61
2539,2.6889,3.61
2540,2.6889,3.61
2541,2.6889,3.61
2542,2.6889,3.61
2543,2.6889,3.61
2544,2.6889,3.61
2545,2.6889,3.61
2546,2.6889,3.61
2547,2.6889,3.61
2548,2.6889,3.61
2549,2.6889,3.61
2550,2.6889,3.61
2551,2.6889,3.61
2552,2.6889,3.61
2553,2.6889,3.61
2554,2.6889,3.61
2555,2.6889,3.61
2556,2.6889,3.61
2557,2.6889,3.61
2558,2.6889,3.61
2559,2.6889,3.61
2560,2.6889,3.61
2561,2.6889,3.61
2562,2.6889,3.61
2563,2.6889,3.61
2564,2.6889,3.61
2565,2.6889,3.61
2566,2.6889,3.61
2567,2.6889,3.61
2568,2.6889,3.61
2569,2.6889,3.61
2570,2.6889,3.61
2571,2.6889,3.61
2572,2.6889,3.61
2573,2.6889,3.61
2574,2.6889,3.61
2575,2.6889,3.61
2576,2.6889,3.61
2577,2.6889,3.61
2578,2.6889,3.61
2579,2.6889,3.61
2580,2.6889,3.61
2581,2.6889,3.61
2582,2.6889,3.61
2583,2.6889,3.61
2584,2.6889,3.61
2585,2.6889,3.61
2586,2.6889,3.61
2587,2.6889,3.61
2588,2.6889,3.61
2589,2.6889,3.61
2590,2.6889,3.61
2591,2.6889,3.61
2592,2.6889,3.61
2593,2.6889,3.61
2594,2.6889,3.61
2595,2.6889,3.61
2596,2.6889,3.61
2597,2.6889,3.61
2598,2.6889,3.61
2599,2.6889,3.61
2600,2.6889,3.61
2601,2.6889,3.61
2602,2.6889,3.61
2603,2.6889,3.61
2604,2.6889,3.61
2605,2.6889,3.61
2606,2.6889,3.61
2607,2.6889,3.61
2608,2.6889,3.61
2609,2.6889,3.61
2610,2.6889,3.61
2611,2.6889,3.61
2612,2.6889,3.61
2613,2.6889,3.61
2614,2.6889,3.61
2615,2.6889,3.61
2616,2.6889,3.61
2617,2.6889,3.61
2618,2.6889,3.61
2619,2.6889,3.61
2620,2.6889,3.61
2621,2.6889,3.61
2622,2.6889,3.61
2623,2.6889,3.61
2624,2.6889,3.61
2625,2.6889,3.61
2626,2.6889,3.61
2627,2.6889,3.61
2628,2.6889,3.61
2629,2.6889,3.61
2630,2.6889,3.61
2631,2.6889,3.61
2632,2.6889,3.61
2633,2.6889,3.61
2634,2.6889,3.61
2635,2.6889,3.61
2636,2.6889,3.61
2637,2.6889,3.61
2638,2.6889,3.61
2639,2.6889,3.61
2640,2.6889,3.61
2641,2.6889,3.61
2642,2.6889,3.61
2643,2.6889,3.61
2644,2.6889,3.61
2645,2.6889,3.61
2646,2.6889,3.61
2647,2.6889,3.61
2648,2.6889,3.61
2649,2.6889,3.61
2650,2.6889,3.61
2651,2.6889,3.61
2652,2.6889,3.61
2653,2.6889,3.61
2654,2.6889,3.61
2655,2.6889,3.61
2656,2.6889,3.61
2657,2.6889,3.61
2658,2.6889,3.61
2659,2.6889,3.61
2660,2.6889,3.61
2661,2.6889,3.61
2662,2.6889,3.61
2663,2.6889,3.61
2664,2.6889,3.61
2665,2.6889,3.61
2666,2.6889,3.61
2667,2.6889,3.61
2668,2.6889,3.61
2669,2.6889,3.61
2670,2.6889,3.61
2671,2.6889,3.61
2672,2.6889,3.61
2673,2.6889,3.61
2674,2.6889,3.61
2675,2.6889,3.61
2676,2.6889,3.61
2677,2.6889,3.61
2678,2.6889,3.61
2679,2.6889,3.61
2680,2.6889,3.61
2681,2.6889,3.61
2682,2.6889,3.61
2683,2.6889,3.61
2684,2.6889,3.61
2685,2.6889,3.61
2686,2.6889,3.61
2687,2.6889,3.61
2688,2.6889,3.61
2689,2.6889,3.61
2690,2.6889,3.61
2691,2.6889,3.61
2692,2.6889,3.61
2693,2.6889,3.61
2694,2.6889,3.61
2695,2.6889,3.61
2696,2.6889,3.61
2697,2.6889,3.61
2698,2.6889,3.61
2699,2.6889,3.61
2700,2.6889,3.61
2701,2.6889,3.61
2702,2.6889,3.61
2703,2.6889,3.61
2704,2.6889,3.61
2705,2.6889,3.61
2706,2.6889,3.61
2707,2.6889,3.61
2708,2.6889,3.61
2709,2.6889,3.61
2710,2.6889,3.61
2711,2.6889,3.61
2712,2.6889,3.61
2713,2.6889,3.61
2714,2.6889,3.61
2715,2.6889,3.61
2716,2.6889,3.61
2717,2.6889,3.61
2718,2.6889,3.61
2719,2.6889,3.61
2720,2.6889,3.61
2721,2.6889,3.61
2722,2.6889,3.61
2723,2.6889,3.61
2724,2.6889,3.61
2725,2.6889,3.61
2726,2.6889,3.61
2727,2.6889,3.61
2728,2.6889,3.61
2729,2.6889,3.61
2730,2.6889,3.61
2731,2.6889,3.61
2732,2.6889,3.61
2733,2.6889,3.61
2734,2.6889,3.61
2735,2.6889,3.61
2736,2.6889,3.61
2737,2.6889,3.61
2738,2.6889,3.61
2739,2.6889,3.61
2740,2.6889,3.61
2741,2.6889,3.61
2742,2.6889,3.61
2743,2.6889,3.61
2744,2.6889,3.61
2745,2.6889,3.61
2746,2.6889,3.61
2747,2.6889,3.61
2748,2.6889,3.61
2749,2.6889,3.61
2750,2.6889,3.61
2751,2.6889,3.61
2752,2.6889,3.61
2753,2.6889,3.61
2754,2.6889,3.61
2755,2.6889,3.61
2756,2.6889,3.61
2757,2.6889,3.61
2758,2.6889,3.61
2759,2.6889,3.61
2760,2.6889,3.61
2761,2.6889,3.61
2762,2.6889,3.61
2763,2.6889,3.61
2764,2.6889,3.61
2765,2.6889,3.61
2766,2.6889,3.61
2767,2.6889,3.61
2768,2.6889,3.61
2769,2.6889,3.61
2770,2.6889,3.61
2771,2.6889,3.61
2772,2.6889,3.61
2773,2.6889,3.61
2774,2.6889,3.61
2775,2.6889,3.61
2776,2.6889,3.61
2777,2.6889,3.61
2778,2.6889,3.61
2779,2.6889,3.61
2780,2.6889,3.61
2781,2.6889,3.61
2782,2.6889,3.61
2783,2.6889,3.61
2784,2.6889,3.61
2785,2.6889,3.61
2786,2.6889,3.61
2787,2.6889,3.61
2788,2.6889,3.61
2789,2.6889,3.61
2790,2.6889,3.61
2791,2.6889,3.61
2792,2.6889,3.61
2793,2.6889,3.61
2794,2.6889,3.61
2795,2.6889,3.61
2796,2.6889,3.61
2797,2.6889,3.61
2798,2.6889,3.61
2799,2.6889,3.61
2800,2.6889,3.61
2801,2.6889,3.61
2802,2.6889,3.61
2803,2.6889,3.61
2804,2.6889,3.61
2805,2.6889,3.61
2806,2.6889,3.61
2807,2.6889,3.61
2808,2.6889,3.61
2809,2.6889,3.61
2810,2.6889,3.61
2811,2.6889,3.61
2812,2.6889,3.61
2813,2.6889,3.61
2814,2.6889,3.61
2815,2.6889,3.61
2816,2.6889,3.61
2817,2.6889,3.61
2818,2.6889,3.61
2819,2.6889,3.61
2820,2.6889,3.61
2821,2.6889,3.61
2822,2.6889,3.61
2823,2.6889,3.61
2824,2.6889,3.61
2825,2.6889,3.61
2826,2.6889,3.61
2827,2.6889,3.61
2828,2.6889,3.61
2829,2.6889,3.61
2830,2.6889,3.61
2831,2.6889,3.61
2832,2.6889,3.61
2833,2.6889,3.61
2834,2.6889,3.61
2835,2.6889,3.61
2836,2.6889,3.61
2837,2.6889,3.61
2838,2.6889,3.61
2839,2.6889,3.61
2840,2.6889,3.61
2841,2.6889,3.61
2842,2.6889,3.61
2843,2.6889,3.61
2844,2.6889,3.61
2845,2.6889,3.61
2846,2.6889,3.61
2847,2.6889,3.61
2848,2.6889,3.61
2849,2.6889,3.61
2850,2.6889,3.61
2851,2.6889,3.61
2852,2.6889,3.61
2853,2.6889,3.61
2854,2.6889,3.61
2855,2.6889,3.61
2856,2.6889,3.61
2857,2.6889,3.61
2858,2.6889,3.61
2859,2.6889,3.61
2860,2.6889,3.61
2861,2.6889,3.61
2862,2.6889,3.61
2863,2.6889,3.61
2864,2.6889,3.61
2865,2.6889,3.61
2866,2.6889,3.61
2867,2.6889,3.61
2868,2.6889,3.61
2869,2.6889,3.61
2870,2.6889,3.61
2871,2.6889,3.61
2872,2.6889,3.61
2873,2.6889,3.61
2874,2.6889,3.61
2875,2.6889,3.61
2876,2.6889,3.61
2877,2.6889,3.61
2878,2.6961,3.61
2879,2.6961,3.61
2880,2.6961,3.61
2881,2.6961,3.61
2882,2.6961,3.61
2883,2.6961,3.61
2884,2.6961,3.61
2885,2.6961,3.61
2886,2.6961,3.61
2887,2.6961,3.61
2888,2.6961,3.61
2889,2.6961,3.61
2890,2.6961,3.61
2891,2.6961,3.61
2892,2.6961,3.61
2893,2.6961,3.61
2894,2.6961,3.61
2895,2.6961,3.61
2896,2.6961,3.61
2897,2.6961,3.61
2898,2.6961,3.61
2899,2.6961,3.61
2900,2.6961,3.61
2901,2.6961,3.61
2902,2.6961,3.61
2903,2.6961,3.61
2904,2.6961,3.61
2905,2.6961,3.61
2906,2.6961,3.61
2907,2.6961,3.61
2908,2.6961,3.61
2909,2.6961,3.61
2910,2.6961,3.61
2911,2.6961,3.61
2912,2.6961,3.61
2913,2.6961,3.61
2914,2.6961,3.61
2915,2.6961,3.61
2916,2.6961,3.61
2917,2.6961,3.61
2918,2.6961,3.61
2919,2.6961,3.61
2920,2.6961,3.61
2921,2.6961,3.61
2922,2.6961,3.61
2923,2.6961,3.61
2924,2.6961,3.61
2925,2.6961,3.61
2926,2.6961,3.61
2927,2.6961,3.61
2928,2.6961,3.61
2929,2.6961,3.61
2930,2.6961,3.61
2931,2.6961,3.61
2932,2.6961,3.61
2933,2.6961,3.61
2934,2.6961,3.61
2935,2.6961,3.61
2936,2.6961,3.61
2937,2.6961,3.61
2938,2.6961,3.61
2939,2.6961,3.61
2940,2.6961,3.61
2941,2.6961,3.61
2942,2.6961,3.61
2943,2.6961,3.61
2944,2.6961,3.61
2945,2.6961,3.61
2946,2.6961,3.61
2947,2.6961,3.61
2948,2.6961,3.61
2949,2.6961,3.61
2950,2.6961,3.61
2951,2.6961,3.61
2952,2.6961,3.61
2953,2.6961,3.61
2954,2.6961,3.61
2955,2.6961,3.61
2956,2.6961,3.61
2957,2.6961,3.61
2958,2.6961,3.61
2959,2.6961,3.61
2960,2.6961,3.61
2961,2.6961,3.61
2962,2.6961,3.61
2963,2.6961,3.61
2964,2.6961,3.61
2965,2.6961,3.61
2966,2.6961,3.61
2967,2.6961,3.61
2968,2.6961,3.61
2969,2.6961,3.61
2970,2.6961,3.61
2971,2.6961,3.61
2972,2.6961,3.61
2973,2.6961,3.61
2974,2.6961,3.61
2975,2.6961,3.61
2976,2.6961,3.61
2977,2.6961,3.61
2978,2.6961,3.61
2979,2.6961,3.61
2980,2.6961,3.61
2981,2.6961,3.61
2982,2.6961,3.61
2983,2.6961,3.61
2984,2.6961,3.61
2985,2.6961,3.61
2986,2.6961,3.61
2987,2.6961,3.61
2988,2.6961,3.61
2989,2.6961,3.61
2990,2.6961,3.61
2991,2.6961,3.61
2992,2.6961,3.61
2993,2.6961,3.61
2994,2.6961,3.61
2995,2.6961,3.61
2996,2.6961,3.61
2997,2.6961,3.61
2998,2.6961,3.61
2999,2.6961,3.61
3000,2.6961,3.61
3001,2.6961,3.61
3002,2.6961,3.61
3003,2.6961,3.61
3004,2.6961,3.61
3005,2.6961,3.61
3006,2.6961,3.61
3007,2.6961,3.61
3008,2.6961,3.61
3009,2.6961,3.61
3010,2.6961,3.61
3011,2.6961,3.61
3012,2.6961,3.61
3013,2.6961,3.61
3014,2.6961,3.61
3015,2.6961,3.61
3016,2.6961,3.61
3017,2.6961,3.61
3018,2.6961,3.61
3019,2.6961,3.61
3020,2.6961,3.61
3021,2.6961,3.61
3022,2.6961,3.61
3023,2.6961,3.61
3024,2.6961,3.61
3025,2.6961,3.61
3026,2.6961,3.61
3027,2.6961,3.61
3028,2.6961,3.61
3029,2.6961,3.61
3030,2.6961,3.61
3031,2.6961,3.61
3032,2.6961,3.61
3033,2.6961,3.61
3034,2.6961,3.61
3035,2.6961,3.61
3036,2.6961,3.61
3037,2.6961,3.61
3038,2.6961,3.61
3039,2.6961,3.61
3040,2.6961,3.61
3041,2.6961,3.61
3042,2.6961,3.61
3043,2.6961,3.61
3044,2.6961,3.61
3045,2.6961,3.61
3046,2.6961,3.61
3047,2.6961,3.61
3048,2.6961,3.61
3049,2.6961,3.61
3050,2.6961,3.61
3051,2.6961,3.61
3052,2.6961,3.61
3053,2.6961,3.61
3054,2.6961,3.61
3055,2.6961,3.61
3056,2.6961,3.61
3057,2.6961,3.61
3058,2.6961,3.61
3059,2.6961,3.61
3060,2.6961,3.61
3061,2.6961,3.61
3062,2.6961,3.61
3063,2.6961,3.61
3064,2.6961,3.61
3065,2.6961,3.61
3066,2.6961,3.61
3067,2.6961,3.61
3068,2.6961,3.61
3069,2.6961,3.61
3070,2.6961,3.61
3071,2.6961,3.61
3072,2.6961,3.61
3073,2.6961,3.61
3074,2.6961,3.61
3075,2.6961,3.61
3076,2.6961,3.61
3077,2.6961,3.61
3078,2.6961,3.61
3079,2.6961,3.61
3080,2.6961,3.61
3081,2.6961,3.61
3082,2.6961,3.61
3083,2.6961,3.61
3084,2.6961,3.61
3085,2.6961,3.61
3086,2.6961,3.61
3087,2.6961,3.61
3088,2.6961,3.61
3089,2.6961,3.61
3090,2.6961,3.61
3091,2.6961,3.61
3092,2.6961,3.61
3093,2.6961,3.61
3094,2.6961,3.61
3095,2.6961,3.61
3096,2.6961,3.61
3097,2.6961,3.61
3098,2.6961,3.61
3099,2.6961,3.61
3100,2.6961,3.61
3101,2.6961,3.61
3102,2.6961,3.61
3103,2.6961,3.61
3104,2.6961,3.61
3105,2.6961,3.61
3106,2.6961,3.61
3107,2.6961,3.61
3108,2.6961,3.61
3109,2.6961,3.61
3110,2.6961,3.61
3111,2.6961,3.61
3112,2.6961,3.61
3113,2.6961,3.61
3114,2.6961,3.61
3115,2.6961,3.61
3116,2.6961,3.61
3117,2.6961,3.61
3118,2.6961,3.61
3119,2.6961,3.61
3120,2.6961,3.61
3121,2.6961,3.61
3122,2.6961,3.61
3123,2.6961,3.61
3124,2.7021,3.61
3125,2.7021,3.61
3126,2.7021,3.61
3127,2.7021,3.61
3128,2.7021,3.61
3129,2.7021,3.61
3130,2.7021,3.61
3131,2.7021,3.61
3132,2.7021,3.61
3133,2.7021,3.61
3134,2.7021,3.61
3135,2.7021,3.61
3136,2.7021,3.61
3137,2.7021,3.61
3138,2.7021,3.61
3139,2.7021,3.61
3140,2.7021,3.61
3141,2.7021,3.61
3142,2.7021,3.61
3143,2.7021,3.61
3144,2.7068,3.61
3145,2.7068,3.61
3146,2.7068,3.61
3147,2.7068,3.61
3148,2.7068,3.61
3149,2.7068,3.61
3150,2.7068,3.61
3151,2.7068,3.61
3152,2.7068,3.61
3153,2.7068,3.61
3154,2.7068,3.61
3155,2.7068,3.61
3156,2.7068,3.61
3157,2.7068,3.61
3158,2.7068,3.61
3159,2.7068,3.61
3160,2.7068,3.61
3161,2.7068,3.61
3162,2.7068,3.61
3163,2.7068,3.61
3164,2.7068,3.61
3165,2.7068,3.61
3166,2.7068,3.61
3167,2.7068,3.61
3168,2.7068,3.61
3169,2.7068,3.61
3170,2.7068,3.61
3171,2.7068,3.61
3172,2.7068,3.61
3173,2.7068,3.61
3174,2.7068,3.61
3175,2.7068,3.61
3176,2.7068,3.61
3177,2.7068,3.61
3178,2.7068,3.61
3179,2.7068,3.61
3180,2.7068,3.61
3181,2.7068,3.61
3182,2.7068,3.61
3183,2.7068,3.61
3184,2.7068,3.61
3185,2.7068,3.61
3186,2.7068,3.61
3187,2.7068,3.61
3188,2.7068,3.61
3189,2.7068,3.61
3190,2.7068,3.61
3191,2.7068,3.61
3192,2.7068,3.61
3193,2.7068,3.61
3194,2.7068,3.61
3195,2.7068,3.61
3196,2.7068,3.61
3197,2.7068,3.61
3198,2.7068,3.61
3199,2.7068,3.61
3200,2.7068,3.61
3201,2.7068,3.61
3202,2.7068,3.61
3203,2.7068,3.61
3204,2.7068,3.61
3205,2.7068,3.61
3206,2.7068,3.61
3207,2.7068,3.61
3208,2.7068,3.61
3209,2.7068,3.61
3210,2.7068,3.61
3211,2.7068,3.61
3212,2.7068,3.61
3213,2.7068,3.61
3214,2.7068,3.61
3215,2.7068,3.61
3216,2.7068,3.61
3217,2.7068,3.61
3218,2.7068,3.61
3219,2.7068,3.61
3220,2.7068,3.61
3221,2.7068,3.61
3222,2.7068,3.61
3223,2.7068,3.61
3224,2.7068,3.61
3225,2.7068,3.61
3226,2.7068,3.61
3227,2.7068,3.61
3228,2.7068,3.61
3229,2.7068,3.61
3230,2.7068,3.61
3231,2.7068,3.61
3232,2.7068,3.61
3233,2.7068,3.61
3234,2.7068,3.61
3235,2.7068,3.61
3236,2.7068,3.61
3237,2.7068,3.61
3238,2.7068,3.61
3239,2.7068,3.61
3240,2.7068,3.61
3241,2.7068,3.61
3242,2.7068,3.61
3243,2.7068,3.61
3244,2.7068,3.61
3245,2.7068,3.61
3246,2.7068,3.61
3247,2.7068,3.61
3248,2.7068,3.61
3249,2.7068,3.61
3250,2.7068,3.61
3251,2.7068,3.61
3252,2.7068,3.61
3253,2.7068,3.61
3254,2.7068,3.61
3255,2.7068,3.61
3256,2.7068,3.61
3257,2.7068,3.61
3258,2.7068,3.61
3259,2.7068,3.61
3260,2.7068,3.61
3261,2.7068,3.61
3262,2.7068,3.61
3263,2.7068,3.61
3264,2.7068,3.61
3265,2.7068,3.61
3266,2.7068,3.61
3267,2.7068,3.61
3268,2.7068,3.61
3269,2.7068,3.61
3270,2.7068,3.61
3271,2.7068,3.61
3272,2.7068,3.61
3273,2.7068,3.61
3274,2.7068,3.61
3275,2.7068,3.61
3276,2.7068,3.61
3277,2.7068,3.61
3278,2.7068,3.61
3279,2.7068,3.61
3280,2.7068,3.61
3281,2.7068,3.61
3282,2.7068,3.61
3283,2.7068,3.61
3284,2.7068,3.61
3285,2.7068,3.61
3286,2.7068,3.61
3287,2.7068,3.61
3288,2.7068,3.61
3289,2.7068,3.61
3290,2.7068,3.61
3291,2.7068,3.61
3292,2.7068,3.61
3293,2.7068,3.61
3294,2.7068,3.61
3295,2.7068,3.61
3296,2.7068,3.61
3297,2.7068,3.61
3298,2.7068,3.61
3299,2.7068,3.61
3300,2.7068,3.61
3301,2.7068,3.61
3302,2.7068,3.61
3303,2.7068,3.61
3304,2.7068,3.61
3305,2.7068,3.61
3306,2.7068,3.61
3307,2.7068,3.61
3308,2.7068,3.61
3309,2.7068,3.61
3310,2.7068,3.61
3311,2.7068,3.61
3312,2.7068,3.61
3313,2.7068,3.61
3314,2.7068,3.61
3315,2.7068,3.61
3316,2.7068,3.61
3317,2.7068,3.61
3318,2.7068,3.61
3319,2.7068,3.61
3320,2.7068,3.61
3321,2.7068,3.61
3322,2.7068,3.61
3323,2.7068,3.61
3324,2.7068,3.61
3325,2.7068,3.61
3326,2.7068,3.61
3327,2.7068,3.61
3328,2.7068,3.61
3329,2.7068,3.61
3330,2.7068,3.61
3331,2.7068,3.61
3332,2.7068,3.61
3333,2.7068,3.61
3334,2.7068,3.61
3335,2.7068,3.61
3336,2.7068,3.61
3337,2.7068,3.61
3338,2.7068,3.61
3339,2.7068,3.61
3340,2.7068,3.61
3341,2.7068,3.61
3342,2.7068,3.61
3343,2.7068,3.61
3344,2.7068,3.61
3345,2.7068,3.61
3346,2.7068,3.61
3347,2.7068,3.61
3348,2.7068,3.61
3349,2.7068,3.61
3350,2.7068,3.61
3351,2.7068,3.61
3352,2.7068,3.61
3353,2.7068,3.61
3354,2.7068,3.61
3355,2.7068,3.61
3356,2.7068,3.61
3357,2.7068,3.61
3358,2.7068,3.61
3359,2.7068,3.61
3360,2.7068,3.61
3361,2.7068,3.61
3362,2.7068,3.61
3363,2.7068,3.61
3364,2.7068,3.61
3365,2.7068,3.61
3366,2.7068,3.61
3367,2.7068,3.61
3368,2.7068,3.61
3369,2.7068,3.61
3370,2.7068,3.61
3371,2.7068,3.61
3372,2.7068,3.61
3373,2.7068,3.61
3374,2.7068,3.61
3375,2.7068,3.61
3376,2.7068,3.61
3377,2.7068,3.61
3378,2.7068,3.61
3379,2.7068,3.61
3380,2.7068,3.61
3381,2.7068,3.61
3382,2.7068,3.61
3383,2.7068,3.61
3384,2.7068,3.61
3385,2.7068,3.61
3386,2.7068,3.61
3387,2.7068,3.61
3388,2.7068,3.61
3389,2.7068,3.61
3390,2.7068,3.61
3391,2.7068,3.61
3392,2.7068,3.61
3393,2.7068,3.61
3394,2.7068,3.61
3395,2.7068,3.61
3396,2.7068,3.61
3397,2.7068,3.61
3398,2.7068,3.61
3399,2.7068,3.61
3400,2.7068,3.61
3401,2.7068,3.61
3402,2.7068,3.61
3403,2.7068,3.61
3404,2.7068,3.61
3405,2.7068,3.61
3406,2.7068,3.61
3407,2.7068,3.61
3408,2.7068,3.61
3409,2.7068,3.61
3410,2.7068,3.61
3411,2.7068,3.61
3412,2.7068,3.61
3413,2.7068,3.61
3414,2.7068,3.61
3415,2.7068,3.61
3416,2.7068,3.61
3417,2.7068,3.61
3418,2.7068,3.61
3419,2.7068,3.61
3420,2.7068,3.61
3421,2.7068,3.61
3422,2.7068,3.61
3423,2.7068,3.61
3424,2.7068,3.61
3425,2.7068,3.61
3426,2.7068,3.61
3427,2.7068,3.61
3428,2.7068,3.61
3429,2.7068,3.61
3430,2.7068,3.61
3431,2.7068,3.61
3432,2.7068,3.61
3433,2.7068,3.61
3434,2.7068,3.61
3435,2.7068,3.61
3436,2.7068,3.61
3437,2.7068,3.61
3438,2.7068,3.61
3439,2.7068,3.61
3440,2.7068,3.61
3441,2.7068,3.61
3442,2.7068,3.61
3443,2.7068,3.61
3444,2.7068,3.61
3445,2.7068,3.61
3446,2.7068,3.61
3447,2.7068,3.61
3448,2.7068,3.61
3449,2.7068,3.61
3450,2.7068,3.61
3451,2.7068,3.61
3452,2.7068,3.61
3453,2.7068,3.61
3454,2.7068,3.61
3455,2.7068,3.61
3456,2.7068,3.61
3457,2.7068,3.61
3458,2.7068,3.61
3459,2.7068,3.61
3460,2.7068,3.61
3461,2.7068,3.61
3462,2.7068,3.61
3463,2.7068,3.61
3464,2.7068,3.61
3465,2.7068,3.61
3466,2.7068,3.61
3467,2.7068,3.61
3468,2.7068,3.61
3469,2.7068,3.61
3470,2.7068,3.61
3471,2.7068,3.61
3472,2.7068,3.61
3473,2.7068,3.61
3474,2.7068,3.61
3475,2.7068,3.61
3476,2.7068,3.61
3477,2.7068,3.61
3478,2.7068,3.61
3479,2.7068,3.61
3480,2.7068,3.61
3481,2.7068,3.61
3482,2.7068,3.61
3483,2.7068,3.61
3484,2.7068,3.61
3485,2.7068,3.61
3486,2.7068,3.61
3487,2.7068,3.61
3488,2.7068,3.61
3489,2.7068,3.61
3490,2.7068,3.61
3491,2.7068,3.61
3492,2.7068,3.61
3493,2.7068,3.61
3494,2.7068,3.61
3495,2.7068,3.61
3496,2.7068,3.61
3497,2.7068,3.61
3498,2.7068,3.61
3499,2.7068,3.61
3500,2.7068,3.61
3501,2.7068,3.61
3502,2.7068,3.61
3503,2.7068,3.61
3504,2.7068,3.61
3505,2.7068,3.61
3506,2.7068,3.61
3507,2.7068,3.61
3508,2.7068,3.61
3509,2.7068,3.61
3510,2.7068,3.61
3511,2.7068,3.61
3512,2.7068,3.61
3513,2.7068,3.61
3514,2.7068,3.61
3515,2.7068,3.61
3516,2.7068,3.61
3517,2.7068,3.61
3518,2.7068,3.61
3519,2.7068,3.61
3520,2.7068,3.61
3521,2.7068,3.61
3522,2.7068,3.61
3523,2.7068,3.61
3524,2.7068,3.61
3525,2.7068,3.61
3526,2.7068,3.61
3527,2.7068,3.61
3528,2.7068,3.61
3529,2.7068,3.61
3530,2.7068,3.61
3531,2.7068,3.61
3532,2.7068,3.61
3533,2.7068,3.61
3534,2.7068,3.61
3535,2.7068,3.61
3536,2.7068,3.61
3537,2.7068,3.61
3538,2.7068,3.61
3539,2.7068,3.61
3540,2.7068,3.61
3541,2.7068,3.61
3542,2.7068,3.61
3543,2.7068,3.61
3544,2.7068,3.61
3545,2.7068,3.61
3546,2.7068,3.61
3547,2.7068,3.61
3548,2.7068,3.61
3549,2.7068,3.61
3550,2.7068,3.61
3551,2.7068,3.61
3552,2.7068,3.61
3553,2.7068,3.61
3554,2.7068,3.61
3555,2.7068,3.61
3556,2.7068,3.61
3557,2.7068,3.61
3558,2.7068,3.61
3559,2.7068,3.61
3560,2.7068,3.61
3561,2.7068,3.61
3562,2.7068,3.61
3563,2.7068,3.61
3564,2.7068,3.61
3565,2.7068,3.61
3566,2.7068,3.61
3567,2.7068,3.61
3568,2.7068,3.61
3569,2.7068,3.61
3570,2.7068,3.61
3571,2.7068,3.61
3572,2.7068,3.61
3573,2.7068,3.61
3574,2.7068,3.61
3575,2.7068,3.61
3576,2.7068,3.61
3577,2.7068,3.61
3578,2.7068,3.61
3579,2.7068,3.61
3580,2.7068,3.61
3581,2.7068,3.61
3582,2.7068,3.61
3583,2.7068,3.61
3584,2.7068,3.61
3585,2.7068,3.61
3586,2.7068,3.61
3587,2.7068,3.61
3588,2.7073,3.61
3589,2.7073,3.61
3590,2.7073,3.61
3591,2.7073,3.61
3592,2.7073,3.61
3593,2.7073,3.61
3594,2.7073,3.61
3595,2.7073,3.61
3596,2.7073,3.61
3597,2.7073,3.61
3598,2.7073,3.61
3599,2.7073,3.61
3600,2.7073,3.61
3601,2.7073,3.61
3602,2.7073,3.61
3603,2.7073,3.61
3604,2.7073,3.61
3605,2.7073,3.61
3606,2.7073,3.61
3607,2.7073,3.61
3608,2.7073,3.61
3609,2.7073,3.61
3610,2.7073,3.61
3611,2.7073,3.61
3612,2.7073,3.61
3613,2.7073,3.61
3614,2.7073,3.61
3615,2.7073,3.61
3616,2.7073,3.61
3617,2.7073,3.61
3618,2.7073,3.61
3619,2.7073,3.61
3620,2.7073,3.61
3621,2.7073,3.61
3622,2.7073,3.61
3623,2.7073,3.61
3624,2.7073,3.61
3625,2.7073,3.61
3626,2.7073,3.61
3627,2.7073,3.61
3628,2.7073,3.61
3629,2.7073,3.61
3630,2.7073,3.61
3631,2.7073,3.61
3632,2.7073,3.61
3633,2.7073,3.61
3634,2.7073,3.61
3635,2.7073,3.61
3636,2.7073,3.61
3637,2.7073,3.61
3638,2.7073,3.61
3639,2.7073,3.61
3640,2.7073,3.61
3641,2.7073,3.61
3642,2.7073,3.61
3643,2.7073,3.61
3644,2.7073,3.61
3645,2.7073,3.61
3646,2.7073,3.61
3647,2.7073,3.61
3648,2.7073,3.61
3649,2.7073,3.61
3650,2.7073,3.61
3651,2.7073,3.61
3652,2.7073,3.61
3653,2.7073,3.61
3654,2.7073,3.61
3655,2.7073,3.61
3656,2.7073,3.61
3657,2.7073,3.61
3658,2.7073,3.61
3659,2.7073,3.61
3660,2.7073,3.61
3661,2.7073,3.61
3662,2.7073,3.61
3663,2.7073,3.61
3664,2.7073,3.61
3665,2.7073,3.61
3666,2.7073,3.61
3667,2.7073,3.61
3668,2.7073,3.61
3669,2.7073,3.61
3670,2.7073,3.61
3671,2.7073,3.61
3672,2.7073,3.61
3673,2.7073,3.61
3674,2.7073,3.61
3675,2.7073,3.61
3676,2.7073,3.61
3677,2.7073,3.61
3678,2.7073,3.61
3679,2.7073,3.61
3680,2.7073,3.61
3681,2.7073,3.61
3682,2.7073,3.61
3683,2.7073,3.61
3684,2.7073,3.61
3685,2.7073,3.61
3686,2.7073,3.61
3687,2.7073,3.61
3688,2.7073,3.61
3689,2.7073,3.61
3690,2.7073,3.61
3691,2.7073,3.61
3692,2.7073,3.61
3693,2.7073,3.61
3694,2.7073,3.61
3695,2.7073,3.61
3696,2.7073,3.61
3697,2.7073,3.61
3698,2.7073,3.61
3699,2.7073,3.61
3700,2.7073,3.61
3701,2.7073,3.61
3702,2.7073,3.61
3703,2.7073,3.61
3704,2.7073,3.61
3705,2.7073,3.61
3706,2.7073,3.61
3707,2.7073,3.61
3708,2.7073,3.61
3709,2.7073,3.61
3710,2.7073,3.61
3711,2.7073,3.61
3712,2.7073,3.61
3713,2.7073,3.61
3714,2.7073,3.61
3715,2.7073,3.61
3716,2.7073,3.61
3717,2.7073,3.61
3718,2.7073,3.61
3719,2.7073,3.61
3720,2.7073,3.61
3721,2.7073,3.61
3722,2.7073,3.61
3723,2.7073,3.61
3724,2.7073,3.61
3725,2.7073,3.61
3726,2.7073,3.61
3727,2.7073,3.61
3728,2.7073,3.61
3729,2.7073,3.61
3730,2.7073,3.61
3731,2.7073,3.61
3732,2.7073,3.61
3733,2.7073,3.61
3734,2.7073,3.61
3735,2.7073,3.61
3736,2.7073,3.61
3737,2.7073,3.61
3738,2.7073,3.61
3739,2.7073,3.61
3740,2.7073,3.61
3741,2.7073,3.61
3742,2.7073,3.61
3743,2.7073,3.61
3744,2.7073,3.61
3745,2.7073,3.61
3746,2.7073,3.61
3747,2.7073,3.61
3748,2.7073,3.61
3749,2.7073,3.61
3750,2.7073,3.61
3751,2.7073,3.61
3752,2.7073,3.61
3753,2.7073,3.61
3754,2.7073,3.61
3755,2.7073,3.61
3756,2.7073,3.61
3757,2.7073,3.61
3758,2.7073,3.61
3759,2.7073,3.61
3760,2.7073,3.61
3761,2.7073,3.61
3762,2.7073,3.61
3763,2.7073,3.61
3764,2.7073,3.61
3765,2.7073,3.61
3766,2.7073,3.61
3767,2.7073,3.61
3768,2.7073,3.61
3769,2.7073,3.61
3770,2.7073,3.61
3771,2.7073,3.61
3772,2.7073,3.61
3773,2.7073,3.61
3774,2.7073,3.61
3775,2.7073,3.61
3776,2.7073,3.61
3777,2.7073,3.61
3778,2.7073,3.61
3779,2.7073,3.61
3780,2.7073,3.61
3781,2.7073,3.61
3782,2.7073,3.61
3783,2.7073,3.61
3784,2.7073,3.61
3785,2.7073,3.61
3786,2.7073,3.61
3787,2.7073,3.61
3788,2.7073,3.61
3789,2.7073,3.61
3790,2.7073,3.61
3791,2.7073,3.61
3792,2.7073,3.61
3793,2.7095,3.61
3794,2.7095,3.61
3795,2.7095,3.61
3796,2.7095,3.61
3797,2.7095,3.61
3798,2.7095,3.61
3799,2.7095,3.61
3800,2.7095,3.61
3801,2.7095,3.61
3802,2.7095,3.61
3803,2.7095,3.61
3804,2.7095,3.61
3805,2.7095,3.61
3806,2.7095,3.61
3807,2.7095,3.61
3808,2.7095,3.61
3809,2.7095,3.61
3810,2.7095,3.61
3811,2.7095,3.61
3812,2.7095,3.61
3813,2.7095,3.61
3814,2.7095,3.61
3815,2.7095,3.61
3816,2.7095,3.61
3817,2.7095,3.61
3818,2.7095,3.61
3819,2.7095,3.61
3820,2.7095,3.61
3821,2.7095,3.61
3822,2.7095,3.61
3823,2.7095,3.61
3824,2.7095,3.61
3825,2.7095,3.61
3826,2.7095,3.61
3827,2.7095,3.61
3828,2.7095,3.61
3829,2.7095,3.61
3830,2.7095,3.61
3831,2.7095,3.61
3832,2.7095,3.61
3833,2.7095,3.61
3834,2.7095,3.61
3835,2.7095,3.61
3836,2.7095,3.61
3837,2.7095,3.61
3838,2.7095,3.61
3839,2.7095,3.61
3840,2.7095,3.61
3841,2.7095,3.61
3842,2.7095,3.61
3843,2.7095,3.61
3844,2.7095,3.61
3845,2.7095,3.61
3846,2.7095,3.61
3847,2.7095,3.61
3848,2.7095,3.61
3849,2.7095,3.61
3850,2.7095,3.61
3851,2.7095,3.61
3852,2.7095,3.61
3853,2.7095,3.61
3854,2.7095,3.61
3855,2.7095,3.61
3856,2.7095,3.61
3857,2.7095,3.61
3858,2.7095,3.61
3859,2.7095,3.61
3860,2.7095,3.61
3861,2.7095,3.61
3862,2.7095,3.61
3863,2.7095,3.61
3864,2.7095,3.61
3865,2.7095,3.61
3866,2.7095,3.61
3867,2.7095,3.61
3868,2.7095,3.61
3869,2.7095,3.61
3870,2.7095,3.61
3871,2.7095,3.61
3872,2.7095,3.61
3873,2.7095,3.61
3874,2.7095,3.61
3875,2.7095,3.61
3876,2.7095,3.61
3877,2.7095,3.61
3878,2.7095,3.61
3879,2.7095,3.61
3880,2.7095,3.61
3881,2.7095,3.61
3882,2.7095,3.61
3883,2.7095,3.61
3884,2.7095,3.61
3885,2.7095,3.61
3886,2.7095,3.61
3887,2.7095,3.61
3888,2.7095,3.61
3889,2.7095,3.61
3890,2.7095,3.61
3891,2.7095,3.61
3892,2.7095,3.61
3893,2.7095,3.61
3894,2.7095,3.61
3895,2.7095,3.61
3896,2.7095,3.61
3897,2.7095,3.61
3898,2.7095,3.61
3899,2.7095,3.61
3900,2.7095,3.61
3901,2.7095,3.61
3902,2.7095,3.61
3903,2.7095,3.61
3904,2.7095,3.61
3905,2.7095,3.61
3906,2.7095,3.61
3907,2.7095,3.61
3908,2.7095,3.61
3909,2.7095,3.61
3910,2.7095,3.61
3911,2.7095,3.61
3912,2.7095,3.61
3913,2.7095,3.61
3914,2.7095,3.61
3915,2.7095,3.61
3916,2.7095,3.61
3917,2.7095,3.61
3918,2.7095,3.61
3919,2.7095,3.61
3920,2.7095,3.61
3921,2.7095,3.61
3922,2.7095,3.61
3923,2.7095,3.61
3924,2.7095,3.61
3925,2.7095,3.61
3926,2.7095,3.61
3927,2.7095,3.61
3928,2.7095,3.61
3929,2.7095,3.61
3930,2.7095,3.61
3931,2.7095,3.61
3932,2.7095,3.61
3933,2.7095,3.61
3934,2.7095,3.61
3935,2.7095,3.61
3936,2.7095,3.61
3937,2.7095,3.61
3938,2.7095,3.61
3939,2.7095,3.61
3940,2.7095,3.61
3941,2.7095,3.61
3942,2.7095,3.61
3943,2.7095,3.61
3944,2.7095,3.61
3945,2.7095,3.61
3946,2.7095,3.61
3947,2.7095,3.61
3948,2.7095,3.61
3949,2.7095,3.61
3950,2.7095,3.61
3951,2.7095,3.61
3952,2.7095,3.61
3953,2.7095,3.61
3954,2.7095,3.61
3955,2.7095,3.61
3956,2.7095,3.61
3957,2.7095,3.61
3958,2.7095,3.61
3959,2.7095,3.61
3960,2.7095,3.61
3961,2.7095,3.61
3962,2.7095,3.61
3963,2.7095,3.61
3964,2.7095,3.61
3965,2.7095,3.61
3966,2.7095,3.61
3967,2.7095,3.61
3968,2.7095,3.61
3969,2.7095,3.61
3970,2.7095,3.61
3971,2.7095,3.61
3972,2.7095,3.61
3973,2.7095,3.61
3974,2.7095,3.61
3975,2.7095,3.61
3976,2.7095,3.61
3977,2.7095,3.61
3978,2.7095,3.61
3979,2.7095,3.61
3980,2.7095,3.61
3981,2.7095,3.61
3982,2.7095,3.61
3983,2.7095,3.61
3984,2.7095,3.61
3985,2.7095,3.61
3986,2.7095,3.61
3987,2.7095,3.61
3988,2.7095,3.61
3989,2.7095,3.61
3990,2.7095,3.61
3991,2.7095,3.61
3992,2.7095,3.61
3993,2.7095,3.61
3994,2.7095,3.61
3995,2.7095,3.61
3996,2.7095,3.61
3997,2.7095,3.61
3998,2.7095,3.61
3999,2.7095,3.61
4000,2.7095,3.61
4001,2.7095,3.61
4002,2.7095,3.61
4003,2.7095,3.61
4004,2.7095,3.61
4005,2.7095,3.61
4006,2.7095,3.61
4007,2.7095,3.61
4008,2.7095,3.61
4009,2.7095,3.61
4010,2.7095,3.61
4011,2.7095,3.61
4012,2.7095,3.61
4013,2.7095,3.61
4014,2.7095,3.61
4015,2.7095,3.61
4016,2.7095,3.61
4017,2.7095,3.61
4018,2.7095,3.61
4019,2.7095,3.61
4020,2.7095,3.61
4021,2.7095,3.61
4022,2.7095,3.61
4023,2.7095,3.61
4024,2.7095,3.61
4025,2.7095,3.61
4026,2.7095,3.61
4027,2.7095,3.61
4028,2.7095,3.61
4029,2.7095,3.61
4030,2.7095,3.61
4031,2.7095,3.61
4032,2.7095,3.61
4033,2.7095,3.61
4034,2.7095,3.61
4035,2.7095,3.61
4036,2.7095,3.61
4037,2.7095,3.61
4038,2.7095,3.61
4039,2.7095,3.61
4040,2.7095,3.61
4041,2.7095,3.61
4042,2.7095,3.61
4043,2.7095,3.61
4044,2.7095,3.61
4045,2.7095,3.61
4046,2.7095,3.61
4047,2.7095,3.61
4048,2.7095,3.61
4049,2.7095,3.61
4050,2.7095,3.61
4051,2.7095,3.61
4052,2.7095,3.61
4053,2.7095,3.61
4054,2.7095,3.61
4055,2.7095,3.61
4056,2.7095,3.61
4057,2.7095,3.61
4058,2.7095,3.61
4059,2.7095,3.61
4060,2.7095,3.61
4061,2.7095,3.61
4062,2.7095,3.61
4063,2.7095,3.61
4064,2.7095,3.61
4065,2.7095,3.61
4066,2.7095,3.61
4067,2.7095,3.61
4068,2.7095,3.61
4069,2.7095,3.61
4070,2.7095,3.61
4071,2.7095,3.61
4072,2.7095,3.61
4073,2.7095,3.61
4074,2.7095,3.61
4075,2.7095,3.61
4076,2.7095,3.61
4077,2.7095,3.61
4078,2.7095,3.61
4079,2.7095,3.61
4080,2.7095,3.61
4081,2.7095,3.61
4082,2.7095,3.61
4083,2.7095,3.61
4084,2.7095,3.61
4085,2.7095,3.61
4086,2.7095,3.61
4087,2.7095,3.61
4088,2.7095,3.61
4089,2.7095,3.61
4090,2.7095,3.61
4091,2.7095,3.61
4092,2.7095,3.61
4093,2.7095,3.61
4094,2.7095,3.61
4095,2.7095,3.61
4096,2.7095,3.61
4097,2.7095,3.61
4098,2.7095,3.61
4099,2.7095,3.61
4100,2.7095,3.61
4101,2.7095,3.61
4102,2.7095,3.61
4103,2.7095,3.61
4104,2.7095,3.61
4105,2.7095,3.61
4106,2.7095,3.61
4107,2.7095,3.61
4108,2.7095,3.61
4109,2.7095,3.61
4110,2.7095,3.61
4111,2.7095,3.61
4112,2.7095,3.61
4113,2.7095,3.61
4114,2.7095,3.61
4115,2.7095,3.61
4116,2.7095,3.61
4117,2.7095,3.61
4118,2.7095,3.61
4119,2.7095,3.61
4120,2.7095,3.61
4121,2.7095,3.61
4122,2.7095,3.61
4123,2.7095,3.61
4124,2.7095,3.61
4125,2.7095,3.61
4126,2.7095,3.61
4127,2.7095,3.61
4128,2.7095,3.61
4129,2.7095,3.61
4130,2.7095,3.61
4131,2.7095,3.61
4132,2.7095,3.61
4133,2.7095,3.61
4134,2.7095,3.61
4135,2.7095,3.61
4136,2.7095,3.61
4137,2.7095,3.61
4138,2.7095,3.61
4139,2.7095,3.61
4140,2.7095,3.61
4141,2.7095,3.61
4142,2.7095,3.61
4143,2.7095,3.61
4144,2.7095,3.61
4145,2.7095,3.61
4146,2.7095,3.61
4147,2.7095,3.61
4148,2.7095,3.61
4149,2.7095,3.61
4150,2.7095,3.61
4151,2.7095,3.61
4152,2.7095,3.61
4153,2.7095,3.61
4154,2.7095,3.61
4155,2.7095,3.61
4156,2.7095,3.61
4157,2.7095,3.61
4158,2.7095,3.61
4159,2.7095,3.61
4160,2.7095,3.61
4161,2.7095,3.61
4162,2.7095,3.61
4163,2.7095,3.61
4164,2.7095,3.61
4165,2.7095,3.61
4166,2.7095,3.61
4167,2.7095,3.61
4168,2.7095,3.61
4169,2.7095,3.61
4170,2.7095,3.61
4171,2.7095,3.61
4172,2.7095,3.61
4173,2.7095,3.61
4174,2.7095,3.61
4175,2.7095,3.61
4176,2.7095,3.61
4177,2.7095,3.61
4178,2.7095,3.61
4179,2.7095,3.61
4180,2.7095,3.61
4181,2.7095,3.61
4182,2.7095,3.61
4183,2.7095,3.61
4184,2.7095,3.61
4185,2.7095,3.61
4186,2.7095,3.61
4187,2.7095,3.61
4188,2.7095,3.61
4189,2.7095,3.61
4190,2.7095,3.61
4191,2.7095,3.61
4192,2.7095,3.61
4193,2.7095,3.61
4194,2.7095,3.61
4195,2.7095,3.61
4196,2.7095,3.61
4197,2.7095,3.61
4198,2.7095,3.61
4199,2.7095,3.61
4200,2.7095,3.61
4201,2.7095,3.61
4202,2.7095,3.61
4203,2.7095,3.61
4204,2.7095,3.61
4205,2.7095,3.61
4206,2.7095,3.61
4207,2.7095,3.61
4208,2.7095,3.61
4209,2.7095,3.61
4210,2.7095,3.61
4211,2.7095,3.61
4212,2.7095,3.61
4213,2.7095,3.61
4214,2.7095,3.61
4215,2.7095,3.61
4216,2.7095,3.61
4217,2.7095,3.61
4218,2.7095,3.61
4219,2.7095,3.61
4220,2.7095,3.61
4221,2.7095,3.61
4222,2.7095,3.61
4223,2.7095,3.61
4224,2.7095,3.61
4225,2.7095,3.61
4226,2.7095,3.61
4227,2.7095,3.61
4228,2.7095,3.61
4229,2.7095,3.61
4230,2.7095,3.61
4231,2.7095,3.61
4232,2.7095,3.61
4233,2.7095,3.61
4234,2.7095,3.61
4235,2.7095,3.61
4236,2.7095,3.61
4237,2.7095,3.61
4238,2.7095,3.61
4239,2.7095,3.61
4240,2.7095,3.61
4241,2.7095,3.61
4242,2.7095,3.61
4243,2.7095,3.61
4244,2.7095,3.61
4245,2.7095,3.61
4246,2.7095,3.61
4247,2.7095,3.61
4248,2.7095,3.61
4249,2.7095,3.61
4250,2.7095,3.61
4251,2.7095,3.61
4252,2.7095,3.61
4253,2.7095,3.61
4254,2.7095,3.61
4255,2.7095,3.61
4256,2.7095,3.61
4257,2.7095,3.61
4258,2.7095,3.61
4259,2.7095,3.61
4260,2.7095,3.61
4261,2.7095,3.61
4262,2.7095,3.61
4263,2.7095,3.61
4264,2.7095,3.61
4265,2.7095,3.61
4266,2.7095,3.61
4267,2.7095,3.61
4268,2.7095,3.61
4269,2.7095,3.61
4270,2.7095,3.61
4271,2.7095,3.61
4272,2.7095,3.61
4273,2.7095,3.61
4274,2.7095,3.61
4275,2.7095,3.61
4276,2.7095,3.61
4277,2.7095,3.61
4278,2.7095,3.61
4279,2.7095,3.61
4280,2.7095,3.61
4281,2.7095,3.61
4282,2.7095,3.61
4283,2.7095,3.61
4284,2.7095,3.61
4285,2.7095,3.61
4286,2.7095,3.61
4287,2.7095,3.61
4288,2.7095,3.61
4289,2.7095,3.61
4290,2.7095,3.61
4291,2.7095,3.61
4292,2.7095,3.61
4293,2.7095,3.61
4294,2.7095,3.61
4295,2.7095,3.61
4296,2.7095,3.61
4297,2.7095,3.61
4298,2.7095,3.61
4299,2.7095,3.61
4300,2.7095,3.61
4301,2.7095,3.61
4302,2.7095,3.61
4303,2.7095,3.61
4304,2.7095,3.61
4305,2.7095,3.61
4306,2.7095,3.61
4307,2.7095,3.61
4308,2.7095,3.61
4309,2.7095,3.61
4310,2.7095,3.61
4311,2.7095,3.61
4312,2.7095,3.61
4313,2.7095,3.61
4314,2.7095,3.61
4315,2.7095,3.61
4316,2.7095,3.61
4317,2.7095,3.61
4318,2.7095,3.61
4319,2.7095,3.61
4320,2.7095,3.61
4321,2.7095,3.61
4322,2.7095,3.61
4323,2.7095,3.61
4324,2.7095,3.61
4325,2.7095,3.61
4326,2.7095,3.61
4327,2.7095,3.61
4328,2.7095,3.61
4329,2.7095,3.61
4330,2.7095,3.61
4331,2.7095,3.61
4332,2.7095,3.61
4333,2.7095,3.61
4334,2.7095,3.61
4335,2.7095,3.61
4336,2.7095,3.61
4337,2.7095,3.61
4338,2.7095,3.61
4339,2.7095,3.61
4340,2.7095,3.61
4341,2.7095,3.61
4342,2.7095,3.61
4343,2.7095,3.61
4344,2.7095,3.61
4345,2.7095,3.61
4346,2.7095,3.61
4347,2.7095,3.61
4348,2.7095,3.61
4349,2.7095,3.61
4350,2.7095,3.61
4351,2.7095,3.61
4352,2.7095,3.61
4353,2.7095,3.61
4354,2.7095,3.61
4355,2.7095,3.61
4356,2.7095,3.61
4357,2.7095,3.61
4358,2.7095,3.61
4359,2.7095,3.61
4360,2.7095,3.61
4361,2.7095,3.61
4362,2.7095,3.61
4363,2.7095,3.61
4364,2.7095,3.61
4365,2.7095,3.61
4366,2.7095,3.61
4367,2.7095,3.61
4368,2.7095,3.61
4369,2.7095,3.61
4370,2.7095,3.61
4371,2.7095,3.61
4372,2.7095,3.61
4373,2.7095,3.61
4374,2.7095,3.61
4375,2.7095,3.61
4376,2.7095,3.61
4377,2.7095,3.61
4378,2.7095,3.61
4379,2.7095,3.61
4380,2.7095,3.61
4381,2.7095,3.61
4382,2.7095,3.61
4383,2.7095,3.61
4384,2.7095,3.61
4385,2.7095,3.61
4386,2.7095,3.61
4387,2.7095,3.61
4388,2.7095,3.61
4389,2.7095,3.61
4390,2.7095,3.61
4391,2.7095,3.61
4392,2.7095,3.61
4393,2.7095,3.61
4394,2.7095,3.61
4395,2.7095,3.61
4396,2.7095,3.61
4397,2.7095,3.61
4398,2.7095,3.61
4399,2.7095,3.61
4400,2.7095,3.61
4401,2.7095,3.61
4402,2.7095,3.61
4403,2.7095,3.61
4404,2.7095,3.61
4405,2.7095,3.61
4406,2.7095,3.61
4407,2.7095,3.61
4408,2.7095,3.61
4409,2.7095,3.61
4410,2.7095,3.61
4411,2.7095,3.61
4412,2.7095,3.61
4413,2.7095,3.61
4414,2.7095,3.61
4415,2.7095,3.61
4416,2.7095,3.61
4417,2.7095,3.61
4418,2.7095,3.61
4419,2.7095,3.61
4420,2.7095,3.61
4421,2.7095,3.61
4422,2.7095,3.61
4423,2.7095,3.61
4424,2.7095,3.61
4425,2.7095,3.61
4426,2.7095,3.61
4427,2.7095,3.61
4428,2.7095,3.61
4429,2.7095,3.61
4430,2.7095,3.61
4431,2.7095,3.61
4432,2.7095,3.61
4433,2.7095,3.61
4434,2.7095,3.61
4435,2.7095,3.61
4436,2.7095,3.61
4437,2.7095,3.61
4438,2.7095,3.61
4439,2.7095,3.61
4440,2.7095,3.61
4441,2.7095,3.61
4442,2.7095,3.61
4443,2.7095,3.61
4444,2.7095,3.61
4445,2.7095,3.61
4446,2.7095,3.61
4447,2.7095,3.61
4448,2.7095,3.61
4449,2.7095,3.61
4450,2.7095,3.61
4451,2.7095,3.61
4452,2.7095,3.61
4453,2.7095,3.61
4454,2.7095,3.61
4455,2.7095,3.61
4456,2.7095,3.61
4457,2.7095,3.61
4458,2.7095,3.61
4459,2.7095,3.61
4460,2.7095,3.61
4461,2.7095,3.61
4462,2.7095,3.61
4463,2.7095,3.61
4464,2.7095,3.61
4465,2.7095,3.61
4466,2.7095,3.61
4467,2.7095,3.61
4468,2.7095,3.61
4469,2.7095,3.61
4470,2.7095,3.61
4471,2.7095,3.61
4472,2.7095,3.61
4473,2.7095,3.61
4474,2.7095,3.61
4475,2.7095,3.61
4476,2.7095,3.61
4477,2.7095,3.61
4478,2.7095,3.61
4479,2.7095,3.61
4480,2.7095,3.61
4481,2.7095,3.61
4482,2.7095,3.61
4483,2.7095,3.61
4484,2.7095,3.61
4485,2.7095,3.61
4486,2.7095,3.61
4487,2.7095,3.61
4488,2.7095,3.61
4489,2.7095,3.61
4490,2.7095,3.61
4491,2.7095,3.61
4492,2.7095,3.61
4493,2.7095,3.61
4494,2.7095,3.61
4495,2.7095,3.61
4496,2.7095,3.61
4497,2.7095,3.61
4498,2.7095,3.61
4499,2.7095,3.61
4500,2.7095,3.61
4501,2.7095,3.61
4502,2.7095,3.61
4503,2.7095,3.61
4504,2.7095,3.61
4505,2.7095,3.61
4506,2.7095,3.61
4507,2.7095,3.61
4508,2.7095,3.61
4509,2.7095,3.61
4510,2.7095,3.61
4511,2.7095,3.61
4512,2.7095,3.61
4513,2.7095,3.61
4514,2.7095,3.61
4515,2.7095,3.61
4516,2.7095,3.61
4517,2.7095,3.61
4518,2.7095,3.61
4519,2.7095,3.61
4520,2.7095,3.61
4521,2.7095,3.61
4522,2.7095,3.61
4523,2.7095,3.61
4524,2.7095,3.61
4525,2.7095,3.61
4526,2.7095,3.61
4527,2.7095,3.61
4528,2.7095,3.61
4529,2.7095,3.61
4530,2.7095,3.61
4531,2.7095,3.61
4532,2.7095,3.61
4533,2.7095,3.61
4534,2.7095,3.61
4535,2.7095,3.61
4536,2.7095,3.61
4537,2.7095,3.61
4538,2.7095,3.61
4539,2.7095,3.61
4540,2.7095,3.61
4541,2.7095,3.61
4542,2.7095,3.61
4543,2.7095,3.61
4544,2.7095,3.61
4545,2.7095,3.61
4546,2.7095,3.61
4547,2.7095,3.61
4548,2.7095,3.61
4549,2.7095,3.61
4550,2.7095,3.61
4551,2.7095,3.61
4552,2.7095,3.61
4553,2.7095,3.61
4554,2.7095,3.61
4555,2.7095,3.61
4556,2.7095,3.61
4557,2.7095,3.61
4558,2.7095,3.61
4559,2.7095,3.61
4560,2.7095,3.61
4561,2.7095,3.61
4562,2.7095,3.61
4563,2.7095,3.61
4564,2.7095,3.61
4565,2.7095,3.61
4566,2.7095,3.61
4567,2.7095,3.61
4568,2.7095,3.61
4569,2.7095,3.61
4570,2.7095,3.61
4571,2.7095,3.61
4572,2.7095,3.61
4573,2.7095,3.61
4574,2.7095,3.61
4575,2.7095,3.61
4576,2.7095,3.61
4577,2.7095,3.61
4578,2.7095,3.61
4579,2.7095,3.61
4580,2.7095,3.61
4581,2.7095,3.61
4582,2.7095,3.61
4583,2.7095,3.61
4584,2.7095,3.61
4585,2.7095,3.61
4586,2.7095,3.61
4587,2.7095,3.61
4588,2.7095,3.61
4589,2.7095,3.61
4590,2.7095,3.61
4591,2.7095,3.61
4592,2.7095,3.61
4593,2.7095,3.61
4594,2.7095,3.61
4595,2.7095,3.61
4596,2.7095,3.61
4597,2.7095,3.61
4598,2.7095,3.61
4599,2.7095,3.61
4600,2.7095,3.61
4601,2.7095,3.61
4602,2.7095,3.61
4603,2.7095,3.61
4604,2.7095,3.61
4605,2.7095,3.61
4606,2.7095,3.61
4607,2.7095,3.61
4608,2.7095,3.61
4609,2.7095,3.61
4610,2.7095,3.61
4611,2.7095,3.61
4612,2.7095,3.61
4613,2.7095,3.61
4614,2.7095,3.61
4615,2.7095,3.61
4616,2.7095,3.61
4617,2.7095,3.61
4618,2.7095,3.61
4619,2.7095,3.61
4620,2.7095,3.61
4621,2.7095,3.61
4622,2.7095,3.61
4623,2.7095,3.61
4624,2.7095,3.61
4625,2.7095,3.61
4626,2.7095,3.61
4627,2.7095,3.61
4628,2.7095,3.61
4629,2.7095,3.61
4630,2.7095,3.61
4631,2.7095,3.61
4632,2.7095,3.61
4633,2.7095,3.61
4634,2.7095,3.61
4635,2.7095,3.61
4636,2.7095,3.61
4637,2.7095,3.61
4638,2.7095,3.61
4639,2.7095,3.61
4640,2.7095,3.61
4641,2.7095,3.61
4642,2.7095,3.61
4643,2.7095,3.61
4644,2.7095,3.61
4645,2.7095,3.61
4646,2.7095,3.61
4647,2.7095,3.61
4648,2.7095,3.61
4649,2.7095,3.61
4650,2.7095,3.61
4651,2.7095,3.61
4652,2.7095,3.61
4653,2.7095,3.61
4654,2.7095,3.61
4655,2.7095,3.61
4656,2.7095,3.61
4657,2.7095,3.61
4658,2.7095,3.61
4659,2.7095,3.61
4660,2.7095,3.61
4661,2.7095,3.61
4662,2.7095,3.61
4663,2.7095,3.61
4664,2.7095,3.61
4665,2.7095,3.61
4666,2.7095,3.61
4667,2.7095,3.61
4668,2.7095,3.61
4669,2.7095,3.61
4670,2.7095,3.61
4671,2.7095,3.61
4672,2.7095,3.61
4673,2.7095,3.61
4674,2.7095,3.61
4675,2.7095,3.61
4676,2.7095,3.61
4677,2.7095,3.61
4678,2.7095,3.61
4679,2.7095,3.61
4680,2.7095,3.61
4681,2.7095,3.61
4682,2.7095,3.61
4683,2.7095,3.61
4684,2.7095,3.61
4685,2.7095,3.61
4686,2.7095,3.61
4687,2.7095,3.61
4688,2.7095,3.61
4689,2.7095,3.61
4690,2.7095,3.61
4691,2.7095,3.61
4692,2.7095,3.61
4693,2.7095,3.61
4694,2.7095,3.61
4695,2.7095,3.61
4696,2.7095,3.61
4697,2.7095,3.61
4698,2.7095,3.61
4699,2.7095,3.61
4700,2.7095,3.61
4701,2.7095,3.61
4702,2.7095,3.61
4703,2.7095,3.61
4704,2.7095,3.61
4705,2.7095,3.61
4706,2.7095,3.61
4707,2.7095,3.61
4708,2.7095,3.61
4709,2.7095,3.61
4710,2.7095,3.61
4711,2.7095,3.61
4712,2.7095,3.61
4713,2.7095,3.61
4714,2.7095,3.61
4715,2.7095,3.61
4716,2.7095,3.61
4717,2.7095,3.61
4718,2.7095,3.61
4719,2.7095,3.61
4720,2.7095,3.61
4721,2.7095,3.61
4722,2.7095,3.61
4723,2.7095,3.61
4724,2.7095,3.61
4725,2.7095,3.61
4726,2.7095,3.61
4727,2.7095,3.61
4728,2.7095,3.61
4729,2.7095,3.61
4730,2.7095,3.61
4731,2.7095,3.61
4732,2.7095,3.61
4733,2.7095,3.61
4734,2.7095,3.61
4735,2.7095,3.61
4736,2.7095,3.61
4737,2.7095,3.61
4738,2.7095,3.61
4739,2.7095,3.61
4740,2.7095,3.61
4741,2.7095,3.61
4742,2.7095,3.61
4743,2.7095,3.61
4744,2.7095,3.61
4745,2.7095,3.61
4746,2.7095,3.61
4747,2.7095,3.61
4748,2.7095,3.61
4749,2.7095,3.61
4750,2.7095,3.61
4751,2.7095,3.61
4752,2.7095,3.61
4753,2.7095,3.61
4754,2.7095,3.61
4755,2.7095,3.61
4756,2.7095,3.61
4757,2.7095,3.61
4758,2.7095,3.61
4759,2.7095,3.61
4760,2.7095,3.61
4761,2.7095,3.61
4762,2.7095,3.61
4763,2.7095,3.61
4764,2.7095,3.61
4765,2.7095,3.61
4766,2.7095,3.61
4767,2.7095,3.61
4768,2.7095,3.61
4769,2.7095,3.61
4770,2.7095,3.61
4771,2.7095,3.61
4772,2.7095,3.61
4773,2.7095,3.61
4774,2.7095,3.61
4775,2.7095,3.61
4776,2.7095,3.61
4777,2.7095,3.61
4778,2.7095,3.61
4779,2.7095,3.61
4780,2.7095,3.61
4781,2.7095,3.61
4782,2.7095,3.61
4783,2.7095,3.61
4784,2.7095,3.61
4785,2.7095,3.61
4786,2.7095,3.61
4787,2.7095,3.61
4788,2.7095,3.61
4789,2.7095,3.61
4790,2.7095,3.61
4791,2.7095,3.61
4792,2.7095,3.61
4793,2.7095,3.61
4794,2.7095,3.61
4795,2.7095,3.61
4796,2.7095,3.61
4797,2.7095,3.61
4798,2.7095,3.61
4799,2.7095,3.61
4800,2.7095,3.61
4801,2.7095,3.61
4802,2.7095,3.61
4803,2.7095,3.61
4804,2.7095,3.61
4805,2.7095,3.61
4806,2.7095,3.61
4807,2.7095,3.61
4808,2.7095,3.61
4809,2.7095,3.61
4810,2.7095,3.61
4811,2.7095,3.61
4812,2.7095,3.61
4813,2.7095,3.61
4814,2.7095,3.61
4815,2.7095,3.61
4816,2.7095,3.61
4817,2.7095,3.61
4818,2.7095,3.61
4819,2.7095,3.61
4820,2.7095,3.61
4821,2.7095,3.61
4822,2.7095,3.61
4823,2.7095,3.61
4824,2.7095,3.61
4825,2.7095,3.61
4826,2.7095,3.61
4827,2.7095,3.61
4828,2.7095,3.61
4829,2.7095,3.61
4830,2.7095,3.61
4831,2.7095,3.61
4832,2.7095,3.61
4833,2.7095,3.61
4834,2.7095,3.61
4835,2.7095,3.61
4836,2.7095,3.61
4837,2.7095,3.61
4838,2.7095,3.61
4839,2.7095,3.61
4840,2.7095,3.61
4841,2.7095,3.61
4842,2.7095,3.61
4843,2.7095,3.61
4844,2.7095,3.61
4845,2.7095,3.61
4846,2.7095,3.61
4847,2.7095,3.61
4848,2.7095,3.61
4849,2.7095,3.61
4850,2.7095,3.61
4851,2.7095,3.61
4852,2.7095,3.61
4853,2.7095,3.61
4854,2.7095,3.61
4855,2.7095,3.61
4856,2.7095,3.61
4857,2.7095,3.61
4858,2.7095,3.61
4859,2.7095,3.61
4860,2.7095,3.61
4861,2.7095,3.61
4862,2.7095,3.61
4863,2.7095,3.61
4864,2.7095,3.61
4865,2.7095,3.61
4866,2.7095,3.61
4867,2.7095,3.61
4868,2.7095,3.61
4869,2.7095,3.61
4870,2.7095,3.61
4871,2.7095,3.61
4872,2.7095,3.61
4873,2.7095,3.61
4874,2.7095,3.61
4875,2.7095,3.61
4876,2.7095,3.61
4877,2.7095,3.61
4878,2.7095,3.61
4879,2.7095,3.61
4880,2.7095,3.61
4881,2.7095,3.61
4882,2.7095,3.61
4883,2.7095,3.61
4884,2.7095,3.61
4885,2.7095,3.61
4886,2.7095,3.61
4887,2.7095,3.61
4888,2.7095,3.61
4889,2.7095,3.61
4890,2.7095,3.61
4891,2.7095,3.61
4892,2.7095,3.61
4893,2.7095,3.61
4894,2.7095,3.61
4895,2.7095,3.61
4896,2.7095,3.61
4897,2.7095,3.61
4898,2.7095,3.61
4899,2.7095,3.61
4900,2.7095,3.61
4901,2.7095,3.61
4902,2.7095,3.61
4903,2.7095,3.61
4904,2.7095,3.61
4905,2.7095,3.61
4906,2.7095,3.61
4907,2.7095,3.61
4908,2.7095,3.61
4909,2.7095,3.61
4910,2.7095,3.61
4911,2.7095,3.61
4912,2.7095,3.61
4913,2.7095,3.61
4914,2.7095,3.61
4915,2.7095,3.61
4916,2.7095,3.61
4917,2.7095,3.61
4918,2.7095,3.61
4919,2.7095,3.61
4920,2.7095,3.61
4921,2.7095,3.61
4922,2.7095,3.61
4923,2.7095,3.61
4924,2.7095,3.61
4925,2.7095,3.61
4926,2.7095,3.61
4927,2.7095,3.61
4928,2.7095,3.61
4929,2.7095,3.61
4930,2.7095,3.61
4931,2.7095,3.61
4932,2.7095,3.61
4933,2.7095,3.61
4934,2.7095,3.61
4935,2.7095,3.61
4936,2.7095,3.61
4937,2.7095,3.61
4938,2.7095,3.61
4939,2.7095,3.61
4940,2.7095,3.61
4941,2.7095,3.61
4942,2.7095,3.61
4943,2.7095,3.61
4944,2.7095,3.61
4945,2.7095,3.61
4946,2.7095,3.61
4947,2.7095,3.61
4948,2.7095,3.61
4949,2.7095,3.61
4950,2.7095,3.61
4951,2.7095,3.61
4952,2.7095,3.61
4953,2.7095,3.61
4954,2.7095,3.61
4955,2.7095,3.61
4956,2.7095,3.61
4957,2.7095,3.61
4958,2.7095,3.61
4959,2.7095,3.61
4960,2.7095,3.61
4961,2.7095,3.61
4962,2.7095,3.61
4963,2.7095,3.61
4964,2.7095,3.61
4965,2.7095,3.61
4966,2.7095,3.61
4967,2.7095,3.61
4968,2.7095,3.61
4969,2.7095,3.61
4970,2.7095,3.61
4971,2.7095,3.61
4972,2.7095,3.61
4973,2.7095,3.61
4974,2.7095,3.61
4975,2.7095,3.61
4976,2.7095,3.61
4977,2.7095,3.61
4978,2.7095,3.61
4979,2.7095,3.61
4980,2.7095,3.61
4981,2.7095,3.61
4982,2.7095,3.61
4983,2.7095,3.61
4984,2.7095,3.61
4985,2.7095,3.61
4986,2.7095,3.61
4987,2.7095,3.61
4988,2.7095,3.61
4989,2.7095,3.61
4990,2.7095,3.61
4991,2.7095,3.61
4992,2.7095,3.61
4993,2.7095,3.61
4994,2.7095,3.61
4995,2.7095,3.61
4996,2.7095,3.61
4997,2.7095,3.61
4998,2.7095,3.61
4999,2.7095,3.61
5000,2.7095,3.61
5001,2.7095,3.61
5002,2.7095,3.61
5003,2.7095,3.61
5004,2.7095,3.61
5005,2.7095,3.61
5006,2.7095,3.61
5007,2.7095,3.61
5008,2.7095,3.61
5009,2.7095,3.61
5010,2.7095,3.61
5011,2.7095,3.61
5012,2.7095,3.61
5013,2.7095,3.61
5014,2.7095,3.61
5015,2.7095,3.61
5016,2.7095,3.61
5017,2.7095,3.61
5018,2.7095,3.61
5019,2.7095,3.61
5020,2.7095,3.61
5021,2.7095,3.61
5022,2.7095,3.61
5023,2.7095,3.61
5024,2.7095,3.61
5025,2.7095,3.61
5026,2.7095,3.61
5027,2.7095,3.61
5028,2.7095,3.61
5029,2.7095,3.61
5030,2.7095,3.61
5031,2.7095,3.61
5032,2.7095,3.61
5033,2.7095,3.61
5034,2.7095,3.61
5035,2.7095,3.61
5036,2.7095,3.61
5037,2.7095,3.61
5038,2.7095,3.61
5039,2.7095,3.61
5040,2.7095,3.61
5041,2.7095,3.61
5042,2.7095,3.61
5043,2.7095,3.61
5044,2.7095,3.61
5045,2.7095,3.61
5046,2.7095,3.61
5047,2.7095,3.61
5048,2.7095,3.61
5049,2.7095,3.61
5050,2.7095,3.61
5051,2.7095,3.61
5052,2.7095,3.61
5053,2.7095,3.61
5054,2.7095,3.61
5055,2.7095,3.61
5056,2.7095,3.61
5057,2.7095,3.61
5058,2.7095,3.61
5059,2.7095,3.61
5060,2.7095,3.61
5061,2.7095,3.61
5062,2.7095,3.61
5063,2.7095,3.61
5064,2.7095,3.61
5065,2.7095,3.61
5066,2.7095,3.61
5067,2.7095,3.61
5068,2.7095,3.61
5069,2.7095,3.61
5070,2.7095,3.61
5071,2.7095,3.61
5072,2.7095,3.61
5073,2.7095,3.61
5074,2.7095,3.61
5075,2.7095,3.61
5076,2.7095,3.61
5077,2.7095,3.61
5078,2.7095,3.61
5079,2.7095,3.61
5080,2.7095,3.61
5081,2.7095,3.61
5082,2.7095,3.61
5083,2.7095,3.61
5084,2.7095,3.61
5085,2.7095,3.61
5086,2.7095,3.61
5087,2.7095,3.61
5088,2.7095,3.61
5089,2.7095,3.61
5090,2.7095,3.61
5091,2.7095,3.61
5092,2.7095,3.61
5093,2.7095,3.61
5094,2.7095,3.61
5095,2.7095,3.61
5096,2.7095,3.61
5097,2.7095,3.61
5098,2.7095,3.61
5099,2.7095,3.61
5100,2.7095,3.61
5101,2.7095,3.61
5102,2.7095,3.61
5103,2.7095,3.61
5104,2.7095,3.61
5105,2.7095,3.61
5106,2.7095,3.61
5107,2.7095,3.61
5108,2.7095,3.61
5109,2.7095,3.61
5110,2.7095,3.61
5111,2.7095,3.61
5112,2.7095,3.61
5113,2.7095,3.61
5114,2.7095,3.61
5115,2.7095,3.61
5116,2.7095,3.61
5117,2.7095,3.61
5118,2.7095,3.61
5119,2.7095,3.61
5120,2.7095,3.61
5121,2.7095,3.61
5122,2.7095,3.61
5123,2.7095,3.61
5124,2.7095,3.61
5125,2.7095,3.61
5126,2.7095,3.61
5127,2.7095,3.61
5128,2.7095,3.61
5129,2.7095,3.61
5130,2.7095,3.61
5131,2.7095,3.61
5132,2.7095,3.61
5133,2.7095,3.61
5134,2.7095,3.61
5135,2.7095,3.61
5136,2.7095,3.61
5137,2.7095,3.61
5138,2.7095,3.61
5139,2.7095,3.61
5140,2.7095,3.61
5141,2.7095,3.61
5142,2.7095,3.61
5143,2.7095,3.61
5144,2.7095,3.61
5145,2.7095,3.61
5146,2.7095,3.61
5147,2.7095,3.61
5148,2.7095,3.61
5149,2.7095,3.61
5150,2.7095,3.61
5151,2.7095,3.61
5152,2.7095,3.61
5153,2.7095,3.61
5154,2.7095,3.61
5155,2.7095,3.61
5156,2.7095,3.61
5157,2.7095,3.61
5158,2.7095,3.61
5159,2.7095,3.61
5160,2.7095,3.61
5161,2.7095,3.61
5162,2.7095,3.61
5163,2.7095,3.61
5164,2.7095,3.61
5165,2.7095,3.61
5166,2.7095,3.61
5167,2.7095,3.61
5168,2.7095,3.61
5169,2.7095,3.61
5170,2.7095,3.61
5171,2.7095,3.61
5172,2.7095,3.61
5173,2.7095,3.61
5174,2.7095,3.61
5175,2.7095,3.61
5176,2.7095,3.61
5177,2.7095,3.61
5178,2.7095,3.61
5179,2.7095,3.61
5180,2.7095,3.61
5181,2.7095,3.61
5182,2.7095,3.61
5183,2.7095,3.61
5184,2.7095,3.61
5185,2.7095,3.61
5186,2.7095,3.61
5187,2.7095,3.61
5188,2.7095,3.61
5189,2.7095,3.61
5190,2.7095,3.61
5191,2.7095,3.61
5192,2.7095,3.61
5193,2.7095,3.61
5194,2.7095,3.61
5195,2.7095,3.61
5196,2.7095,3.61
5197,2.7095,3.61
5198,2.7095,3.61
5199,2.7095,3.61
5200,2.7095,3.61
5201,2.7095,3.61
5202,2.7095,3.61
5203,2.7095,3.61
5204,2.7095,3.61
5205,2.7095,3.61
5206,2.7095,3.61
5207,2.7095,3.61
5208,2.7095,3.61
5209,2.7095,3.61
5210,2.7095,3.61
5211,2.7095,3.61
5212,2.7095,3.61
5213,2.7095,3.61
5214,2.7095,3.61
5215,2.7095,3.61
5216,2.7095,3.61
5217,2.7095,3.61
5218,2.7095,3.61
5219,2.7095,3.61
5220,2.7095,3.61
5221,2.7095,3.61
5222,2.7095,3.61
5223,2.7095,3.61
5224,2.7095,3.61
5225,2.7095,3.61
5226,2.7095,3.61
5227,2.7095,3.61
5228,2.7095,3.61
5229,2.7095,3.61
5230,2.7095,3.61
5231,2.7095,3.61
5232,2.7095,3.61
5233,2.7095,3.61
5234,2.7095,3.61
5235,2.7095,3.61
5236,2.7095,3.61
5237,2.7095,3.61
5238,2.7095,3.61
5239,2.7095,3.61
5240,2.7095,3.61
5241,2.7095,3.61
5242,2.7095,3.61
5243,2.7095,3.61
5244,2.7095,3.61
5245,2.7095,3.61
5246,2.7095,3.61
5247,2.7095,3.61
5248,2.7095,3.61
5249,2.7095,3.61
5250,2.7095,3.61
5251,2.7095,3.61
5252,2.7095,3.61
5253,2.7095,3.61
5254,2.7095,3.61
5255,2.7095,3.61
5256,2.7095,3.61
5257,2.7095,3.61
5258,2.7095,3.61
5259,2.7095,3.61
5260,2.7095,3.61
5261,2.7095,3.61
5262,2.7095,3.61
5263,2.7095,3.61
5264,2.7095,3.61
5265,2.7095,3.61
5266,2.7095,3.61
5267,2.7095,3.61
5268,2.7095,3.61
5269,2.7095,3.61
5270,2.7095,3.61
5271,2.7095,3.61
5272,2.7095,3.61
5273,2.7095,3.61
5274,2.7095,3.61
5275,2.7095,3.61
5276,2.7095,3.61
5277,2.7095,3.61
5278,2.7095,3.61
5279,2.7095,3.61
5280,2.7095,3.61
5281,2.7095,3.61
5282,2.7095,3.61
5283,2.7095,3.61
5284,2.7095,3.61
5285,2.7095,3.61
5286,2.7095,3.61
5287,2.7095,3.61
5288,2.7095,3.61
5289,2.7095,3.61
5290,2.7095,3.61
5291,2.7095,3.61
5292,2.7095,3.61
5293,2.7095,3.61
5294,2.7095,3.61
5295,2.7095,3.61
5296,2.7095,3.61
5297,2.7095,3.61
5298,2.7095,3.61
5299,2.7095,3.61
5300,2.7095,3.61
5301,2.7095,3.61
5302,2.7095,3.61
5303,2.7095,3.61
5304,2.7095,3.61
5305,2.7095,3.61
5306,2.7095,3.61
5307,2.7095,3.61
5308,2.7095,3.61
5309,2.7095,3.61
5310,2.7095,3.61
5311,2.7095,3.61
5312,2.7095,3.61
5313,2.7095,3.61
5314,2.7095,3.61
5315,2.7095,3.61
5316,2.7095,3.61
5317,2.7095,3.61
5318,2.7095,3.61
5319,2.7095,3.61
5320,2.7095,3.61
5321,2.7095,3.61
5322,2.7095,3.61
5323,2.7095,3.61
5324,2.7095,3.61
5325,2.7095,3.61
5326,2.7095,3.61
5327,2.7095,3.61
5328,2.7095,3.61
5329,2.7095,3.61
5330,2.7095,3.61
5331,2.7095,3.61
5332,2.7095,3.61
5333,2.7095,3.61
5334,2.7095,3.61
5335,2.7095,3.61
5336,2.7095,3.61
5337,2.7095,3.61
5338,2.7095,3.61
5339,2.7095,3.61
5340,2.7095,3.61
5341,2.7095,3.61
5342,2.7095,3.61
5343,2.7095,3.61
5344,2.7095,3.61
5345,2.7095,3.61
5346,2.7095,3.61
5347,2.7095,3.61
5348,2.7095,3.61
5349,2.7095,3.61
5350,2.7095,3.61
5351,2.7095,3.61
5352,2.7095,3.61
5353,2.7095,3.61
5354,2.7095,3.61
5355,2.7095,3.61
5356,2.7095,3.61
5357,2.7095,3.61
5358,2.7095,3.61
5359,2.7095,3.61
5360,2.7095,3.61
5361,2.7095,3.61
5362,2.7095,3.61
5363,2.7095,3.61
5364,2.7095,3.61
5365,2.7095,3.61
5366,2.7095,3.61
5367,2.7095,3.61
5368,2.7095,3.61
5369,2.7095,3.61
5370,2.7095,3.61
5371,2.7095,3.61
5372,2.7095,3.61
5373,2.7095,3.61
5374,2.7095,3.61
5375,2.7095,3.61
5376,2.7095,3.61
5377,2.7095,3.61
5378,2.7095,3.61
5379,2.7095,3.61
5380,2.7095,3.61
5381,2.7095,3.61
5382,2.7095,3.61
5383,2.7095,3.61
5384,2.7095,3.61
5385,2.7095,3.61
5386,2.7095,3.61
5387,2.7095,3.61
5388,2.7095,3.61
5389,2.7095,3.61
5390,2.7095,3.61
5391,2.7095,3.61
5392,2.7095,3.61
5393,2.7095,3.61
5394,2.7095,3.61
5395,2.7095,3.61
5396,2.7095,3.61
5397,2.7095,3.61
5398,2.7095,3.61
5399,2.7095,3.61
5400,2.7095,3.61
5401,2.7095,3.61
5402,2.7095,3.61
5403,2.7095,3.61
5404,2.7095,3.61
5405,2.7095,3.61
5406,2.7095,3.61
5407,2.7095,3.61
5408,2.7095,3.61
5409,2.7095,3.61
5410,2.7095,3.61
5411,2.7095,3.61
5412,2.7095,3.61
5413,2.7095,3.61
5414,2.7095,3.61
5415,2.7095,3.61
5416,2.7095,3.61
5417,2.7095,3.61
5418,2.7095,3.61
5419,2.7095,3.61
5420,2.7095,3.61
5421,2.7095,3.61
5422,2.7095,3.61
5423,2.7095,3.61
5424,2.7095,3.61
5425,2.7095,3.61
5426,2.7095,3.61
5427,2.7095,3.61
5428,2.7095,3.61
5429,2.7095,3.61
5430,2.7095,3.61
5431,2.7095,3.61
5432,2.7095,3.61
5433,2.7095,3.61
5434,2.7095,3.61
5435,2.7095,3.61
5436,2.7095,3.61
5437,2.7095,3.61
5438,2.7095,3.61
5439,2.7095,3.61
5440,2.7095,3.61
5441,2.7095,3.61
5442,2.7095,3.61
5443,2.7095,3.61
5444,2.7095,3.61
5445,2.7095,3.61
5446,2.7095,3.61
5447,2.7095,3.61
5448,2.7095,3.61
5449,2.7095,3.61
5450,2.7095,3.61
5451,2.7095,3.61
5452,2.7095,3.61
5453,2.7095,3.61
5454,2.7095,3.61
5455,2.7095,3.61
5456,2.7095,3.61
5457,2.7095,3.61
5458,2.7095,3.61
5459,2.7095,3.61
5460,2.7095,3.61
5461,2.7095,3.61
5462,2.7095,3.61
5463,2.7095,3.61
5464,2.7095,3.61
5465,2.7095,3.61
5466,2.7095,3.61
5467,2.7095,3.61
5468,2.7095,3.61
5469,2.7095,3.61
5470,2.7095,3.61
5471,2.7095,3.61
5472,2.7095,3.61
5473,2.7095,3.61
5474,2.7095,3.61
5475,2.7095,3.61
5476,2.7095,3.61
5477,2.7095,3.61
5478,2.7095,3.61
5479,2.7095,3.61
5480,2.7095,3.61
5481,2.7095,3.61
5482,2.7095,3.61
5483,2.7095,3.61
5484,2.7095,3.61
5485,2.7095,3.61
5486,2.7095,3.61
5487,2.7095,3.61
5488,2.7095,3.61
5489,2.7095,3.61
5490,2.7095,3.61
5491,2.7095,3.61
5492,2.7095,3.61
5493,2.7095,3.61
5494,2.7095,3.61
5495,2.7095,3.61
5496,2.7095,3.61
5497,2.7095,3.61
5498,2.7095,3.61
5499,2.7095,3.61
5500,2.7095,3.61
5501,2.7095,3.61
5502,2.7095,3.61
5503,2.7095,3.61
5504,2.7095,3.61
5505,2.7095,3.61
5506,2.7095,3.61
5507,2.7095,3.61
5508,2.7095,3.61
5509,2.7095,3.61
5510,2.7095,3.61
5511,2.7095,3.61
5512,2.7095,3.61
5513,2.7095,3.61
5514,2.7095,3.61
5515,2.7095,3.61
5516,2.7095,3.61
5517,2.7095,3.61
5518,2.7095,3.61
5519,2.7095,3.61
5520,2.7095,3.61
5521,2.7095,3.61
5522,2.7095,3.61
5523,2.7095,3.61
5524,2.7095,3.61
5525,2.7095,3.61
5526,2.7095,3.61
5527,2.7095,3.61
5528,2.7095,3.61
5529,2.7095,3.61
5530,2.7095,3.61
5531,2.7095,3.61
5532,2.7095,3.61
5533,2.7095,3.61
5534,2.7187,3.61
5535,2.7187,3.61
5536,2.7187,3.61
5537,2.7187,3.61
5538,2.7187,3.61
5539,2.7187,3.61
5540,2.7187,3.61
5541,2.7187,3.61
5542,2.7187,3.61
5543,2.7187,3.61
5544,2.7187,3.61
5545,2.7187,3.61
5546,2.7187,3.61
5547,2.7187,3.61
5548,2.7187,3.61
5549,2.7187,3.61
5550,2.7187,3.61
5551,2.7187,3.61
5552,2.7187,3.61
5553,2.7187,3.61
5554,2.7187,3.61
5555,2.7187,3.61
5556,2.7187,3.61
5557,2.7187,3.61
5558,2.7187,3.61
5559,2.7187,3.61
5560,2.7187,3.61
5561,2.7187,3.61
5562,2.7187,3.61
5563,2.7187,3.61
5564,2.7187,3.61
5565,2.7187,3.61
5566,2.7187,3.61
5567,2.7187,3.61
5568,2.7187,3.61
5569,2.7187,3.61
5570,2.7187,3.61
5571,2.7187,3.61
5572,2.7187,3.61
5573,2.7187,3.61
5574,2.7187,3.61
5575,2.7187,3.61
5576,2.7187,3.61
5577,2.7187,3.61
5578,2.7187,3.61
5579,2.7187,3.61
5580,2.7187,3.61
5581,2.7187,3.61
5582,2.7187,3.61
5583,2.7187,3.61
5584,2.7187,3.61
5585,2.7187,3.61
5586,2.7187,3.61
5587,2.7187,3.61
5588,2.7187,3.61
5589,2.7187,3.61
5590,2.7187,3.61
5591,2.7187,3.61
5592,2.7187,3.61
5593,2.7187,3.61
5594,2.7187,3.61
5595,2.7187,3.61
5596,2.7187,3.61
5597,2.7187,3.61
5598,2.7187,3.61
5599,2.7187,3.61
5600,2.7187,3.61
5601,2.7187,3.61
5602,2.7187,3.61
5603,2.7187,3.61
5604,2.7187,3.61
5605,2.7187,3.61
5606,2.7187,3.61
5607,2.7187,3.61
5608,2.7187,3.61
5609,2.7187,3.61
5610,2.7187,3.61
5611,2.7187,3.61
5612,2.7187,3.61
5613,2.7187,3.61
5614,2.7187,3.61
5615,2.7187,3.61
5616,2.7187,3.61
5617,2.7187,3.61
5618,2.7187,3.61
5619,2.7187,3.61
5620,2.7187,3.61
5621,2.7187,3.61
5622,2.7187,3.61
5623,2.7187,3.61
5624,2.7187,3.61
5625,2.7187,3.61
5626,2.7187,3.61
5627,2.7187,3.61
5628,2.7187,3.61
5629,2.7187,3.61
5630,2.7187,3.61
5631,2.7187,3.61
5632,2.7187,3.61
5633,2.7187,3.61
5634,2.7187,3.61
5635,2.7187,3.61
5636,2.7187,3.61
5637,2.7187,3.61
5638,2.7187,3.61
5639,2.7187,3.61
5640,2.7187,3.61
5641,2.7187,3.61
5642,2.7187,3.61
5643,2.7187,3.61
5644,2.7187,3.61
5645,2.7187,3.61
5646,2.7187,3.61
5647,2.7187,3.61
5648,2.7187,3.61
5649,2.7187,3.61
5650,2.7187,3.61
5651,2.7187,3.61
5652,2.7187,3.61
5653,2.7187,3.61
5654,2.7187,3.61
5655,2.7187,3.61
5656,2.7187,3.61
5657,2.7187,3.61
5658,2.7187,3.61
5659,2.7187,3.61
5660,2.7187,3.61
5661,2.7187,3.61
5662,2.7187,3.61
5663,2.7187,3.61
5664,2.7187,3.61
5665,2.7187,3.61
5666,2.7187,3.61
5667,2.7187,3.61
5668,2.7187,3.61
5669,2.7187,3.61
5670,2.7187,3.61
5671,2.7187,3.61
5672,2.7187,3.61
5673,2.7187,3.61
5674,2.7187,3.61
5675,2.7187,3.61
5676,2.7187,3.61
5677,2.7187,3.61
5678,2.7187,3.61
5679,2.7187,3.61
5680,2.7187,3.61
5681,2.7187,3.61
5682,2.7187,3.61
5683,2.7187,3.61
5684,2.7187,3.61
5685,2.7187,3.61
5686,2.7187,3.61
5687,2.7187,3.61
5688,2.7187,3.61
5689,2.7187,3.61
5690,2.7187,3.61
5691,2.7187,3.61
5692,2.7187,3.61
5693,2.7187,3.61
5694,2.7187,3.61
5695,2.7187,3.61
5696,2.7187,3.61
5697,2.7187,3.61
5698,2.7187,3.61
5699,2.7187,3.61
5700,2.7187,3.61
5701,2.7187,3.61
5702,2.7187,3.61
5703,2.7187,3.61
5704,2.7187,3.61
5705,2.7187,3.61
5706,2.7187,3.61
5707,2.7187,3.61
5708,2.7187,3.61
5709,2.7187,3.61
5710,2.7187,3.61
5711,2.7187,3.61
5712,2.7187,3.61
5713,2.7187,3.61
5714,2.7187,3.61
5715,2.7187,3.61
5716,2.7187,3.61
5717,2.7187,3.61
5718,2.7187,3.61
5719,2.7187,3.61
5720,2.7187,3.61
5721,2.7187,3.61
5722,2.7187,3.61
5723,2.7187,3.61
5724,2.7187,3.61
5725,2.7187,3.61
5726,2.7187,3.61
5727,2.7187,3.61
5728,2.7187,3.61
5729,2.7187,3.61
5730,2.7187,3.61
5731,2.7187,3.61
5732,2.7187,3.61
5733,2.7187,3.61
5734,2.7187,3.61
5735,2.7187,3.61
5736,2.7187,3.61
5737,2.7187,3.61
5738,2.7187,3.61
5739,2.7187,3.61
5740,2.7187,3.61
5741,2.7187,3.61
5742,2.7187,3.61
5743,2.7187,3.61
5744,2.7187,3.61
5745,2.7187,3.61
5746,2.7187,3.61
5747,2.7187,3.61
5748,2.7187,3.61
5749,2.7187,3.61
5750,2.7187,3.61
5751,2.7187,3.61
5752,2.7187,3.61
5753,2.7187,3.61
5754,2.7187,3.61
5755,2.7187,3.61
5756,2.7187,3.61
5757,2.7187,3.61
5758,2.7187,3.61
5759,2.7187,3.61
5760,2.7187,3.61
5761,2.7187,3.61
5762,2.7187,3.61
5763,2.7187,3.61
5764,2.7187,3.61
5765,2.7187,3.61
5766,2.7187,3.61
5767,2.7187,3.61
5768,2.7187,3.61
5769,2.7187,3.61
5770,2.7187,3.61
5771,2.7187,3.61
5772,2.7187,3.61
5773,2.7187,3.61
5774,2.7187,3.61
5775,2.7187,3.61
5776,2.7187,3.61
5777,2.7187,3.61
5778,2.7187,3.61
5779,2.7187,3.61
5780,2.7187,3.61
5781,2.7187,3.61
5782,2.7187,3.61
5783,2.7187,3.61
5784,2.7187,3.61
5785,2.7187,3.61
5786,2.7187,3.61
5787,2.7187,3.61
5788,2.7187,3.61
5789,2.7187,3.61
5790,2.7187,3.61
5791,2.7187,3.61
5792,2.7187,3.61
5793,2.7187,3.61
5794,2.7187,3.61
5795,2.7187,3.61
5796,2.7187,3.61
5797,2.7187,3.61
5798,2.7187,3.61
5799,2.7187,3.61
5800,2.7187,3.61
5801,2.7187,3.61
5802,2.7187,3.61
5803,2.7187,3.61
5804,2.7187,3.61
5805,2.7187,3.61
5806,2.7187,3.61
5807,2.7187,3.61
5808,2.7187,3.61
5809,2.7187,3.61
5810,2.7187,3.61
5811,2.7187,3.61
5812,2.7187,3.61
5813,2.7187,3.61
5814,2.7187,3.61
5815,2.7187,3.61
5816,2.7187,3.61
5817,2.7187,3.61
5818,2.7187,3.61
5819,2.7187,3.61
5820,2.7187,3.61
5821,2.7187,3.61
5822,2.7187,3.61
5823,2.7187,3.61
5824,2.7187,3.61
5825,2.7187,3.61
5826,2.7187,3.61
5827,2.7187,3.61
5828,2.7187,3.61
5829,2.7187,3.61
5830,2.7187,3.61
5831,2.7187,3.61
5832,2.7187,3.61
5833,2.7187,3.61
5834,2.7187,3.61
5835,2.7187,3.61
5836,2.7187,3.61
5837,2.7187,3.61
5838,2.7187,3.61
5839,2.7187,3.61
5840,2.7187,3.61
5841,2.7187,3.61
5842,2.7187,3.61
5843,2.7187,3.61
5844,2.7187,3.61
5845,2.7187,3.61
5846,2.7187,3.61
5847,2.7187,3.61
5848,2.7187,3.61
5849,2.7187,3.61
5850,2.7187,3.61
5851,2.7187,3.61
5852,2.7187,3.61
5853,2.7187,3.61
5854,2.7187,3.61
5855,2.7187,3.61
5856,2.7187,3.61
5857,2.7187,3.61
5858,2.7187,3.61
5859,2.7187,3.61
5860,2.7187,3.61
5861,2.7187,3.61
5862,2.7187,3.61
5863,2.7187,3.61
5864,2.7187,3.61
5865,2.7187,3.61
5866,2.7187,3.61
5867,2.7187,3.61
5868,2.7187,3.61
5869,2.7187,3.61
5870,2.7187,3.61
5871,2.7187,3.61
5872,2.7187,3.61
5873,2.7187,3.61
5874,2.7187,3.61
5875,2.7187,3.61
5876,2.7187,3.61
5877,2.7187,3.61
5878,2.7187,3.61
5879,2.7187,3.61
5880,2.7187,3.61
5881,2.7187,3.61
5882,2.7187,3.61
5883,2.7187,3.61
5884,2.7187,3.61
5885,2.7187,3.61
5886,2.7187,3.61
5887,2.7187,3.61
5888,2.7187,3.61
5889,2.7187,3.61
5890,2.7187,3.61
5891,2.7187,3.61
5892,2.7187,3.61
5893,2.7187,3.61
5894,2.7187,3.61
5895,2.7187,3.61
5896,2.7187,3.61
5897,2.7187,3.61
5898,2.7187,3.61
5899,2.7187,3.61
5900,2.7187,3.61
5901,2.7187,3.61
5902,2.7187,3.61
5903,2.7187,3.61
5904,2.7187,3.61
5905,2.7187,3.61
5906,2.7187,3.61
5907,2.7187,3.61
5908,2.7187,3.61
5909,2.7187,3.61
5910,2.7187,3.61
5911,2.7187,3.61
5912,2.7187,3.61
5913,2.7187,3.61
5914,2.7187,3.61
5915,2.7187,3.61
5916,2.7187,3.61
5917,2.7187,3.61
5918,2.7187,3.61
5919,2.7187,3.61
5920,2.7187,3.61
5921,2.7187,3.61
5922,2.7187,3.61
5923,2.7187,3.61
5924,2.7187,3.61
5925,2.7187,3.61
5926,2.7187,3.61
5927,2.7187,3.61
5928,2.7187,3.61
5929,2.7187,3.61
5930,2.7187,3.61
5931,2.7187,3.61
5932,2.7187,3.61
5933,2.7187,3.61
5934,2.7187,3.61
5935,2.7187,3.61
5936,2.7187,3.61
5937,2.7187,3.61
5938,2.7187,3.61
5939,2.7187,3.61
5940,2.7187,3.61
5941,2.7187,3.61
5942,2.7187,3.61
5943,2.7187,3.61
5944,2.7187,3.61
5945,2.7187,3.61
5946,2.7187,3.61
5947,2.7187,3.61
5948,2.7187,3.61
5949,2.7187,3.61
5950,2.7187,3.61
5951,2.7187,3.61
5952,2.7187,3.61
5953,2.7187,3.61
5954,2.7187,3.61
5955,2.7187,3.61
5956,2.7187,3.61
5957,2.7187,3.61
5958,2.7187,3.61
5959,2.7187,3.61
5960,2.7187,3.61
5961,2.7187,3.61
5962,2.7187,3.61
5963,2.7187,3.61
5964,2.7187,3.61
5965,2.7187,3.61
5966,2.7187,3.61
5967,2.7187,3.61
5968,2.7187,3.61
5969,2.7187,3.61
5970,2.7187,3.61
5971,2.7187,3.61
5972,2.7187,3.61
5973,2.7187,3.61
5974,2.7187,3.61
5975,2.7187,3.61
5976,2.7187,3.61
5977,2.7187,3.61
5978,2.7187,3.61
5979,2.7187,3.61
5980,2.7187,3.61
5981,2.7187,3.61
5982,2.7187,3.61
5983,2.7187,3.61
5984,2.7187,3.61
5985,2.7187,3.61
5986,2.7187,3.61
5987,2.7187,3.61
5988,2.7187,3.61
5989,2.7187,3.61
5990,2.7187,3.61
5991,2.7187,3.61
5992,2.7187,3.61
5993,2.7187,3.61
5994,2.7187,3.61
5995,2.7187,3.61
5996,2.7187,3.61
5997,2.7187,3.61
5998,2.7187,3.61
5999,2.7187,3.61
6000,2.7187,3.61
6001,2.7187,3.61
6002,2.7187,3.61
6003,2.7187,3.61
6004,2.7187,3.61
6005,2.7187,3.61
6006,2.7187,3.61
6007,2.7187,3.61
6008,2.7187,3.61
6009,2.7187,3.61
6010,2.7187,3.61
6011,2.7187,3.61
6012,2.7187,3.61
6013,2.7187,3.61
6014,2.7187,3.61
6015,2.7187,3.61
6016,2.7187,3.61
6017,2.7187,3.61
6018,2.7187,3.61
6019,2.7187,3.61
6020,2.7187,3.61
6021,2.7187,3.61
6022,2.7187,3.61
6023,2.7187,3.61
6024,2.7187,3.61
6025,2.7187,3.61
6026,2.7187,3.61
6027,2.7187,3.61
6028,2.7187,3.61
6029,2.7187,3.61
6030,2.7187,3.61
6031,2.7187,3.61
6032,2.7187,3.61
6033,2.7187,3.61
6034,2.7187,3.61
6035,2.7187,3.61
6036,2.7187,3.61
6037,2.7187,3.61
6038,2.7187,3.61
6039,2.7187,3.61
6040,2.7187,3.61
6041,2.7187,3.61
6042,2.7187,3.61
6043,2.7187,3.61
6044,2.7187,3.61
6045,2.7187,3.61
6046,2.7187,3.61
6047,2.7187,3.61
6048,2.7187,3.61
6049,2.7187,3.61
6050,2.7187,3.61
6051,2.7187,3.61
6052,2.7187,3.61
6053,2.7187,3.61
6054,2.7187,3.61
6055,2.7187,3.61
6056,2.7187,3.61
6057,2.7187,3.61
6058,2.7187,3.61
6059,2.7187,3.61
6060,2.7187,3.61
6061,2.7187,3.61
6062,2.7187,3.61
6063,2.7187,3.61
6064,2.7187,3.61
6065,2.7187,3.61
6066,2.7187,3.61
6067,2.7187,3.61
6068,2.7187,3.61
6069,2.7187,3.61
6070,2.7187,3.61
6071,2.7187,3.61
6072,2.7187,3.61
6073,2.7187,3.61
6074,2.7187,3.61
6075,2.7187,3.61
6076,2.7187,3.61
6077,2.7187,3.61
6078,2.7187,3.61
6079,2.7187,3.61
6080,2.7187,3.61
6081,2.7187,3.61
6082,2.7187,3.61
6083,2.7187,3.61
6084,2.7187,3.61
6085,2.7187,3.61
6086,2.7187,3.61
6087,2.7187,3.61
6088,2.7187,3.61
6089,2.7187,3.61
6090,2.7187,3.61
6091,2.7187,3.61
6092,2.7187,3.61
6093,2.7187,3.61
6094,2.7187,3.61
6095,2.7187,3.61
6096,2.7187,3.61
6097,2.7187,3.61
6098,2.7187,3.61
6099,2.7187,3.61
6100,2.7187,3.61
6101,2.7187,3.61
6102,2.7187,3.61
6103,2.7187,3.61
6104,2.7187,3.61
6105,2.7187,3.61
6106,2.7187,3.61
6107,2.7187,3.61
6108,2.7187,3.61
6109,2.7187,3.61
6110,2.7187,3.61
6111,2.7187,3.61
6112,2.7187,3.61
6113,2.7187,3.61
6114,2.7187,3.61
6115,2.7187,3.61
6116,2.7187,3.61
6117,2.7187,3.61
6118,2.7187,3.61
6119,2.7187,3.61
6120,2.7187,3.61
6121,2.7187,3.61
6122,2.7187,3.61
6123,2.7187,3.61
6124,2.7187,3.61
6125,2.7187,3.61
6126,2.7187,3.61
6127,2.7187,3.61
6128,2.7187,3.61
6129,2.7187,3.61
6130,2.7187,3.61
6131,2.7187,3.61
6132,2.7187,3.61
6133,2.7187,3.61
6134,2.7187,3.61
6135,2.7187,3.61
6136,2.7187,3.61
6137,2.7187,3.61
6138,2.7187,3.61
6139,2.7187,3.61
6140,2.7187,3.61
6141,2.7187,3.61
6142,2.7187,3.61
6143,2.7187,3.61
6144,2.7187,3.61
6145,2.7187,3.61
6146,2.7187,3.61
6147,2.7187,3.61
6148,2.7187,3.61
6149,2.7187,3.61
6150,2.7187,3.61
6151,2.7187,3.61
6152,2.7187,3.61
6153,2.7187,3.61
6154,2.7187,3.61
6155,2.7187,3.61
6156,2.7187,3.61
6157,2.7187,3.61
6158,2.7187,3.61
6159,2.7187,3.61
6160,2.7187,3.61
6161,2.7187,3.61
6162,2.7187,3.61
6163,2.7187,3.61
6164,2.7187,3.61
6165,2.7187,3.61
6166,2.7187,3.61
6167,2.7187,3.61
6168,2.7187,3.61
6169,2.7187,3.61
6170,2.7187,3.61
6171,2.7187,3.61
6172,2.7187,3.61
6173,2.7187,3.61
6174,2.7187,3.61
6175,2.7187,3.61
6176,2.7187,3.61
6177,2.7187,3.61
6178,2.7187,3.61
6179,2.7187,3.61
6180,2.7187,3.61
6181,2.7187,3.61
6182,2.7187,3.61
6183,2.7187,3.61
6184,2.7187,3.61
6185,2.7187,3.61
6186,2.7187,3.61
6187,2.7187,3.61
6188,2.7187,3.61
6189,2.7187,3.61
6190,2.7187,3.61
6191,2.7187,3.61
6192,2.7187,3.61
6193,2.7187,3.61
6194,2.7187,3.61
6195,2.7187,3.61
6196,2.7187,3.61
6197,2.7187,3.61
6198,2.7187,3.61
6199,2.7187,3.61
6200,2.7187,3.61
6201,2.7187,3.61
6202,2.7187,3.61
6203,2.7187,3.61
6204,2.7187,3.61
6205,2.7187,3.61
6206,2.7187,3.61
6207,2.7187,3.61
6208,2.7187,3.61
6209,2.7187,3.61
6210,2.7187,3.61
6211,2.7187,3.61
6212,2.7187,3.61
6213,2.7187,3.61
6214,2.7187,3.61
6215,2.7187,3.61
6216,2.7187,3.61
6217,2.7187,3.61
6218,2.7187,3.61
6219,2.7187,3.61
6220,2.7187,3.61
6221,2.7187,3.61
6222,2.7187,3.61
6223,2.7187,3.61
6224,2.7187,3.61
6225,2.7187,3.61
6226,2.7187,3.61
6227,2.7187,3.61
6228,2.7187,3.61
6229,2.7187,3.61
6230,2.7187,3.61
6231,2.7187,3.61
6232,2.7187,3.61
6233,2.7187,3.61
6234,2.7187,3.61
6235,2.7187,3.61
6236,2.7187,3.61
6237,2.7187,3.61
6238,2.7187,3.61
6239,2.7187,3.61
6240,2.7187,3.61
6241,2.7187,3.61
6242,2.7187,3.61
6243,2.7187,3.61
6244,2.7187,3.61
6245,2.7187,3.61
6246,2.7187,3.61
6247,2.7187,3.61
6248,2.7187,3.61
6249,2.7187,3.61
6250,2.7187,3.61
6251,2.7187,3.61
6252,2.7187,3.61
6253,2.7187,3.61
6254,2.7187,3.61
6255,2.7187,3.61
6256,2.7187,3.61
6257,2.7187,3.61
6258,2.7187,3.61
6259,2.7187,3.61
6260,2.7187,3.61
6261,2.7187,3.61
6262,2.7187,3.61
6263,2.7187,3.61
6264,2.7187,3.61
6265,2.7187,3.61
6266,2.7187,3.61
6267,2.7187,3.61
6268,2.7187,3.61
6269,2.7187,3.61
6270,2.7187,3.61
6271,2.7187,3.61
6272,2.7187,3.61
6273,2.7187,3.61
6274,2.7187,3.61
6275,2.7187,3.61
6276,2.7187,3.61
6277,2.7187,3.61
6278,2.7187,3.61
6279,2.7187,3.61
6280,2.7187,3.61
6281,2.7187,3.61
6282,2.7187,3.61
6283,2.7187,3.61
6284,2.7187,3.61
6285,2.7187,3.61
6286,2.7187,3.61
6287,2.7187,3.61
6288,2.7187,3.61
6289,2.7187,3.61
6290,2.7187,3.61
6291,2.7187,3.61
6292,2.7187,3.61
6293,2.7187,3.61
6294,2.7187,3.61
6295,2.7187,3.61
6296,2.7187,3.61
6297,2.7187,3.61
6298,2.7187,3.61
6299,2.7187,3.61
6300,2.7187,3.61
6301,2.7187,3.61
6302,2.7187,3.61
6303,2.7187,3.61
6304,2.7187,3.61
6305,2.7187,3.61
6306,2.7187,3.61
6307,2.7187,3.61
6308,2.7187,3.61
6309,2.7187,3.61
6310,2.7187,3.61
6311,2.7187,3.61
6312,2.7187,3.61
6313,2.7187,3.61
6314,2.7187,3.61
6315,2.7187,3.61
6316,2.7187,3.61
6317,2.7187,3.61
6318,2.7187,3.61
6319,2.7187,3.61
6320,2.7187,3.61
6321,2.7187,3.61
6322,2.7187,3.61
6323,2.7187,3.61
6324,2.7187,3.61
6325,2.7187,3.61
6326,2.7187,3.61
6327,2.7187,3.61
6328,2.7187,3.61
6329,2.7187,3.61
6330,2.7187,3.61
6331,2.7187,3.61
6332,2.7187,3.61
6333,2.7187,3.61
6334,2.7187,3.61
6335,2.7187,3.61
6336,2.7187,3.61
6337,2.7187,3.61
6338,2.7187,3.61
6339,2.7187,3.61
6340,2.7187,3.61
6341,2.7187,3.61
6342,2.7187,3.61
6343,2.7187,3.61
6344,2.7187,3.61
6345,2.7187,3.61
6346,2.7187,3.61
6347,2.7187,3.61
6348,2.7187,3.61
6349,2.7187,3.61
6350,2.7187,3.61
6351,2.7187,3.61
6352,2.7187,3.61
6353,2.7187,3.61
6354,2.7187,3.61
6355,2.7187,3.61
6356,2.7187,3.61
6357,2.7187,3.61
6358,2.7187,3.61
6359,2.7187,3.61
6360,2.7187,3.61
6361,2.7187,3.61
6362,2.7187,3.61
6363,2.7187,3.61
6364,2.7187,3.61
6365,2.7187,3.61
6366,2.7187,3.61
6367,2.7187,3.61
6368,2.7187,3.61
6369,2.7187,3.61
6370,2.7187,3.61
6371,2.7187,3.61
6372,2.7187,3.61
6373,2.7187,3.61
6374,2.7187,3.61
6375,2.7187,3.61
6376,2.7187,3.61
6377,2.7187,3.61
6378,2.7187,3.61
6379,2.7187,3.61
6380,2.7187,3.61
6381,2.7187,3.61
6382,2.7187,3.61
6383,2.7187,3.61
6384,2.7187,3.61
6385,2.7187,3.61
6386,2.7187,3.61
6387,2.7187,3.61
6388,2.7187,3.61
6389,2.7187,3.61
6390,2.7187,3.61
6391,2.7187,3.61
6392,2.7187,3.61
6393,2.7187,3.61
6394,2.7187,3.61
6395,2.7187,3.61
6396,2.7187,3.61
6397,2.7187,3.61
6398,2.7187,3.61
6399,2.7187,3.61
6400,2.7187,3.61
6401,2.7187,3.61
6402,2.7187,3.61
6403,2.7187,3.61
6404,2.7187,3.61
6405,2.7187,3.61
6406,2.7187,3.61
6407,2.7187,3.61
6408,2.7187,3.61
6409,2.7187,3.61
6410,2.7187,3.61
6411,2.7187,3.61
6412,2.7187,3.61
6413,2.7187,3.61
6414,2.7187,3.61
6415,2.7187,3.61
6416,2.7187,3.61
6417,2.7187,3.61
6418,2.7187,3.61
6419,2.7187,3.61
6420,2.7187,3.61
6421,2.7187,3.61
6422,2.7187,3.61
6423,2.7187,3.61
6424,2.7187,3.61
6425,2.7187,3.61
6426,2.7187,3.61
6427,2.7187,3.61
6428,2.7187,3.61
6429,2.7187,3.61
6430,2.7187,3.61
6431,2.7187,3.61
6432,2.7187,3.61
6433,2.7187,3.61
6434,2.7187,3.61
6435,2.7187,3.61
6436,2.7187,3.61
6437,2.7187,3.61
6438,2.7187,3.61
6439,2.7187,3.61
6440,2.7187,3.61
6441,2.7187,3.61
6442,2.7187,3.61
6443,2.7187,3.61
6444,2.7187,3.61
6445,2.7187,3.61
6446,2.7187,3.61
6447,2.7187,3.61
6448,2.7187,3.61
6449,2.7187,3.61
6450,2.7187,3.61
6451,2.7187,3.61
6452,2.7187,3.61
6453,2.7187,3.61
6454,2.7187,3.61
6455,2.7187,3.61
6456,2.7187,3.61
6457,2.7187,3.61
6458,2.7187,3.61
6459,2.7187,3.61
6460,2.7187,3.61
6461,2.7187,3.61
6462,2.7187,3.61
6463,2.7187,3.61
6464,2.7187,3.61
6465,2.7187,3.61
6466,2.7187,3.61
6467,2.7187,3.61
6468,2.7187,3.61
6469,2.7187,3.61
6470,2.7187,3.61
6471,2.7187,3.61
6472,2.7187,3.61
6473,2.7187,3.61
6474,2.7187,3.61
6475,2.7187,3.61
6476,2.7187,3.61
6477,2.7187,3.61
6478,2.7187,3.61
6479,2.7187,3.61
6480,2.7187,3.61
6481,2.7187,3.61
6482,2.7187,3.61
6483,2.7187,3.61
6484,2.7187,3.61
6485,2.7187,3.61
6486,2.7187,3.61
6487,2.7187,3.61
6488,2.7187,3.61
6489,2.7187,3.61
6490,2.7187,3.61
6491,2.7187,3.61
6492,2.7187,3.61
6493,2.7187,3.61
6494,2.7187,3.61
6495,2.7187,3.61
6496,2.7187,3.61
6497,2.7187,3.61
6498,2.7187,3.61
6499,2.7187,3.61
6500,2.7187,3.61
6501,2.7187,3.61
6502,2.7187,3.61
6503,2.7187,3.61
6504,2.7187,3.61
6505,2.7187,3.61
6506,2.7187,3.61
6507,2.7187,3.61
6508,2.7187,3.61
6509,2.7187,3.61
6510,2.7187,3.61
6511,2.7187,3.61
6512,2.7187,3.61
6513,2.7187,3.61
6514,2.7187,3.61
6515,2.7187,3.61
6516,2.7187,3.61
6517,2.7187,3.61
6518,2.7187,3.61
6519,2.7187,3.61
6520,2.7187,3.61
6521,2.7187,3.61
6522,2.7187,3.61
6523,2.7187,3.61
6524,2.7187,3.61
6525,2.7187,3.61
6526,2.7187,3.61
6527,2.7187,3.61
6528,2.7187,3.61
6529,2.7187,3.61
6530,2.7187,3.61
6531,2.7187,3.61
6532,2.7187,3.61
6533,2.7187,3.61
6534,2.7187,3.61
6535,2.7187,3.61
6536,2.7187,3.61
6537,2.7187,3.61
6538,2.7187,3.61
6539,2.7187,3.61
6540,2.7187,3.61
6541,2.7187,3.61
6542,2.7187,3.61
6543,2.7187,3.61
6544,2.7187,3.61
6545,2.7187,3.61
6546,2.7187,3.61
6547,2.7187,3.61
6548,2.7187,3.61
6549,2.7187,3.61
6550,2.7187,3.61
6551,2.7187,3.61
6552,2.7187,3.61
6553,2.7187,3.61
6554,2.7187,3.61
6555,2.7187,3.61
6556,2.7187,3.61
6557,2.7187,3.61
6558,2.7187,3.61
6559,2.7187,3.61
6560,2.7187,3.61
6561,2.7187,3.61
6562,2.7187,3.61
6563,2.7187,3.61
6564,2.7187,3.61
6565,2.7187,3.61
6566,2.7187,3.61
6567,2.7187,3.61
6568,2.7187,3.61
6569,2.7187,3.61
6570,2.7187,3.61
6571,2.7187,3.61
6572,2.7187,3.61
6573,2.7187,3.61
6574,2.7187,3.61
6575,2.7187,3.61
6576,2.7187,3.61
6577,2.7187,3.61
6578,2.7187,3.61
6579,2.7187,3.61
6580,2.7187,3.61
6581,2.7187,3.61
6582,2.7187,3.61
6583,2.7187,3.61
6584,2.7187,3.61
6585,2.7187,3.61
6586,2.7187,3.61
6587,2.7187,3.61
6588,2.7187,3.61
6589,2.7187,3.61
6590,2.7187,3.61
6591,2.7187,3.61
6592,2.7187,3.61
6593,2.7187,3.61
6594,2.7187,3.61
6595,2.7187,3.61
6596,2.7187,3.61
6597,2.7187,3.61
6598,2.7187,3.61
6599,2.7187,3.61
6600,2.7187,3.61
6601,2.7187,3.61
6602,2.7187,3.61
6603,2.7187,3.61
6604,2.7187,3.61
6605,2.7187,3.61
6606,2.7187,3.61
6607,2.7187,3.61
6608,2.7187,3.61
6609,2.7187,3.61
6610,2.7187,3.61
6611,2.7187,3.61
6612,2.7187,3.61
6613,2.7187,3.61
6614,2.7187,3.61
6615,2.7187,3.61
6616,2.7187,3.61
6617,2.7187,3.61
6618,2.7187,3.61
6619,2.7187,3.61
6620,2.7187,3.61
6621,2.7187,3.61
6622,2.7187,3.61
6623,2.7187,3.61
6624,2.7187,3.61
6625,2.7187,3.61
6626,2.7187,3.61
6627,2.7187,3.61
6628,2.7187,3.61
6629,2.7187,3.61
6630,2.7187,3.61
6631,2.7187,3.61
6632,2.7187,3.61
6633,2.7187,3.61
6634,2.7187,3.61
6635,2.7187,3.61
6636,2.7187,3.61
6637,2.7187,3.61
6638,2.7187,3.61
6639,2.7187,3.61
6640,2.7187,3.61
6641,2.7187,3.61
6642,2.7187,3.61
6643,2.7187,3.61
6644,2.7187,3.61
6645,2.7187,3.61
6646,2.7187,3.61
6647,2.7187,3.61
6648,2.7187,3.61
6649,2.7187,3.61
6650,2.7187,3.61
6651,2.7187,3.61
6652,2.7187,3.61
6653,2.7187,3.61
6654,2.7187,3.61
6655,2.7187,3.61
6656,2.7187,3.61
6657,2.7187,3.61
6658,2.7187,3.61
6659,2.7187,3.61
6660,2.7187,3.61
6661,2.7187,3.61
6662,2.7187,3.61
6663,2.7187,3.61
6664,2.7187,3.61
6665,2.7187,3.61
6666,2.7187,3.61
6667,2.7187,3.61
6668,2.7187,3.61
6669,2.7187,3.61
6670,2.7187,3.61
6671,2.7187,3.61
6672,2.7187,3.61
6673,2.7187,3.61
6674,2.7187,3.61
6675,2.7187,3.61
6676,2.7187,3.61
6677,2.7187,3.61
6678,2.7187,3.61
6679,2.7187,3.61
6680,2.7187,3.61
6681,2.7187,3.61
6682,2.7187,3.61
6683,2.7187,3.61
6684,2.7187,3.61
6685,2.7187,3.61
6686,2.7187,3.61
6687,2.7187,3.61
6688,2.7187,3.61
6689,2.7187,3.61
6690,2.7187,3.61
6691,2.7187,3.61
6692,2.7187,3.61
6693,2.7187,3.61
6694,2.7187,3.61
6695,2.7187,3.61
6696,2.7187,3.61
6697,2.7187,3.61
6698,2.7187,3.61
6699,2.7187,3.61
6700,2.7187,3.61
6701,2.7187,3.61
6702,2.7187,3.61
6703,2.7187,3.61
6704,2.7187,3.61
6705,2.7187,3.61
6706,2.7187,3.61
6707,2.7187,3.61
6708,2.7187,3.61
6709,2.7187,3.61
6710,2.7187,3.61
6711,2.7187,3.61
6712,2.7187,3.61
6713,2.7187,3.61
6714,2.7187,3.61
6715,2.7187,3.61
6716,2.7187,3.61
6717,2.7187,3.61
6718,2.7187,3.61
6719,2.7187,3.61
6720,2.7187,3.61
6721,2.7187,3.61
6722,2.7187,3.61
6723,2.7187,3.61
6724,2.7187,3.61
6725,2.7187,3.61
6726,2.7187,3.61
6727,2.7187,3.61
6728,2.7187,3.61
6729,2.7187,3.61
6730,2.7187,3.61
6731,2.7187,3.61
6732,2.7187,3.61
6733,2.7187,3.61
6734,2.7187,3.61
6735,2.7187,3.61
6736,2.7187,3.61
6737,2.7187,3.61
6738,2.7187,3.61
6739,2.7187,3.61
6740,2.7187,3.61
6741,2.7187,3.61
6742,2.7187,3.61
6743,2.7187,3.61
6744,2.7187,3.61
6745,2.7187,3.61
6746,2.7187,3.61
6747,2.7187,3.61
6748,2.7187,3.61
6749,2.7187,3.61
6750,2.7187,3.61
6751,2.7187,3.61
6752,2.7187,3.61
6753,2.7187,3.61
6754,2.7187,3.61
6755,2.7187,3.61
6756,2.7187,3.61
6757,2.7187,3.61
6758,2.7187,3.61
6759,2.7187,3.61
6760,2.7187,3.61
6761,2.7187,3.61
6762,2.7187,3.61
6763,2.7187,3.61
6764,2.7187,3.61
6765,2.7187,3.61
6766,2.7187,3.61
6767,2.7187,3.61
6768,2.7187,3.61
6769,2.7187,3.61
6770,2.7187,3.61
6771,2.7187,3.61
6772,2.7187,3.61
6773,2.7187,3.61
6774,2.7187,3.61
6775,2.7187,3.61
6776,2.7187,3.61
6777,2.7187,3.61
6778,2.7187,3.61
6779,2.7187,3.61
6780,2.7187,3.61
6781,2.7187,3.61
6782,2.7187,3.61
6783,2.7187,3.61
6784,2.7187,3.61
6785,2.7187,3.61
6786,2.7187,3.61
6787,2.7187,3.61
6788,2.7187,3.61
6789,2.7187,3.61
6790,2.7187,3.61
6791,2.7187,3.61
6792,2.7187,3.61
6793,2.7187,3.61
6794,2.7187,3.61
6795,2.7187,3.61
6796,2.7187,3.61
6797,2.7187,3.61
6798,2.7187,3.61
6799,2.7187,3.61
6800,2.7187,3.61
6801,2.7187,3.61
6802,2.7187,3.61
6803,2.7187,3.61
6804,2.7187,3.61
6805,2.7187,3.61
6806,2.7187,3.61
6807,2.7187,3.61
6808,2.7187,3.61
6809,2.7187,3.61
6810,2.7187,3.61
6811,2.7187,3.61
6812,2.7187,3.61
6813,2.7187,3.61
6814,2.7187,3.61
6815,2.7187,3.61
6816,2.7187,3.61
6817,2.7187,3.61
6818,2.7187,3.61
6819,2.7187,3.61
6820,2.7187,3.61
6821,2.7187,3.61
6822,2.7187,3.61
6823,2.7187,3.61
6824,2.7187,3.61
6825,2.7187,3.61
6826,2.7187,3.61
6827,2.7187,3.61
6828,2.7187,3.61
6829,2.7187,3.61
6830,2.7187,3.61
6831,2.7187,3.61
6832,2.7187,3.61
6833,2.7187,3.61
6834,2.7187,3.61
6835,2.7187,3.61
6836,2.7187,3.61
6837,2.7187,3.61
6838,2.7187,3.61
6839,2.7187,3.61
6840,2.7187,3.61
6841,2.7187,3.61
6842,2.7187,3.61
6843,2.7187,3.61
6844,2.7187,3.61
6845,2.7187,3.61
6846,2.7187,3.61
6847,2.7187,3.61
6848,2.7187,3.61
6849,2.7187,3.61
6850,2.7187,3.61
6851,2.7187,3.61
6852,2.7187,3.61
6853,2.7187,3.61
6854,2.7187,3.61
6855,2.7187,3.61
6856,2.7187,3.61
6857,2.7187,3.61
6858,2.7187,3.61
6859,2.7187,3.61
6860,2.7187,3.61
6861,2.7187,3.61
6862,2.7187,3.61
6863,2.7187,3.61
6864,2.7187,3.61
6865,2.7187,3.61
6866,2.7187,3.61
6867,2.7187,3.61
6868,2.7187,3.61
6869,2.7187,3.61
6870,2.7187,3.61
6871,2.7187,3.61
6872,2.7187,3.61
6873,2.7187,3.61
6874,2.7187,3.61
6875,2.7187,3.61
6876,2.7187,3.61
6877,2.7187,3.61
6878,2.7187,3.61
6879,2.7187,3.61
6880,2.7187,3.61
6881,2.7187,3.61
6882,2.7187,3.61
6883,2.7187,3.61
6884,2.7187,3.61
6885,2.7187,3.61
6886,2.7187,3.61
6887,2.7187,3.61
6888,2.7187,3.61
6889,2.7187,3.61
6890,2.7187,3.61
6891,2.7187,3.61
6892,2.7187,3.61
6893,2.7187,3.61
6894,2.7187,3.61
6895,2.7187,3.61
6896,2.7187,3.61
6897,2.7187,3.61
6898,2.7187,3.61
6899,2.7187,3.61
6900,2.7187,3.61
6901,2.7187,3.61
6902,2.7187,3.61
6903,2.7187,3.61
6904,2.7187,3.61
6905,2.7187,3.61
6906,2.7187,3.61
6907,2.7187,3.61
6908,2.7187,3.61
6909,2.7187,3.61
6910,2.7187,3.61
6911,2.7187,3.61
6912,2.7187,3.61
6913,2.7187,3.61
6914,2.7187,3.61
6915,2.7187,3.61
6916,2.7187,3.61
6917,2.7187,3.61
6918,2.7187,3.61
6919,2.7187,3.61
6920,2.7187,3.61
6921,2.7187,3.61
6922,2.7187,3.61
6923,2.7187,3.61
6924,2.7187,3.61
6925,2.7187,3.61
6926,2.7187,3.61
6927,2.7187,3.61
6928,2.7187,3.61
6929,2.7187,3.61
6930,2.7187,3.61
6931,2.7187,3.61
6932,2.7187,3.61
6933,2.7187,3.61
6934,2.7187,3.61
6935,2.7187,3.61
6936,2.7187,3.61
6937,2.7187,3.61
6938,2.7187,3.61
6939,2.7187,3.61
6940,2.7187,3.61
6941,2.7187,3.61
6942,2.7187,3.61
6943,2.7187,3.61
6944,2.7187,3.61
6945,2.7187,3.61
6946,2.7187,3.61
6947,2.7187,3.61
6948,2.7187,3.61
6949,2.7187,3.61
6950,2.7187,3.61
6951,2.7187,3.61
6952,2.7187,3.61
6953,2.7187,3.61
6954,2.7187,3.61
6955,2.7187,3.61
6956,2.7187,3.61
6957,2.7187,3.61
6958,2.7187,3.61
6959,2.7187,3.61
6960,2.7187,3.61
6961,2.7187,3.61
6962,2.7187,3.61
6963,2.7187,3.61
6964,2.7187,3.61
6965,2.7187,3.61
6966,2.7187,3.61
6967,2.7187,3.61
6968,2.7187,3.61
6969,2.7187,3.61
6970,2.7187,3.61
6971,2.7187,3.61
6972,2.7187,3.61
6973,2.7187,3.61
6974,2.7187,3.61
6975,2.7187,3.61
6976,2.7187,3.61
6977,2.7187,3.61
6978,2.7187,3.61
6979,2.7187,3.61
6980,2.7187,3.61
6981,2.7187,3.61
6982,2.7187,3.61
6983,2.7187,3.61
6984,2.7187,3.61
6985,2.7187,3.61
6986,2.7187,3.61
6987,2.7187,3.61
6988,2.7187,3.61
6989,2.7187,3.61
6990,2.7187,3.61
6991,2.7187,3.61
6992,2.7187,3.61
6993,2.7187,3.61
6994,2.7187,3.61
6995,2.7187,3.61
6996,2.7187,3.61
6997,2.7187,3.61
6998,2.7187,3.61
6999,2.7187,3.61
7000,2.7187,3.61
7001,2.7187,3.61
7002,2.7187,3.61
7003,2.7187,3.61
7004,2.7187,3.61
7005,2.7187,3.61
7006,2.7187,3.61
7007,2.7187,3.61
7008,2.7187,3.61
7009,2.7187,3.61
7010,2.7187,3.61
7011,2.7187,3.61
7012,2.7187,3.61
7013,2.7187,3.61
7014,2.7187,3.61
7015,2.7187,3.61
7016,2.7187,3.61
7017,2.7187,3.61
7018,2.7187,3.61
7019,2.7187,3.61
7020,2.7187,3.61
7021,2.7187,3.61
7022,2.7187,3.61
7023,2.7187,3.61
7024,2.7187,3.61
7025,2.7187,3.61
7026,2.7187,3.61
7027,2.7187,3.61
7028,2.7187,3.61
7029,2.7187,3.61
7030,2.7187,3.61
7031,2.7187,3.61
7032,2.7187,3.61
7033,2.7187,3.61
7034,2.7187,3.61
7035,2.7187,3.61
7036,2.7187,3.61
7037,2.7187,3.61
7038,2.7187,3.61
7039,2.7187,3.61
7040,2.7187,3.61
7041,2.7187,3.61
7042,2.7187,3.61
7043,2.7187,3.61
7044,2.7187,3.61
7045,2.7187,3.61
7046,2.7187,3.61
7047,2.7187,3.61
7048,2.7187,3.61
7049,2.7187,3.61
7050,2.7187,3.61
7051,2.7187,3.61
7052,2.7187,3.61
7053,2.7187,3.61
7054,2.7187,3.61
7055,2.7187,3.61
7056,2.7187,3.61
7057,2.7187,3.61
7058,2.7187,3.61
7059,2.7187,3.61
7060,2.7187,3.61
7061,2.7187,3.61
7062,2.7187,3.61
7063,2.7187,3.61
7064,2.7187,3.61
7065,2.7187,3.61
7066,2.7187,3.61
7067,2.7187,3.61
7068,2.7187,3.61
7069,2.7187,3.61
7070,2.7187,3.61
7071,2.7187,3.61
7072,2.7187,3.61
7073,2.7187,3.61
7074,2.7187,3.61
7075,2.7187,3.61
7076,2.7187,3.61
7077,2.7187,3.61
7078,2.7187,3.61
7079,2.7187,3.61
7080,2.7187,3.61
7081,2.7187,3.61
7082,2.7187,3.61
7083,2.7187,3.61
7084,2.7187,3.61
7085,2.7187,3.61
7086,2.7187,3.61
7087,2.7187,3.61
7088,2.7187,3.61
7089,2.7187,3.61
7090,2.7187,3.61
7091,2.7187,3.61
7092,2.7187,3.61
7093,2.7187,3.61
7094,2.7187,3.61
7095,2.7187,3.61
7096,2.7187,3.61
7097,2.7187,3.61
7098,2.7187,3.61
7099,2.7187,3.61
7100,2.7187,3.61
7101,2.7187,3.61
7102,2.7187,3.61
7103,2.7187,3.61
7104,2.7187,3.61
7105,2.7187,3.61
7106,2.7187,3.61
7107,2.7187,3.61
7108,2.7187,3.61
7109,2.7187,3.61
7110,2.7187,3.61
7111,2.7187,3.61
7112,2.7187,3.61
7113,2.7187,3.61
7114,2.7187,3.61
7115,2.7187,3.61
7116,2.7187,3.61
7117,2.7187,3.61
7118,2.7187,3.61
7119,2.7187,3.61
7120,2.7187,3.61
7121,2.7187,3.61
7122,2.7187,3.61
7123,2.7187,3.61
7124,2.7187,3.61
7125,2.7187,3.61
7126,2.7187,3.61
7127,2.7187,3.61
7128,2.7187,3.61
7129,2.7187,3.61
7130,2.7187,3.61
7131,2.7187,3.61
7132,2.7187,3.61
7133,2.7187,3.61
7134,2.7187,3.61
7135,2.7187,3.61
7136,2.7187,3.61
7137,2.7187,3.61
7138,2.7187,3.61
7139,2.7187,3.61
7140,2.7187,3.61
7141,2.7187,3.61
7142,2.7187,3.61
7143,2.7187,3.61
7144,2.7187,3.61
7145,2.7187,3.61
7146,2.7187,3.61
7147,2.7187,3.61
7148,2.7187,3.61
7149,2.7187,3.61
7150,2.7187,3.61
7151,2.7187,3.61
7152,2.7187,3.61
7153,2.7187,3.61
7154,2.7187,3.61
7155,2.7187,3.61
7156,2.7187,3.61
7157,2.7187,3.61
7158,2.7187,3.61
7159,2.7187,3.61
7160,2.7187,3.61
7161,2.7187,3.61
7162,2.7187,3.61
7163,2.7187,3.61
7164,2.7187,3.61
7165,2.7187,3.61
7166,2.7187,3.61
7167,2.7187,3.61
7168,2.7187,3.61
7169,2.7187,3.61
7170,2.7187,3.61
7171,2.7187,3.61
7172,2.7187,3.61
7173,2.7187,3.61
7174,2.7187,3.61
7175,2.7187,3.61
7176,2.7187,3.61
7177,2.7187,3.61
7178,2.7187,3.61
7179,2.7187,3.61
7180,2.7187,3.61
7181,2.7187,3.61
7182,2.7187,3.61
7183,2.7187,3.61
7184,2.7187,3.61
7185,2.7187,3.61
7186,2.7187,3.61
7187,2.7187,3.61
7188,2.7187,3.61
7189,2.7187,3.61
7190,2.7187,3.61
7191,2.7187,3.61
7192,2.7187,3.61
7193,2.7187,3.61
7194,2.7187,3.61
7195,2.7187,3.61
7196,2.7187,3.61
7197,2.7187,3.61
7198,2.7187,3.61
7199,2.7187,3.61
7200,2.7187,3.61
7201,2.7187,3.61
7202,2.7187,3.61
7203,2.7187,3.61
7204,2.7187,3.61
7205,2.7187,3.61
7206,2.7187,3.61
7207,2.7187,3.61
7208,2.7187,3.61
7209,2.7187,3.61
7210,2.7187,3.61
7211,2.7187,3.61
7212,2.7187,3.61
7213,2.7187,3.61
7214,2.7187,3.61
7215,2.7187,3.61
7216,2.7187,3.61
7217,2.7187,3.61
7218,2.7187,3.61
7219,2.7187,3.61
7220,2.7187,3.61
7221,2.7187,3.61
7222,2.7187,3.61
7223,2.7187,3.61
7224,2.7187,3.61
7225,2.7187,3.61
7226,2.7187,3.61
7227,2.7187,3.61
7228,2.7187,3.61
7229,2.7187,3.61
7230,2.7187,3.61
7231,2.7187,3.61
7232,2.7187,3.61
7233,2.7187,3.61
7234,2.7187,3.61
7235,2.7187,3.61
7236,2.7187,3.61
7237,2.7187,3.61
7238,2.7187,3.61
7239,2.7187,3.61
7240,2.7187,3.61
7241,2.7187,3.61
7242,2.7187,3.61
7243,2.7187,3.61
7244,2.7187,3.61
7245,2.7187,3.61
7246,2.7187,3.61
7247,2.7187,3.61
7248,2.7187,3.61
7249,2.7187,3.61
7250,2.7187,3.61
7251,2.7187,3.61
7252,2.7187,3.61
7253,2.7187,3.61
7254,2.7187,3.61
7255,2.7187,3.61
7256,2.7187,3.61
7257,2.7187,3.61
7258,2.7187,3.61
7259,2.7187,3.61
7260,2.7187,3.61
7261,2.7187,3.61
7262,2.7187,3.61
7263,2.7187,3.61
7264,2.7187,3.61
7265,2.7187,3.61
7266,2.7187,3.61
7267,2.7187,3.61
7268,2.7187,3.61
7269,2.7187,3.61
7270,2.7187,3.61
7271,2.7187,3.61
7272,2.7187,3.61
7273,2.7187,3.61
7274,2.7187,3.61
7275,2.7187,3.61
7276,2.7187,3.61
7277,2.7187,3.61
7278,2.7187,3.61
7279,2.7187,3.61
7280,2.7187,3.61
7281,2.7187,3.61
7282,2.7187,3.61
7283,2.7187,3.61
7284,2.7187,3.61
7285,2.7187,3.61
7286,2.7187,3.61
7287,2.7187,3.61
7288,2.7187,3.61
7289,2.7187,3.61
7290,2.7187,3.61
7291,2.7187,3.61
7292,2.7187,3.61
7293,2.7187,3.61
7294,2.7187,3.61
7295,2.7187,3.61
7296,2.7187,3.61
7297,2.7187,3.61
7298,2.7187,3.61
7299,2.7187,3.61
7300,2.7187,3.61
7301,2.7187,3.61
7302,2.7187,3.61
7303,2.7187,3.61
7304,2.7187,3.61
7305,2.7187,3.61
7306,2.7187,3.61
7307,2.7187,3.61
7308,2.7187,3.61
7309,2.7187,3.61
7310,2.7187,3.61
7311,2.7187,3.61
7312,2.7187,3.61
7313,2.7187,3.61
7314,2.7187,3.61
7315,2.7187,3.61
7316,2.7187,3.61
7317,2.7187,3.61
7318,2.7187,3.61
7319,2.7187,3.61
7320,2.7187,3.61
7321,2.7187,3.61
7322,2.7187,3.61
7323,2.7187,3.61
7324,2.7187,3.61
7325,2.7187,3.61
7326,2.7187,3.61
7327,2.7187,3.61
7328,2.7187,3.61
7329,2.7187,3.61
7330,2.7187,3.61
7331,2.7187,3.61
7332,2.7187,3.61
7333,2.7187,3.61
7334,2.7187,3.61
7335,2.7187,3.61
7336,2.7187,3.61
7337,2.7187,3.61
7338,2.7187,3.61
7339,2.7187,3.61
7340,2.7187,3.61
7341,2.7187,3.61
7342,2.7187,3.61
7343,2.7187,3.61
7344,2.7187,3.61
7345,2.7187,3.61
7346,2.7187,3.61
7347,2.7187,3.61
7348,2.7187,3.61
7349,2.7187,3.61
7350,2.7187,3.61
7351,2.7187,3.61
7352,2.7187,3.61
7353,2.7187,3.61
7354,2.7187,3.61
7355,2.7187,3.61
7356,2.7187,3.61
7357,2.7187,3.61
7358,2.7187,3.61
7359,2.7187,3.61
7360,2.7187,3.61
7361,2.7187,3.61
7362,2.7187,3.61
7363,2.7187,3.61
7364,2.7187,3.61
7365,2.7187,3.61
7366,2.7187,3.61
7367,2.7187,3.61
7368,2.7187,3.61
7369,2.7187,3.61
7370,2.7187,3.61
7371,2.7187,3.61
7372,2.7187,3.61
7373,2.7187,3.61
7374,2.7187,3.61
7375,2.7187,3.61
7376,2.7187,3.61
7377,2.7187,3.61
7378,2.7187,3.61
7379,2.7187,3.61
7380,2.7187,3.61
7381,2.7187,3.61
7382,2.7187,3.61
7383,2.7187,3.61
7384,2.7187,3.61
7385,2.7187,3.61
7386,2.7187,3.61
7387,2.7187,3.61
7388,2.7187,3.61
7389,2.7187,3.61
7390,2.7187,3.61
7391,2.7187,3.61
7392,2.7187,3.61
7393,2.7187,3.61
7394,2.7187,3.61
7395,2.7187,3.61
7396,2.7187,3.61
7397,2.7187,3.61
7398,2.7187,3.61
7399,2.7187,3.61
7400,2.7187,3.61
7401,2.7187,3.61
7402,2.7187,3.61
7403,2.7187,3.61
7404,2.7187,3.61
7405,2.7187,3.61
7406,2.7187,3.61
7407,2.7187,3.61
7408,2.7187,3.61
7409,2.7187,3.61
7410,2.7187,3.61
7411,2.7187,3.61
7412,2.7187,3.61
7413,2.7187,3.61
7414,2.7187,3.61
7415,2.7187,3.61
7416,2.7187,3.61
7417,2.7187,3.61
7418,2.7187,3.61
7419,2.7187,3.61
7420,2.7187,3.61
7421,2.7187,3.61
7422,2.7187,3.61
7423,2.7187,3.61
7424,2.7187,3.61
7425,2.7187,3.61
7426,2.7187,3.61
7427,2.7187,3.61
7428,2.7187,3.61
7429,2.7187,3.61
7430,2.7187,3.61
7431,2.7187,3.61
7432,2.7187,3.61
7433,2.7187,3.61
7434,2.7187,3.61
7435,2.7187,3.61
7436,2.7187,3.61
7437,2.7187,3.61
7438,2.7187,3.61
7439,2.7187,3.61
7440,2.7187,3.61
7441,2.7187,3.61
7442,2.7187,3.61
7443,2.7187,3.61
7444,2.7187,3.61
7445,2.7187,3.61
7446,2.7187,3.61
7447,2.7187,3.61
7448,2.7187,3.61
7449,2.7187,3.61
7450,2.7187,3.61
7451,2.7187,3.61
7452,2.7187,3.61
7453,2.7187,3.61
7454,2.7187,3.61
7455,2.7187,3.61
7456,2.7187,3.61
7457,2.7187,3.61
7458,2.7187,3.61
7459,2.7187,3.61
7460,2.7187,3.61
7461,2.7187,3.61
7462,2.7187,3.61
7463,2.7187,3.61
7464,2.7187,3.61
7465,2.7187,3.61
7466,2.7187,3.61
7467,2.7187,3.61
7468,2.7187,3.61
7469,2.7187,3.61
7470,2.7187,3.61
7471,2.7187,3.61
7472,2.7187,3.61
7473,2.7187,3.61
7474,2.7187,3.61
7475,2.7187,3.61
7476,2.7187,3.61
7477,2.7187,3.61
7478,2.7187,3.61
7479,2.7187,3.61
7480,2.7187,3.61
7481,2.7187,3.61
7482,2.7187,3.61
7483,2.7187,3.61
7484,2.7187,3.61
7485,2.7187,3.61
7486,2.7187,3.61
7487,2.7187,3.61
7488,2.7187,3.61
7489,2.7187,3.61
7490,2.7187,3.61
7491,2.7187,3.61
7492,2.7187,3.61
7493,2.7187,3.61
7494,2.7187,3.61
7495,2.7187,3.61
7496,2.7187,3.61
7497,2.7187,3.61
7498,2.7187,3.61
7499,2.7187,3.61
7500,2.7187,3.61
7501,2.7187,3.61
7502,2.7187,3.61
7503,2.7187,3.61
7504,2.7187,3.61
7505,2.7187,3.61
7506,2.7187,3.61
7507,2.7187,3.61
7508,2.7187,3.61
7509,2.7187,3.61
7510,2.7187,3.61
7511,2.7187,3.61
7512,2.7187,3.61
7513,2.7187,3.61
7514,2.7187,3.61
7515,2.7187,3.61
7516,2.7187,3.61
7517,2.7187,3.61
7518,2.7187,3.61
7519,2.7187,3.61
7520,2.7187,3.61
7521,2.7187,3.61
7522,2.7187,3.61
7523,2.7187,3.61
7524,2.7187,3.61
7525,2.7187,3.61
7526,2.7187,3.61
7527,2.7187,3.61
7528,2.7187,3.61
7529,2.7187,3.61
7530,2.7187,3.61
7531,2.7187,3.61
7532,2.7187,3.61
7533,2.7187,3.61
7534,2.7187,3.61
7535,2.7187,3.61
7536,2.7187,3.61
7537,2.7187,3.61
7538,2.7187,3.61
7539,2.7187,3.61
7540,2.7187,3.61
7541,2.7187,3.61
7542,2.7187,3.61
7543,2.7187,3.61
7544,2.7187,3.61
7545,2.7187,3.61
7546,2.7187,3.61
7547,2.7187,3.61
7548,2.7187,3.61
7549,2.7187,3.61
7550,2.7187,3.61
7551,2.7187,3.61
7552,2.7187,3.61
7553,2.7187,3.61
7554,2.7187,3.61
7555,2.7187,3.61
7556,2.7187,3.61
7557,2.7187,3.61
7558,2.7187,3.61
7559,2.7187,3.61
7560,2.7187,3.61
7561,2.7187,3.61
7562,2.7187,3.61
7563,2.7187,3.61
7564,2.7187,3.61
7565,2.7187,3.61
7566,2.7187,3.61
7567,2.7187,3.61
7568,2.7187,3.61
7569,2.7187,3.61
7570,2.7187,3.61
7571,2.7187,3.61
7572,2.7187,3.61
7573,2.7187,3.61
7574,2.7187,3.61
7575,2.7187,3.61
7576,2.7187,3.61
7577,2.7187,3.61
7578,2.7187,3.61
7579,2.7187,3.61
7580,2.7187,3.61
7581,2.7187,3.61
7582,2.7187,3.61
7583,2.7187,3.61
7584,2.7187,3.61
7585,2.7187,3.61
7586,2.7187,3.61
7587,2.7187,3.61
7588,2.7187,3.61
7589,2.7187,3.61
7590,2.7187,3.61
7591,2.7187,3.61
7592,2.7187,3.61
7593,2.7187,3.61
7594,2.7187,3.61
7595,2.7187,3.61
7596,2.7187,3.61
7597,2.7187,3.61
7598,2.7187,3.61
7599,2.7187,3.61
7600,2.7187,3.61
7601,2.7187,3.61
7602,2.7187,3.61
7603,2.7187,3.61
7604,2.7187,3.61
7605,2.7187,3.61
7606,2.7187,3.61
7607,2.7187,3.61
7608,2.7187,3.61
7609,2.7187,3.61
7610,2.7187,3.61
7611,2.7187,3.61
7612,2.7187,3.61
7613,2.7187,3.61
7614,2.7187,3.61
7615,2.7187,3.61
7616,2.7187,3.61
7617,2.7187,3.61
7618,2.7187,3.61
7619,2.7187,3.61
7620,2.7187,3.61
7621,2.7187,3.61
7622,2.7187,3.61
7623,2.7187,3.61
7624,2.7187,3.61
7625,2.7187,3.61
7626,2.7187,3.61
7627,2.7187,3.61
7628,2.7187,3.61
7629,2.7187,3.61
7630,2.7187,3.61
7631,2.7187,3.61
7632,2.7187,3.61
7633,2.7187,3.61
7634,2.7187,3.61
7635,2.7187,3.61
7636,2.7187,3.61
7637,2.7187,3.61
7638,2.7187,3.61
7639,2.7187,3.61
7640,2.7187,3.61
7641,2.7187,3.61
7642,2.7187,3.61
7643,2.7187,3.61
7644,2.7187,3.61
7645,2.7187,3.61
7646,2.7187,3.61
7647,2.7187,3.61
7648,2.7187,3.61
7649,2.7187,3.61
7650,2.7187,3.61
7651,2.7187,3.61
7652,2.7187,3.61
7653,2.7187,3.61
7654,2.7187,3.61
7655,2.7187,3.61
7656,2.7187,3.61
7657,2.7187,3.61
7658,2.7187,3.61
7659,2.7187,3.61
7660,2.7187,3.61
7661,2.7187,3.61
7662,2.7187,3.61
7663,2.7187,3.61
7664,2.7187,3.61
7665,2.7187,3.61
7666,2.7187,3.61
7667,2.7187,3.61
7668,2.7187,3.61
7669,2.7187,3.61
7670,2.7187,3.61
7671,2.7187,3.61
7672,2.7187,3.61
7673,2.7187,3.61
7674,2.7187,3.61
7675,2.7187,3.61
7676,2.7187,3.61
7677,2.7187,3.61
7678,2.7187,3.61
7679,2.7187,3.61
7680,2.7187,3.61
7681,2.7187,3.61
7682,2.7187,3.61
7683,2.7187,3.61
7684,2.7187,3.61
7685,2.7187,3.61
7686,2.7187,3.61
7687,2.7187,3.61
7688,2.7187,3.61
7689,2.7187,3.61
7690,2.7187,3.61
7691,2.7187,3.61
7692,2.7187,3.61
7693,2.7187,3.61
7694,2.7187,3.61
7695,2.7187,3.61
7696,2.7187,3.61
7697,2.7187,3.61
7698,2.7187,3.61
7699,2.7187,3.61
7700,2.7187,3.61
7701,2.7187,3.61
7702,2.7187,3.61
7703,2.7187,3.61
7704,2.7187,3.61
7705,2.7187,3.61
7706,2.7187,3.61
7707,2.7187,3.61
7708,2.7187,3.61
7709,2.7187,3.61
7710,2.7187,3.61
7711,2.7187,3.61
7712,2.7187,3.61
7713,2.7187,3.61
7714,2.7187,3.61
7715,2.7187,3.61
7716,2.7187,3.61
7717,2.7187,3.61
7718,2.7187,3.61
7719,2.7187,3.61
7720,2.7187,3.61
7721,2.7187,3.61
7722,2.7187,3.61
7723,2.7187,3.61
7724,2.7187,3.61
7725,2.7187,3.61
7726,2.7187,3.61
7727,2.7187,3.61
7728,2.7187,3.61
7729,2.7187,3.61
7730,2.7187,3.61
7731,2.7187,3.61
7732,2.7187,3.61
7733,2.7187,3.61
7734,2.7187,3.61
7735,2.7187,3.61
7736,2.7187,3.61
7737,2.7187,3.61
7738,2.7187,3.61
7739,2.7187,3.61
7740,2.7187,3.61
7741,2.7187,3.61
7742,2.7187,3.61
7743,2.7187,3.61
7744,2.7187,3.61
7745,2.7187,3.61
7746,2.7187,3.61
7747,2.7187,3.61
7748,2.7187,3.61
7749,2.7187,3.61
7750,2.7187,3.61
7751,2.7187,3.61
7752,2.7187,3.61
7753,2.7187,3.61
7754,2.7187,3.61
7755,2.7187,3.61
7756,2.7187,3.61
7757,2.7187,3.61
7758,2.7187,3.61
7759,2.7187,3.61
7760,2.7187,3.61
7761,2.7187,3.61
7762,2.7187,3.61
7763,2.7187,3.61
7764,2.7187,3.61
7765,2.7187,3.61
7766,2.7187,3.61
7767,2.7187,3.61
7768,2.7187,3.61
7769,2.7187,3.61
7770,2.7187,3.61
7771,2.7187,3.61
7772,2.7187,3.61
7773,2.7187,3.61
7774,2.7187,3.61
7775,2.7187,3.61
7776,2.7187,3.61
7777,2.7187,3.61
7778,2.7187,3.61
7779,2.7187,3.61
7780,2.7187,3.61
7781,2.7187,3.61
7782,2.7187,3.61
7783,2.7187,3.61
7784,2.7187,3.61
7785,2.7187,3.61
7786,2.7187,3.61
7787,2.7187,3.61
7788,2.7187,3.61
7789,2.7187,3.61
7790,2.7187,3.61
7791,2.7187,3.61
7792,2.7187,3.61
7793,2.7187,3.61
7794,2.7187,3.61
7795,2.7187,3.61
7796,2.7187,3.61
7797,2.7187,3.61
7798,2.7187,3.61
7799,2.7187,3.61
7800,2.7187,3.61
7801,2.7187,3.61
7802,2.7187,3.61
7803,2.7187,3.61
7804,2.7187,3.61
7805,2.7187,3.61
7806,2.7187,3.61
7807,2.7187,3.61
7808,2.7187,3.61
7809,2.7187,3.61
7810,2.7187,3.61
7811,2.7187,3.61
7812,2.7187,3.61
7813,2.7187,3.61
7814,2.7187,3.61
7815,2.7187,3.61
7816,2.7187,3.61
7817,2.7187,3.61
7818,2.7187,3.61
7819,2.7187,3.61
7820,2.7187,3.61
7821,2.7187,3.61
7822,2.7187,3.61
7823,2.7187,3.61
7824,2.7187,3.61
7825,2.7187,3.61
7826,2.7187,3.61
7827,2.7187,3.61
7828,2.7187,3.61
7829,2.7187,3.61
7830,2.7187,3.61
7831,2.7187,3.61
7832,2.7187,3.61
7833,2.7187,3.61
7834,2.7187,3.61
7835,2.7187,3.61
7836,2.7187,3.61
7837,2.7187,3.61
7838,2.7187,3.61
7839,2.7187,3.61
7840,2.7187,3.61
7841,2.7187,3.61
7842,2.7187,3.61
7843,2.7187,3.61
7844,2.7187,3.61
7845,2.7187,3.61
7846,2.7187,3.61
7847,2.7187,3.61
7848,2.7187,3.61
7849,2.7187,3.61
7850,2.7187,3.61
7851,2.7187,3.61
7852,2.7187,3.61
7853,2.7187,3.61
7854,2.7187,3.61
7855,2.7187,3.61
7856,2.7187,3.61
7857,2.7187,3.61
7858,2.7187,3.61
7859,2.7187,3.61
7860,2.7187,3.61
7861,2.7187,3.61
7862,2.7187,3.61
7863,2.7187,3.61
7864,2.7187,3.61
7865,2.7187,3.61
7866,2.7187,3.61
7867,2.7187,3.61
7868,2.7187,3.61
7869,2.7187,3.61
7870,2.7187,3.61
7871,2.7187,3.61
7872,2.7187,3.61
7873,2.7187,3.61
7874,2.7187,3.61
7875,2.7187,3.61
7876,2.7187,3.61
7877,2.7187,3.61
7878,2.7187,3.61
7879,2.7187,3.61
7880,2.7187,3.61
7881,2.7187,3.61
7882,2.7187,3.61
7883,2.7187,3.61
7884,2.7187,3.61
7885,2.7187,3.61
7886,2.7187,3.61
7887,2.7187,3.61
7888,2.7187,3.61
7889,2.7187,3.61
7890,2.7187,3.61
7891,2.7187,3.61
7892,2.7187,3.61
7893,2.7187,3.61
7894,2.7187,3.61
7895,2.7187,3.61
7896,2.7187,3.61
7897,2.7187,3.61
7898,2.7187,3.61
7899,2.7187,3.61
7900,2.7187,3.61
7901,2.7187,3.61
7902,2.7187,3.61
7903,2.7187,3.61
7904,2.7187,3.61
7905,2.7187,3.61
7906,2.7187,3.61
7907,2.7187,3.61
7908,2.7187,3.61
7909,2.7187,3.61
7910,2.7187,3.61
7911,2.7187,3.61
7912,2.7187,3.61
7913,2.7187,3.61
7914,2.7187,3.61
7915,2.7187,3.61
7916,2.7187,3.61
7917,2.7187,3.61
7918,2.7187,3.61
7919,2.7187,3.61
7920,2.7187,3.61
7921,2.7187,3.61
7922,2.7187,3.61
7923,2.7187,3.61
7924,2.7187,3.61
7925,2.7187,3.61
7926,2.7187,3.61
7927,2.7187,3.61
7928,2.7187,3.61
7929,2.7187,3.61
7930,2.7187,3.61
7931,2.7187,3.61
7932,2.7187,3.61
7933,2.7187,3.61
7934,2.7187,3.61
7935,2.7187,3.61
7936,2.7187,3.61
7937,2.7187,3.61
7938,2.7187,3.61
7939,2.7187,3.61
7940,2.7187,3.61
7941,2.7187,3.61
7942,2.7187,3.61
7943,2.7187,3.61
7944,2.7187,3.61
7945,2.7187,3.61
7946,2.7187,3.61
7947,2.7187,3.61
7948,2.7187,3.61
7949,2.7187,3.61
7950,2.7187,3.61
7951,2.7187,3.61
7952,2.7187,3.61
7953,2.7187,3.61
7954,2.7187,3.61
7955,2.7187,3.61
7956,2.7187,3.61
7957,2.7187,3.61
7958,2.7187,3.61
7959,2.7187,3.61
7960,2.7187,3.61
7961,2.7187,3.61
7962,2.7187,3.61
7963,2.7187,3.61
7964,2.7187,3.61
7965,2.7187,3.61
7966,2.7187,3.61
7967,2.7187,3.61
7968,2.7187,3.61
7969,2.7187,3.61
7970,2.7187,3.61
7971,2.7187,3.61
7972,2.7187,3.61
7973,2.7187,3.61
7974,2.7187,3.61
7975,2.7187,3.61
7976,2.7187,3.61
7977,2.7187,3.61
7978,2.7187,3.61
7979,2.7187,3.61
7980,2.7187,3.61
7981,2.7187,3.61
7982,2.7187,3.61
7983,2.7187,3.61
7984,2.7187,3.61
7985,2.7187,3.61
7986,2.7187,3.61
7987,2.7187,3.61
7988,2.7187,3.61
7989,2.7187,3.61
7990,2.7187,3.61
7991,2.7187,3.61
7992,2.7187,3.61
7993,2.7187,3.61
7994,2.7187,3.61
7995,2.7187,3.61
7996,2.7187,3.61
7997,2.7187,3.61
7998,2.7187,3.61
7999,2.7187,3.61
8000,2.7187,3.61
8001,2.7187,3.61
8002,2.7187,3.61
8003,2.7187,3.61
8004,2.7187,3.61
8005,2.7187,3.61
8006,2.7187,3.61
8007,2.7187,3.61
8008,2.7187,3.61
8009,2.7187,3.61
8010,2.7187,3.61
8011,2.7187,3.61
8012,2.7187,3.61
8013,2.7187,3.61
8014,2.7187,3.61
8015,2.7187,3.61
8016,2.7187,3.61
8017,2.7187,3.61
8018,2.7187,3.61
8019,2.7187,3.61
8020,2.7187,3.61
8021,2.7187,3.61
8022,2.7187,3.61
8023,2.7187,3.61
8024,2.7187,3.61
8025,2.7187,3.61
8026,2.7187,3.61
8027,2.7187,3.61
8028,2.7187,3.61
8029,2.7187,3.61
8030,2.7187,3.61
8031,2.7187,3.61
8032,2.7187,3.61
8033,2.7187,3.61
8034,2.7187,3.61
8035,2.7187,3.61
8036,2.7187,3.61
8037,2.7187,3.61
8038,2.7187,3.61
8039,2.7187,3.61
8040,2.7187,3.61
8041,2.7187,3.61
8042,2.7187,3.61
8043,2.7187,3.61
8044,2.7187,3.61
8045,2.7187,3.61
8046,2.7187,3.61
8047,2.7187,3.61
8048,2.7187,3.61
8049,2.7187,3.61
8050,2.7187,3.61
8051,2.7187,3.61
8052,2.7187,3.61
8053,2.7187,3.61
8054,2.7187,3.61
8055,2.7187,3.61
8056,2.7187,3.61
8057,2.7187,3.61
8058,2.7187,3.61
8059,2.7187,3.61
8060,2.7187,3.61
8061,2.7187,3.61
8062,2.7187,3.61
8063,2.7187,3.61
8064,2.7187,3.61
8065,2.7187,3.61
8066,2.7187,3.61
8067,2.7187,3.61
8068,2.7187,3.61
8069,2.7187,3.61
8070,2.7187,3.61
8071,2.7187,3.61
8072,2.7187,3.61
8073,2.7187,3.61
8074,2.7187,3.61
8075,2.7187,3.61
8076,2.7187,3.61
8077,2.7187,3.61
8078,2.7187,3.61
8079,2.7187,3.61
8080,2.7187,3.61
8081,2.7187,3.61
8082,2.7187,3.61
8083,2.7187,3.61
8084,2.7187,3.61
8085,2.7187,3.61
8086,2.7187,3.61
8087,2.7187,3.61
8088,2.7187,3.61
8089,2.7187,3.61
8090,2.7187,3.61
8091,2.7187,3.61
8092,2.7187,3.61
8093,2.7187,3.61
8094,2.7187,3.61
8095,2.7187,3.61
8096,2.7187,3.61
8097,2.7187,3.61
8098,2.7187,3.61
8099,2.7187,3.61
8100,2.7187,3.61
8101,2.7187,3.61
8102,2.7187,3.61
8103,2.7187,3.61
8104,2.7187,3.61
8105,2.7187,3.61
8106,2.7187,3.61
8107,2.7187,3.61
8108,2.7187,3.61
8109,2.7187,3.61
8110,2.7187,3.61
8111,2.7187,3.61
8112,2.7187,3.61
8113,2.7187,3.61
8114,2.7187,3.61
8115,2.7187,3.61
8116,2.7187,3.61
8117,2.7187,3.61
8118,2.7187,3.61
8119,2.7187,3.61
8120,2.7187,3.61
8121,2.7187,3.61
8122,2.7187,3.61
8123,2.7187,3.61
8124,2.7187,3.61
8125,2.7187,3.61
8126,2.7187,3.61
8127,2.7187,3.61
8128,2.7187,3.61
8129,2.7187,3.61
8130,2.7187,3.61
8131,2.7187,3.61
8132,2.7187,3.61
8133,2.7187,3.61
8134,2.7187,3.61
8135,2.7187,3.61
8136,2.7187,3.61
8137,2.7187,3.61
8138,2.7187,3.61
8139,2.7187,3.61
8140,2.7187,3.61
8141,2.7187,3.61
8142,2.7187,3.61
8143,2.7187,3.61
8144,2.7187,3.61
8145,2.7187,3.61
8146,2.7187,3.61
8147,2.7187,3.61
8148,2.7187,3.61
8149,2.7187,3.61
8150,2.7187,3.61
8151,2.7187,3.61
8152,2.7187,3.61
8153,2.7187,3.61
8154,2.7187,3.61
8155,2.7187,3.61
8156,2.7187,3.61
8157,2.7187,3.61
8158,2.7187,3.61
8159,2.7187,3.61
8160,2.7187,3.61
8161,2.7187,3.61
8162,2.7187,3.61
8163,2.7187,3.61
8164,2.7187,3.61
8165,2.7187,3.61
8166,2.7187,3.61
8167,2.7187,3.61
8168,2.7187,3.61
8169,2.7187,3.61
8170,2.7187,3.61
8171,2.7187,3.61
8172,2.7187,3.61
8173,2.7187,3.61
8174,2.7187,3.61
8175,2.7187,3.61
8176,2.7187,3.61
8177,2.7187,3.61
8178,2.7187,3.61
8179,2.7187,3.61
8180,2.7187,3.61
8181,2.7187,3.61
8182,2.7187,3.61
8183,2.7187,3.61
8184,2.7187,3.61
8185,2.7187,3.61
8186,2.7187,3.61
8187,2.7187,3.61
8188,2.7187,3.61
8189,2.7187,3.61
8190,2.7187,3.61
8191,2.7187,3.61
8192,2.7187,3.61
8193,2.7187,3.61
8194,2.7187,3.61
8195,2.7187,3.61
8196,2.7187,3.61
8197,2.7187,3.61
8198,2.7187,3.61
8199,2.7187,3.61
8200,2.7187,3.61
8201,2.7187,3.61
8202,2.7187,3.61
8203,2.7187,3.61
8204,2.7187,3.61
8205,2.7187,3.61
8206,2.7187,3.61
8207,2.7187,3.61
8208,2.7187,3.61
8209,2.7187,3.61
8210,2.7187,3.61
8211,2.7187,3.61
8212,2.7187,3.61
8213,2.7187,3.61
8214,2.7187,3.61
8215,2.7187,3.61
8216,2.7187,3.61
8217,2.7187,3.61
8218,2.7187,3.61
8219,2.7187,3.61
8220,2.7187,3.61
8221,2.7187,3.61
8222,2.7187,3.61
8223,2.7187,3.61
8224,2.7187,3.61
8225,2.7187,3.61
8226,2.7187,3.61
8227,2.7187,3.61
8228,2.7187,3.61
8229,2.7187,3.61
8230,2.7187,3.61
8231,2.7187,3.61
8232,2.7187,3.61
8233,2.7187,3.61
8234,2.7187,3.61
8235,2.7187,3.61
8236,2.7187,3.61
8237,2.7187,3.61
8238,2.7187,3.61
8239,2.7187,3.61
8240,2.7187,3.61
8241,2.7187,3.61
8242,2.7187,3.61
8243,2.7187,3.61
8244,2.7187,3.61
8245,2.7187,3.61
8246,2.7187,3.61
8247,2.7187,3.61
8248,2.7187,3.61
8249,2.7187,3.61
8250,2.7187,3.61
8251,2.7187,3.61
8252,2.7187,3.61
8253,2.7187,3.61
8254,2.7187,3.61
8255,2.7187,3.61
8256,2.7187,3.61
8257,2.7187,3.61
8258,2.7187,3.61
8259,2.7187,3.61
8260,2.7187,3.61
8261,2.7187,3.61
8262,2.7187,3.61
8263,2.7187,3.61
8264,2.7187,3.61
8265,2.7187,3.61
8266,2.7187,3.61
8267,2.7187,3.61
8268,2.7187,3.61
8269,2.7187,3.61
8270,2.7187,3.61
8271,2.7187,3.61
8272,2.7187,3.61
8273,2.7187,3.61
8274,2.7187,3.61
8275,2.7187,3.61
8276,2.7187,3.61
8277,2.7187,3.61
8278,2.7187,3.61
8279,2.7187,3.61
8280,2.7187,3.61
8281,2.7187,3.61
8282,2.7187,3.61
8283,2.7187,3.61
8284,2.7187,3.61
8285,2.7187,3.61
8286,2.7187,3.61
8287,2.7187,3.61
8288,2.7187,3.61
8289,2.7187,3.61
8290,2.7187,3.61
8291,2.7187,3.61
8292,2.7187,3.61
8293,2.7187,3.61
8294,2.7187,3.61
8295,2.7187,3.61
8296,2.7187,3.61
8297,2.7187,3.61
8298,2.7187,3.61
8299,2.7187,3.61
8300,2.7187,3.61
8301,2.7187,3.61
8302,2.7187,3.61
8303,2.7187,3.61
8304,2.7187,3.61
8305,2.7187,3.61
8306,2.7187,3.61
8307,2.7187,3.61
8308,2.7187,3.61
8309,2.7187,3.61
8310,2.7187,3.61
8311,2.7187,3.61
8312,2.7187,3.61
8313,2.7187,3.61
8314,2.7187,3.61
8315,2.7187,3.61
8316,2.7187,3.61
8317,2.7187,3.61
8318,2.7187,3.61
8319,2.7187,3.61
8320,2.7187,3.61
8321,2.7187,3.61
8322,2.7187,3.61
8323,2.7187,3.61
8324,2.7187,3.61
8325,2.7187,3.61
8326,2.7187,3.61
8327,2.7187,3.61
8328,2.7187,3.61
8329,2.7187,3.61
8330,2.7187,3.61
8331,2.7187,3.61
8332,2.7187,3.61
8333,2.7187,3.61
8334,2.7187,3.61
8335,2.7187,3.61
8336,2.7187,3.61
8337,2.7187,3.61
8338,2.7187,3.61
8339,2.7187,3.61
8340,2.7187,3.61
8341,2.7187,3.61
8342,2.7187,3.61
8343,2.7187,3.61
8344,2.7187,3.61
8345,2.7187,3.61
8346,2.7187,3.61
8347,2.7187,3.61
8348,2.7187,3.61
8349,2.7187,3.61
8350,2.7187,3.61
8351,2.7187,3.61
8352,2.7187,3.61
8353,2.7187,3.61
8354,2.7187,3.61
8355,2.7187,3.61
8356,2.7187,3.61
8357,2.7187,3.61
8358,2.7187,3.61
8359,2.7187,3.61
8360,2.7187,3.61
8361,2.7187,3.61
8362,2.7187,3.61
8363,2.7187,3.61
8364,2.7187,3.61
8365,2.7187,3.61
8366,2.7187,3.61
8367,2.7187,3.61
8368,2.7187,3.61
8369,2.7187,3.61
8370,2.7187,3.61
8371,2.7187,3.61
8372,2.7187,3.61
8373,2.7187,3.61
8374,2.7187,3.61
8375,2.7187,3.61
8376,2.7187,3.61
8377,2.7187,3.61
8378,2.7187,3.61
8379,2.7187,3.61
8380,2.7187,3.61
8381,2.7187,3.61
8382,2.7187,3.61
8383,2.7187,3.61
8384,2.7187,3.61
8385,2.7187,3.61
8386,2.7187,3.61
8387,2.7187,3.61
8388,2.7187,3.61
8389,2.7187,3.61
8390,2.7187,3.61
8391,2.7187,3.61
8392,2.7187,3.61
8393,2.7187,3.61
8394,2.7187,3.61
8395,2.7187,3.61
8396,2.7187,3.61
8397,2.7187,3.61
8398,2.7187,3.61
8399,2.7187,3.61
8400,2.7187,3.61
8401,2.7187,3.61
8402,2.7187,3.61
8403,2.7187,3.61
8404,2.7187,3.61
8405,2.7187,3.61
8406,2.7187,3.61
8407,2.7187,3.61
8408,2.7187,3.61
8409,2.7187,3.61
8410,2.7187,3.61
8411,2.7187,3.61
8412,2.7187,3.61
8413,2.7187,3.61
8414,2.7187,3.61
8415,2.7187,3.61
8416,2.7187,3.61
8417,2.7187,3.61
8418,2.7187,3.61
8419,2.7187,3.61
8420,2.7187,3.61
8421,2.7187,3.61
8422,2.7187,3.61
8423,2.7187,3.61
8424,2.7187,3.61
8425,2.7187,3.61
8426,2.7187,3.61
8427,2.7187,3.61
8428,2.7187,3.61
8429,2.7187,3.61
8430,2.7187,3.61
8431,2.7187,3.61
8432,2.7187,3.61
8433,2.7187,3.61
8434,2.7187,3.61
8435,2.7187,3.61
8436,2.7187,3.61
8437,2.7187,3.61
8438,2.7187,3.61
8439,2.7187,3.61
8440,2.7187,3.61
8441,2.7187,3.61
8442,2.7187,3.61
8443,2.7187,3.61
8444,2.7187,3.61
8445,2.7187,3.61
8446,2.7187,3.61
8447,2.7187,3.61
8448,2.7187,3.61
8449,2.7187,3.61
8450,2.7187,3.61
8451,2.7187,3.61
8452,2.7187,3.61
8453,2.7187,3.61
8454,2.7187,3.61
8455,2.7187,3.61
8456,2.7187,3.61
8457,2.7187,3.61
8458,2.7187,3.61
8459,2.7187,3.61
8460,2.7187,3.61
8461,2.7187,3.61
8462,2.7187,3.61
8463,2.7187,3.61
8464,2.7187,3.61
8465,2.7187,3.61
8466,2.7187,3.61
8467,2.7187,3.61
8468,2.7187,3.61
8469,2.7187,3.61
8470,2.7187,3.61
8471,2.7187,3.61
8472,2.7187,3.61
8473,2.7187,3.61
8474,2.7187,3.61
8475,2.7187,3.61
8476,2.7187,3.61
8477,2.7187,3.61
8478,2.7187,3.61
8479,2.7187,3.61
8480,2.7187,3.61
8481,2.7187,3.61
8482,2.7187,3.61
8483,2.7187,3.61
8484,2.7187,3.61
8485,2.7187,3.61
8486,2.7187,3.61
8487,2.7187,3.61
8488,2.7187,3.61
8489,2.7187,3.61
8490,2.7187,3.61
8491,2.7187,3.61
8492,2.7187,3.61
8493,2.7187,3.61
8494,2.7187,3.61
8495,2.7187,3.61
8496,2.7187,3.61
8497,2.7187,3.61
8498,2.7187,3.61
8499,2.7187,3.61
8500,2.7187,3.61
8501,2.7187,3.61
8502,2.7187,3.61
8503,2.7187,3.61
8504,2.7187,3.61
8505,2.7187,3.61
8506,2.7187,3.61
8507,2.7187,3.61
8508,2.7187,3.61
8509,2.7187,3.61
8510,2.7187,3.61
8511,2.7187,3.61
8512,2.7187,3.61
8513,2.7187,3.61
8514,2.7187,3.61
8515,2.7187,3.61
8516,2.7187,3.61
8517,2.7187,3.61
8518,2.7187,3.61
8519,2.7187,3.61
8520,2.7187,3.61
8521,2.7187,3.61
8522,2.7187,3.61
8523,2.7187,3.61
8524,2.7187,3.61
8525,2.7187,3.61
8526,2.7187,3.61
8527,2.7187,3.61
8528,2.7187,3.61
8529,2.7187,3.61
8530,2.7187,3.61
8531,2.7187,3.61
8532,2.7187,3.61
8533,2.7187,3.61
8534,2.7187,3.61
8535,2.7187,3.61
8536,2.7187,3.61
8537,2.7187,3.61
8538,2.7187,3.61
8539,2.7187,3.61
8540,2.7187,3.61
8541,2.7187,3.61
8542,2.7187,3.61
8543,2.7187,3.61
8544,2.7187,3.61
8545,2.7187,3.61
8546,2.7187,3.61
8547,2.7187,3.61
8548,2.7187,3.61
8549,2.7187,3.61
8550,2.7187,3.61
8551,2.7187,3.61
8552,2.7187,3.61
8553,2.7187,3.61
8554,2.7187,3.61
8555,2.7187,3.61
8556,2.7187,3.61
8557,2.7187,3.61
8558,2.7187,3.61
8559,2.7187,3.61
8560,2.7187,3.61
8561,2.7187,3.61
8562,2.7187,3.61
8563,2.7187,3.61
8564,2.7187,3.61
8565,2.7187,3.61
8566,2.7187,3.61
8567,2.7187,3.61
8568,2.7187,3.61
8569,2.7187,3.61
8570,2.7187,3.61
8571,2.7187,3.61
8572,2.7187,3.61
8573,2.7187,3.61
8574,2.7187,3.61
8575,2.7187,3.61
8576,2.7187,3.61
8577,2.7187,3.61
8578,2.7187,3.61
8579,2.7187,3.61
8580,2.7187,3.61
8581,2.7187,3.61
8582,2.7187,3.61
8583,2.7187,3.61
8584,2.7187,3.61
8585,2.7187,3.61
8586,2.7187,3.61
8587,2.7187,3.61
8588,2.7187,3.61
8589,2.7187,3.61
8590,2.7187,3.61
8591,2.7187,3.61
8592,2.7187,3.61
8593,2.7187,3.61
8594,2.7187,3.61
8595,2.7187,3.61
8596,2.7187,3.61
8597,2.7187,3.61
8598,2.7187,3.61
8599,2.7187,3.61
8600,2.7187,3.61
8601,2.7187,3.61
8602,2.7187,3.61
8603,2.7187,3.61
8604,2.7187,3.61
8605,2.7187,3.61
8606,2.7187,3.61
8607,2.7187,3.61
8608,2.7187,3.61
8609,2.7187,3.61
8610,2.7187,3.61
8611,2.7187,3.61
8612,2.7187,3.61
8613,2.7187,3.61
8614,2.7187,3.61
8615,2.7187,3.61
8616,2.7187,3.61
8617,2.7187,3.61
8618,2.7187,3.61
8619,2.7187,3.61
8620,2.7187,3.61
8621,2.7187,3.61
8622,2.7187,3.61
8623,2.7187,3.61
8624,2.7187,3.61
8625,2.7187,3.61
8626,2.7187,3.61
8627,2.7187,3.61
8628,2.7187,3.61
8629,2.7187,3.61
8630,2.7187,3.61
8631,2.7187,3.61
8632,2.7187,3.61
8633,2.7187,3.61
8634,2.7187,3.61
8635,2.7187,3.61
8636,2.7187,3.61
8637,2.7187,3.61
8638,2.7187,3.61
8639,2.7187,3.61
8640,2.7187,3.61
8641,2.7187,3.61
8642,2.7187,3.61
8643,2.7187,3.61
8644,2.7187,3.61
8645,2.7187,3.61
8646,2.7187,3.61
8647,2.7187,3.61
8648,2.7187,3.61
8649,2.7187,3.61
8650,2.7187,3.61
8651,2.7187,3.61
8652,2.7187,3.61
8653,2.7187,3.61
8654,2.7187,3.61
8655,2.7187,3.61
8656,2.7187,3.61
8657,2.7187,3.61
8658,2.7187,3.61
8659,2.7187,3.61
8660,2.7187,3.61
8661,2.7187,3.61
8662,2.7187,3.61
8663,2.7187,3.61
8664,2.7187,3.61
8665,2.7187,3.61
8666,2.7187,3.61
8667,2.7187,3.61
8668,2.7187,3.61
8669,2.7187,3.61
8670,2.7187,3.61
8671,2.7187,3.61
8672,2.7187,3.61
8673,2.7187,3.61
8674,2.7187,3.61
8675,2.7187,3.61
8676,2.7187,3.61
8677,2.7187,3.61
8678,2.7187,3.61
8679,2.7187,3.61
8680,2.7187,3.61
8681,2.7187,3.61
8682,2.7187,3.61
8683,2.7187,3.61
8684,2.7187,3.61
8685,2.7187,3.61
8686,2.7187,3.61
8687,2.7187,3.61
8688,2.7187,3.61
8689,2.7187,3.61
8690,2.7187,3.61
8691,2.7187,3.61
8692,2.7187,3.61
8693,2.7187,3.61
8694,2.7187,3.61
8695,2.7187,3.61
8696,2.7187,3.61
8697,2.7187,3.61
8698,2.7187,3.61
8699,2.7187,3.61
8700,2.7187,3.61
8701,2.7187,3.61
8702,2.7187,3.61
8703,2.7187,3.61
8704,2.7187,3.61
8705,2.7187,3.61
8706,2.7187,3.61
8707,2.7187,3.61
8708,2.7187,3.61
8709,2.7187,3.61
8710,2.7187,3.61
8711,2.7187,3.61
8712,2.7187,3.61
8713,2.7187,3.61
8714,2.7187,3.61
8715,2.7187,3.61
8716,2.7187,3.61
8717,2.7187,3.61
8718,2.7187,3.61
8719,2.7187,3.61
8720,2.7187,3.61
8721,2.7187,3.61
8722,2.7187,3.61
8723,2.7187,3.61
8724,2.7187,3.61
8725,2.7187,3.61
8726,2.7187,3.61
8727,2.7187,3.61
8728,2.7187,3.61
8729,2.7187,3.61
8730,2.7187,3.61
8731,2.7187,3.61
8732,2.7187,3.61
8733,2.7187,3.61
8734,2.7187,3.61
8735,2.7187,3.61
8736,2.7187,3.61
8737,2.7187,3.61
8738,2.7187,3.61
8739,2.7187,3.61
8740,2.7187,3.61
8741,2.7187,3.61
8742,2.7187,3.61
8743,2.7187,3.61
8744,2.7187,3.61
8745,2.7187,3.61
8746,2.7187,3.61
8747,2.7187,3.61
8748,2.7187,3.61
8749,2.7187,3.61
8750,2.7187,3.61
8751,2.7187,3.61
8752,2.7187,3.61
8753,2.7187,3.61
8754,2.7187,3.61
8755,2.7187,3.61
8756,2.7187,3.61
8757,2.7187,3.61
8758,2.7187,3.61
8759,2.7187,3.61
8760,2.7187,3.61
8761,2.7187,3.61
8762,2.7187,3.61
8763,2.7187,3.61
8764,2.7187,3.61
8765,2.7187,3.61
8766,2.7187,3.61
8767,2.7187,3.61
8768,2.7187,3.61
8769,2.7187,3.61
8770,2.7187,3.61
8771,2.7187,3.61
8772,2.7187,3.61
8773,2.7187,3.61
8774,2.7187,3.61
8775,2.7187,3.61
8776,2.7187,3.61
8777,2.7187,3.61
8778,2.7187,3.61
8779,2.7187,3.61
8780,2.7187,3.61
8781,2.7187,3.61
8782,2.7187,3.61
8783,2.7187,3.61
8784,2.7187,3.61
8785,2.7187,3.61
8786,2.7187,3.61
8787,2.7187,3.61
8788,2.7187,3.61
8789,2.7187,3.61
8790,2.7187,3.61
8791,2.7187,3.61
8792,2.7187,3.61
8793,2.7187,3.61
8794,2.7187,3.61
8795,2.7187,3.61
8796,2.7187,3.61
8797,2.7187,3.61
8798,2.7187,3.61
8799,2.7187,3.61
8800,2.7187,3.61
8801,2.7187,3.61
8802,2.7187,3.61
8803,2.7187,3.61
8804,2.7187,3.61
8805,2.7187,3.61
8806,2.7187,3.61
8807,2.7187,3.61
8808,2.7187,3.61
8809,2.7187,3.61
8810,2.7187,3.61
8811,2.7187,3.61
8812,2.7187,3.61
8813,2.7187,3.61
8814,2.7187,3.61
8815,2.7187,3.61
8816,2.7187,3.61
8817,2.7187,3.61
8818,2.7187,3.61
8819,2.7187,3.61
8820,2.7187,3.61
8821,2.7187,3.61
8822,2.7187,3.61
8823,2.7187,3.61
8824,2.7187,3.61
8825,2.7187,3.61
8826,2.7187,3.61
8827,2.7187,3.61
8828,2.7187,3.61
8829,2.7187,3.61
8830,2.7187,3.61
8831,2.7187,3.61
8832,2.7187,3.61
8833,2.7187,3.61
8834,2.7187,3.61
8835,2.7187,3.61
8836,2.7187,3.61
8837,2.7187,3.61
8838,2.7187,3.61
8839,2.7187,3.61
8840,2.7187,3.61
8841,2.7187,3.61
8842,2.7187,3.61
8843,2.7187,3.61
8844,2.7187,3.61
8845,2.7187,3.61
8846,2.7187,3.61
8847,2.7187,3.61
8848,2.7187,3.61
8849,2.7187,3.61
8850,2.7187,3.61
8851,2.7187,3.61
8852,2.7187,3.61
8853,2.7187,3.61
8854,2.7187,3.61
8855,2.7187,3.61
8856,2.7187,3.61
8857,2.7187,3.61
8858,2.7187,3.61
8859,2.7187,3.61
8860,2.7187,3.61
8861,2.7187,3.61
8862,2.7187,3.61
8863,2.7187,3.61
8864,2.7187,3.61
8865,2.7187,3.61
8866,2.7187,3.61
8867,2.7187,3.61
8868,2.7187,3.61
8869,2.7187,3.61
8870,2.7187,3.61
8871,2.7187,3.61
8872,2.7187,3.61
8873,2.7187,3.61
8874,2.7187,3.61
8875,2.7187,3.61
8876,2.7187,3.61
8877,2.7187,3.61
8878,2.7187,3.61
8879,2.7187,3.61
8880,2.7187,3.61
8881,2.7187,3.61
8882,2.7187,3.61
8883,2.7187,3.61
8884,2.7187,3.61
8885,2.7187,3.61
8886,2.7187,3.61
8887,2.7187,3.61
8888,2.7187,3.61
8889,2.7187,3.61
8890,2.7187,3.61
8891,2.7187,3.61
8892,2.7187,3.61
8893,2.7187,3.61
8894,2.7187,3.61
8895,2.7187,3.61
8896,2.7187,3.61
8897,2.7187,3.61
8898,2.7187,3.61
8899,2.7187,3.61
8900,2.7187,3.61
8901,2.7187,3.61
8902,2.7187,3.61
8903,2.7187,3.61
8904,2.7187,3.61
8905,2.7187,3.61
8906,2.7187,3.61
8907,2.7187,3.61
8908,2.7187,3.61
8909,2.7187,3.61
8910,2.7187,3.61
8911,2.7187,3.61
8912,2.7187,3.61
8913,2.7187,3.61
8914,2.7187,3.61
8915,2.7187,3.61
8916,2.7187,3.61
8917,2.7187,3.61
8918,2.7187,3.61
8919,2.7187,3.61
8920,2.7187,3.61
8921,2.7187,3.61
8922,2.7187,3.61
8923,2.7187,3.61
8924,2.7187,3.61
8925,2.7187,3.61
8926,2.7187,3.61
8927,2.7187,3.61
8928,2.7187,3.61
8929,2.7187,3.61
8930,2.7187,3.61
8931,2.7187,3.61
8932,2.7187,3.61
8933,2.7187,3.61
8934,2.7187,3.61
8935,2.7187,3.61
8936,2.7187,3.61
8937,2.7187,3.61
8938,2.7187,3.61
8939,2.7187,3.61
8940,2.7187,3.61
8941,2.7187,3.61
8942,2.7187,3.61
8943,2.7187,3.61
8944,2.7187,3.61
8945,2.7187,3.61
8946,2.7187,3.61
8947,2.7187,3.61
8948,2.7187,3.61
8949,2.7187,3.61
8950,2.7187,3.61
8951,2.7187,3.61
8952,2.7187,3.61
8953,2.7187,3.61
8954,2.7187,3.61
8955,2.7187,3.61
8956,2.7187,3.61
8957,2.7187,3.61
8958,2.7187,3.61
8959,2.7187,3.61
8960,2.7187,3.61
8961,2.7187,3.61
8962,2.7187,3.61
8963,2.7187,3.61
8964,2.7187,3.61
8965,2.7187,3.61
8966,2.7187,3.61
8967,2.7187,3.61
8968,2.7187,3.61
8969,2.7187,3.61
8970,2.7187,3.61
8971,2.7187,3.61
8972,2.7187,3.61
8973,2.7187,3.61
8974,2.7187,3.61
8975,2.7187,3.61
8976,2.7187,3.61
8977,2.7187,3.61
8978,2.7187,3.61
8979,2.7187,3.61
8980,2.7187,3.61
8981,2.7187,3.61
8982,2.7187,3.61
8983,2.7187,3.61
8984,2.7187,3.61
8985,2.7187,3.61
8986,2.7187,3.61
8987,2.7187,3.61
8988,2.7187,3.61
8989,2.7187,3.61
8990,2.7187,3.61
8991,2.7187,3.61
8992,2.7187,3.61
8993,2.7187,3.61
8994,2.7187,3.61
8995,2.7187,3.61
8996,2.7187,3.61
8997,2.7187,3.61
8998,2.7187,3.61
8999,2.7187,3.61
9000,2.7187,3.61
9001,2.7187,3.61
9002,2.7187,3.61
9003,2.7187,3.61
9004,2.7187,3.61
9005,2.7187,3.61
9006,2.7187,3.61
9007,2.7187,3.61
9008,2.7187,3.61
9009,2.7187,3.61
9010,2.7187,3.61
9011,2.7187,3.61
9012,2.7187,3.61
9013,2.7187,3.61
9014,2.7187,3.61
9015,2.7187,3.61
9016,2.7187,3.61
9017,2.7187,3.61
9018,2.7187,3.61
9019,2.7187,3.61
9020,2.7187,3.61
9021,2.7187,3.61
9022,2.7187,3.61
9023,2.7187,3.61
9024,2.7187,3.61
9025,2.7187,3.61
9026,2.7187,3.61
9027,2.7187,3.61
9028,2.7187,3.61
9029,2.7187,3.61
9030,2.7187,3.61
9031,2.7187,3.61
9032,2.7187,3.61
9033,2.7187,3.61
9034,2.7187,3.61
9035,2.7187,3.61
9036,2.7187,3.61
9037,2.7187,3.61
9038,2.7187,3.61
9039,2.7187,3.61
9040,2.7187,3.61
9041,2.7187,3.61
9042,2.7187,3.61
9043,2.7187,3.61
9044,2.7187,3.61
9045,2.7187,3.61
9046,2.7187,3.61
9047,2.7187,3.61
9048,2.7187,3.61
9049,2.7187,3.61
9050,2.7187,3.61
9051,2.7187,3.61
9052,2.7187,3.61
9053,2.7187,3.61
9054,2.7187,3.61
9055,2.7187,3.61
9056,2.7187,3.61
9057,2.7187,3.61
9058,2.7187,3.61
9059,2.7187,3.61
9060,2.7187,3.61
9061,2.7187,3.61
9062,2.7187,3.61
9063,2.7187,3.61
9064,2.7187,3.61
9065,2.7187,3.61
9066,2.7187,3.61
9067,2.7187,3.61
9068,2.7187,3.61
9069,2.7187,3.61
9070,2.7187,3.61
9071,2.7187,3.61
9072,2.7187,3.61
9073,2.7187,3.61
9074,2.7187,3.61
9075,2.7187,3.61
9076,2.7187,3.61
9077,2.7187,3.61
9078,2.7187,3.61
9079,2.7187,3.61
9080,2.7187,3.61
9081,2.7187,3.61
9082,2.7187,3.61
9083,2.7187,3.61
9084,2.7187,3.61
9085,2.7187,3.61
9086,2.7187,3.61
9087,2.7187,3.61
9088,2.7187,3.61
9089,2.7187,3.61
9090,2.7187,3.61
9091,2.7187,3.61
9092,2.7187,3.61
9093,2.7187,3.61
9094,2.7187,3.61
9095,2.7187,3.61
9096,2.7187,3.61
9097,2.7187,3.61
9098,2.7187,3.61
9099,2.7187,3.61
9100,2.7187,3.61
9101,2.7187,3.61
9102,2.7187,3.61
9103,2.7187,3.61
9104,2.7187,3.61
9105,2.7187,3.61
9106,2.7187,3.61
9107,2.7187,3.61
9108,2.7187,3.61
9109,2.7187,3.61
9110,2.7187,3.61
9111,2.7187,3.61
9112,2.7187,3.61
9113,2.7187,3.61
9114,2.7187,3.61
9115,2.7187,3.61
9116,2.7187,3.61
9117,2.7187,3.61
9118,2.7187,3.61
9119,2.7187,3.61
9120,2.7187,3.61
9121,2.7187,3.61
9122,2.7187,3.61
9123,2.7187,3.61
9124,2.7187,3.61
9125,2.7187,3.61
9126,2.7187,3.61
9127,2.7187,3.61
9128,2.7187,3.61
9129,2.7187,3.61
9130,2.7187,3.61
9131,2.7187,3.61
9132,2.7187,3.61
9133,2.7187,3.61
9134,2.7187,3.61
9135,2.7187,3.61
9136,2.7187,3.61
9137,2.7187,3.61
9138,2.7187,3.61
9139,2.7187,3.61
9140,2.7187,3.61
9141,2.7187,3.61
9142,2.7187,3.61
9143,2.7187,3.61
9144,2.7187,3.61
9145,2.7187,3.61
9146,2.7187,3.61
9147,2.7187,3.61
9148,2.7187,3.61
9149,2.7187,3.61
9150,2.7187,3.61
9151,2.7187,3.61
9152,2.7187,3.61
9153,2.7187,3.61
9154,2.7187,3.61
9155,2.7187,3.61
9156,2.7187,3.61
9157,2.7187,3.61
9158,2.7187,3.61
9159,2.7187,3.61
9160,2.7187,3.61
9161,2.7187,3.61
9162,2.7187,3.61
9163,2.7187,3.61
9164,2.7187,3.61
9165,2.7187,3.61
9166,2.7187,3.61
9167,2.7187,3.61
9168,2.7187,3.61
9169,2.7187,3.61
9170,2.7187,3.61
9171,2.7187,3.61
9172,2.7187,3.61
9173,2.7187,3.61
9174,2.7187,3.61
9175,2.7187,3.61
9176,2.7187,3.61
9177,2.7187,3.61
9178,2.7187,3.61
9179,2.7187,3.61
9180,2.7187,3.61
9181,2.7187,3.61
9182,2.7187,3.61
9183,2.7187,3.61
9184,2.7187,3.61
9185,2.7187,3.61
9186,2.7187,3.61
9187,2.7187,3.61
9188,2.7187,3.61
9189,2.7187,3.61
9190,2.7187,3.61
9191,2.7187,3.61
9192,2.7187,3.61
9193,2.7187,3.61
9194,2.7187,3.61
9195,2.7187,3.61
9196,2.7187,3.61
9197,2.7187,3.61
9198,2.7187,3.61
9199,2.7187,3.61
9200,2.7187,3.61
9201,2.7187,3.61
9202,2.7187,3.61
9203,2.7187,3.61
9204,2.7187,3.61
9205,2.7187,3.61
9206,2.7187,3.61
9207,2.7187,3.61
9208,2.7187,3.61
9209,2.7187,3.61
9210,2.7187,3.61
9211,2.7187,3.61
9212,2.7187,3.61
9213,2.7187,3.61
9214,2.7187,3.61
9215,2.7187,3.61
9216,2.7187,3.61
9217,2.7187,3.61
9218,2.7187,3.61
9219,2.7187,3.61
9220,2.7187,3.61
9221,2.7187,3.61
9222,2.7187,3.61
9223,2.7187,3.61
9224,2.7187,3.61
9225,2.7187,3.61
9226,2.7187,3.61
9227,2.7187,3.61
9228,2.7187,3.61
9229,2.7187,3.61
9230,2.7187,3.61
9231,2.7187,3.61
9232,2.7187,3.61
9233,2.7187,3.61
9234,2.7187,3.61
9235,2.7187,3.61
9236,2.7187,3.61
9237,2.7187,3.61
9238,2.7187,3.61
9239,2.7187,3.61
9240,2.7187,3.61
9241,2.7187,3.61
9242,2.7187,3.61
9243,2.7187,3.61
9244,2.7187,3.61
9245,2.7187,3.61
9246,2.7187,3.61
9247,2.7187,3.61
9248,2.7187,3.61
9249,2.7187,3.61
9250,2.7187,3.61
9251,2.7187,3.61
9252,2.7187,3.61
9253,2.7187,3.61
9254,2.7187,3.61
9255,2.7187,3.61
9256,2.7187,3.61
9257,2.7187,3.61
9258,2.7187,3.61
9259,2.7187,3.61
9260,2.7187,3.61
9261,2.7187,3.61
9262,2.7187,3.61
9263,2.7187,3.61
9264,2.7187,3.61
9265,2.7187,3.61
9266,2.7187,3.61
9267,2.7187,3.61
9268,2.7187,3.61
9269,2.7187,3.61
9270,2.7187,3.61
9271,2.7187,3.61
9272,2.7187,3.61
9273,2.7187,3.61
9274,2.7187,3.61
9275,2.7187,3.61
9276,2.7187,3.61
9277,2.7187,3.61
9278,2.7187,3.61
9279,2.7187,3.61
9280,2.7187,3.61
9281,2.7187,3.61
9282,2.7187,3.61
9283,2.7187,3.61
9284,2.7187,3.61
9285,2.7187,3.61
9286,2.7187,3.61
9287,2.7187,3.61
9288,2.7187,3.61
9289,2.7187,3.61
9290,2.7187,3.61
9291,2.7187,3.61
9292,2.7187,3.61
9293,2.7187,3.61
9294,2.7187,3.61
9295,2.7187,3.61
9296,2.7187,3.61
9297,2.7187,3.61
9298,2.7187,3.61
9299,2.7187,3.61
9300,2.7187,3.61
9301,2.7187,3.61
9302,2.7187,3.61
9303,2.7187,3.61
9304,2.7187,3.61
9305,2.7187,3.61
9306,2.7187,3.61
9307,2.7187,3.61
9308,2.7187,3.61
9309,2.7187,3.61
9310,2.7187,3.61
9311,2.7187,3.61
9312,2.7187,3.61
9313,2.7187,3.61
9314,2.7187,3.61
9315,2.7187,3.61
9316,2.7187,3.61
9317,2.7187,3.61
9318,2.7187,3.61
9319,2.7187,3.61
9320,2.7187,3.61
9321,2.7187,3.61
9322,2.7187,3.61
9323,2.7187,3.61
9324,2.7187,3.61
9325,2.7187,3.61
9326,2.7187,3.61
9327,2.7187,3.61
9328,2.7187,3.61
9329,2.7187,3.61
9330,2.7187,3.61
9331,2.7187,3.61
9332,2.7187,3.61
9333,2.7187,3.61
9334,2.7187,3.61
9335,2.7187,3.61
9336,2.7187,3.61
9337,2.7187,3.61
9338,2.7187,3.61
9339,2.7187,3.61
9340,2.7187,3.61
9341,2.7187,3.61
9342,2.7187,3.61
9343,2.7187,3.61
9344,2.7187,3.61
9345,2.7187,3.61
9346,2.7187,3.61
9347,2.7187,3.61
9348,2.7187,3.61
9349,2.7187,3.61
9350,2.7187,3.61
9351,2.7187,3.61
9352,2.7187,3.61
9353,2.7187,3.61
9354,2.7187,3.61
9355,2.7187,3.61
9356,2.7187,3.61
9357,2.7187,3.61
9358,2.7187,3.61
9359,2.7187,3.61
9360,2.7187,3.61
9361,2.7187,3.61
9362,2.7187,3.61
9363,2.7187,3.61
9364,2.7187,3.61
9365,2.7187,3.61
9366,2.7187,3.61
9367,2.7187,3.61
9368,2.7187,3.61
9369,2.7187,3.61
9370,2.7187,3.61
9371,2.7187,3.61
9372,2.7187,3.61
9373,2.7187,3.61
9374,2.7187,3.61
9375,2.7187,3.61
9376,2.7187,3.61
9377,2.7187,3.61
9378,2.7187,3.61
9379,2.7187,3.61
9380,2.7187,3.61
9381,2.7187,3.61
9382,2.7187,3.61
9383,2.7187,3.61
9384,2.7187,3.61
9385,2.7187,3.61
9386,2.7187,3.61
9387,2.7187,3.61
9388,2.7187,3.61
9389,2.7187,3.61
9390,2.7187,3.61
9391,2.7187,3.61
9392,2.7187,3.61
9393,2.7187,3.61
9394,2.7187,3.61
9395,2.7187,3.61
9396,2.7187,3.61
9397,2.7187,3.61
9398,2.7187,3.61
9399,2.7187,3.61
9400,2.7187,3.61
9401,2.7187,3.61
9402,2.7187,3.61
9403,2.7187,3.61
9404,2.7187,3.61
9405,2.7187,3.61
9406,2.7187,3.61
9407,2.7187,3.61
9408,2.7187,3.61
9409,2.7187,3.61
9410,2.7187,3.61
9411,2.7187,3.61
9412,2.7187,3.61
9413,2.7187,3.61
9414,2.7187,3.61
9415,2.7187,3.61
9416,2.7187,3.61
9417,2.7187,3.61
9418,2.7187,3.61
9419,2.7187,3.61
9420,2.7187,3.61
9421,2.7187,3.61
9422,2.7187,3.61
9423,2.7187,3.61
9424,2.7187,3.61
9425,2.7187,3.61
9426,2.7187,3.61
9427,2.7187,3.61
9428,2.7187,3.61
9429,2.7187,3.61
9430,2.7187,3.61
9431,2.7187,3.61
9432,2.7187,3.61
9433,2.7187,3.61
9434,2.7187,3.61
9435,2.7187,3.61
9436,2.7187,3.61
9437,2.7187,3.61
9438,2.7187,3.61
9439,2.7187,3.61
9440,2.7187,3.61
9441,2.7187,3.61
9442,2.7187,3.61
9443,2.7187,3.61
9444,2.7187,3.61
9445,2.7187,3.61
9446,2.7187,3.61
9447,2.7187,3.61
9448,2.7187,3.61
9449,2.7187,3.61
9450,2.7187,3.61
9451,2.7187,3.61
9452,2.7187,3.61
9453,2.7187,3.61
9454,2.7187,3.61
9455,2.7187,3.61
9456,2.7187,3.61
9457,2.7187,3.61
9458,2.7187,3.61
9459,2.7187,3.61
9460,2.7187,3.61
9461,2.7187,3.61
9462,2.7187,3.61
9463,2.7187,3.61
9464,2.7187,3.61
9465,2.7187,3.61
9466,2.7187,3.61
9467,2.7187,3.61
9468,2.7187,3.61
9469,2.7187,3.61
9470,2.7187,3.61
9471,2.7187,3.61
9472,2.7187,3.61
9473,2.7187,3.61
9474,2.7187,3.61
9475,2.7187,3.61
9476,2.7187,3.61
9477,2.7187,3.61
9478,2.7187,3.61
9479,2.7187,3.61
9480,2.7187,3.61
9481,2.7187,3.61
9482,2.7187,3.61
9483,2.7187,3.61
9484,2.7187,3.61
9485,2.7187,3.61
9486,2.7187,3.61
9487,2.7187,3.61
9488,2.7187,3.61
9489,2.7187,3.61
9490,2.7187,3.61
9491,2.7187,3.61
9492,2.7187,3.61
9493,2.7187,3.61
9494,2.7187,3.61
9495,2.7187,3.61
9496,2.7187,3.61
9497,2.7187,3.61
9498,2.7187,3.61
9499,2.7187,3.61
9500,2.7187,3.61
9501,2.7187,3.61
9502,2.7187,3.61
9503,2.7187,3.61
9504,2.7187,3.61
9505,2.7187,3.61
9506,2.7187,3.61
9507,2.7187,3.61
9508,2.7187,3.61
9509,2.7187,3.61
9510,2.7187,3.61
9511,2.7187,3.61
9512,2.7187,3.61
9513,2.7187,3.61
9514,2.7187,3.61
9515,2.7187,3.61
9516,2.7187,3.61
9517,2.7187,3.61
9518,2.7187,3.61
9519,2.7187,3.61
9520,2.7187,3.61
9521,2.7187,3.61
9522,2.7187,3.61
9523,2.7187,3.61
9524,2.7187,3.61
9525,2.7187,3.61
9526,2.7187,3.61
9527,2.7187,3.61
9528,2.7187,3.61
9529,2.7187,3.61
9530,2.7187,3.61
9531,2.7187,3.61
9532,2.7187,3.61
9533,2.7187,3.61
9534,2.7187,3.61
9535,2.7187,3.61
9536,2.7187,3.61
9537,2.7187,3.61
9538,2.7187,3.61
9539,2.7187,3.61
9540,2.7187,3.61
9541,2.7187,3.61
9542,2.7187,3.61
9543,2.7187,3.61
9544,2.7187,3.61
9545,2.7187,3.61
9546,2.7187,3.61
9547,2.7187,3.61
9548,2.7187,3.61
9549,2.7187,3.61
9550,2.7187,3.61
9551,2.7187,3.61
9552,2.7187,3.61
9553,2.7187,3.61
9554,2.7187,3.61
9555,2.7187,3.61
9556,2.7187,3.61
9557,2.7187,3.61
9558,2.7187,3.61
9559,2.7187,3.61
9560,2.7187,3.61
9561,2.7187,3.61
9562,2.7187,3.61
9563,2.7187,3.61
9564,2.7187,3.61
9565,2.7187,3.61
9566,2.7187,3.61
9567,2.7187,3.61
9568,2.7187,3.61
9569,2.7187,3.61
9570,2.7187,3.61
9571,2.7187,3.61
9572,2.7187,3.61
9573,2.7187,3.61
9574,2.7187,3.61
9575,2.7187,3.61
9576,2.7187,3.61
9577,2.7187,3.61
9578,2.7187,3.61
9579,2.7187,3.61
9580,2.7187,3.61
9581,2.7187,3.61
9582,2.7187,3.61
9583,2.7187,3.61
9584,2.7187,3.61
9585,2.7187,3.61
9586,2.7187,3.61
9587,2.7187,3.61
9588,2.7187,3.61
9589,2.7187,3.61
9590,2.7187,3.61
9591,2.7187,3.61
9592,2.7187,3.61
9593,2.7187,3.61
9594,2.7187,3.61
9595,2.7187,3.61
9596,2.7187,3.61
9597,2.7187,3.61
9598,2.7187,3.61
9599,2.7187,3.61
9600,2.7187,3.61
9601,2.7187,3.61
9602,2.7187,3.61
9603,2.7187,3.61
9604,2.7187,3.61
9605,2.7187,3.61
9606,2.7187,3.61
9607,2.7187,3.61
9608,2.7187,3.61
9609,2.7187,3.61
9610,2.7187,3.61
9611,2.7187,3.61
9612,2.7187,3.61
9613,2.7187,3.61
9614,2.7187,3.61
9615,2.7187,3.61
9616,2.7187,3.61
9617,2.7187,3.61
9618,2.7187,3.61
9619,2.7187,3.61
9620,2.7187,3.61
9621,2.7187,3.61
9622,2.7187,3.61
9623,2.7187,3.61
9624,2.7187,3.61
9625,2.7187,3.61
9626,2.7187,3.61
9627,2.7187,3.61
9628,2.7187,3.61
9629,2.7187,3.61
9630,2.7187,3.61
9631,2.7187,3.61
9632,2.7187,3.61
9633,2.7187,3.61
9634,2.7187,3.61
9635,2.7187,3.61
9636,2.7187,3.61
9637,2.7187,3.61
9638,2.7187,3.61
9639,2.7187,3.61
9640,2.7187,3.61
9641,2.7187,3.61
9642,2.7187,3.61
9643,2.7187,3.61
9644,2.7187,3.61
9645,2.7187,3.61
9646,2.7187,3.61
9647,2.7187,3.61
9648,2.7187,3.61
9649,2.7187,3.61
9650,2.7187,3.61
9651,2.7187,3.61
9652,2.7187,3.61
9653,2.7187,3.61
9654,2.7187,3.61
9655,2.7187,3.61
9656,2.7187,3.61
9657,2.7187,3.61
9658,2.7187,3.61
9659,2.7187,3.61
9660,2.7187,3.61
9661,2.7187,3.61
9662,2.7187,3.61
9663,2.7187,3.61
9664,2.7187,3.61
9665,2.7187,3.61
9666,2.7187,3.61
9667,2.7187,3.61
9668,2.7187,3.61
9669,2.7187,3.61
9670,2.7187,3.61
9671,2.7187,3.61
9672,2.7187,3.61
9673,2.7187,3.61
9674,2.7187,3.61
9675,2.7187,3.61
9676,2.7187,3.61
9677,2.7187,3.61
9678,2.7187,3.61
9679,2.7187,3.61
9680,2.7187,3.61
9681,2.7187,3.61
9682,2.7187,3.61
9683,2.7187,3.61
9684,2.7187,3.61
9685,2.7187,3.61
9686,2.7187,3.61
9687,2.7187,3.61
9688,2.7187,3.61
9689,2.7187,3.61
9690,2.7187,3.61
9691,2.7187,3.61
9692,2.7187,3.61
9693,2.7187,3.61
9694,2.7187,3.61
9695,2.7187,3.61
9696,2.7187,3.61
9697,2.7187,3.61
9698,2.7187,3.61
9699,2.7187,3.61
9700,2.7187,3.61
9701,2.7187,3.61
9702,2.7187,3.61
9703,2.7187,3.61
9704,2.7187,3.61
9705,2.7187,3.61
9706,2.7187,3.61
9707,2.7187,3.61
9708,2.7187,3.61
9709,2.7187,3.61
9710,2.7187,3.61
9711,2.7187,3.61
9712,2.7187,3.61
9713,2.7187,3.61
9714,2.7187,3.61
9715,2.7187,3.61
9716,2.7187,3.61
9717,2.7187,3.61
9718,2.7187,3.61
9719,2.7187,3.61
9720,2.7187,3.61
9721,2.7187,3.61
9722,2.7187,3.61
9723,2.7187,3.61
9724,2.7187,3.61
9725,2.7187,3.61
9726,2.7187,3.61
9727,2.7187,3.61
9728,2.7187,3.61
9729,2.7187,3.61
9730,2.7187,3.61
9731,2.7187,3.61
9732,2.7187,3.61
9733,2.7187,3.61
9734,2.7187,3.61
9735,2.7187,3.61
9736,2.7187,3.61
9737,2.7187,3.61
9738,2.7187,3.61
9739,2.7187,3.61
9740,2.7187,3.61
9741,2.7187,3.61
9742,2.7187,3.61
9743,2.7187,3.61
9744,2.7187,3.61
9745,2.7187,3.61
9746,2.7187,3.61
9747,2.7187,3.61
9748,2.7187,3.61
9749,2.7187,3.61
9750,2.7187,3.61
9751,2.7187,3.61
9752,2.7187,3.61
9753,2.7187,3.61
9754,2.7187,3.61
9755,2.7187,3.61
9756,2.7187,3.61
9757,2.7187,3.61
9758,2.7187,3.61
9759,2.7187,3.61
9760,2.7187,3.61
9761,2.7187,3.61
9762,2.7187,3.61
9763,2.7187,3.61
9764,2.7187,3.61
9765,2.7187,3.61
9766,2.7187,3.61
9767,2.7187,3.61
9768,2.7187,3.61
9769,2.7187,3.61
9770,2.7187,3.61
9771,2.7187,3.61
9772,2.7187,3.61
9773,2.7187,3.61
9774,2.7187,3.61
9775,2.7187,3.61
9776,2.7187,3.61
9777,2.7187,3.61
9778,2.7187,3.61
9779,2.7187,3.61
9780,2.7187,3.61
9781,2.7187,3.61
9782,2.7187,3.61
9783,2.7187,3.61
9784,2.7187,3.61
9785,2.7187,3.61
9786,2.7187,3.61
9787,2.7187,3.61
9788,2.7187,3.61
9789,2.7187,3.61
9790,2.7187,3.61
9791,2.7187,3.61
9792,2.7187,3.61
9793,2.7187,3.61
9794,2.7187,3.61
9795,2.7187,3.61
9796,2.7187,3.61
9797,2.7187,3.61
9798,2.7187,3.61
9799,2.7187,3.61
9800,2.7187,3.61
9801,2.7187,3.61
9802,2.7187,3.61
9803,2.7187,3.61
9804,2.7187,3.61
9805,2.7187,3.61
9806,2.7187,3.61
9807,2.7187,3.61
9808,2.7187,3.61
9809,2.7187,3.61
9810,2.7187,3.61
9811,2.7187,3.61
9812,2.7187,3.61
9813,2.7187,3.61
9814,2.7187,3.61
9815,2.7187,3.61
9816,2.7187,3.61
9817,2.7187,3.61
9818,2.7187,3.61
9819,2.7187,3.61
9820,2.7187,3.61
9821,2.7187,3.61
9822,2.7187,3.61
9823,2.7187,3.61
9824,2.7187,3.61
9825,2.7187,3.61
9826,2.7187,3.61
9827,2.7187,3.61
9828,2.7187,3.61
9829,2.7187,3.61
9830,2.7187,3.61
9831,2.7187,3.61
9832,2.7187,3.61
9833,2.7187,3.61
9834,2.7187,3.61
9835,2.7187,3.61
9836,2.7187,3.61
9837,2.7187,3.61
9838,2.7187,3.61
9839,2.7187,3.61
9840,2.7187,3.61
9841,2.7187,3.61
9842,2.7187,3.61
9843,2.7187,3.61
9844,2.7187,3.61
9845,2.7187,3.61
9846,2.7187,3.61
9847,2.7187,3.61
9848,2.7187,3.61
9849,2.7187,3.61
9850,2.7187,3.61
9851,2.7187,3.61
9852,2.7187,3.61
9853,2.7187,3.61
9854,2.7187,3.61
9855,2.7187,3.61
9856,2.7187,3.61
9857,2.7187,3.61
9858,2.7187,3.61
9859,2.7187,3.61
9860,2.7187,3.61
9861,2.7187,3.61
9862,2.7187,3.61
9863,2.7187,3.61
9864,2.7187,3.61
9865,2.7187,3.61
9866,2.7187,3.61
9867,2.7187,3.61
9868,2.7187,3.61
9869,2.7187,3.61
9870,2.7187,3.61
9871,2.7187,3.61
9872,2.7187,3.61
9873,2.7187,3.61
9874,2.7187,3.61
9875,2.7187,3.61
9876,2.7187,3.61
9877,2.7187,3.61
9878,2.7187,3.61
9879,2.7187,3.61
9880,2.7187,3.61
9881,2.7187,3.61
9882,2.7187,3.61
9883,2.7187,3.61
9884,2.7187,3.61
9885,2.7187,3.61
9886,2.7187,3.61
9887,2.7187,3.61
9888,2.7187,3.61
9889,2.7187,3.61
9890,2.7187,3.61
9891,2.7187,3.61
9892,2.7187,3.61
9893,2.7187,3.61
9894,2.7187,3.61
9895,2.7187,3.61
9896,2.7187,3.61
9897,2.7187,3.61
9898,2.7187,3.61
9899,2.7187,3.61
9900,2.7187,3.61
9901,2.7187,3.61
9902,2.7187,3.61
9903,2.7187,3.61
9904,2.7187,3.61
9905,2.7187,3.61
9906,2.7187,3.61
9907,2.7187,3.61
9908,2.7187,3.61
9909,2.7187,3.61
9910,2.7187,3.61
9911,2.7187,3.61
9912,2.7187,3.61
9913,2.7187,3.61
9914,2.7187,3.61
9915,2.7187,3.61
9916,2.7187,3.61
9917,2.7187,3.61
9918,2.7187,3.61
9919,2.7187,3.61
9920,2.7187,3.61
9921,2.7187,3.61
9922,2.7187,3.61
9923,2.7187,3.61
9924,2.7187,3.61
9925,2.7187,3.61
9926,2.7187,3.61
9927,2.7187,3.61
9928,2.7187,3.61
9929,2.7187,3.61
9930,2.7187,3.61
9931,2.7187,3.61
9932,2.7187,3.61
9933,2.7187,3.61
9934,2.7187,3.61
9935,2.7187,3.61
9936,2.7187,3.61
9937,2.7187,3.61
9938,2.7187,3.61
9939,2.7187,3.61
9940,2.7187,3.61
9941,2.7187,3.61
9942,2.7187,3.61
9943,2.7187,3.61
9944,2.7187,3.61
9945,2.7187,3.61
9946,2.7187,3.61
9947,2.7187,3.61
9948,2.7187,3.61
9949,2.7187,3.61
9950,2.7187,3.61
9951,2.7187,3.61
9952,2.7187,3.61
9953,2.7187,3.61
9954,2.7187,3.61
9955,2.7187,3.61
9956,2.7187,3.61
9957,2.7187,3.61
9958,2.7187,3.61
9959,2.7187,3.61
9960,2.7187,3.61
9961,2.7187,3.61
9962,2.7187,3.61
9963,2.7187,3.61
9964,2.7187,3.61
9965,2.7187,3.61
9966,2.7187,3.61
9967,2.7187,3.61
9968,2.7187,3.61
9969,2.7187,3.61
9970,2.7187,3.61
9971,2.7187,3.61
9972,2.7187,3.61
9973,2.7187,3.61
9974,2.7187,3.61
9975,2.7187,3.61
9976,2.7187,3.61
9977,2.7187,3.61
9978,2.7187,3.61
9979,2.7187,3.61
9980,2.7187,3.61
9981,2.7187,3.61
9982,2.7187,3.61
9983,2.7187,3.61
9984,2.7187,3.61
9985,2.7187,3.61
9986,2.7187,3.61
9987,2.7187,3.61
9988,2.7187,3.61
9989,2.7187,3.61
9990,2.7187,3.61
9991,2.7187,3.61
9992,2.7187,3.61
9993,2.7187,3.61
9994,2.7187,3.61
9995,2.7187,3.61
9996,2.7187,3.61
9997,2.7187,3.61
9998,2.7187,3.61
9999,2.7187,3.61
10000,2.7187,3.61
10001,2.7187,3.61
10002,2.7187,3.61
10003,2.7187,3.61
10004,2.7187,3.61
10005,2.7187,3.61
10006,2.7187,3.61
10007,2.7187,3.61
10008,2.7187,3.61
10009,2.7187,3.61
10010,2.7187,3.61
10011,2.7187,3.61
10012,2.7187,3.61
10013,2.7187,3.61
10014,2.7187,3.61
10015,2.7187,3.61
10016,2.7187,3.61
10017,2.7187,3.61
10018,2.7187,3.61
10019,2.7187,3.61
10020,2.7187,3.61
10021,2.7187,3.61
10022,2.7187,3.61
10023,2.7187,3.61
10024,2.7187,3.61
10025,2.7187,3.61
10026,2.7187,3.61
10027,2.7187,3.61
10028,2.7187,3.61
10029,2.7187,3.61
10030,2.7187,3.61
10031,2.7187,3.61
10032,2.7187,3.61
10033,2.7187,3.61
10034,2.7187,3.61
10035,2.7187,3.61
10036,2.7187,3.61
10037,2.7187,3.61
10038,2.7187,3.61
10039,2.7187,3.61
10040,2.7187,3.61
10041,2.7187,3.61
10042,2.7187,3.61
10043,2.7187,3.61
10044,2.7187,3.61
10045,2.7187,3.61
10046,2.7187,3.61
10047,2.7187,3.61
10048,2.7187,3.61
10049,2.7187,3.61
10050,2.7187,3.61
10051,2.7187,3.61
10052,2.7187,3.61
10053,2.7187,3.61
10054,2.7187,3.61
10055,2.7187,3.61
10056,2.7187,3.61
10057,2.7187,3.61
10058,2.7187,3.61
10059,2.7187,3.61
10060,2.7187,3.61
10061,2.7187,3.61
10062,2.7187,3.61
10063,2.7187,3.61
10064,2.7187,3.61
10065,2.7187,3.61
10066,2.7187,3.61
10067,2.7187,3.61
10068,2.7187,3.61
10069,2.7187,3.61
10070,2.7187,3.61
10071,2.7187,3.61
10072,2.7187,3.61
10073,2.7187,3.61
10074,2.7187,3.61
10075,2.7187,3.61
10076,2.7187,3.61
10077,2.7187,3.61
10078,2.7187,3.61
10079,2.7187,3.61
10080,2.7187,3.61
10081,2.7187,3.61
10082,2.7187,3.61
10083,2.7187,3.61
10084,2.7187,3.61
10085,2.7187,3.61
10086,2.7187,3.61
10087,2.7187,3.61
10088,2.7187,3.61
10089,2.7187,3.61
10090,2.7187,3.61
10091,2.7187,3.61
10092,2.7187,3.61
10093,2.7187,3.61
10094,2.7187,3.61
10095,2.7187,3.61
10096,2.7187,3.61
10097,2.7187,3.61
10098,2.7187,3.61
10099,2.7187,3.61
10100,2.7187,3.61
10101,2.7187,3.61
10102,2.7187,3.61
10103,2.7187,3.61
10104,2.7187,3.61
10105,2.7187,3.61
10106,2.7187,3.61
10107,2.7187,3.61
10108,2.7187,3.61
10109,2.7187,3.61
10110,2.7187,3.61
10111,2.7187,3.61
10112,2.7187,3.61
10113,2.7187,3.61
10114,2.7187,3.61
10115,2.7187,3.61
10116,2.7187,3.61
10117,2.7187,3.61
10118,2.7187,3.61
10119,2.7187,3.61
10120,2.7187,3.61
10121,2.7187,3.61
10122,2.7187,3.61
10123,2.7187,3.61
10124,2.7187,3.61
10125,2.7187,3.61
10126,2.7187,3.61
10127,2.7187,3.61
10128,2.7187,3.61
10129,2.7187,3.61
10130,2.7187,3.61
10131,2.7187,3.61
10132,2.7187,3.61
10133,2.7187,3.61
10134,2.7187,3.61
10135,2.7187,3.61
10136,2.7187,3.61
10137,2.7187,3.61
10138,2.7187,3.61
10139,2.7187,3.61
10140,2.7187,3.61
10141,2.7187,3.61
10142,2.7187,3.61
10143,2.7187,3.61
10144,2.7187,3.61
10145,2.7187,3.61
10146,2.7187,3.61
10147,2.7187,3.61
10148,2.7187,3.61
10149,2.7187,3.61
10150,2.7187,3.61
10151,2.7187,3.61
10152,2.7187,3.61
10153,2.7187,3.61
10154,2.7187,3.61
10155,2.7187,3.61
10156,2.7187,3.61
10157,2.7187,3.61
10158,2.7187,3.61
10159,2.7187,3.61
10160,2.7187,3.61
10161,2.7187,3.61
10162,2.7187,3.61
10163,2.7187,3.61
10164,2.7187,3.61
10165,2.7187,3.61
10166,2.7187,3.61
10167,2.7187,3.61
10168,2.7187,3.61
10169,2.7187,3.61
10170,2.7187,3.61
10171,2.7187,3.61
10172,2.7187,3.61
10173,2.7187,3.61
10174,2.7187,3.61
10175,2.7187,3.61
10176,2.7187,3.61
10177,2.7187,3.61
10178,2.7187,3.61
10179,2.7187,3.61
10180,2.7187,3.61
10181,2.7187,3.61
10182,2.7187,3.61
10183,2.7187,3.61
10184,2.7187,3.61
10185,2.7187,3.61
10186,2.7187,3.61
10187,2.7187,3.61
10188,2.7187,3.61
10189,2.7187,3.61
10190,2.7187,3.61
10191,2.7187,3.61
10192,2.7187,3.61
10193,2.7187,3.61
10194,2.7187,3.61
10195,2.7187,3.61
10196,2.7187,3.61
10197,2.7187,3.61
10198,2.7187,3.61
10199,2.7187,3.61
10200,2.7187,3.61
10201,2.7187,3.61
10202,2.7187,3.61
10203,2.7187,3.61
10204,2.7187,3.61
10205,2.7187,3.61
10206,2.7187,3.61
10207,2.7187,3.61
10208,2.7187,3.61
10209,2.7187,3.61
10210,2.7187,3.61
10211,2.7187,3.61
10212,2.7187,3.61
10213,2.7187,3.61
10214,2.7187,3.61
10215,2.7187,3.61
10216,2.7187,3.61
10217,2.7187,3.61
10218,2.7187,3.61
10219,2.7187,3.61
10220,2.7187,3.61
10221,2.7187,3.61
10222,2.7187,3.61
10223,2.7187,3.61
10224,2.7187,3.61
10225,2.7187,3.61
10226,2.7187,3.61
10227,2.7187,3.61
10228,2.7187,3.61
10229,2.7187,3.61
10230,2.7187,3.61
10231,2.7187,3.61
10232,2.7187,3.61
10233,2.7187,3.61
10234,2.7187,3.61
10235,2.7187,3.61
10236,2.7187,3.61
10237,2.7187,3.61
10238,2.7187,3.61
10239,2.7187,3.61
10240,2.7187,3.61
10241,2.7187,3.61
10242,2.7187,3.61
10243,2.7187,3.61
10244,2.7187,3.61
10245,2.7187,3.61
10246,2.7187,3.61
10247,2.7187,3.61
10248,2.7187,3.61
10249,2.7187,3.61
10250,2.7187,3.61
10251,2.7187,3.61
10252,2.7187,3.61
10253,2.7187,3.61
10254,2.7187,3.61
10255,2.7187,3.61
10256,2.7187,3.61
10257,2.7187,3.61
10258,2.7187,3.61
10259,2.7187,3.61
10260,2.7187,3.61
10261,2.7187,3.61
10262,2.7187,3.61
10263,2.7187,3.61
10264,2.7187,3.61
10265,2.7187,3.61
10266,2.7187,3.61
10267,2.7187,3.61
10268,2.7187,3.61
10269,2.7187,3.61
10270,2.7187,3.61
10271,2.7187,3.61
10272,2.7187,3.61
10273,2.7187,3.61
10274,2.7187,3.61
10275,2.7187,3.61
10276,2.7187,3.61
10277,2.7187,3.61
10278,2.7187,3.61
10279,2.7187,3.61
10280,2.7187,3.61
10281,2.7187,3.61
10282,2.7187,3.61
10283,2.7187,3.61
10284,2.7187,3.61
10285,2.7187,3.61
10286,2.7187,3.61
10287,2.7187,3.61
10288,2.7187,3.61
10289,2.7187,3.61
10290,2.7187,3.61
10291,2.7187,3.61
10292,2.7187,3.61
10293,2.7187,3.61
10294,2.7187,3.61
10295,2.7187,3.61
10296,2.7187,3.61
10297,2.7187,3.61
10298,2.7187,3.61
10299,2.7187,3.61
10300,2.7187,3.61
10301,2.7187,3.61
10302,2.7187,3.61
10303,2.7187,3.61
10304,2.7187,3.61
10305,2.7187,3.61
10306,2.7187,3.61
10307,2.7187,3.61
10308,2.7187,3.61
10309,2.7187,3.61
10310,2.7187,3.61
10311,2.7187,3.61
10312,2.7187,3.61
10313,2.7187,3.61
10314,2.7187,3.61
10315,2.7187,3.61
10316,2.7187,3.61
10317,2.7187,3.61
10318,2.7187,3.61
10319,2.7187,3.61
10320,2.7187,3.61
10321,2.7187,3.61
10322,2.7187,3.61
10323,2.7187,3.61
10324,2.7187,3.61
10325,2.7187,3.61
10326,2.7187,3.61
10327,2.7187,3.61
10328,2.7187,3.61
10329,2.7187,3.61
10330,2.7187,3.61
10331,2.7187,3.61
10332,2.7187,3.61
10333,2.7187,3.61
10334,2.7187,3.61
10335,2.7187,3.61
10336,2.7187,3.61
10337,2.7187,3.61
10338,2.7187,3.61
10339,2.7187,3.61
10340,2.7187,3.61
10341,2.7187,3.61
10342,2.7187,3.61
10343,2.7187,3.61
10344,2.7187,3.61
10345,2.7187,3.61
10346,2.7187,3.61
10347,2.7187,3.61
10348,2.7187,3.61
10349,2.7187,3.61
10350,2.7187,3.61
10351,2.7187,3.61
10352,2.7187,3.61
10353,2.7187,3.61
10354,2.7187,3.61
10355,2.7187,3.61
10356,2.7187,3.61
10357,2.7187,3.61
10358,2.7187,3.61
10359,2.7187,3.61
10360,2.7187,3.61
10361,2.7187,3.61
10362,2.7187,3.61
10363,2.7187,3.61
10364,2.7187,3.61
10365,2.7187,3.61
10366,2.7187,3.61
10367,2.7187,3.61
10368,2.7187,3.61
10369,2.7187,3.61
10370,2.7187,3.61
10371,2.7187,3.61
10372,2.7187,3.61
10373,2.7187,3.61
10374,2.7187,3.61
10375,2.7187,3.61
10376,2.7187,3.61
10377,2.7187,3.61
10378,2.7187,3.61
10379,2.7187,3.61
10380,2.7187,3.61
10381,2.7187,3.61
10382,2.7187,3.61
10383,2.7187,3.61
10384,2.7187,3.61
10385,2.7187,3.61
10386,2.7187,3.61
10387,2.7187,3.61
10388,2.7187,3.61
10389,2.7187,3.61
10390,2.7187,3.61
10391,2.7187,3.61
10392,2.7187,3.61
10393,2.7187,3.61
10394,2.7187,3.61
10395,2.7187,3.61
10396,2.7187,3.61
10397,2.7187,3.61
10398,2.7187,3.61
10399,2.7187,3.61
10400,2.7187,3.61
10401,2.7187,3.61
10402,2.7187,3.61
10403,2.7187,3.61
10404,2.7187,3.61
10405,2.7187,3.61
10406,2.7187,3.61
10407,2.7187,3.61
10408,2.7187,3.61
10409,2.7187,3.61
10410,2.7187,3.61
10411,2.7187,3.61
10412,2.7187,3.61
10413,2.7187,3.61
10414,2.7187,3.61
10415,2.7187,3.61
10416,2.7187,3.61
10417,2.7187,3.61
10418,2.7187,3.61
10419,2.7187,3.61
10420,2.7187,3.61
10421,2.7187,3.61
10422,2.7187,3.61
10423,2.7187,3.61
10424,2.7187,3.61
10425,2.7187,3.61
10426,2.7187,3.61
10427,2.7187,3.61
10428,2.7187,3.61
10429,2.7187,3.61
10430,2.7187,3.61
10431,2.7187,3.61
10432,2.7187,3.61
10433,2.7187,3.61
10434,2.7187,3.61
10435,2.7187,3.61
10436,2.7187,3.61
10437,2.7187,3.61
10438,2.7187,3.61
10439,2.7187,3.61
10440,2.7187,3.61
10441,2.7187,3.61
10442,2.7187,3.61
10443,2.7187,3.61
10444,2.7187,3.61
10445,2.7187,3.61
10446,2.7187,3.61
10447,2.7187,3.61
10448,2.7187,3.61
10449,2.7187,3.61
10450,2.7187,3.61
10451,2.7187,3.61
10452,2.7187,3.61
10453,2.7187,3.61
10454,2.7187,3.61
10455,2.7187,3.61
10456,2.7187,3.61
10457,2.7187,3.61
10458,2.7187,3.61
10459,2.7187,3.61
10460,2.7187,3.61
10461,2.7187,3.61
10462,2.7187,3.61
10463,2.7187,3.61
10464,2.7187,3.61
10465,2.7187,3.61
10466,2.7187,3.61
10467,2.7187,3.61
10468,2.7187,3.61
10469,2.7187,3.61
10470,2.7187,3.61
10471,2.7187,3.61
10472,2.7187,3.61
10473,2.7187,3.61
10474,2.7187,3.61
10475,2.7187,3.61
10476,2.7187,3.61
10477,2.7187,3.61
10478,2.7187,3.61
10479,2.7187,3.61
10480,2.7187,3.61
10481,2.7187,3.61
10482,2.7187,3.61
10483,2.7187,3.61
10484,2.7187,3.61
10485,2.7187,3.61
10486,2.7187,3.61
10487,2.7187,3.61
10488,2.7187,3.61
10489,2.7187,3.61
10490,2.7187,3.61
10491,2.7187,3.61
10492,2.7187,3.61
10493,2.7187,3.61
10494,2.7187,3.61
10495,2.7187,3.61
10496,2.7187,3.61
10497,2.7187,3.61
10498,2.7187,3.61
10499,2.7187,3.61
10500,2.7187,3.61
10501,2.7187,3.61
10502,2.7187,3.61
10503,2.7187,3.61
10504,2.7187,3.61
10505,2.7187,3.61
10506,2.7187,3.61
10507,2.7187,3.61
10508,2.7187,3.61
10509,2.7187,3.61
10510,2.7187,3.61
10511,2.7187,3.61
10512,2.7187,3.61
10513,2.7187,3.61
10514,2.7187,3.61
10515,2.7187,3.61
10516,2.7187,3.61
10517,2.7187,3.61
10518,2.7187,3.61
10519,2.7187,3.61
10520,2.7187,3.61
10521,2.7187,3.61
10522,2.7187,3.61
10523,2.7187,3.61
10524,2.7187,3.61
10525,2.7187,3.61
10526,2.7187,3.61
10527,2.7187,3.61
10528,2.7187,3.61
10529,2.7187,3.61
10530,2.7187,3.61
10531,2.7187,3.61
10532,2.7187,3.61
10533,2.7187,3.61
10534,2.7187,3.61
10535,2.7187,3.61
10536,2.7187,3.61
10537,2.7187,3.61
10538,2.7187,3.61
10539,2.7187,3.61
10540,2.7187,3.61
10541,2.7187,3.61
10542,2.7187,3.61
10543,2.7187,3.61
10544,2.7187,3.61
10545,2.7187,3.61
10546,2.7187,3.61
10547,2.7187,3.61
10548,2.7187,3.61
10549,2.7187,3.61
10550,2.7187,3.61
10551,2.7187,3.61
10552,2.7187,3.61
10553,2.7187,3.61
10554,2.7187,3.61
10555,2.7187,3.61
10556,2.7187,3.61
10557,2.7187,3.61
10558,2.7187,3.61
10559,2.7187,3.61
10560,2.7187,3.61
10561,2.7187,3.61
10562,2.7187,3.61
10563,2.7187,3.61
10564,2.7187,3.61
10565,2.7187,3.61
10566,2.7187,3.61
10567,2.7187,3.61
10568,2.7187,3.61
10569,2.7187,3.61
10570,2.7187,3.61
10571,2.7187,3.61
10572,2.7187,3.61
10573,2.7187,3.61
10574,2.7187,3.61
10575,2.7187,3.61
10576,2.7187,3.61
10577,2.7187,3.61
10578,2.7187,3.61
10579,2.7187,3.61
10580,2.7187,3.61
10581,2.7187,3.61
10582,2.7187,3.61
10583,2.7187,3.61
10584,2.7187,3.61
10585,2.7187,3.61
10586,2.7187,3.61
10587,2.7187,3.61
10588,2.7187,3.61
10589,2.7187,3.61
10590,2.7187,3.61
10591,2.7187,3.61
10592,2.7187,3.61
10593,2.7187,3.61
10594,2.7187,3.61
10595,2.7187,3.61
10596,2.7187,3.61
10597,2.7187,3.61
10598,2.7187,3.61
10599,2.7187,3.61
10600,2.7187,3.61
10601,2.7187,3.61
10602,2.7187,3.61
10603,2.7187,3.61
10604,2.7187,3.61
10605,2.7187,3.61
10606,2.7187,3.61
10607,2.7187,3.61
10608,2.7187,3.61
10609,2.7187,3.61
10610,2.7187,3.61
10611,2.7187,3.61
10612,2.7187,3.61
10613,2.7187,3.61
10614,2.7187,3.61
10615,2.7187,3.61
10616,2.7187,3.61
10617,2.7187,3.61
10618,2.7187,3.61
10619,2.7187,3.61
10620,2.7187,3.61
10621,2.7187,3.61
10622,2.7187,3.61
10623,2.7187,3.61
10624,2.7187,3.61
10625,2.7187,3.61
10626,2.7187,3.61
10627,2.7187,3.61
10628,2.7187,3.61
10629,2.7187,3.61
10630,2.7187,3.61
10631,2.7187,3.61
10632,2.7187,3.61
10633,2.7187,3.61
10634,2.7187,3.61
10635,2.7187,3.61
10636,2.7187,3.61
10637,2.7187,3.61
10638,2.7187,3.61
10639,2.7187,3.61
10640,2.7187,3.61
10641,2.7187,3.61
10642,2.7187,3.61
10643,2.7187,3.61
10644,2.7187,3.61
10645,2.7187,3.61
10646,2.7187,3.61
10647,2.7187,3.61
10648,2.7187,3.61
10649,2.7187,3.61
10650,2.7187,3.61
10651,2.7187,3.61
10652,2.7187,3.61
10653,2.7187,3.61
10654,2.7187,3.61
10655,2.7187,3.61
10656,2.7187,3.61
10657,2.7187,3.61
10658,2.7187,3.61
10659,2.7187,3.61
10660,2.7187,3.61
10661,2.7187,3.61
10662,2.7187,3.61
10663,2.7187,3.61
10664,2.7187,3.61
10665,2.7187,3.61
10666,2.7187,3.61
10667,2.7187,3.61
10668,2.7187,3.61
10669,2.7187,3.61
10670,2.7187,3.61
10671,2.7187,3.61
10672,2.7187,3.61
10673,2.7187,3.61
10674,2.7187,3.61
10675,2.7187,3.61
10676,2.7187,3.61
10677,2.7187,3.61
10678,2.7187,3.61
10679,2.7187,3.61
10680,2.7187,3.61
10681,2.7187,3.61
10682,2.7187,3.61
10683,2.7187,3.61
10684,2.7187,3.61
10685,2.7187,3.61
10686,2.7187,3.61
10687,2.7187,3.61
10688,2.7187,3.61
10689,2.7187,3.61
10690,2.7187,3.61
10691,2.7187,3.61
10692,2.7187,3.61
10693,2.7187,3.61
10694,2.7187,3.61
10695,2.7187,3.61
10696,2.7187,3.61
10697,2.7187,3.61
10698,2.7187,3.61
10699,2.7187,3.61
10700,2.7187,3.61
10701,2.7187,3.61
10702,2.7187,3.61
10703,2.7187,3.61
10704,2.7187,3.61
10705,2.7187,3.61
10706,2.7187,3.61
10707,2.7187,3.61
10708,2.7187,3.61
10709,2.7187,3.61
10710,2.7187,3.61
10711,2.7187,3.61
10712,2.7187,3.61
10713,2.7187,3.61
10714,2.7187,3.61
10715,2.7187,3.61
10716,2.7187,3.61
10717,2.7187,3.61
10718,2.7187,3.61
10719,2.7187,3.61
10720,2.7187,3.61
10721,2.7187,3.61
10722,2.7187,3.61
10723,2.7187,3.61
10724,2.7187,3.61
10725,2.7187,3.61
10726,2.7187,3.61
10727,2.7187,3.61
10728,2.7187,3.61
10729,2.7187,3.61
10730,2.7187,3.61
10731,2.7187,3.61
10732,2.7187,3.61
10733,2.7187,3.61
10734,2.7187,3.61
10735,2.7187,3.61
10736,2.7187,3.61
10737,2.7187,3.61
10738,2.7187,3.61
10739,2.7187,3.61
10740,2.7187,3.61
10741,2.7187,3.61
10742,2.7187,3.61
10743,2.7187,3.61
10744,2.7187,3.61
10745,2.7187,3.61
10746,2.7187,3.61
10747,2.7187,3.61
10748,2.7187,3.61
10749,2.7187,3.61
10750,2.7187,3.61
10751,2.7187,3.61
10752,2.7187,3.61
10753,2.7187,3.61
10754,2.7187,3.61
10755,2.7187,3.61
10756,2.7187,3.61
10757,2.7187,3.61
10758,2.7187,3.61
10759,2.7187,3.61
10760,2.7187,3.61
10761,2.7187,3.61
10762,2.7187,3.61
10763,2.7187,3.61
10764,2.7187,3.61
10765,2.7187,3.61
10766,2.7187,3.61
10767,2.7187,3.61
10768,2.7187,3.61
10769,2.7187,3.61
10770,2.7187,3.61
10771,2.7187,3.61
10772,2.7187,3.61
10773,2.7187,3.61
10774,2.7187,3.61
10775,2.7187,3.61
10776,2.7187,3.61
10777,2.7187,3.61
10778,2.7187,3.61
10779,2.7187,3.61
10780,2.7187,3.61
10781,2.7187,3.61
10782,2.7187,3.61
10783,2.7187,3.61
10784,2.7187,3.61
10785,2.7187,3.61
10786,2.7187,3.61
10787,2.7187,3.61
10788,2.7187,3.61
10789,2.7187,3.61
10790,2.7187,3.61
10791,2.7187,3.61
10792,2.7187,3.61
10793,2.7187,3.61
10794,2.7187,3.61
10795,2.7187,3.61
10796,2.7187,3.61
10797,2.7187,3.61
10798,2.7187,3.61
10799,2.7187,3.61
10800,2.7187,3.61
10801,2.7187,3.61
10802,2.7187,3.61
10803,2.7187,3.61
10804,2.7187,3.61
10805,2.7187,3.61
10806,2.7187,3.61
10807,2.7187,3.61
10808,2.7187,3.61
10809,2.7187,3.61
10810,2.7187,3.61
10811,2.7187,3.61
10812,2.7187,3.61
10813,2.7187,3.61
10814,2.7187,3.61
10815,2.7187,3.61
10816,2.7187,3.61
10817,2.7187,3.61
10818,2.7187,3.61
10819,2.7187,3.61
10820,2.7187,3.61
10821,2.7187,3.61
10822,2.7187,3.61
10823,2.7187,3.61
10824,2.7187,3.61
10825,2.7187,3.61
10826,2.7187,3.61
10827,2.7187,3.61
10828,2.7187,3.61
10829,2.7187,3.61
10830,2.7187,3.61
10831,2.7187,3.61
10832,2.7187,3.61
10833,2.7187,3.61
10834,2.7187,3.61
10835,2.7187,3.61
10836,2.7187,3.61
10837,2.7187,3.61
10838,2.7187,3.61
10839,2.7187,3.61
10840,2.7187,3.61
10841,2.7187,3.61
10842,2.7187,3.61
10843,2.7187,3.61
10844,2.7187,3.61
10845,2.7187,3.61
10846,2.7187,3.61
10847,2.7187,3.61
10848,2.7187,3.61
10849,2.7187,3.61
10850,2.7187,3.61
10851,2.7187,3.61
10852,2.7187,3.61
10853,2.7187,3.61
10854,2.7187,3.61
10855,2.7187,3.61
10856,2.7187,3.61
10857,2.7187,3.61
10858,2.7187,3.61
10859,2.7187,3.61
10860,2.7187,3.61
10861,2.7187,3.61
10862,2.7187,3.61
10863,2.7187,3.61
10864,2.7187,3.61
10865,2.7187,3.61
10866,2.7187,3.61
10867,2.7187,3.61
10868,2.7187,3.61
10869,2.7187,3.61
10870,2.7187,3.61
10871,2.7187,3.61
10872,2.7187,3.61
10873,2.7187,3.61
10874,2.7187,3.61
10875,2.7187,3.61
10876,2.7187,3.61
10877,2.7187,3.61
10878,2.7187,3.61
10879,2.7187,3.61
10880,2.7187,3.61
10881,2.7187,3.61
10882,2.7187,3.61
10883,2.7187,3.61
10884,2.7187,3.61
10885,2.7187,3.61
10886,2.7187,3.61
10887,2.7187,3.61
10888,2.7187,3.61
10889,2.7187,3.61
10890,2.7187,3.61
10891,2.7187,3.61
10892,2.7187,3.61
10893,2.7187,3.61
10894,2.7187,3.61
10895,2.7187,3.61
10896,2.7187,3.61
10897,2.7187,3.61
10898,2.7187,3.61
10899,2.7187,3.61
10900,2.7187,3.61
10901,2.7187,3.61
10902,2.7187,3.61
10903,2.7187,3.61
10904,2.7187,3.61
10905,2.7187,3.61
10906,2.7187,3.61
10907,2.7187,3.61
10908,2.7187,3.61
10909,2.7187,3.61
10910,2.7187,3.61
10911,2.7187,3.61
10912,2.7187,3.61
10913,2.7187,3.61
10914,2.7187,3.61
10915,2.7187,3.61
10916,2.7187,3.61
10917,2.7187,3.61
10918,2.7187,3.61
10919,2.7187,3.61
10920,2.7187,3.61
10921,2.7187,3.61
10922,2.7187,3.61
10923,2.7187,3.61
10924,2.7187,3.61
10925,2.7187,3.61
10926,2.7187,3.61
10927,2.7187,3.61
10928,2.7187,3.61
10929,2.7187,3.61
10930,2.7187,3.61
10931,2.7187,3.61
10932,2.7187,3.61
10933,2.7187,3.61
10934,2.7187,3.61
10935,2.7187,3.61
10936,2.7187,3.61
10937,2.7187,3.61
10938,2.7187,3.61
10939,2.7187,3.61
10940,2.7187,3.61
10941,2.7187,3.61
10942,2.7187,3.61
10943,2.7187,3.61
10944,2.7187,3.61
10945,2.7187,3.61
10946,2.7187,3.61
10947,2.7187,3.61
10948,2.7187,3.61
10949,2.7187,3.61
10950,2.7187,3.61
10951,2.7187,3.61
10952,2.7187,3.61
10953,2.7187,3.61
10954,2.7187,3.61
10955,2.7187,3.61
10956,2.7187,3.61
10957,2.7187,3.61
10958,2.7187,3.61
10959,2.7187,3.61
10960,2.7187,3.61
10961,2.7187,3.61
10962,2.7187,3.61
10963,2.7187,3.61
10964,2.7187,3.61
10965,2.7187,3.61
10966,2.7187,3.61
10967,2.7187,3.61
10968,2.7187,3.61
10969,2.7187,3.61
10970,2.7187,3.61
10971,2.7187,3.61
10972,2.7187,3.61
10973,2.7187,3.61
10974,2.7187,3.61
10975,2.7187,3.61
10976,2.7187,3.61
10977,2.7187,3.61
10978,2.7187,3.61
10979,2.7187,3.61
10980,2.7187,3.61
10981,2.7187,3.61
10982,2.7187,3.61
10983,2.7187,3.61
10984,2.7187,3.61
10985,2.7187,3.61
10986,2.7187,3.61
10987,2.7187,3.61
10988,2.7187,3.61
10989,2.7187,3.61
10990,2.7187,3.61
10991,2.7187,3.61
10992,2.7187,3.61
10993,2.7187,3.61
10994,2.7187,3.61
10995,2.7187,3.61
10996,2.7187,3.61
10997,2.7187,3.61
10998,2.7187,3.61
10999,2.7187,3.61
11000,2.7187,3.61
11001,2.7187,3.61
11002,2.7187,3.61
11003,2.7187,3.61
11004,2.7187,3.61
11005,2.7187,3.61
11006,2.7187,3.61
11007,2.7187,3.61
11008,2.7187,3.61
11009,2.7187,3.61
11010,2.7187,3.61
11011,2.7187,3.61
11012,2.7187,3.61
11013,2.7187,3.61
11014,2.7187,3.61
11015,2.7187,3.61
11016,2.7187,3.61
11017,2.7187,3.61
11018,2.7187,3.61
11019,2.7187,3.61
11020,2.7187,3.61
11021,2.7187,3.61
11022,2.7187,3.61
11023,2.7187,3.61
11024,2.7187,3.61
11025,2.7187,3.61
11026,2.7187,3.61
11027,2.7187,3.61
11028,2.7187,3.61
11029,2.7187,3.61
11030,2.7187,3.61
11031,2.7187,3.61
11032,2.7187,3.61
11033,2.7187,3.61
11034,2.7187,3.61
11035,2.7187,3.61
11036,2.7187,3.61
11037,2.7187,3.61
11038,2.7187,3.61
11039,2.7187,3.61
11040,2.7187,3.61
11041,2.7187,3.61
11042,2.7187,3.61
11043,2.7187,3.61
11044,2.7187,3.61
11045,2.7187,3.61
11046,2.7187,3.61
11047,2.7187,3.61
11048,2.7187,3.61
11049,2.7187,3.61
11050,2.7187,3.61
11051,2.7187,3.61
11052,2.7187,3.61
11053,2.7187,3.61
11054,2.7187,3.61
11055,2.7187,3.61
11056,2.7187,3.61
11057,2.7187,3.61
11058,2.7187,3.61
11059,2.7187,3.61
11060,2.7187,3.61
11061,2.7187,3.61
11062,2.7187,3.61
11063,2.7187,3.61
11064,2.7187,3.61
11065,2.7187,3.61
11066,2.7187,3.61
11067,2.7187,3.61
11068,2.7187,3.61
11069,2.7187,3.61
11070,2.7187,3.61
11071,2.7187,3.61
11072,2.7187,3.61
11073,2.7187,3.61
11074,2.7187,3.61
11075,2.7187,3.61
11076,2.7187,3.61
11077,2.7187,3.61
11078,2.7187,3.61
11079,2.7187,3.61
11080,2.7187,3.61
11081,2.7187,3.61
11082,2.7187,3.61
11083,2.7187,3.61
11084,2.7187,3.61
11085,2.7187,3.61
11086,2.7187,3.61
11087,2.7187,3.61
11088,2.7187,3.61
11089,2.7187,3.61
11090,2.7187,3.61
11091,2.7187,3.61
11092,2.7187,3.61
11093,2.7187,3.61
11094,2.7187,3.61
11095,2.7187,3.61
11096,2.7187,3.61
11097,2.7187,3.61
11098,2.7187,3.61
11099,2.7187,3.61
11100,2.7187,3.61
11101,2.7187,3.61
11102,2.7187,3.61
11103,2.7187,3.61
11104,2.7187,3.61
11105,2.7187,3.61
11106,2.7187,3.61
11107,2.7187,3.61
11108,2.7187,3.61
11109,2.7187,3.61
11110,2.7187,3.61
11111,2.7187,3.61
11112,2.7187,3.61
11113,2.7187,3.61
11114,2.7187,3.61
11115,2.7187,3.61
11116,2.7187,3.61
11117,2.7187,3.61
11118,2.7187,3.61
11119,2.7187,3.61
11120,2.7187,3.61
11121,2.7187,3.61
11122,2.7187,3.61
11123,2.7187,3.61
11124,2.7187,3.61
11125,2.7187,3.61
11126,2.7187,3.61
11127,2.7187,3.61
11128,2.7187,3.61
11129,2.7187,3.61
11130,2.7187,3.61
11131,2.7187,3.61
11132,2.7187,3.61
11133,2.7187,3.61
11134,2.7187,3.61
11135,2.7187,3.61
11136,2.7187,3.61
11137,2.7187,3.61
11138,2.7187,3.61
11139,2.7187,3.61
11140,2.7187,3.61
11141,2.7187,3.61
11142,2.7187,3.61
11143,2.7187,3.61
11144,2.7187,3.61
11145,2.7187,3.61
11146,2.7187,3.61
11147,2.7187,3.61
11148,2.7187,3.61
11149,2.7187,3.61
11150,2.7187,3.61
11151,2.7187,3.61
11152,2.7187,3.61
11153,2.7187,3.61
11154,2.7187,3.61
11155,2.7187,3.61
11156,2.7187,3.61
11157,2.7187,3.61
11158,2.7187,3.61
11159,2.7187,3.61
11160,2.7187,3.61
11161,2.7187,3.61
11162,2.7187,3.61
11163,2.7187,3.61
11164,2.7187,3.61
11165,2.7187,3.61
11166,2.7187,3.61
11167,2.7187,3.61
11168,2.7187,3.61
11169,2.7187,3.61
11170,2.7187,3.61
11171,2.7187,3.61
11172,2.7187,3.61
11173,2.7187,3.61
11174,2.7187,3.61
11175,2.7187,3.61
11176,2.7187,3.61
11177,2.7187,3.61
11178,2.7187,3.61
11179,2.7187,3.61
11180,2.7187,3.61
11181,2.7187,3.61
11182,2.7187,3.61
11183,2.7187,3.61
11184,2.7187,3.61
11185,2.7187,3.61
11186,2.7187,3.61
11187,2.7187,3.61
11188,2.7187,3.61
11189,2.7187,3.61
11190,2.7187,3.61
11191,2.7187,3.61
11192,2.7187,3.61
11193,2.7187,3.61
11194,2.7187,3.61
11195,2.7187,3.61
11196,2.7187,3.61
11197,2.7187,3.61
11198,2.7187,3.61
11199,2.7187,3.61
11200,2.7187,3.61
11201,2.7187,3.61
11202,2.7187,3.61
11203,2.7187,3.61
11204,2.7187,3.61
11205,2.7187,3.61
11206,2.7187,3.61
11207,2.7187,3.61
11208,2.7187,3.61
11209,2.7187,3.61
11210,2.7187,3.61
11211,2.7187,3.61
11212,2.7187,3.61
11213,2.7187,3.61
11214,2.7187,3.61
11215,2.7187,3.61
11216,2.7187,3.61
11217,2.7187,3.61
11218,2.7187,3.61
11219,2.7187,3.61
11220,2.7187,3.61
11221,2.7187,3.61
11222,2.7187,3.61
11223,2.7187,3.61
11224,2.7187,3.61
11225,2.7187,3.61
11226,2.7187,3.61
11227,2.7187,3.61
11228,2.7187,3.61
11229,2.7187,3.61
11230,2.7187,3.61
11231,2.7187,3.61
11232,2.7187,3.61
11233,2.7187,3.61
11234,2.7187,3.61
11235,2.7187,3.61
11236,2.7187,3.61
11237,2.7187,3.61
11238,2.7187,3.61
11239,2.7187,3.61
11240,2.7187,3.61
11241,2.7187,3.61
11242,2.7187,3.61
11243,2.7187,3.61
11244,2.7187,3.61
11245,2.7187,3.61
11246,2.7187,3.61
11247,2.7187,3.61
11248,2.7187,3.61
11249,2.7187,3.61
11250,2.7187,3.61
