"episode_id","title_es","text"
"e01","Florencia una niña Rapa Nui","Pichintún, pichintún, qué bonito pichintún. En el bosque y en el mar, en la pampa y el salar. En los cerros y en las islas, van los niños a jugar. Pichintún, pichintún, qué bonito pichintún. Florencia, una niña Rapanui. Iorana korua, soy Florencia Araki, vivo en Isla del Pascua. La Isla es bonita. El cielo es celeste y las nubes son blancas. Mi papá trabaja en el UTA en la parcela de mi familia. A mí me gusta ayudarlo. Plantamos frutas y verduras. Cuando hace mucho viento, hacemos hoyitos para plantar las semillas. Después le ponemos agüita. Las plantas se afirman en los palitos que pusimos. Y comienzan a crecer y a crecer. Después cosechamos perejíl, tomate, palta, plátanos y muchas cosas más. Y tenemos algunos animales. Chanchos, vacas y caballos. Me gusta montar el ilo hoi a apelo. A mí lo que más me gusta hacer es bucear, me pongo snorkel. Y llevamos un arpón por si aparece un tiburón. Los pescados que más hay en la isla son el pici, el amo espada, el maito y el titeve. Cuando se asusta, se infla como un globo y hay muchos atunes. en hipe hay una piscina de forma de tortuga. Siempre llegan muchas tortugas, algunas gigantes con lindas caparazones con sus hijos. Hay verdes, azules y café. Mi lugar favorito en la isla es Anakena. Cada vez que una persona importante fallecía, se hacía un moai. Del volcán Rano Raraku sacaban las piedras para hacer los moais. Los moais son muy grandes y pesados. Parece que los movían con cuerdas y palos de plátanos. Lo agarraban al moai y luego los paraban en el ahu. Hay muchos ahus por toda la isla. La tapati es una fiesta muy importante y la hacemos en febrero y viene personas de todas partes del mundo. A mí lo que más me gusta es la competencia de baile. Y bailamos tamuré con trajes hechos de plumas o de conchitas que se llaman Pitis. También usamos coronas hechas de flores y otras cosas más. Y elegimos al rey y a la reina de la isla. Pero en mi casa la reina soy yo."
"e02","Isaac un niño Aymara","Pichintún, pichintún, qué bonito pichintún. En el bosque y en el mar, en la pampa y el salar. En los cerros y en las islas, van los niños a jugar. Pichintún, pichintún, qué bonito pichintún. Hola, soy Isaac y vivo en Colchane. Isaac, un niño aymara. Colchane está en el altiplano en la cordillera de los Andes. El paisaje es muy bonito. Hay volcanes, ríos y geysers. En el verano llueve y en el invierno hace tanto frío que a veces cae nieve. Hace mucho frío. En mi casa vivo con mi papá y mis hermanos. Vivimos tan cerca de la frontera que a veces podemos ir a comprar en bicicleta. Mi abuelo Faustino vive en Enquelgá. En una casa de adobe cerca de la montaña. Es pastor y cría llamos y alpacas. Aquí casi toda la gente tiene llamos. Los llamos nos dan casi todo para vivir. Carne, cuero y lana. Los llamos hacen así. El floreo es algo que hacemos en el año nuevo, Aymara. Colocamos pompones de lana a los llamos para saber de quién son. Cuando mi abuelo va a pasear se lleva a mi perro Toby. A mí me gusta acompañarlo. Pero hay que levantarse muy temprano. Y me da mucho sueño. Ese es mi perro Toby. Es chistoso. Los llamos son muy chistosos. A veces se persiguen la cola. Y dan saltos. Y juegan como si fueran amigos. A veces vamos con mi abuelo a su chacra a sembrar. Aquí sembramos quinoa y papas. Es casi lo único que crece. Al atardecer tenemos que llevar a los llamos a su corral. Para que no se los coman los zorros. Con mi abuelo también salimos a pescar. Cerca de Calchuri hay una vertiente grande con harta agua. Tenemos una técnica súper buena. Hacemos una poza con piedras. Y nos atrapamos con un balde. Así es más fácil agarrarlos. Aquí pescamos sutri y truchas. Las lat list yat o aguayos son el tejido más tradicional. Cuando era guagua mi mamá me cargaba en una yi ya o aguaya. Tambien las usamos para cargar comida. Cuando hay carnaval yo me coloco el sombrero que me trajo mi abuelo de Bolivia. Nos vestimos con trajes muy finos. Bailamos sicuri. Y nos tiramos chaya. Los aimaras creemos que la pachamama nuestra madre tierra es sagrada. La cuidamos mucho mucho. Y le agradecemos de todo corazón todo lo que nos dá."
"e03","Natalia una niña mapuche","Pichintún, pichintún, qué bonito pichintún. En el bosque y en el mar, en la pampa y el salar. En los cerros y en las islas, van los niños a jugar. Pichintún, pichintún, qué bonito pichintún. Natalia, una niña mapuche. Mari, Mari, soy Natalia. Así saludamos los mapuches. Hablamos mapudungún. Vivimos en la comunidad de Mahuidache, un lof cerca de Temuco. Aquí llueve mucho mucho en invierno. Y se puede jugar más porque hay árboles, hay pájaros. Es muy lindo. Y hay más patio. Le ayudo mi papá a ordeñar las vacas todas las mañanas. También le cogemos los huevos que ponen las gallinas. Hay que hacerlo muy temprano. Aquí está mi taza. Me la regaló mi ñaña, mi abuelita. Mi abuelita es machi. Una machi es una persona que cura a la personas. Sabe de hierbas, cura los enfermos, dirige las ceremonias. Y es muy, muy importante para la comunidad. Me gusta mucho la harina tostada. Y es más rica cuando es con leche. Me encanta. Hoy será un gran día. En las ceremonias me visto muy bonita. Uso trarilonko, aros de plata que se llaman shaway, quilla, que es una capa abrigadita. Es calentita. Trapelakucha y trarihue. Hoy hay nguillatún. A mí me gusta el nguillatún porque comparto con la gente. Y también celebro el We tripantu que es la nueva salida del sol. Nuestro año nuevo. Comemos también muchas cosas ricas con el micherén o catuto, mote con juguito, porotos y el muday. Me gusta tomar muday y nos gusta mucho conversar. En el nguillatún todos participamos. Tañicucú, mi abuela, toca el kultrún. Ella dirige la ceremonia. Mi papá toca trutruka y pifilka. A mí me gustaría aprender a tocar el trompe. Toin, toin, toin, toin, toin, toin. Suena muy bonito. En esta ceremonia pedimos para tener buen tiempo. Buenas cosechas. Y agradecemos a newechen por la salud y la vida."
"e04","Mana un niño Rapa Nui","Pichintún, pichintún, qué bonito pichintún. En el bosque y en el mar, en la pampa y el salar. En los cerros y en las islas, van los niños a jugar. Pichintún, pichintún, qué bonito pichintún. Vivimos en una isla al medio del océano Pacífico. Iorana, mis amigos me dicen Mana y soy un niño Rapanui. Vivo en Hanga Roa, en Te pito o te henua, también conocida como Isla de Pascua. Mi isla está llenas de colores, árboles muy verdes, hay muchos tipos de flores y frutas y la tierra es roja. La isla es tibia, a veces corre mucho viento. Puedes andar con polera aunque esté lloviendo. Una de las tradiciones más antiguas de la isla es el curanto. Hacemos un hoyo en la tierra, lo llenamos con piedras para que se caliente abajo. Después una bandeja grande, la comida, carne, pollo y atún. En Isla de Pascua, en el mar hay muchos tipos de peces. Mi pescado favorito es el Manuhe, gris, grandote y guatón. El Titeve es un pez globo que se infla cuando se asusta. Pero no podemos comer porque algunos son venenosos. La Tapatí es la fiesta más importante de Rapanui. Yo bailo tamburé. Mi tío pinta mi cuerpo con kihea, pinturas blancas, rojas y negras. Me pintan al make make, el dios de los Rapanui. Y mantao, los mismos dibujos que tallaban nuestros ancestros en piedra. A los Rapanui nos encanta la música. Cuando estamos todos juntos, mi papá toca la guitarra. Mi mamá canta. Uno de mis hermanos toca la batería. Y el otro toca el ukelele. A mí me gusta mucho cantar. Una de las cosas que más me gusta es jugar a la pelota. Pero lo que más me gusta es remar en Vaka hame. Así le decimos aquí a las canoas. Para la tapatí las carreras van desde Hanga piko hasta Anakena. Uno de los lugares más bonitos de la isla es Anakena. Justo antes de llegar a la playa hay un gran Amú. Los amú son lugares sagrados donde mis ancestros levantaban los moais. Nos recuerdan a nuestros ancestros fallecidos. En el Tapatí para el próximo día hacen carreras de Hanapico hasta Anakena."
"e05","Joel un niño huilliche","Pichintún, pichintún, qué bonito pichintún. En el bosque y en el mar, en la pampa y el salar. En los cerros y en las islas, van los niños a jugar. Pichintún, pichintún, qué bonito pichintún. Hola, soy Joel Quinán, un niño Huilliche de Molulco. Joel, un niño huilliche. Molulco está en la isla grande de Chiloé. Aquí está lleno de lagos y bosques. Vivo cerca de mi escuela con mi papá, mi mamá, mi hermanito y mi tata Juan. Mi tata, antes de dormir siempre me cuenta historias chilotas. Algunas dan mucho susto. Como el Caléuche, que es un barco fantasma que aparece entre la niebla al amanecer. Esta es mi escuela, la artística rural de Molulco. Es artística porque nos gusta cantar. En el recreo me gusta jugar a la tiña y al congelado con mis amigos. Y también hay muchos animales. Algunos salvajes como el gato colo, el zorro chilote. Y el niño Pudú, que es como un ciervo pero más chico. Estamos rodeados de mar. Mi lugar favorito es el estero de Molulco. Aquí hay muchas estrellas de mar. Hola. A veces ayudo a mariscar a mi mamá. Sacamos almejas, choritos y luche. ¡Auch! Jajaja. Nuestra costumbre más rica es el curanto. Lo preparamos afuera en un hoyo grande. Y lo cubrimos con muchas piedras calientes. El curanto lleva pescado, carne, papas, mariscos, milcao y chapalele. Todos ayudamos un poco. Y es muy entretenido. Nosotros los huilliches en la noche más larga del año celebramos el we tripantu, que es la nueva salida del sol. Es cuando comienza el invierno. Aquí vive nuestro lonko. Nuestro líder. Todos por aquí lo escuchamos con mucho respeto. El lonko intenta siempre que nos ayudemos. Una tradición de donde vivimos es la minga. Es cuando cambiamos de lugar la casa de algún vecino. O nos ayudamos a cortar la leña o cosechar papas. Todos nos apoyamos. Después de terminar nos juntamos a compartir una rica y deliciosa comida. Pero no me dejan salir hasta muy tarde, porque según las leyendas que me cuenta mi abuelo las isla de Chiloé está llena de extraños y peligrosos seres."
"e06","Kristel una niña Aymara","Pichintún, pichintún, qué bonito pichintún. En el bosque y en el mar, en la pampa y el salar. En los cerros y en las islas, van los niños a jugar. Pichintún, pichintún, qué bonito pichintún. Maya, paya, kimsa, pusi. Hola, estoy aprendiendo a contar en mi lengua, el aymará. Me llamo Kristel y vivo en el pueblo de Pachica. Kristel, una niña aymará. Pachica está en una quebrada en medio del desierto. El agua del río Tarapacá es muy importante para nosotros. Podemos tomarla y regar nuestros cultivos. Como el maíz, el cebollín espinacas y perejil. Mi mamá es la persona que más me gusta en el mundo. Ella trabaja plantando ricas verduras. Y cuando alguien necesita algunas para cocinar, va a nuestra chacra a comprarlas. En la chacra de mi familia tenemos corderos, gallinas y cuyis, que son ratones con una colita chiquitita. Mis animales favoritos son el conejo y el llamo. Me encanta hacerles cariño. Los llamos son muy inteligentes. Cuando salen a pasear, vuelven solos después de comer un rato. Mi juego favorito es atrapar al cuyi. Ponemos una caja y lo persigo por todo el corral. A veces, hacemos competencias con mis amigos. ¡Te pillé! Esta es mi casa. Acá vivo con mi mamá, mi papá y mis tres hermanos. A mi mamá le gusta mucho tejer. Y teje con un telar. Teje lindas fajas, anakos abrigaditos y awuayos de todos los colores. Mi mamá usa lana de cordero, de llamas o de alpaca. La más suavecita de todas. Pintamos la lana con colorantes naturales, que sacamos de la tierra y de las plantas. Me gusta cuando mi mamá me cocina la kalapurka. Este plato es muy rico. Tiene maiz pelado, carne, cebolla, cilantro, ajo, pimienta, ají y papas. Tiene muchos ingredientes. Quiero aprender a prepararla. En invierno, cada 21 de junio, los aymaras celebramos nuestro año nuevo. Subimos hasta la punta del cerro. Y esperamos la llegada del primer rayo del sol. Los aymaras siempre agradecemos a la Madre Tierra por todas las bendiciones que nos dan. Hola, yo soy Kristel y este es mi traje. Esto se llama aksu. Yo, mi abuela y mi mamá lo tejimos para bailar en el carnaval de Sicuri."
"e07","Camilo un niño ciego","Pichintún, pichintún, qué bonito pichintún. En el bosque y en el mar, en la pampa y el salar. En los cerros y en las islas, van los niños a jugar. Pichintún, pichintún, qué bonito pichintún. Hola, yo soy Camilo y tengo siete años. Vivo con mi papá, le digo chino, porque tiene los ojos muy así, así muy estirados, muy chinitos, de tanto lento que usa. Mi mamá huele tan rico a flores, a dulces, a medialunas y a queques. Yo le digo bonita. Vivo con mi hermana y juntos hacemos muchos experimentos. Tengo dos tortugas, se llaman Maxi y Martina, son tortugas de agua. Tengo dos perros, Rafa y Doby. El Rafa es súper loco, se roba pantuflas, los juguetes y hasta la mesa. Y el Rafa come mucha caca. Mi mamita también la pone nerviosa el Rafa. A veces la bota, mi abuela me cuida todas las tardes, jugamos juntos y comemos manzana con sal. Me gusta mucho ir al colegio. Hay muchos juegos y amigos. Tengo cuatro compañeras, Anaís, Martina, Fernanda, Ayleen y yo, el único hombre del curso. Y nosotros aprendemos a leer en braile. Y mi profe Blanca es la mejor profesora. Con cada dedo leemos libros, cuentos y mi cuento favorito, Mac el microbio desconocido, es muy valiente como yo. Hola. El goalball es un deporte que consiste en atrapar la pelota y la pelota tiene muchos sonidos. Me gané una medalla del año pasado en goalball. Me gusta andar en bicicleta. Tengo una sensación de que salto al agua y me lleva el viento. En mi pieza hay juguetes, muchos instrumentos, una caja fuerte, mi cajita secreta solo yo la puedo abrir. En mi caja hay muchos secretos. Tengo muchos instrumentos. Mi favorito es el güiro, acordeón, batería y muchos instrumentos más. Para hacer un instrumento en casa, se necesita algún que otro tarro. Se le echa arroz, monedas, unas pelotas, lo que quieran. Luego lo cierran y lo tapan con el scotch. Y listo, ya queda como un instrumento. Me encanta ir a la feria. Hay mucha bulla, hay diferentes texturas y diferentes tipos de olores. A veces ayudo a vender. ¡Vendo, vendo, vendo la verdurita! Lo que más me gusta es el día viernes. Hoy es viernes y mi cuerpo lo sabe. Hacemos cosas entretenidas, bailamos y me encantan los juegos que hacemos en el día viernes. Un día cayó una fuerte tormenta y se cortó la luz. Todos estaban asustados, menos yo. Estaba más feliz que nunca, fue el mejor viernes de mi vida. Hola, yo soy Camilo y le quiero informar algo a todos los niños. Quiero que sean curiosos porque es increíble."
"e08","Eva una niña Lickanantai","Pichintún, pichintún, qué bonito pichintún. En el bosque y en el mar, en la pampa y el salar. En los cerros y en las islas, van los niños a jugar. Pichintún, pichintún, qué bonito pichintún. Hola, soy Eva y soy Lickanantai. Vivo en Toconao, al norte de Chile, muy cerca de San Pedro de Atacama. Acá vivo con mi mamá, mi papá y mi hermano, el Seba. A él le gustan los dinosaurios y las cosas raras. Es un poco loco. Y también tengo un gato que se llama Cacao. Mi mamá le puso así y siempre muerde los pies y rompe los calcetines. Lo que más me gusta de vivir en Toconao es que hay aire puro, es muy tranquilo y silencioso. Acá no es como la ciudad, no tenemos semáforos porque hay muy pocos autos. Acá en Toconao está el valle de Jere. Es un lugar muy lindo. Hay un río, pozas, huertos, y árboles. Me gusta porque mis abuelos también iban a ese lugar. En el verano nos bañamos en un estanque que está entre medio de un bosque. Le decimos la piscina. Es muy entretenido. Esa agua también sirve para regar las huertas. Acá planta los membrillo, higos y granada. La granada es roja y tiene muchas pepas y es súper dulce. Acá en Toconao hay varios volcanes como el Licancabur, el San Pedro y San Pablo, el Quimal, el Juriques y el Lascar. En el faldeo de Lascar está Talabre Viejo. Ahí hay muchas hierbas preciosas. Con mi mamá y mi abuelita vamos a recogerlas. Huelen muy rico. Primero las elegimos, las cortamos con tijeras, las limpiamos, y después las sacamos colgadas por varios días. Hay muchas y diferentes. Sacamos Airampo, que sirve para la fiebre. La rica rica es muy rica. Y la tolilla que antes se usaba para ayudar a reparar los huesos quebrados. Con ella se hacen muchos tecitos. Mi mamá nos da cuando estamos enfermos y siempre nos mejoramos. Pero también están los yatires, gente que cura a las personas enfermas con medicinas ancestrales. También me gusta ayudarla a mi abuelita a teñir lana. Primero, ella le saca la lana a las ovejas, que está fea y blanquita. Las pone en un recipiente, pone la lana y se tiñe. Y mi abuelita las tiñe con tinturas naturales, como betarraga o con airampo. Este le da un color rosadito a la lana. Queda muy bonita. Mi comida favorita es la patasca. He cocinado con mi abuelita. Y lleva maíz, carne, papas. Es muy rica. Nosotros, los Lickanantai, tenemos muchas tradiciones, como el pago a la tierra. Ahí se le agradece a la Patahoiri, que significa madre tierra. Se le agradece el agua, los frutos, todo lo que ella nos entrega. Se mira siempre a la cordillera y se entregan las ofrendas. Ponemos un cántaro con chacha. Se quema y sale un olor muy rico. También hacemos floreamientos. Una ceremonia para ponerle la lana a las ovejas. Se le ponen pompones azules o rosados en las ovejas. Así se diferencian machos de hembras. Ese día bailamos Chururito, una canción típica. Chururito, chururito, como se mata el lorito. Como se mata el lorito mas churo que un huayrurito. Me gusta ser Lickanantai porque puedes recolectar hierbas, saber muchas cosas y seguir las tradiciones de mi familia. Hola, soy Eva. Vengan a Toconao. Les voy a enseñar las rutas de hierbas y tradiciones y costumbres. Chao. Pichintún, pichintún. Va pasando por ahí. Águila. Qué bonito pichintún."
"e09","Benjamín un niño de tierra del fuego","Pichintún, pichintún, qué bonito pichintún. En el bosque y en el mar, en la pampa y el salar. En los cerros y en las islas, van los niños a jugar. Pichintún, pichintún, qué bonito pichintún. Hola, me llamo Benjamín y soy un niño magallánico. Eso significa que vivo en la tierra del fuego, en el extremo sur de Chile. Se llama tierra del fuego porque antiguamente vivía un pueblo originario que se llamaban los onas o selknam. Ellos hacían fogatas que se veían desde los barcos, entonces siempre se veía fuego. En tierra del fuego casi siempre hace frío y corre mucho viento. En invierno cae escarcha y nieve. Para abrigarme tengo mi poncho y mi boina, que calienta harto la cabeza. Y también para andar a caballo las pierneras que son peluditas y calentitas. En la primavera empiezan a llegar aves diferentes. La loica que es como chiquitita y tiene el pecho rojo. El caiquen que es de color blanco, el macho y negra la hembra. Y la bandurria tiene el pico muy largo. Vivimos con mi papá, mi mamá y mi hermanita Sami en la estancia María Eugenia al lado de la ruta. Y mi hermana tiene un gato que le gusta pasear mucho. Siempre va y vuelve. Se llama Temáukel, igual que el dios de los Selknam. A veces conocemos a muchos turistas de varias partes del mundo, ingleses, austriacos, brasileros, colombianos. En tierra del fuego el cielo se ve azul con nubecitas bien blancas. En las tardes se ven rosadas moradas de todos colores como un arcoíris. Y en la noche a veces vemos muchas estrellas y cometas. El otro día estábamos mirando el cielo y vimos uno que explotó como un fuego artificial. El viento es muy importante para nosotros. Tenemos un molino, lo usamos para generar luz. Así podemos tener luz y cargar cosas y mirar tele. Mi papá trabaja en la estancia, es el administrador. Se encarga de los animales, de los caballos, de las ovejas. A mí me gusta mucho ayudar. Les damos comida, los limpiamos. Y tenemos muchos perros que son guardianes de las ovejas. Son cazadores de zorros y nos ayudan con el trabajo. Lo que más me gusta hacer es rodear y andar a caballo, aprendí como a los cuatro años. Salimos con mi papá y los perros. Mi escuela está muy lejos de mi casa, en Cerro Sombrero. Se llama Cerro Sombrero porque está arriba del cerro que parece sombrero. Siempre hacemos cosas entretenidas con mi familia. Vamos a acampar, de paseo y vamos cerca del faro Espíritu Santo a cazar centollas, son rojas con caparazón y tienen cosas puntiagudas, parecen arañas gigantes con muchas patas. Después de invierno hacemos la esquirla de ovejas. Después un esquirlador con una máquina que parece para cortar pelo. Le sacan la lana, después las juntan y se las llevan. Se prensan los fardos y se venden. Después las ovejas quedan super peladitas. Les crece la lana de nuevo como en un año. Me gusta mucho vivir acá por la tranquilidad. Porque puedo jugar mucho y no me tengo que levantar muy temprano. Hola, soy Benjamin y vivo en Tierra del Fuego. Quiero decirles que cuiden el entorno donde viven. También que sean tolerantes y acepten lo diferente."
"e10","Nahuel un niño cuasimodista","Pichintún, pichintún, qué bonito pichintún. En el bosque y en el mar, en la pampa y el salar. En los cerros y en las islas, van los niños a jugar. Pichintún, pichintún, qué bonito pichintún. Hola, yo soy Nahuel, vivo en el Monte. Me gusta vivir aquí. Hay árboles, campo, hay río. En el verano, me baño en el río. Me tiro cuartazo. A veces con mi papi sacamos piriguines, ponemos una malla y los agarramos. Y después lo traemos con una botella con agua. Este es Bully, mi perro. Juega conmigo, me bota con los pies, me languetea, le hago la varilla, le hago para allá. Vivo con mi tata Juan y mi abuela. Mi tata planta zanahorias, cebolla, papas. Y sacamos papas. Las sacamos con picota. Yo abro el saco y él agarra la manilla y se la echa. Mi abuela Teresa, teje mucho con los palitos. Teje calceta, pantufla, chaleco, pantalones. Cocina muy rico las pantrucas. Las pantrucas son unos cuadraditos de masa. Tiene carne, papa, caldito. Lo que más me gusta hacer es andar en caballo. Yo aprendí a los dos años, me gusta porque es divertido. Tengo tres caballos, flor, luna, fonda. La flor es café claro y mancha blanca. A los caballos hay que enseñarles. Así quedan tranquilitos y no botan a la gente. A los caballos hay que cuidarlos mucho. Mi tata le hizo un cepillo, con eso lo cepillamos. Hay que darle agüita, fardos, arenilla, avena. Eso no más. Me gusta galopiar con mi tata. Vamos al cerro Rosario. Allá hacemos un asado. Lo pasamos bien. Subimos al cerro y vamos a ver los pajaritos. Acá en el monte celebramos cuasimodo. Es una fiesta. La gente anda en caballo y acompañamos al curita. Vamos a ver a los enfermos. Nos vestimos de guaso. Botas, espuelas, pantalón, polainas, camisa y manta. Con un pañuelo blanco en la cabeza. El mío me lo compró mi abuela. Tiene una cruz igual al de mi tata. Van en caballo, van en bicicleta y a pie. Los caballos también se visten de Cuasimodo. Les ponemos una capa. Amarillo, azul, rojo. Les ponemos cascabeles y campanas. Se ve muy bonito. Unas veces gritamos así, ¡Que viva el Cristo Rey! ¡que viva! Todo gritamos. La fiesta es muy bonita. Y viene mucha gente. Yo soy Nahuel. Vivo con mi abuelo y mi abuela. Soy cuasimodista. Y cuando sea más grande quiero ser carabinero."
"e11","Luisa María una niña migrante","Pichintún, pichintún, qué bonito pichintún. En el bosque y en el mar, en la pampa y el salar. En los cerros y en las islas, van los niños a jugar. Pichintún, pichintún, qué bonito pichintún. Me llamo Luisa María, nací en Bogotá, Colombia y llegué a Chile hace como tres años. Colombia es un país muy bonito y muy grande. En Colombia no hay estaciones marcadas como acá. Hay ciudades donde hace calor y otras donde hace mucho frío. En Bogotá, por ejemplo, en un solo día amanece, hace frío. Luego mucho calor, luego empieza el viento y viene la lluvia. Todo esto en un solo día, es raro. En las vacaciones íbamos a la piscina o a la playa. El mar allá es calentito. Mi mamá se llama Flor Alba y mi papá Manuel y tengo una hermana menor que se llama Manuela. Jugamos, le cuento cuentos y pasamos mucho tiempo juntas. A Manuela le encanta correr y trepar, es muy traviesa. Decidimos venirnos a Chile porque a mi mamá le ofrecieron trabajar acá. Yo no estaba tan de acuerdo al principio, pero después me gustó la idea, conocer un nuevo país. Yo nunca había salido de Colombia. El viaje era una experiencia distinta, una aventura. Estaba muy nerviosa. En el avión me preguntaba, ¿voy a tener amigos allá? ¿Cómo será mi colegio? Cuando llegamos a Santiago, todo me llamó la atención. El taxi, la comida, la ciudad. Nos pareció que la ciudad era ordenada en comparación con Bogotá. Pero la forma de hablar de los chilenos es muy diferente. Todavía me acuerdo cuando me dijeron por primera vez, ¡Cachay! No entendí nada. Fue divertido. Llegamos en invierno y fue muy fuerte porque no estábamos acostumbrados. Nunca habíamos sentido tanto frío. Fue terrible y nos resfriamos. Ahora ya aprendimos y nos abrigamos mucho para la época del frío. Y eso a mí no me gusta. Pero hay una cosa que me llamó la atención de Chile, los terremotos. En Colombia también hay, pero acá son distintos. Y lo que más me llama la atención es que los chilenos no se asustan. Entonces ahí uno piensa, ellos saben, tienen experiencia. En mi curso me recibieron muy bien. A mí me gustó todo porque conocí a mis amigas. Julieta, Antonia y Renata. Nos encanta dibujar. Somos las dibujantes del curso. Algunos niños solo piensan en el celular o en la tablet. Como yo no tengo nada de eso, me la paso leyendo y les enseño a mis amigas que leer no es una pesadilla. De la comida de acá me gusta el charquicán, el mote con huesillo y el choripán. De Colombia echo mucho de menos una comida que me hacía mi abuelita, que se llama la bandeja paisa. Pero la celebración que más me gusta en Chile es el 18 porque son como todas las celebraciones que hacen en Colombia en una sola. Vamos a las fondas, nos reunimos con mucha gente y lo pasamos súper bien. Lo que más he hecho de menos de Colombia es a mi familia. Mis primos, mis abuelos, extraño todo. Cuando pequeña pasábamos Navidad juntos. Chile me gusta mucho, es un país encantador. Si me dieran la opción de volver, ahora me daría un poco de lata como dicen acá. Ya me acostumbré, ahora estoy muy feliz de vivir en Chile. Hola, soy Luisa María y soy colombiana y ahora vivo en Chile. Y le quiero decir a todos los niños y niñas que cambien, que cambiar es bueno, no tengan miedo a cambiar."
"e12","Rodrigo y Cristóbal, niños crianceros","Pichintún, pichintún, qué bonito pichintún. En el bosque y en el mar, en la pampa y el salar. En los cerros y en las islas, van los niños a jugar. Pichintún, pichintún, qué bonito pichintún. Hola, soy el Rodrigo. Y yo Cristóbal. Somos hermanos. Vivimos en Césped, a los pies de la cordillera. Acá hay muchos cerros, árboles y hay un río que se llama el río Illapel. Nos vamos a bañar ahí. El agua es súper helada porque viene de la cordillera. Es grande y a veces está blanquita. Una vez jugamos en la nieve, hicimos angelitos. Y comimos harina tostada con nieve. Es bonito acá. Hay muchos animales. Hay chanchos, cabras, caballos. Acá hay perros, gallinas, vacas. Y hay algo bonito. Se llaman petroglifos. Son piedras talladas que nuestros ancestros hicieron para contar su historia. Cómo eran ellos, cómo conseguían su comida, cómo hacían todo ellos. En la casa de mi abuela hay muchos. Son bonitos. Nosotros vivimos con mi mamá, mi papá y mi hermano chico. Mi papá es criancero. Tiene muchas cabras. Él se va a la cordillera porque el pasto es más abundante allá que acá. El Guante es nuestro perrito que ayuda a mi papá a ir a buscar las cabras. A cuando se va trasladando de una parte él va con los demás perros. En la casa del lado viven mis abuelos. Mi abuelita Elsa y mi abuelo Pedro. A veces jugamos dominó. Y salimos a buscar leña. Pero al Cristóbal no le gusta ir porque es flojo. Se me acaba la energía poh. Los colegios todos están muy lejos y hay que levantarnos muy temprano. En los Perales vamos a una escuela multigrado. Somos 12 compañeros. La Emilia, la Ignacia, el Nibaldo, el Rubén y el Richard. El José, el Simón, el Miguel, el Marcos y el Ricky. Nuestra profesora se llama Priscila. Ella es muy simpática y siempre nos enseña que debemos saludar y ser educados. Jugamos a varias cosas en el recreo. Taca'taca y después nos vamos a la cuerda y después nos vamos a la pelota en el recreo largo. A mí me gusta el Sánchez juega en nuestra selección y a ganado un balón de oro. Me entendí. Todas las personas donde vivo yo van todas a la Cordillera de Argentina. Se hace una fiesta que se llama La Transhumancia. Nosotros hacemos fogatas para poner tazas para tomar once y en la noche vimos las estrellas y suelen ser muy bonitas. Nosotros sacamos la leche. Lo que necesitamos para el queso es un molde, la revolvimos, le echamos cuajo y sal. Pasamos todo el verano en la cordillera. Jugamos a muchas cosas. Jugamos que somos crianceros, verdad? Y vendemos los quesos. Yo cuando grande, quiero ser criancero porque casi toda mi familia fue así. Mi abuelita es criancera, mi abuelito, allá casi toda la gente es criancera. Después de marzo nos volvemos a la casa. Y las cabras también vuelven, pero hasta la próxima subida a la cordillera. Hola, me llamo Rodrigo. Y yo Cristóbal. Vivimos en los pies de la cordillera. Allá está, en un lugar que es valle, es muy bonito, hay río, los petrolifos hay que cuidarlos y no tocarlos y no llevárselos."
"e13","Lala, una niña magallánica","Pichintún, pichintún, qué bonito pichintún. En el bosque y en el mar, en la pampa y el salar. En los cerros y en las islas, van los niños a jugar. Pichintún, pichintún, qué bonito pichintún. Hola, me llamo Adelaida y me dicen Lala. Vivo en Punta Arenas, una ciudad que está en el extremo sur de Chile. Hay muchas esculturas, el ovejero, la cola de ballena y la más importante, la pata del indio. Dice la leyenda que si tú le das un beso, te da buena suerte y vuelves a Punta Arenas. Acá hace frío. Y mi abuela, yo le digo Beli, dice que el sol está de adorno porque no calienta casi nunca. Algunas veces hay mucho, mucho viento. Y por eso en las esquinas hay barandas para afirmarse porque la gente más pequeña o delgada se puede volar. Una vez se me levantaron los pies, casi me volé, fue muy divertido. Vivo con mi mamá, mi hermano Lucas y mi gatita Clotaria. Casi todos los días y cuando el mar está calmo como una taza de té, puedo ver desde mi ventana muchos delfines. Ellos saltan y juguetean y a veces muy cerca de la orilla. Mi papá es escultor, hizo la cola de ballena y también restaurador. Ha reparado varios monumentos como el ovejero es muy grande y bonita. Mi papá no vive con nosotros, pero a mí me encanta ir a visitarlo y salir a pasear en nuestras doce ruedas. Es entretenido. También paso mucho tiempo con mi Beli. Ella hace varias cosas. Telares, bolsos, pintura. Ella es una gran artesana. Y varias veces hemos actuado juntas en una obra que se llama Kre'Chenen, que significa en selknam ""agarrados de la luna"". Cuenta una triste historia de cómo no se respetó a los pueblos originarios que habitaban estas tierras y por eso casi ya no existe. Y eso es muy triste. A mí me encanta hacer manualidades. Le hice una casa a mi gata Clotaria con una caja de cartón que tiene tres pisos y arriba está su cama. Ha rasguñado toda la cortina del baño. Acá en invierno algunos días cae nieve y con mi mamá me gusta ir al Parque María Bethy porque hay una laguna que a veces se congela. Vamos con mi primita Trini, pero como no tenemos patines de hielo nos deslizamos con bolsas o neumáticos. Acá en Punta Arenas todos los años, en julio o agosto, celebramos las Invernadas. Se junta mucha gente, más de 3.000 personas y después de cantar el himno nacional nos metemos corriendo al mar, que está súper helado. También se presentan las murgas y comparsas, que son grupos con unas temáticas muy alegres y coloridas. Se disfrazan, hacen carros alegóricos y compiten por ser elegidos los mejores. Este año nosotros participamos de la murga Fantasías e historias de magallanes y fuimos piratas. Yo tenía un sombrero, unas botas largas y una espada. Y estaba arriba del barco, que llevaba miles y miles de globos con los colores de la bandera magallánica. Me encanta vivir acá en Punta Arenas. Hay muchas tradiciones, es muy bonita mi ciudad. Vivimos en armonía con la bella naturaleza y compartimos mucho en familia. Hola, me llamo Adelaida y vivo en Punta Arenas. Yo les quiero decir que pienso que no todo es basura. Que reciclen las botellas que tienen en la casa y que ayudemos a reciclar para cuidar el planeta."
"e14","Cristofer, un niño Pehuenche","Pichintún, pichintún, qué bonito pichintún. En el bosque y en el mar, en la pampa y el salar. En los cerros y en las islas, van los niños a jugar. Pichintún, pichintún, qué bonito pichintún. Hola, me llamo Cristofer, vivo en la comunidad de Cauñicu, en Alto Bío Bío. Nosotros somos pehuenches. Pehuenche significa araucaria y che significa persona. Mi casa queda cerca de la cordillera y al lado de un río llamado Cawelloco y un volcán que se llama LavaBlanca. Yo vivo con mi papá, mi mamá, con mi abuelita y yo le digo mama Lisa. Tengo dos perros, el Linco y el Max. Antes teniamos cuatro gatos y se metían al fogón y robaban charqui. Y así que tuvimos que quedarnos solamente con dos, el Nahuel y la Heidi, que es mi regalona. Cuando llego de la escuela me gusta jugar con mi computador y cuando llega mi sobrinito jugamos a trepar árboles y la pasamos súper bien. También me gusta acompañar a mi abuelita que vive al lado mío. Le ayudo a picar leña, a darle comida a los caballos y acompañarla cuando está triste. Ella me dice que tenemos que mantener la lengua pehuenche y el chedungún. Yo sé hablar un poco el chedungún y contar hasta diez. kiñe, Epu, kula, Meli, Kechu, kayu, reqle, pura, aylla, mari. Mi abuelita me cuenta historias como la historia del hombre que se convirtió en león. Trataba de un hombre que huyó a una cueva y solamente comía conejo. Después se dio cuenta que le estaba creciendo mucho el pelo y se convirtió en un león. En el invierno cae mucha nieve y hace frío y me gusta jugar en la nieve. Hacemos monos de nieve y nos tiramos pelotas de nieve. Y también preparamos helado y mezclamos la nieve con jugo. Afuera de la casa de mi abuelita hay una subida y nos tiramos con nylon hacia abajo. Una vez nos tiramos y íbamos tan rápido que chocamos con un árbol. Fue entretenido, pero me pegué en la cabeza. Mi mamá me puso llantén, que es una hoja que tiene un jugo para sanar los chichones. En la primavera salen digueñes, que son un hongo que salen en los árboles. Para sacarlos le tiramos un palo o hacemos un invento. Nosotros comemos los digueñes en una ensalada le echamos cilantro y mucho limón. Es súper rico. En abril vamos a buscar piñones a la pinalería. Los piñones son los frutos de la araucaria. La araucaria es el árbol más sagrado de nuestro pueblo. Antes los piñones eran casi el único alimento que comían los pehuenches. Cuando entramos a la pinalería tenemos que dejarles una ofrenda de agradecimiento. Puede ser comida, alguna fruta o dinero. Para sacar los piñones, mi papá tiene que subirse arriba de la araucaria y mover la rama para bajar los piñones. Con el piñón se hace el chavy, que es como una sopa. El catuto es el piñón, pero molido. Y el vulpi que son los piñones cocidos. Dos veces al año se celebra la ceremonia que se llama el Traguan, que significa en chedungún mano grande. Es una rogativa donde le pedimos a Chao'Ngenechen, que es nuestro dios, que sea un buen año. Los adultos tocan el kultrún, que es un tambor que se hace de cuero y madera. Yo participo bailando. Vamos vestidos con una charahuilla, que es como un pantalón. Vamos pintado de la nariz. Nos ponemos las cascahuillas, que son como unas cascabeles. Y la manta, y la pañoleta y unas plumitas. Nos damos vuelta alrededor de las banderas. Y me siento vivo cuando bailo. Yo quiero ser, cuando grande, un doctor porque cuando una familia que esté enferma, quiero ayudarlo. Y si no hay cura, quiero que mi abuelita me enseñe las medicinas tradicionales. Ser pehuenche es un honor. Es muy importante seguir las traiciones. Hola, soy Cristofer, un niño pehuenche y quiero mandarles un mensaje a los niños que no olviden su lenguaje, su idioma, la naturaleza."
"e15","Emilia, una niña de Arica","Pichintún, pichintún, qué bonito pichintún. En el bosque y en el mar, en la pampa y el salar. En los cerros y en las islas, van los niños a jugar. Pichintún, pichintún, qué bonito pichintún. Hola, soy Emilia y vivo en Arica. Mi casa está cerca de la playa Chinchorro. Y en verano voy siempre a la playa. Hace un tiempo estuve en clases de surf. Me pico en agua viva en la pierna y me dolió mucho y ya me picaron dos veces. Antes salía a andar en kayak con mi papá o con mi tata. Hemos visto tortugas nadando. Cuando íbamos remando, las tortugas pasaron y sacaron la cabeza. Me encanta la ciudad porque es muy linda. Tiene playa y no es muy grande. Puedo comer frutas muy ricas como la maracuyá, como se dice maracuyá, que es muy rica y ácida. Me gusta comer el picante de pollo que hace mi mamá y el aji relleno que prepara mi papá. Es súper rico y no es tan picante. Yo vivo con mi mamá, con Fran, el esposo de mi mamá, con mi hermano Julián, con mi hermano Javier y con mi perrito Bruno. Mi mamá es arqueóloga y estudia las cosas que usaba la gente acá hace mucho tiempo. A mí me encanta ir al Museo de Azapa porque tiene las momias chinchorro. Son las momias más antiguas del mundo. Estoy en tercero básico y me gusta cantar y patinar. Pero lo que más me gusta es bailar. Mi mamá y yo somos bailarinas y ensayamos todos los domingos. Mi papá es músico y nos preparamos para bailar en el carnaval que se llama con la fuerza del sol. El carnaval es muy grande y vienen muchas personas de otras ciudades y países. El carnaval dura tres días y cada día vamos cambiando los vestidos. Este año usamos un vestido naranjo con verde agua, morado con dorado y blanco con dorado. También es una competencia en que todas las comparsas compiten por un premio. Mi comparsa se llama tumba carnaval. En nuestra comparsa somos más de 200 personas. Los trajes lo hacen la costurera del grupo y pobrecita porque tiene que hacer cientos de vestido. Hay bailarines, bailarinas, figurines y músicos. Nosotros bailamos estilo tumbe. Muy bonito y divertido y se baila así. Cuando bailamos llevamos las manos libre para tomar la falda y moverla. El tumbe es un estilo que viene de África. Hace mucho tiempo trajeron personas africanas que la obligaban a trabajar en el campo. Se llamaban esclavos pero por suerte ya no hay más esclavos. Los músicos tocan el chekeré, el güiro, las campanas, el repique y el tambor. Con mi mamá hicimos un shekeré con una calabaza seca, con una cuerda y bolitas para hacer pulseras de madera. Antes del carnaval nos juntamos en la Plaza Brasil para preparar. Cada comparsa elige una reina o ñusta. Ella lleva una corona. Durante el carnaval bailamos en distintos lugares de Arica. A veces en la mañana, a veces en la tarde y a veces en la noche. Algunas días terminamos muy tarde. Yo no me pongo nerviosa porque yo empecé a bailar desde muy chica. Tenía como dos años. Yo me pongo feliz y emocionada cuando la gente nos aplaude. Al final, cuando pasamos por el jurado nos ponen puntos por los trajes, el baile y la música. Cuando me dijeron que ganamos, me puse muy contenta y emocionada. Me gustaría participar al próximo año y por muchos años más. Y me gustaría hacer la ñusta de la comparsa. Hola, soy Emilia. Les invito al carnaval que es muy bonito, que vienen muchas personas de otras ciudades y países. Si vienen, lo van a pasar super bien. Adiós."
"e16","Flavio, un niño chilote","Pichintún, pichintún, qué bonito pichintún. En el bosque y en el mar, en la pampa y el salar. En los cerros y en las islas, van los niños a jugar. Pichintún, pichintún, qué bonito pichintún. Hola, me llamo Flavio y vivo en la isla de Añihue, en Chiloé. Añihue significa lugar de pájaros azules. Acá vivo con mi papá, mi mamá y mi abuelo nano que tienen una casa al lado. Tenemos tres perros, una gallina que se llama Catrina y un cerdo que se llama José. Mi mamá lo llama para darle comida. En la isla vivimos como 100 personas. Como hay pocos niños, tengo que ir a una escuela en la isla grande de Chiloé. El domingo nos pasa a buscar en lancha y me lleva a la escuela al internado de Quicavi. Y ahí pasó toda la semana. Todos los días tenemos clase hasta las 4 de la tarde y después vamos a jugar fútbol al gimnasio. Cuando nos vamos a acostar nos quedamos conversando, jugando o hacemos cualquier cosa. Los viernes nos pasa a buscar una lancha para llevarnos a la casa. La lancha pasa por varios lugares antes de llegar a Añihue y me deja en medio de la isla donde mi mamá me está esperando. Ahí nos vamos en camioneta a la casa. A mí me gusta dibujar o hacer maquetas de lancha. Estoy aprendiendo a navegar y a veces mi papá me presta el timón y eso me gusta mucho. Mi papá trabaja construyendo y reparando lanchas. Es difícil hacer lanchas. Una lancha grande se demora como 8 meses. Se tira la lancha al agua y hacemos una aceleración. Es como una minga. Vienen lanchas de otra persona y la arrastran hasta que llegue el agua y flota. Preparamos un asado de cordero. Vienen los dueños de la lancha. Es súper entretenido. Vienen otros niños y ponemos música. La isla de Añihue es muy linda. En la noche con la luna llena desde mi casa se ve un brillo en el mar. Son peces. Con mi papá salimos a pescar en bote. Tiramos una red y le pegamos varazos al mar para que los peces se espanten y vayan despitados hacia la red. Sacamos róbalos, pejerreyes y salmones. Mi mamá seca los pescados. Yo ayudo a mi mamá a llevar los pescados y colgarlos. Los lleva a un fogón, enciende fuego y los seca con el humo. En mi casa hay muchas gallinas. Mi mamá las usa para hacer cazuelas. Es mi comida favorita y mi mamá la cocina muy rico. También me gusta visitar a mi abuelo. Mi abuelo tiene terrenos, animales y cultiva papas. Las papas son muy ricas y tienen distintos colores. Hay papas blancas, rojas y amarillas. El me cuenta historia conversamos cosas que le pasaban antes. Chiloé es una isla con mucha naturaleza, lo que más me gusta de aquí es el mar. Cuando grande me gustaría ser arquitecto naval. Los arquitectos navales dibujan o hacen los planos de lanchas, barcos o barcazas. Después de estudiar me gustaría seguir viviendo la isla porque es muy linda y tranquila. Hola, me llamo Flávio Renín, vivo en la isla Añihue. Mi papá trabaja haciendo embarcaciones, mi mamá es operaria del agua. Y cuando grande me gustaría ser arquitecto naval."
"e17","Panchita, una niña de circo","Hola soy Panchita, tengo 9 años y soy una niña circense. Este es el circo de mi familia, acá trabajamos todos, mi mamá mi papá y mi hermana Javiera, mi hermano Benjamín, mi hermana Emily. También en el circo está mi tío, están mis primos, está mi abuelita Sole que ella ahora es la dueña del circo porque mi abuelito ya murió y se fue para el cielo. Eso fue muy triste porque mi abuelito ya no está y yo sé que nos está acompañando en la función. Y ellos son mis perritos Tequila y Tichi, ellos son muy juguetones porque a ellos lo que más le gusta hacer es aullar. Y mi hermana Emily es muy divertida porque se disfraza de George y a ella le gusta mucho. El circo es algo que existe de hace mucho tiempo. Antes teníamos animales en el circo para los números pero ahora ya no porque a la gente no le gustaba mucho, porque estaban encerrados, estaban enjaulados. El circo es itinerante, siempre nos vamos cambiando de ciudad para hacer las funciones. Y hemos estado en Viña, en Chillán, en Talca, en Santiago y a muchos más. Y como viajamos mucho vivimos en una casa rodante, es lo mismo que una casa no más que tiene rueditas, tiene baño, tiene cama, tiene tele, cocina y todo igual que una casa. A mí me gusta dormir con mi abuelita en la casa rodante, su cama es muy grande y siempre nos reímos y comimos muchos dulces. Como siempre lo cambiamos de ciudad, voy al colegio de una manera diferente. Siempre tengo una escuela y nuevos amigos. Pero yo pienso así y quizás cuando los voy a volver a ver. Entonces me dan su whatsApp y ahí les sigo hablando y ahí sí hago mucho más amigos. Nuestro circo tiene una carpa azul muy grande. Tiene adornos blancos con rojo, tiene unas banderitas de colores y es muy lindo. Y lo más lindo de todo es cuando prenden las luces y se ve muy bonito. A veces con mi mamá salimos a hacer propaganda del circo. Vamos recorriendo todas las calles en un auto y la propaganda dice así ¡vengan niños hoy a Miquel'Circus!. En el circo todos hacemos de todo. Vendemos churros, algodones de azúcar, sacamos foto al público y después eres artista. En mi familia todos somos artistas. Mi hermana Javiera que hace el equilibrio en la cuerda floja y es muy seca y hermano Benjamín que es payaso, el payaso Mimín y en la cama elástica salta muy alto. Pero lo que más me gusta del show es mi papá con mi mamá, hacen el doble péndulo de la muerte. Y lo que más me gusta de todo es cuando mi papá se coloca una máscara y queda completamente a ciegas. Y a mí me da un poquito de miedo, pero yo sé que ellos saben harto y yo sé que ellos son los mejores. Y yo soy contorsionista y eso significa que puedo doblarme toda con mi cuerpo. Me estiro para atrás y agarro una flor con la boca. Y a mi no me duele nada, parezco hasta de chicle y cada función que ya me toca a mí me siento como que no sé, así como feliz, un poco nerviosa es que no sé cómo explicarlo. Me gusta mucho ser circense y seguir la tradición de mi familia. Además siento que mi abuelito siempre está con nosotros, por eso cuando termina mi presentación siempre le mando un besito para el cielo. Hola soy soy Panchita y quiero decirle que yo cuanto más grande voy a seguir siendo del circo y que le quiero decir que vengan al circo porque el circo es bueno y lo van a hacer reír y no se lo pierdan y vengan."
"e18","Ignacia, una niña artista","Hola, me llamo Ignacia, tengo 9 años y vivo en Puente'Alto. Acá se ve en la cordillera de los Andes y en invierno después de las lluvias está muy blanquita llena de nieve. Vivo con mi abuelita Alicia, con mi papá Jonel y mi mamá Raquel. Ella me hace hojitas de parra y a mí me encantan, son mis favoritas. Mi papá inventa palabras, me dice señora moronga con sabor a mango, es el sabor más rico de una niña más dulce. Yo tengo mielomeningocele y me cuesta caminar, esto significa que cuando estaba cerrando mi columna se hizo la pelotita. Cuando antes de nacer no podía salir así que operaron a mi mamá. Cuando salí salí hermosa, mi mamá siempre me lo dice. Por eso me siento muy especial. Cuando era más chica me costó caminar. Bueno mis piernas no tenía mucha fuerza. Ahora lo puedo hacer. Algunas veces me canso y no puedo caminar mucho, entonces mi mamá me lleva al colegio con silla de ruedas. Yo puedo hacer muchas cosas yo solita y otras necesito ayuda como subir escaleras. Tengo un gato y un perro. El Stevens juega conmigo, le pongo el hilo y me sigue por todas partes. La Purple tiene 2. Yo le puse ese nombre por mi color favorito. La Purple come de todo, los alfajores es su comida favorita. Los fines de semana salimos a pasear con la Purple y es bien brava, le ladra a los perros grandes. A mí me da risa pues es muy chica. Me encantan pintar, yo siempre dibujo a la Purple, es mi modelo. La pinté en un cuadro famoso, el grito, quedo muy bella. Hicimos una exposición y todos vieron el cuadro, fue genial. De pequeña fui a la Teletón, ahí tengo varios amigos, al Nelsón tengo a la Alicia, al Cristóbal, a la Cata y juego con todos ellos. Lo pasamos muy bien. Ahí hago varias terapias que me ayudan a mover mejor a mi cuerpo, como la Cata que hace diferentes ejercicios. Hago ejercicio con una bicicleta, la tengo que mover con los brazos. Es dificil. También voy al taller de tiro con arco, es un deporte donde hay que tirar una flecha justo justo al centro, a veces le achunto. Los viernes hago ejercicios con los caballos, ahí esta Pepe, la Estrella y la Gringa y mi favorito es el Medianoche, es negrito y tiene las patas blancas. El Diego de mi profesor, me enseñó a levantar los brazos sin caerme. Me gusta andar arriba del caballo, yo pienso que los caballos ayudan a los niños. Por eso son tranquilos con nosotros. Una vez fui al show final de la Teletón. Estaba lleno lleno, me sentí emocionada pero muy nerviosa. Después me aplaudieron y estaba muy muy feliz. Tengo muchos sueños cuando sea grande. Me gustaria ser científica, me gustaría encontrar el adn de Tutankamón. En mi casa siempre hago experimentos, mezclo agüita, brillitos y maquillaje. Es muy entretenido. Sé que hay cosas que puedo hacer y otras que no, pero no me importa. Se que igual voy a cumplir mis sueños. Hola me llamo Ignacia y tengo 9 años, tengo mielomeningocele y esto no es una enfermedad sólo una condición. Quiero decirle a los niños con mielomeningocele que somos hermosos y que nos aceptemos."
"e19","Jorge y la fiesta de la Tirana","Hola soy jorge y tengo 10 años y vivo en el norte de Chile. Vivo en la ciudad de Iquique, es bien bonito. Acá siempre hace calor y casi nunca llueve. Está la mejor playa de Iquique, Cavancha, es mi favorita. Tiene arena blanca y pocas olas. Nado tanto que salgo arrugadito. Me gusta ir al paseo Cavancha, hay un letrero grande que dice Iquique. Y en el verano hay una feria con muchas cosas entretenidas. En el centro de Iquique hay muchos paseos bonitos. Está la plaza Prat, donde hay un reloj súper grande y siempre hay fiestas desfiles y pasacalles. Hay un vagón de tren que es súper antiguo y súper entretenido, pero es súper lento. Acá en Iquique hay un barco museo, está en el puerto que se llama la Corbeta'Esmeralda. Hay varias cosas del combate naval de Iquique qué ocurrió hace muchos años. Y donde nuestro héroe Arturo Prat entrego su vida. Desde el mercado se puede ver la boya donde está hundida la Esmeralda. Yo vivo con mi mamá que se llama Jessica, mi papá que se llama Jorge, y la Vale que es mi hermana. También tengo una mascota muy, muy distinta a cualquier otra. Es el Wallace, mi pollito. Mi hermana lo hizo, o sea hizo un experimento en el colegio. Pusieron los huevos en una incubadora y mi hermana me lo regaló. Yo lo quiero y lo cuido mucho. Es chiquitito, tiene como 8 meses. Duerme en el living en una caja de cartón. Yo le doy maíz, pero a él no le gusta, al final me lo termino comiendo yo. El Wallace come cerezas, uvas y galletas y también le gusta comer pollo, es un caníbal. Hago muchas cosas entretenidas, me gusta la natación, el ajedrez y mucho el ping'pong. Estoy practicando para ir a un campeonato a Lima. Estoy super ansioso y feliz porque nunca he viajado en avión. Al interior de Iquique hay varios pueblos. Entre ellos está la Mamiña de donde eran mis abuelos que ya murieron, ellos eran quechua y estoy súper orgulloso de ser quechua. Me gusta ir a Mamiña porque hay muchas chacras donde puedo encontrar varios animales, por ejemplo chanchos, vacas, caballos, guanacos. Un poco más allá está el pueblo de la Tirana. Ahí vive poquita gente pero todos los años se hace una fiesta muy grande, la fiesta de la Tirana. Hay muchos bailes, diabladas, morenadas, osadas, tinkus, todos bailan con hermosos trajes. Y yo soy bailarin, hacemos el baile Sambos de nuestra señora del Carmen. Bailamos siete días por eso tengo 4 trajes diferentes que tienen brillos, lentejuelas y botas. Las botas tienen unos cascabeles para marcar el paso. Y un látigo que se va moviendo así. Ahí practicando y practicando ensayamos el baile y hacemos muchas presentaciones. En la fiesta de la Tirana celebramos a la chinita así le decimos a la virgen del Carmen. La leyenda dice que era una princesa Inca que se llamaba Ñusta Huillac y mandadaba a matar a los españoles pero un día se enamoró de un portugués y se volvió a católica. Como todos sabían que ella era mala no le creyeron así que la mataron igual. A la fiesta de la Tirana viene mucha, pero mucha gente. Viene gente de muchos lugares de Chile y de otros países. Uno le pide cosas a la Chinita, por la familia por la salud y por los amigos. Yo le tengo la promesa mi Chinita y es que yo nunca voy a dejar de venir a bailar en su fiesta y es una promesa que voy a cumplir. Hola me llamo Jorge y tengo 10 años y vio en la ciudad de Iquique. Los invito para que vengan aquí a Iquique y a los pueblos del interior. Mi sueño es que cuando grande quiero ser un jugador de ping'pong y representar a Chile en las olimpiadas y ganar una medalla de oro."
"e20","Florencia, una niña de Valparaíso","Hola mi nombre es Florencia tengo 8 años y vivo en la ciudad de Valparaíso. Valparaíso es un puerto donde llegan barcos grandes que vienen de muy lejos. Es un lugar muy bonito, hay playas, plazas y muchos cerros muy pegaditos. En algunos miradores hay unos binoculares, tú le tienes que poner una monedita y puedes ver el mar los barcos o las personas, es súper bonito eso. Aquí hay unas cosas súper entretenidas que se llaman ascensores. Los ascensores te sirven como para no cansarse y para poder llegar a los cerros más rápido. Está el Espíritu Santo, el Cordillera y en la Artillería. Yo vivo en el cerro Playa Ancha. Siempre nosotros ocupamos el ascensor 21 de mayo. Aquí yo vivo con mi papi Félix y con mi mami Jimena. También tengo un gatito que se llama Mateo, es super chiquitito y es super regalón. Casi siempre dormimos juntos. Con mi mamá nos encanta ir a la feria artesanal Pedro'Montt, hay jugos naturales, juguetes, aros, cosas para los celulares y stickers y a mí me encantan muchísimo los stickers. En mi pieza tengo muchos stickers hay unos de árboles como si fueran de mandalas y algunas personas. En mi casa hay muchos stickers, es como una colección de stickers que tenemos en nuestra casa. También me gusta mucho pintarme las uñas y hacerme peinados. Un día mi mamá me dejó en el verano pintarme el cabello de rosado, fue super genial. A mí me encanta bailar k'pop, la música es muy movida. A mí me gustan mucho, pero mucho las carteras. Tengo una roja entera y una transparente con brillitos plateados. Son súper lindas las carteras. Pero lo que más me gusta hacer es jugar fútbol. Acá en Valparaíso hay muchísimos cerros y nosotros siempre tenemos que correr mucho porque siempre la pelota se nos va para abajo. Y un día la pelota se fue a la calle y entonces un auto casi casi la atropella. Mi papá y yo somos hinchas del Wanderers. El Wanderers, es el equipo porteño, y yo tengo mi propia camiseta que es verde con blanco. S A N, san, santiago wanderers de valparaíso. Lo mejor que todo es que estoy en una academia de fútbol que se llama los galaxias. Todos juntos jugamos niños y niñas. Ahi hay hartos buenos, el Benja, la Ignacia, el Manuel y yo. En el año pasado ganamos un campeonato y nos dieron una copa, fue super genial y emocionante. En Valparaíso hay varias fiestas muy bonitas. En el año nuevo tiran fuegos artificiales sobre el mar y hay personas que traen carpas para verlos más cerca o para buscar un lugar. Vienen muchas personas de todo el mundo. Para semana santas se hace la Quema del Judas en todos los cerros de valparaíso. En la plaza Waddington se hace un mono grande como de 3 metros yo creo y se le pone ropa vieja y después se quema. Pero hay una cosa que no me gusta, es que rayen las paredes, porque cuando una persona quiere mucho ese lugar hay que cuidarlo. Valparaíso es un lugar súper bonito y yo estoy súper pero súper orgullosa de ser porteña. Hola mi nombre es Florencia, tengo 8 años y vivo en la ciudad de valparaíso. Les quiero mandar un mensaje a las niñas y a los niños, que no se rindan y que sigan sus sueños cueste lo que cueste."
"e21","Tomás y la fiesta de la Pampilla","Hola soy Tomás, tengo 8 años y vivo en la región de Coquimbo. Vivimos en un lugar que se llama el Canelo. En un cerro donde hay muchos cactus y piedras de diferentes formas y tamaños, hay unas bien grandes. Ahí vamos a escalar con mis amigos el Nanito, el Aaron, el Maxi y el Ian. Nos echamos un polvito que se llama magnesio para que las manos no se resbalen. Hay un lugar en donde hay un cementerio de perros. Siempre yo con mi amigos vamos a recordar los animales muertos qué están en el cementerio. El Leono, el Tortuguin y el Doggie que se murió hace muchos años. Mi casa está al frente del océano pacífico. Mi papá con mi mamá hicieron la casa. Mi cama está muy alto y tengo que subir por una escalera. Tenemos un lugar muy sorprendente y un mirador en donde se ve todo el mar bien azulito. Y en las noches podemos ver las estrellas muy cerca y es bacán. Acá vivo con mi mamá Loreto y Gerardo mi papá, mi tío José y mis hermanos el Kevin y la Zanca. Y a veces viene mi tata Roxana y nos hace roscas muy ricas. Ella vive en  Guanaqueros y hace las mejores empanadas de camarón queso. Yo la quiero mucho. Con la Zanca siempre jugamos a las pilladas en el cerro o en la casa y a veces estudiamos juntos matemática o lenguaje. Y el Kevin me enseña a rapear que son frases con rimas así, ""yo soy tomás vivo en camino al mar que llevó a un amigo que viven acá. Y también vivo con mis mascotas la Panki y la Canela, el Scar y el Joaquín. Algunas veces me comunico con ella aunque no me entienda. Con mis papás me gusta mucho conversar y mi papá me explica el significado de algunas palabras que yo no sé. Y mi mamá me ayuda a hacer tareas de matemáticas porque ella es muy seca. Me encanta mi colegio, tengo compañeros de otros países, de Ecuador, Colombia, Dominicana. Tengo una amiga que viene de Venezuela que se llama Annabelle, pero le decimos Anna. En el recreo algunas veces intercambiamos la colación. Y con mis amigos jugamos a las bolitas y tengo muchas. Estas se llaman meteorito, se ponen en el suelo y se tiran, gana el que las va chocando. Yo soy medio seco. Acá en Coquimbo se hace una fiesta muy tradicional. Es la más grande de Chile, la fiesta de la Pampilla. Se llama así porque se hace en un lugar seco con mucha tierra. Se hace en septiembre para celebrar la independencia Chile. Nos vamos a quedar allá todos los días de la fiesta. Allí llegamos y marcamos el terreno y se hace una carpita con malla, colchones, cocina. Y lo más importante, la parilla. Ahí se hacen los asados de carne, pollo o anticuchos, que son fierritos que llevan cebolla, carne, pollo y chorizo. Cuando llegan mis primos preparamos los volantines, que son unos cuadritos de papel o plástico, los ponemos en el hilo y el viento los lleva bien arriba. Hay un escenario con un show, venden artesanías y manzanas confitadas. Hay muchos juegos y muchas competencias. Como el palo encebado, el emboque, la carrera del saco y el que más me gusta, es atrapar el chancho. La fiesta de la Pampilla es muy entretenida, lo pasamos genial, es una tradición de los coquimbanos y yo cuando grande voy a venir con mi familia y voy a asumir esa tradición. Hola soy Tomás y vivo en el sector del Canelo. Y quería decir de un arbusto que está en peligro de extinción es el Lucumillo. Ayudemos al mundo a ser alguien mejor."
"e22","Ariadna, una niña venezolana en Chile","Hola Me llamo Ariana tengo 10 años y vengo de Venezuela. Vivía en un lugar que se llama Maracay en Venezuela. Mi país es una belleza, yo lo quiero demasiado. Es muy caluroso lleno de flores, muchos árboles y plantas hermosas. Hay una flor que me gusta mucho, la orquídea, que es la flor nacional de Venezuela. Me gusta mucho ir a la playa en Venezuela. Mi tío tenía un autobús y era un paseo al que iba toda la familia. Cuando íbamos llegando, ya estabamos listos para bañarlos. Nos íbamos corriendo al mar la arena es muy caliente tanto que nos quemaba los pies. El agua es súper rica divinísima y cristalina. En Venezuela hay mucha vegetación y donde viven mis abuelos atrás de la casa había un bosque y comida en abundancia porque plantaban jojoto que es el choclo y aguacate que es la palta. La palta es diferente, allá era más grande y salada. Yo me la comía de una. Acá en Chile le tengo que poner un poquito de sal pero igual me gusta. Como Venezuela está pasando por problemas económicos mucha gente ha tenido que emigrar a otros países. Cuando mi papá me dijo que nos íbamos a vivir a Chile yo pensé que quedaba en otro continente y me dio mucho miedo porque creí que hablaban otro idioma que era como china. Pero luego mi papá me explicó dónde quedaba y me sentí más aliviada. En Venezuela se quedaron mis abuelos mis primos, mi tío y Manolo, mi perrito. Como digo yo, sin mi familia yo no soy nada. Llegué a Chile de noche. Nunca había visto la montaña llena de nieve. Lo que no me gustó fue el Smog. Santiago es muy diferente a Venezuela, allá nosotros tenemos un clima cálido pero un calor rico no como acá que hace un calor intenso. Mientras que el invierno hace demasiado frío. Yo acá uso como cinco cobijas encima. Vivo junto con mi mamá, mi papá, mi hermanita menor Ivana, mi hermana mayor Nazaret, su novio José Ramón y mi tío Charly. Me entretiene mucho mucho hacer cosas con mi familia. Me gusta cocinar y hacer tortas con mi tío. Con Ivana juego con las Barbies y les cosemos vestidos con medias y ropa que ya no usamos. Una vez fui a Valparaíso pero al tocar el agua con mis pies casi me congelé. Ahí no me gustó tanto el agua. Fue raro llegar a mi colegio porque era todo nuevo. Estaba muy nerviosa pero tuve la suerte de que me tocó con una maestra que se llamaba Johana igual que mi mamá. Tengo amigos de distintos países, Noelia de Ecuador, Sabrina y Santiago de Venezuela y Fernanda y Camila de Chile. A ellos les encantan los dulces venezolanos. Una vez que lleve a la clase, todo el curso me pidió que les diera un poquitito. Y yo estoy en la orquesta infantil José Antonio Abreu. Llevo dos años tocando el violín. En la orquesta hay muchos instrumentos, el violín, la flauta trasversa, el oboe, la viola, el chelo y la percusión. Tocamos distintas canciones como Estrellita, when'the'saints'go'marching'in y todos juntos. Lo bueno es que estando acá nos juntamos con otros venezolanos, hacemos cosas de nuestro país. Mi hermanita está en un grupo de baile que se llama danza somos Venezuela. Bailan el joropo y el tambor que son los bailes típicos de Venezuela. El que más me gusta es el tambor, es súper fino, lo puedes bailar como quieras. La mujer mueve la cintura y el hombre tiene que perseguirla. Yo quiero bailar y bailar. Acá en Chile han llegado muchos migrantes y muchos de ellos son venezolanos. Siento que irse de nuestro país es duro porque nunca te acostumbras completamente. Me gustaría que mi vida chilena y mi vida venezolana se juntaran. Que mi vida sea como antes pero no tan antes es un sueño difícil, pero no creo que sea un sueño imposible. Hola Mi nombre es Ariadna, tengo 10 años. Soy de Venezuela y estoy viendo acá en Chile. Para las personas que van llegando a Chile u otros países lejos que al principio tenía miedo, tenga fe en Dios. Tener la cabeza en alto y siempre sigan sus sueños más imposibles en esta vida."
"e23","Lienant, un niño mapuche choyke","Mari mari, Lienantu Melin pingen ta inche, vivo en temuco región de la araucanía. Vivimos en la ciudad de temuco y a veces en el campo hacia la costa, en dos partes. Yo soy mapuche, y Lienant en mapudungún significa sol luminoso. En Temuco llueve mucho mucho. Me gusta la lluvia pero lo fome es que no se puede salir a jugar. Y yo vivo con mi mamá se llama Jeanette, con mi papá Miguel y con mis dos hermanas Ampui Malén, que significa espíritu de niña y la Quinturay que significa en búsqueda de una flor. También tengo una conejita, la Pepina, que es blanca que se arranca siempre y le gusta que le hagan mucho cariño. Y la MiauMiau es la gatita de mi hermana y a veces se juntan a jugar y corren por todo el patio. Con mi chachai, me gusta salir a jugar a la pelota. Con mi mamá me gusta cuando salimos a comprar, me gusta regalarle chocolates y después los comemos todos juntos. Pero lo más bacán es jugar a la guerra de almohadas, uno toma la almohada bien firme y no golpeamos. Siempre ganan ellas. El campo es muy genial me gusta todo. A veces voy a Rali'Pitra, donde mi Laku, es mi abuelo paterno. Mi kuku, abuela paterna murió hace poco. A veces voy a Rangintu'Lewfu donde mi Chedki y mi Chuchu, ellos son mis abuelos maternos. Allá hay hartos animales, sañwe chancho, kawellu caballo, uficha ovejas, trewa perros. Y uno puede salir a comer cosas gratis, como  moras, digueñes y chupones. Los chupones son un fruto larguito blanco y negro. Pero lo que más me gusta son las frambuesas, son exquisitas. En el campo hace un poco más de frío, pero yo no lo siento porque uno hace muchas cosas, cómo sacar los animales, andar a caballo y ayudar a arreglar cercos. En Rali'Pitra, tenemos un fogón y arriba hay un hoyito, para que salga al humo que es donde está la cocina. La ruca es la casa del mapuche y la hizo mi abuelo con mi tío Chacha. Me gusta ir a visitar a mi chuchu Irma. Yo le ayudo a traer leña y a veces a hacer pantrucas. Ellas la van partiendo y yo las voy echando a la olla. Nosotros vivimos en Lory'Lof, de Rali'Pitra y Rangintu'Lewfu. Ahí  mis abuelitos son loncos. Loco significa cabeza y líder de un lof. El Nguillatún se hace a fines de la primavera y lo hacemos para que haya buenas cosechas, para que llueva y el pastito crezca para los animales, dar vida a la tierra. Ahí hacemos una ofrenda a la tierra y todos compartimos. En cada ceremonia mapuche se hace el choique que es un baile mapuche. Se usa la manta o makuñ, el trarilonco en la cabeza se amarra con un nudo y se colocan ramitas o plumas grises, negras o cafés. Mientras tocan el kultrún, la pifilca, la trutruca y el kull'kull. Y suena así. Me gustan mucho nuestras tradiciones, yo quiero seguirlas siempre y enseñar mapudungún y palín a otros niños. Me siento orgulloso de ser mapuche porque somos un pueblo único. Hola hermanos y hermanas, abuelos y abuelas. Los invitó a cuidar nuestra tierra y mantener nuestra lengua que es el mapudungún."
"e24","Lucas, un niño lavkenche","Hola me llamo lucas y tengo 8 años. Vivo en Ponotro en la comunidad de Tirúa en la región del Bío'Bío. Acá donde vivo es muy verde y hay mucho pasto. Me encanta. Una vez salí de expedición con mi papá y él me mostró muchos árboles nativos, arrayanes, avellanos, boldos y peumos y también muchos pajaritos como el piuquén, tordos, zorzales y él que más me gusta es el treile, porque siempre se para en mi patio. Esa vez, tuve mucha suerte, porque encontré un monito de monte. Cuando lo vi parecía una roca, pero luego empezó a moverse. Fue genial. En invierno corre harto viento y llueve mucho. A veces hay tormentas, a mí me asustan y me gusta correr a abrazar a mi mamá. Vivimos en territorio Mapuche, en la costa de ponotro. Somos Lavkenches, que en chedungún significa persona de mar. Porque lavken, es mar y che persona, lavkenches. Acá vivo con mi mamá, se llama Loreto y se ve jovencita como de 17 años. Mi papá Elvis, el se ve más grande, pero igual joven y mi hermanita Isidora es chiquitita, tiene dos años recién. En la primavera me gusta seguir mariposas, hay muchas de diferentes colores y tamaños. Y a mí me gusta seguirlas, algunas no se pueden ver porque están escondidas en las flores. Me gusta hacer cosas con mi mamá, regamos el huerto, colgamos la ropa. Y con mi papá vamos cerca de la playa mientras que en el me conversa sobre la naturaleza, vemos a los recogedores de coyoi, ahí ellos se meten en la orilla y sacan un montón de ellos. Cerca de nosotros viven mis abuelos y mi hermano Pablo. Bueno en realidad es mi tío pero le digo hermano porque nos queremos mucho. Jugamos harto los dos juntos, aunque a veces me quiere puro mandar y se pone a pelear, pero como en 5 minutos ya estamos reconciliados. A veces, él tambien se enoja conmigo y me dice no voy a hacer más tu hermano y yo le digo que igual va a seguir siendo mi tío. Lo que más nos gusta hacer es jugar a asustar a las salinas y las espiamos para ver dónde ponen los huevos. Para nosotros es como un juego y una misión de espía. Es fantástico y sigiloso. Mi abuelita Bibiana es una muy buena tejedora, no hay un día que ella no esté tejiendo. Teje telares, huimica, que son dibujos en telares. Hay de personas, olitas del mar y arañitas, que a ella le gusta mucho hacer. Me ha tratado de enseñar pero es muy difícil y no he podido. Yo le ayudo mejor a ovillar la lana, así se la pone en la mano y le vas dando forma hasta que se convierte en una pelotita. En la escuela jugamos palín, que es un juego tradicional. Se juega con un wiño, que es un palo, que en la punta tiene una vuelta y hay que pegarle a una pelota que se llama pali. Los dos equipos tratan de avanzar con la pelota hasta pasar la raya que es como un gol. El que hace más rayas el ganador. Nosotros celebramos el Wuñol Tripantu que es la nueva vuelta al sol o el regreso del sol. En mi escuela participamos todos, vamos con nuestra manta y trarilonco a la playa y hacemos una rogativa para da gracias y le entregamos una ofrenda para que nos vaya bien en el nuevo ciclo del sol. Y  los grandes bailan purrún que significa baile en chedungún, para conectarse con la tierra. Me gusta celebrar mis tradiciones, me gusta mucho ser lavkenche y agradecer al año quemado, es decir la madre tierra por todo lo que ella nos da, nos dio y por todo lo que ella nos dará. Hola soy lucas y vivo en ponotro. Tengo ocho años y estoy en tercero relm. Yo les quería contar que cuiden el medio ambiente y que también persiguan sus sueños desde chicos y que lo puedan lograr."
"e25","Alonso y la fiesta de San Pedro y San Pablo","Hola soy Alonso Quiroz, tengo 11 años y vivo en Tejas'Verdes. Tejas'Verdes está cerca del puerto de San Antonio. Acá se junta el río Maipo y el mar. Es un lugar muy tranquilito y bonito. Hay muchos pájaros, el rayador, la garza real y la tagua. Hay bosque, río y mar. Vivo con mi mamá que se llama Patricia y mi papá Francisco, mi tata Mario, más conocido como el cacharro y mis hermanos Sofía y Emiliano. También tenemos unos perritos, el Boby y la Rosa, que tuvieron 4 cachorritos, son como pelotitas blancas y también tenemos muchos gatos. Este se llama vaca, porque parece una vaca. Esta es la cojita porque le falta una pata, nació así. Con mis hermanos somos del club Río Maipo, ahí jugamos, mi hermano de delantero y yo al arco. Jugamos con Martín, Carlos, Juancho, el ""guagua chico"", el ""Mora"", el Emiliano y el Samir. Acá en mi casa todos ayudamos, mi mamá siempre dice todos los monos bailan. Eso significa lavar las tazas, ordenar y hacer todo. Lo que más me gusta hacer con mi mamá es el pan. Mi mamá le pone agua, la sal y la grasa, y yo amaso. Luego se hace como una serpiente, se corta en pedacitos y en bollitos y se aplasta con la mano. Y al otro día domingo, se meten al horno por unos 15 minutos. Huelen ricos. En mi familia todos somos pescadores, mi tata, mi papá y mi tío, todos. Yo estoy aprendiendo y a veces voy con mi tío Carlos al río. Con mi hermano jugamos del pescador con el bote chico que nos hizo mi tata Mario, lo amarramos al bote grande y hay veces que cuando lo llevamos a la playa echamos la red palo, de todo. Una vez nos pusimos el traje de buzo de mi papá, jugamos a ser pescadores, hacíamos que pillábamos jibias. Mi papá se levanta temprano, cuando nosotros todavía estamos durmiendo de noche. Él se mete de oscura al mar, saca pejerreyes, tollos, corvinas, pejegallos, salmón, lisa y lenguados. A mí me gusta mucho acompañarlo. Hay veces que me quedo la orilla o él me dice ven para acá afirmarme esto y esto otro, y yo le digo ah, ya, ¿está hondo o no? porque me da miedo. Yo ya se encabalgar las redes, él me enseñó. Se agarra el hilo, se hace un triángulo, se amarra, otro triángulo, se amarra y se van poniendo un espacio, una boya. Acá mi papá hace la pesca chinchorro de generación en generación que eso antiguamente hacían los indios. Ahí mi papá cuando entra al mar tiene que combatir las olas con los tíos. Cuando el bote va dando la medialuna ahí se encierra el pescado, se enmallan en la red. Cuando mi papá llega a la orilla, le ayudo a sacar la red y viene llenita de pescados. Una vez mi papá pilló 100 kilos, llenó como  5 cajas, lo vendimos todo en la caleta y sacamos mucha plata y estabamos todos felices. Como somos pescadores cada 29 de junio se celebra San Pedro y San Pablo. San Pedro es el patrón de los pecadores, hacemos una fiesta en la caleta, hacemos un desayuno con leche de chocolate y un queque para todos los niños. Después jugamos a las carreras, carrera en sacos, carrera cuchara y huevo, y la carrera de tirar la cuerda. Es mi favorita porque siempre me caigo. A San Pedro lo sacamos de la capilla adornado con redes y pescados que hacemos nosotros. Es una tradición para agradecerle a San Pedro, para que cuide a los que se meten al mar como mi papá, para que lo siga haciendo siempre. A mí me gusta que mi familia sea de pescadores y yo alguna vez seré uno de ellos. Hola soy Alonso Quiroz y quiero decirles que no contaminen los lagos, los ríos, los mares, que no contaminen con bolsa o botella plástica, con basura, latas, porque eso le afecta a todo ser vivo que esté en el mar."
"e26","Sofía y Juan Domingo, súper hermanos","Hola soy Juan Domingo y tengo 10 años. Y yo soy Sofía tengo 12 años. / ella es mi hermana Sofía. Vivimos en Santiago de Chile, acá hay varios cerros. Estamos a los pies de la cordillera, a veces se ve la nieve en la cordillera, hace frío, y en verano vamos a la piscina, y a la Sofi le encanta la piscina. A veces vemos como conejos o ratones. Si, son pequeñitos como hámsters. Una vez vimos como un lagarto enorme, como de un metro. Y en verano hay muchos bichos, zancudos, pican mucho. Zancudos y alacranes. Acá vivimos con mi hermano, mamá, papá. Si, nuestros papás Carolina y Rodrigo. Y nuestra gatita la blanquitis. La blanquitis es una gran cazadora de conejos y pájaros. Pajaritos. Lo que más me gusta de mi casa es el patio. Caracolitos,  muchos caracoles. Tenemos una huertita donde todos plantamos, hay muchas plantas y árboles. Tenemos menta, matico, orégano y el cedrón es el más rico. Tenemos un patio grande donde salimos a jugar. Nos gusta mucho saltar en la cama elástica, saltamos súper alto, hasta el cielo. En casa hacemos varias cosas juntos. Ayudamos a limpiar, ponemos la mesa, pero lo que más nos gusta es cocinar juntos. Me encanta. A veces hacemos pizza, es la más deliciosa. Primero mi papá hace la masa, y luego levadura, harina y con mi mamá le ponemos la salsa, quesos, pepperoni, tomates. Amo el queso. Se hornea un rato y ñam, queda deliciosa. Cuando celebramos algo en la noche hacemos una fogata, el papá toca la guitarra y la Sofia y yo cantamos. A mi hermana le gusta la música y baila mucho. Violeta Parra. Le gusta la violeta parra, canta veces su canción. A mi me encanta la bicicross. Se hacen saltos en una pista. Es muy rápido y entretenido. A la Sofía le gusta mucho escribir y dibujar. Le gusta mucho el color lila y el rosado. Ella dice que es su favorito, siempre los elige para todos. Ella es mi amiga, la valentina. Su mejor amiga es la Valentina, con ella juegan, se maquillan y se pintan las uñas. A mi hermana Sofi le encanta tocar la flauta. Una vez se le perdió, y la tuvimos que buscar por todos lados. Le cuesta decir algunas palabras porque ella nació con síndrome de Down, eso significa que algunas cosas le cuestan más que otras. Es una niña especial. Mi hermano, me ayudo a hablar, te amo. Yo veo que corre más lento y le cuestan algunas palabras, pero ella se esfuerza por aprender. Hay unos niños que se andan burlando de mi hermana y yo me peleo con ellos porque eso no se hace. Ahora le estoy enseñando también a andas en bici. Cuando estoy triste me abraza muy fuerte. Yo lo abrazo. O cuando me caigo ella corre a hacerme cariño. Es súper mágico porque el tiro se me va el dolor. Yo pienso que la gente debe aprender que las diferencias y las personas son muy importantes porque nos hacen especiales y deben saber que significa que una persona tenga síndrome de Down. A mí me gustaría ser cuando grande campeón mundial de bicicross, ese es mi sueño. Y Sofía. Doctora. Quiere ser doctora. Y yo creo que lo va a lograr porque ese es su sueño. Hola mi nombre es Juan domingo y esta es mi hermana Sofía, tiene síndrome de Down y los invito a conocer a los niños con Sindrome de Down para que se acerque a jugar con ellos y lo conozcan y porque a ellos les da mucha felicidad tener amigos."
"e27","Sayuri, una niña shipibo-konibo","Hola soy Sayuri vivo en Lima, Perú. Pertenezco a la etnia shipibo Konibo. Vivimos en un lugar llamado Cantagallo cercano a la ribera del río Rímac. Mi nombre en Shipibo es Metsa Rama, que significa niña bonita. Nosotros venimos de Paoyhan, es un lugar de la Amazonía cerca del río Ucayali, acá hay muchísimos animales como serpientes, tigres, monos y motelos, que son como tortugas muy grandes. Los Shipibos se vinieron a Cantagallo, hace muchos años y hicieron una comunidad. Acá en Cantagallo hay una cosa muy bonita de nuestra cultura, en las paredes de las calles hay muchas pinturas shipibas porque los Shipibos somos artistas y artesanos, hacemos artesanías y pinturas y bordados. En las pinturas hay lugares de la amazonía que recuerdan de dónde venimos, la comunidad, la selva y los animales. Acá yo vivo con mi mamá y mi papá, y muy cerca viven mis abuelas, ellas son grandes curanderas y artesanas Shipibas. Acá en Cantagallo tenemos nuestra escuela, donde nos enseñan lengua Shipibo, y mi mamá tambien me enseña muchas palabras, como Parranta que es plátano y Kenti que es una olla donde se toma masato, Jakun yamekiri es buenos días o Jakun Yantan que es buenas tardes. Me gusta ir a mi escuela pero ahora con el covid no podemos ir porque está cerrada y hacemos las clases desde la casa, eso es aburrido y muy complicado, yo no entiendo mucho así. Pero ahora están haciendo una nueva escuela que será más grande y bonita. ¡ya quiero volver y jugar con mis amigos a las chapadas! Uno cuenta y todos los demás corremos a escondernos para evitar que nos atrapen, jugamos tanto que siempre vuelvo a casa así como bruja, despeinada y con mucha tierra. Mi abuela Dora me enseña los puntos del tejido de kené que es el tejido tradicional Shipibo, es sagrado y muy espiritual, se pintan diseños como de anaconda que es muy importante para nuestra cultura porque es el espíritu del río, Yacumama. El kené se hace en las pulseras y para los coronas y vinchas de los unayas, ellos son curanderos que pueden ven el futuro con el ritual del ayahuasca, que es algo solo para adultos. Mi abuela Lourdes es curandera, ella ayuda a las personas que se enferman, usan plantas como matico y eucalipto, a mi mamá la curó con sus plantas medicinales cuando ella estaba enferma y tambien me enseño a sanar con las plantitas. Con mi mamá y papá siempre nos vamos a Pucallpa, que queda lejísimo pero nos vamos en bus, y no me gusta porque casi siempre nunca me siento bien. Pucallpa es muy bonito, y está lleno de árboles y de bosques. Hace mucho calor y esta el río san josé y san francisco, allá con mi papá paseamos en su moto y eso es muy entretenido. Y también está mi perrito doki, que es muy juguetón y mordelon. Con mi mamá cocinamos platos típicos Shipibos, cómo el masato o el juane que es para la celebración de San Juan Bautista, se hace con gallina, arroz y hojas de bijao y aceituna y huevo. El bijao son hojas muy grandes, ahi se envuelven y se hace el juane. En las fiestas usamos un chitunti, que es una falda tradicional, la mía me la hizo mi mamá, bailamos el baile de anaconda y masha y cantamos icaros y usamos también pulseras de huayruro, es como un talismán que nos protege siempre. Ser shipibo es muy importante para mi. ¡me gusta mucho pertenecer a mi comunidad! Los shipibo somos buena gente, artistas y artesanos, pintamos y bordamos y contamos historias, curamos a los demás con hierbas y cantos. Hola soy Sayuri Silvano y mi nombre en Shipibo es Metsa Rama. Les quiero decir que no tengan verguenza de su cultura porque es muy valioso, vale más que cualquier oro y si se burlan de su cultura no les hagan caso, ellos son los envidiosos. Gracias por verme y chao."
"e28","Fabricio, un niño kallawaya","Hola, soy Fabricio. Vivo en Amarete, en Bolivia. Está muy cerquita de la frontera con Perú. Es un valle en la cordillera.  Hace frío y para calentarnos y cocinar hacemos un poquito de leña. Muy cerca en Charazani hay una vertiente de agüita calientita. Yo una vez nomas he ido pero es bien bonito por allá. Aquí yo vivo con mis dos hermanitos, Pablo y Ayar, con mi mamá Dionisia y mi papá Néstor. Somos del pueblo Kallawaya, un pueblo muy importante que cura con las plantas. Con sus hojas hacemos matecitos con el eucalipto que huele muy rico, o la manzanilla y la muña que sirven para el dolor de estómago. Hablamos Quechua, yo sé unas palabras. Jamuy significa ven, y Wasi es nuestra casa. Y acá hay un río donde vamos a lavar la ropita. Voy con mi mamá y mis hermanos. Ahí primero la tienes que enjabonar y luego la metemos al río. Y ponemos un nylon para que el agua no se la lleve y ahí se enjuaga solita. Aquí en Amarete hay un cerro que se llama Iskani, significa Cerro Sagrado. Yo también me llamo así, Fabricio Iskani. Allá los adultos van a hacer ofrendas para que la siembra salga buena, porque cerca de ahí tenemos una chacrita, donde plantamos papa, oca y maíz. Para sembrar primero hay que remover la tierra con unas herramientas. Aquí las llamamos tajlla y lauk'ana. Luego hay que sembrar las semillas y a veces les ponemos guano a la tierra. Y así sale todo más fuerte. También cuidamos que el rebaño no lo pise o que se coma todo. A mi me gusta sembrar la oca que es de color naranja, amarillo y roja. Es como una papita muy larga, dulce. Es miski, Rico, me gusta mucho. Acá en Amarete festejamos la fiesta del Irwi, el inicio de la cosecha. La realizamos una semana antes del carnaval y participan todos los del pueblo. Bailamos y comemos los primeros productos del año. Comemos mucha sopita caliente. También tenemos cuyis. Tenemos como  1,2, 3, como 15. Son chiquititos, de dientes grandes, peluditos, algunos son blanquitos y cafecitos. Algunos son cafecitos, negro y blanco. Y con negro tambien han nacido. Son muy rápidos y siempre se me escapan. En las mañanas voy a la escuela, me gusta mucho ir. Ahí nos enseñaron que al pueblo Kallawaya nos dieron un premio mundial, por nuestra cultura y por usar las plantas como medicina. Eso es muy importante. En mi escuela celebramos muchas fiestas. Como el día de las madres, la fiesta de Amarete. Recitamos y bailamos y tocamos pinquillo, a mi me gusta mucho. Con mis  amigos William, Carlos y Kevin jugamos al trompo, que es una maderita con punta de metal que se enreda en un guato y lo tiras al suelo. Ahí gira y gira. También jugamos Richi, que son canicas. Yo tengo 10, unos blancos, negros. También tengo azules y rojas. Y ahí debes tratar de golpearlas con las otras. Tienes que lanzarlas y hacer villar y si golpeas te quedas con las canicas. Los Kallawayas tenemos médicos curanderos. Mis dos abuelos Máximo y Rodolfo son yachaq. Entonces visitan a los enfermos y ven qué enfermedad tienen. Y usan plantas, hacen matecitos para sanarlos, como la Wira-Wira o Chullca-Rumi-Qwea, para el resfriado. Me gusta ser Kallawaya, mi papá me dice que somos un pueblo muy valioso. Yo también lo creo. En Amarete la tierra es muy sagrada. Valoramos mucho la naturaleza y también sanar con plantitas. Y cuando sea grande me gustaría ser Yatiri como mis abuelos, recorrer nuestro rico territorio y curar a las personas de las enfermedades. Primero quiero saludar a todos los niños del mundo. Quiero hablarles del tema de la salud. Ustedes tienen que cuidarse y protegerse también, y también tienen que usar plantas medicinales porque hay que confiar más en lo natural. Chau a todos y muchos abrazos de parte de la nación Kallawaya."
"e29","Tainá, una niña guaraní de Brasil","Hola! Soy Tayná y soy una niña Guaraní. Tayná, una niña guaraní de Brasil. Mi nombre significa estrella de la mañana, vivo en la aldea Itaoca, en Sao Paulo, Brasil. Somos como 60 personas. Vivo con mi mamá, mi papá y mis hermanitos y mis hermanitos Glenda, Alifi, el bebé y con mi perrita Cunhá, significa mujer, no sabía como ponerle pero como es hembra le puse así, ella siempre, siempre quiere jugar. Acá las casas las construimos con barro, madera, hojas de palmera y tejas. La nuestra la hizo mi papá y mis tíos le ayudaron. Aquí tenemos nuestra escuela, una farmacia y la Opy, que es muy importante para nosotros. Ahí vamos a orar a Nhanderú que es nuestro dios guaraní, a veces cantamos y bailamos. Y a veces mi abuelo fuma la pipa con hojas de tabaco. Cerca de nuestra aldea hay un riachuelo. Ahí vamos a jugar y yo a veces saco algunos camarones, una vez agarré uno muy grande!. En Itaoca hace mucho calor, y también cae mucha lluvia y por eso hay hartos árboles con diferentes frutos muy ricos; Está la palmera, la papaya y la banana y la jaca, que es una fruta muy, muy grande y muy pegajosa. A mí  me gusta porque es muy dulce. También plantamos algunas cosas como maíz, sandías, zanahorias y la caña, que crece super alto. En Itaoca se pueden ver diferentes animales, la cobra cascabel que suena así, armadillos y si se asustan se vuelven bolita, las pacas que tienen dientes muy grandes. A mi me gusta hace muchas cosas con mi mamá, conversar, ayudarle a lavar la loza y hacer canastitos con taquara y sirven para guardar muchas cosas. Y juntas hacemos Mbojapé, que es es un pancito, se hace con trigo o maiz y agua, se pone a las brasas y queda muy rico. En mi escuela somos como 10 niños, nos enseñan matemáticas, portuges, pero todo en  guaraní porque es nuestra lengua. Lo que más me gusta es comernos la colación y jugar Koti'jere, que es así, gira, gira gira y te tiras al suelo. Los guaraní celebramos en septiembre el Ara'pyau que es el año nuevo, celebramos la renovación, pedimos bendiciones a Nhanderú, los espíritus sagrados nos visitan y se recolecta Ka'a, yerba mate que es super importante para la celebración. Y en la opy bailamos Tangará un baile solo de mujeres. Nos pintamos la cara cuando menstruamos y cuando nace un bebé. Usamos una pintura que se hace con jenipapo y pintamos igual a las garras del pájaro Aracuan, es como una protección para nosotras. Tambien tenemos muchas leyendas, una es sobre la abuela que se convierte en jaguar y se come a todo el pueblo. A mi me da mucho miedo. Mi papá siempre me asusta con esto, eso le da mucha risa a él, entonces soy super cuidadosa cuando salgo de noche. Somos la etnia guaraní Mbya. La naturaleza es muy importante para nosotros, tambien nuestra lengua y tradiciones. Respetamos al espíritu del agua, animales y plantas. El poder de la naturaleza es muy fuerte y el respeto que tenemos por ella es muy grande. Hola soy Tayná, dejé que Pichintún me grabara, me quede muy feliz aunque me dió verguenza. Pero después no me dio verguenza. Y cuando se vayan me voy a quedar triste, espero que les guste mi pueblo y mi capítulo."
"e30","Lisardo, un niño maya de Yucatán","Hola, soy Lizardo y vivo en Tipikal Maní. Lizardo un niño Maya Yucateco de México. Tipikal es una comunidad del estado de Yucatán en México. Se conoce como pueblo mágico porque es muy bonito. En todo Yucatan hay cenotes que son unos pozos con mucha agua de lluvias. La gente lo usa para tener agua y también se baña. En Maní hay uno muy hondo, el cenote yo'k'aankaba, me da un poco de miedo porque es muy profundo y yo aún no sé nadar. En el centro del pueblo hay una mata muy, muy grande, es una ceiba, es un árbol sagrado de los mayas, tiene muchos espinas y dice la leyenda de xtabay que una muchacha muy bonita sale de noche de adentro y atrapa a los hombres. Acá en Tipikal hace mucho calor y llueve mucho y hay frutas muy deliciosas. La carambola que tiene forma de estrella, hay dulces y hay ácidas, a mi me gusta la dulce. También está la choch que tiene una semilla enorme y está el chicazapote que es el favorito de mi cerdito porque siempre se come los que se caen del árbol. Yo vivo con mi mamá, mi papá y mi hermana y mi casa es una de las más antiguas y tradicionales de Tipikal. Las paredes son de rocas, el techo es de hoja de guano y la construyó mi abuelo. Afuera tenemos una candela y un fogón para cocinar las comidas, allá hacemos tortillas. Para prenderla vamos a recoger leña con mi papá. Tengo un chivito blanco que se llama cuernitos y jugamos al torito. Yo lo llamo así ¡ven cuernitos!, y salgo corriendo, él me persigue y me torea. También tengo un perro que se llama Oso, y un gato que se llama Blan que quiere decir jaguar en maya. A mi me gustan mucho los animales y cuando sea grande quiero ser veterinario. Acá hay algo muy tradicional que son los bordados. Y a mi me gusta bordar. Un día vi a mi mamá haciéndolo y le  dije: ¡Quiero aprender! y ella me enseñó. Dicen que para bordar bien tienes que hacer jaxbil, que es pasar tu mano sobre una serpiente. Un día mi papá fue al monte a buscar leña y encontró una cascabel y la trajo a la casa y yo con cuidado la acaricié, después mi papá la devolvió al monte. Creo que por eso me quedan muy bonito mi bordado, ella me traspasó los poderes. Ahora hago punto de cruz, vas contando los cuadritos y formas el dibujo. Ya bordé mi bolsa para mis lápices, también hago tapabocas y monederos. Luego con mi mamá los voy a vender a Maní. Acá casi todos tenemos meliponarios que son para criar abejitas meliponas, ellas son muy chiquitas y trabajadoras y no tienen aguijones para picar. Con mi mamá y mi tía las cuidamos. A veces algunas se caen en el agua, ahí yo las saco y las suelto y hay que rescatarlas. La miel nos la comemos o hacemos gotas para curar los ojos, jabones y cremas. También hacemos dulces de coco o de pepitas calabaza con la miel y para agradecerles les hacemos una  fiesta cada 20 de mayo el Jalma Waaj. Hacemos un altar con un poco de miel, algunas flores, un poco de agua y un poco de Sakab, que es una bebida de maíz, todo se pone en una mesa en jicaras (fruto recipiente) y nosotros nos sentamos junto a ellas a comer tortillas con frijoles. Tengo varios amigos Yura, Iván, Isacc y Santiago y yo extraño jugar con ellos al trompo y las canicas. Pero lo más entretenido acá en Tipikal es volar papagallos. Se hace con un taj que es una maderita gruesa, se le ponen bolsas o papel, sales corriendo en tiempo de aires y se puede llevar hasta el cielo. Una vez hice uno que casi se me escapa. Llegó tan arriba que casi  topa los aviones. En Tipikal tenemos muchas fiestas como el Hanal Pixan que es el día de los difuntos. Tomamos chocolate y comemos pancito y les hacemos ofrendas con lo que a ellos les gustaba comer a los muertitos. Hacemos un camino con flores naranjas y amarillas, así conocen el camino y vienen un ratito a visitarnos. También está la  fiesta del Pa'puúl, ahi le pedimos a Cháak, dios de la lluvia, que llueva mucho. Lo hacemos en el Atrio para san juan Bautista y llevamos cantaros, con ranas, culebras e iguanos, quebramos el cántaro y salen corriendo y se van al monte.  Acá en Tipikal Maní somos Mayas y eso es muy importante para nosotros. Es una cultura muy especial. Yo siempre pienso kaláantej Maayat'aano', que significa cuida la lengua maya, esto es aprenderla y hablarla para que dure para siempre. Hola soy Lisardo y soy de Maní Yucatan, les vengo a comentar a todos los niños que debemos cuidar a las abejas y a los adultos que dejen de fumigar con químicos malos para las abejas, si no, ellas mueren."
"e31","Asly, una niña moxeña","Hola soy Asly y vivo en San Ignacio de Moxos. Asly, una niña mojeña, Bolivia. San Ignacio de mojos es un pueblo que está en el departamento del Beni en Bolivia. Se conoce por ser la capital folclórica por sus bailes y sus danzas y ser un lugar muy espiritual. Acá en San Ignacio pertenecemos a la comunidad Mojeña, por eso hablamos mojeño ignaciano. Por ejemplo, Tata, significa  papá o señor, meme  significa; señora o mamá, y por ejemplo picharacuaya significa ¿Cómo estás?, Nuti nujaire Asly significa Yo me llamo Asly y azurupalla significa: gracias. Hay un lugar que me gusta mucho es el museo que se llama Viñu papapica euta vicarau uvimutu, ahí hay muchas cosas que cuentan la historia sobre nuestros antepasados mojeños. En San Ignacio de Moxos hay como dos climas, en tiempo de lluvia llueve mucho y en tiempo de sequia hace mucho calor. Acá en San Ignacio tenemos árboles con frutas que son muy ricas como la naranja, la papaya, el limón, la guayaba, y el pachio, el pachio es amarillito y muy dulce, con ellas se pueden hacer jugos muy refrescantes, como el de la guayaba, que es mi favorito. Hay un lugar muy especial, una laguna que le da el agua a todo el pueblo. Se llama la laguna de Isireri, significa Anguila grande. Las personas van a bañarse a la laguna y es muy refrescante. A veces el agua se hace turbia y se hace poquita y después se hace cristalina y mucha agua. Yo vivo con mi mamá, mi papá, mi hermano, mi abuela, mi tía, mi tío, y mi primito Thiago. Y tengo  mi hermanito Aron, le enseño a leer, los números y muchas cosas más. Yo tengo mi abuela se llama Nahir, yo de cariño le digo Mami Nahir. Yo le ayudo a pelar las papas, las cebollas, así la verdura, la zanahoria y el tomate para hacer una rica ensalada y siempre dormimos juntitas. Tengo 11 pollitos, tengo uno que se llama pollin, otro pollon, pollino, reina, pio pio, negrito, pollito, negrito, reinita y muchos mas tengo aún y son muy ruidosos. Se me suben por acá, se me suben por aquí y me hacen risa porque creen que yo soy su mamá. Me siguen a todas partes y se meten por mi cabeza y por mis hombros. Y se juntan y yo les doy su comidita y su aguita. Pero un día uno se murió, se llamaba negrito y eso fue muy triste. Los mojeños somos conocidos por la agricultura. Sembramos maiz, arroz, caña, plátano y yuca. Con mi papá vamos el campo y al chako vamos en el caballo y yo llevo a mis pollitos en su asaye, que es un canastito hecho con hojas de motacú. Allá en el campo preparamos la tierra, la limpiamos para que quede así bonita para que no venga el tigre y se la coman a las vaquita. Los mojeños somos grandes pescadores a mi me gusta pescar. A mi me enseñó mi papá, vamos a pescar al río Cenero. Vamos en la canoa, buscamos una varita, le ponemos una pitita y su anzuelito. Esperamos un rato y pescamos las pirañas, después las cocinamos, podemos hacer un sudao o piraña frita. En San Ignacio de Moxo hay una orquesta, y una escuela de música, donde le enseñan a los niños a tocar instrumentos, como la flauta traversa, la flauta, el piano, violín. Y yo estoy tocando el piano y estoy aprendiendo ha tocar un poquito la flauta, traversa. Tenemos una fiesta  muy bonita que se llama la Ichapekene piesta, que significa fiesta grande. Acá viene gente algunas veces de otros países a ver nuestra fiesta. Ah y hay una cosa súper divertida el palo encebado, aquí  la gente se sube y se cae. Hacemos la procesión del Tintirinti  y hay hartos bailes con diferentes trajes. Están los macheteros, los achu que representan a nuestros antepasados, a nuestros abuelitos; está el sol, la luna, la estrella y el tigre. Yo salgo de moperita, estoy con mi sombrerito y mi tipoi. Yo salgo con mi abuela y mi papá toca el bajón que está hecho de hoja de paya. Y bailando le damos las gracias al santo San Ignacio por cuidar al pueblo. Los mojeños somos una cultura muy antigua y valiosa. Soy muy afortunada de haber nacido aquí en San Ignacio y pertenecer al hermoso pueblo mojeño lleno de cultura y tradiciones, es único en el mundo. Aquí estamos en la laguna Isireri y hoy vine a darles un mensaje. Cuida al tatá y a la meme, que son los que nos enseñan, al abuelo y a la abuela. Cuida a tus mascotitas y a tus animales. Valora a tu familia."
"e32","Marlon, un niño yahuas de Perú","Hola me llamo Marlon y vivo en la Amazonía del Perú. Marlon un niño Yaguas de Perú. Somos una comunidad nativa Yaguas, vivimos a orillas del río Momón, acá está rodeado de ríos y árboles, y solo se puede llegar en bote, después de una hora de viaje. Mi comunidad se llama Nueva Vida, somos como 200 personas. Casi siempre hace mucho calor, a veces empieza a correr viento y comienza a llover super fuerte. Los yaguas somos grandes pescadores, a mí me enseñó mis papás y mis abuelos. Hay tres tipos de pesca: tarrafear, es una red donde atrapas los peces; anzuelar, se hace con una caña y nylon; volantinear se hace con puro nylon y sin caña. En el río se saca peces como cahuara, bujurqui y sungaro. Acá en la comunidad hay muchos animales, gallinas, perros, viboras como la naka naka y en el monte hay sajinos que son parecidos a los chanchitos, también sachavacas que son negras, son muy grandes y tiene un cuernito, además hay majas de color negro. En el río hay bufeos, son delfines de color rosado, son muy grandes y bonitos, una vez con mi papá, atrapamos uno con la red, pero lo dejamos libre. Y también hay anacondas, casi siempre en la orilla son serpientes muy grandes y súper largas. Son muy peligrosas porque ellas atrapan animales para comer, a mí me da mucho miedo. A veces ellas cambian la piel y la dejan botada, con esa piel se hacen pulseras, collar y aretes. El río es muy especial para nosotros los Yaguas, porque navegamos, nos da comida y también nos bañamos, eso es muy divertido, yo voy con mis hermanos y mis amigos. Soy súper buen nadador, me enseñó mi mamá y mi papá. Me gusta mucho nadar y me gusta mucho la trampolinada. Subimos a una roca grande, nos brincamos al agua, el que da más vueltas gana. Yo vivo con mi mamá, mi papá y mis hermanos Lislao y Angelo, con ellos me gusta jugar mucho al fútbol. A veces jugamos en el barro, somos muy buenos. Con mis amigos jugamos fútbol y Kiwi, ahí pones chapitas en el piso, luego con la pelota le das a la chapita, hay que botarlas todas para ganar. Y también me voy a la escuela y aprendemos muchas cosas. A mi me gusta leer. Pero por el covid no he podido ido ir. Escuchamos las clases por la radio. A mi no me gusta así, porque allá me gusta jugar mucho con mis amigos. Con mi papá siempre cortamos y recogemos leña para poder asar pescado, Mi papa me enseña a cazar y a tallar el pate. El pate es como una pelota y se le parte al medio y sale una máscara. Yo se hacer cucunas que son como las cerbatanas largas. Antes era para lanzar flechas, yo las hago para vender a los turistas. Con mi mamá  hacemos pulseras, collares con la chambira, que es una planta que se teje, le ponemos las semillas de huasai y huairuro. También las vendemos a los turistas en la maloca. A la comunidad vienen siempre turistas, hacemos el baile de Bujurqui, cuando vienen los turistas. El Curaca que es el jefe, toca el Bombo. Yo me pongo mi Shampa, hecha con fibra del árbol de aguaje. Lo Yaguas tenemos  muchas leyendas, una me da mucho miedo pero otra. El Shapchico es el espíritu  que protege a los animales del bosque,  engañando a los cazadores, hace pisadas falsas para que no lo puedas encontrar. Los Yagua somos una tribu especial, vivimos en la selva muy tranquilos, cazamos para alimentarnos, no nos gusta el ruido como la ciudad. Me gusta el río y toda mi comunidad. Me gusta enseñar a la gente como son nuestras costumbres. Hola me llamo Marlon, vivo en la comunidad Yagua. Somos grandes pescadores, cuidamos lo que nos rodea. Chao, gracias por vernos."
"e33","Arony, un niño de Salvador Bahía","Arony, un niño de Salvador de Bahía , Brasil. ¡Hola! Soy Arony un niño de Salvador, Bahía. Mi papá me dijo que Arony significa el guardián de las hojas. Salvador es una ciudad muy bonita. Tiene muchas playas y parques. Hay tres faroles, el de Barra, el Itapuá y el de Humaita, que sirve para iluminar el camino de los barcos. Al puerto del Salvador llegan barcos super grandes de diferentes lugares del mundo, Japón, Portugal, Alemania y Chile. Yo vivo en el cerro Castillo Blanco con mi papá Lee y mi abuela Amerinda y mi mamá  Michelle vive en otro lugar, en San Antonio , en el centro de la ciudad. Yo siempre voy a verla y vamos juntos a la playa. Mi casa está llena de árboles porque a mi abuela le encanta la naturaleza. Tenemos árbol de pitanga y cacao, ese es el favorito de mi abuela. Acá en Bahía hace mucho, pero mucho calor, por eso siempre tomamos picolé, que es un helado super rico. Y lo venden así ¡picolé! y suena una campanilla, ahí uno sale corriendo a comprarse uno. Hay de sabor a  maíz, kaja y gabiola. El que más me gusta es el de chocolate. Con mi papá siempre vamos al estadio para ver los partidos de Bahía. El es grafitero y pinta murallas como de 50 metros. Ya pintó cosas africanas y ahora está pintando otra pared muy grande. Me gusta acompañarlo y verlo pintar, a veces lo ayudo un poquito. Creo es un trabajo genial. Yo Tengo un cágado que se llama Alice y es de tierra, le gusta comer muchas hojas de noni. Mi abuela la llama chiquitica y todo el tiempo muerde a la gente. Parece un dinosaurio, a mi me encantan los dinosaurios, siempre los estoy dibujando. Me gusta el velociraptor, es rápido y cazador. Tengo un cuaderno lleno de dibujos de dinosaurio. Cuando grande quiero ser un paleontólogo. Me gusta mucho jugar fútbol en la cancha del barrio. A veces jugamos sin zapatos porque es de tierra, ahí juego con mis amigos Octavio, Lucas y Gabriel. Y me gusta jugar de portero y soy muy bueno. La mayoría en Bahía somos afrodescendientes. El candomblé es la religión africana y vamos al terreiro que es el templo. Los orixás son dioses y protectores. En el dique de Tororó están las estatuas de los orixás, están sobre el agua y son super grandes. Está Oxum, Ogum, Oxóss, Xangô, Oxalá, Iemanjá, Nanã e Iansã . A mi me gusta Oxum, es de la belleza y agua dulce. Acá hay muchos lugares que hablan de la historia de los negros. Está la iglesia nuestra señora del rosario de los negros, ahí todos los santos son negros, porque antes los negros eran esclavos y eran traídos de áfrica y eran vendidos como cosas en el mercado. Y eran maltratados, no eran libres y eso es muy triste e injusto. Pero hay una cosa muy entretenida, son los encuentros de capoeira. El capoeira es un baile de lucha, se hace que se pelea pero no se golpea a nadie. Hay música, con el berinbao, el pandeiro, ahí se canta y lucha al ritmo de la música. Y tenemos muchas fiestas y ceremonias como la fiesta de Lavangen Bomfim que es cerca de mi cumpleaños, ahí todas las personas se visten de blanco y las Bahinas lavan las escaleras de la Iglesia. Y está la fiesta de la conciencia negra que es el 20 de noviembre y recordamos al Zumbi de los palmares, él fue  como un superhéroe para los negros, porque él ayudó a que su pueblo fuera libre, qué es algo  que todas las personas tenemos que tener. Me encanta vivir aquí y hacer cosas geniales con mi familia y mis amigos. Hola soy Arony, un niño de Salvador Bahía de Castillo Blanco. Espero les guste mi experiencia y mi video, y mis amigos y mis padres. Adios."
"e34","Sofía, una niña nahua","Hola soy Sofía vivo en Tepoztlán, México y soy una niña Nahual. Sofía una niña Nahual, México. Tepoztlán es un lugar muy bonito. Hay muchos árboles, hace calor y llueve mucho. Arriba del cerro del Tepozteco hay una pirámide, la pirámide del Tepozteco. Mi mamá  me cuenta que cuando hay tormenta se pueden ver los rayos caer pero a mi eso me da mucho miedo. El lugar que más me gusta  en Tepoztlán, es el zócalo, es un lugar donde  hay  sillas rojas con un techito, puedes ir a descansar o te puedes subir a los árboles, yo siempre voy con mi mamá. Yo vivo con mi mamá Cinthia y mi papá  Asael, mi mamá  es enfermera , y trabaja en el hospital de la mujer, ahora con el covid ha estado trabajando mucho. Me pongo triste de no verla tanto pero estoy feliz de que ayude a los demás. Con mi papá hacemos muchas cosas, jugamos freezbie, andamos en bicicleta y como a mi me gusta mucho el fútbol, siempre asistimos a los partidos juntos. Mi pelota es de color blanca, con rosa y negro, jugamos muuucho con ella!. Tengo un gato que se llama colorín, a veces no le gusta jugar conmigo pero a mi perrita Chispa si!. Con ella peleamos por la pelota. También me gusta jugar con mi papá con él siempre jugamos al fútbol, pero siempre me gana porque soy chiquita pero un día le ganaré. Voy en 2do de primaria, mi tía  monserrat, a la que  le decimos Mon, es la maestra de educación física y a veces me recoge en su motocicleta y me lleva y me encanta que me lleve!! y cuando llueve el agua de los charcos nos salpica!. Lo que más me gusta en la escuela es jugar  con mis amigas y con mi prima Mayoli pero ahora es triste, no puedo ir a la escuela por la pandemia, solo se puede conectándose, eso es aburrido. Extraño mucho a mis compañeros. Tepoztlán tiene una cosa muy rica. En el pueblo puedes comer nieves, son unos helados de muchos sabores, algunos tienen chile o alcohol pero también hay de fresa, de limón, de piña y de coco  y también he probado sabores extraños como el de  pétalo de rosa que es como suavecito pero mi favorito es el de galleta. Mi  bisabuela Manuela  vive muy cerca. Siempre la voy a ver. Ella me ha enseñado algunas palabras en Nahual como  mistli que significa gato y chichito que es perrito. También  hacemos  muchas fiestas donde hay comidas y fuegos artificiales bailes y dulces!!. La que más me gusta es el Carnavalito, es una fiesta muy divertida donde los niños y niñas vamos a brincar. Nos ponemos un traje de chinelo y esperamos a que llegue la banda de música. Todos en el pueblo participamos en  la fiesta, y cada uno tiene su traje. El mío me lo hizo mi abuela. Tiene unos adornos que yo misma elegí, un conejito, un perrito y una mariposa. Mi abuela  los bordó, le quedaron muy bonitos. Mi traje también tiene un sombrero  que me lo hizo mi  abuelo que tiene unas perlitas, que se mueven al bailar. Otra fiesta que me gusta es el día de los muertos. Ahí  nos disfrazamos. Yo una vez me disfracé de calavera y de Katrina. Mi favorito es el de vampiro. Los niños salimos a pedir dulces, llevamos chilacayotes, el mío lo hice con mi papá y en las casas las familias hacen ofrendas para los que ya se han muerto. Ponemos velitas y cosas que les gustaban a los muertos. Nosotros ponemos lechita y pan para mi hermanita Lupita  que ya falleció. Acá tenemos muchas leyendas sobre quetzalcoatl que es la serpiente emplumada de los Nahuas. Un día quetzalcoatl, con cuerpo de hombre, salió a buscar el maíz pues todos tenían mucha  hambre, estaba cansado, y hambriento. Paro a descansar y vio un conejo. Le dijo al conejo que creo que voy a  morir de hambre y no podré volver con el maíz para salvar a los hombres. Entonces el conejo le dijo, No puedes morir, cómeme, me dejó cazar y así podrás encontrar el maíz y salvar a los hombres. quetzalcoatl lo tomó y lo subió a la luna. No te mataré, le dijo, ni te comeré y te pondré en donde puedas iluminar a todos con tu bondad. Me gusta esta leyenda. Yo pienso que las leyendas son especiales y muy entretenidas y es muy bonito conocerlas y lo mejor es contarselas a otras personas y a otras personas y a otras personas."
