"episode_id","title_es","text"
"e01","Florencia una niña Rapa Nui","Florence, a Rapanui girl. Iorana Korua, I'm Florencia Araki, I live in Easter Island. The island is pretty. The sky is light blue and the clouds are white. My dad works in the Uta on my family's plot. I like to help him. We plant fruits and vegetables. When we make holes a lot of wind to plant the seeds. Then we put agüita. The plants are affirmed in the sticks we put. And they begin to grow and grow. Then we reap Perejíl, tomato, avocado, bananas and many more things. And we have some animals. Chanches, cows and horses. I like to ride the Ilo hole. What I like to do the most is dive, I get snorkel. And we carry an harpoon in case a shark appears. The fish that are most on the island are the pici, the master sword, the Maito and the Titeve. When it scares, it inflates like a balloon and there are many tunas. In hype there is a turtle -shaped pool. Many turtles always arrive, some giants with beautiful caparazones with their children. There are green, blue and coffee. My favorite place on the island is Anakena. Every time an important person died, a moai was made. Raraku Rano volcano took out the stones to make the moais. The moais are very large and heavy. They seem to move them with strings and bananas sticks. They grabbed the Moai and then stopped them in the AHU. There are many ahus throughout the island. The Tapati is a very important party and we do it in February and it comes people from all over the world. What I like most is dance competition. And I danced tamuro with costumes made of feathers or shells called Pitis. We also use crowns made of flowers and other things. And we chose the king and the queen of the island. But in my house the queen is me."
"e02","Isaac un niño Aymara","Hello, I'm Isaac and I live in Colchane. Isaac, an Aymara child. Colchane is in the Altiplano in the Andes mountain range. The landscape is very beautiful. There are volcanoes, rivers and geysers. In the summer it rains and in the winter it is so cold that sometimes snow falls. It is very cold. In my house I live with my dad and my brothers. We live so close to the border that sometimes we can go to buy by bicycle. My grandfather Faustino lives in inquelgá. In an Adobe house near the mountain. He is a shepherd and breeds and alpacas. Here are almost all people we have. We lies to us almost everything to live. Meat, leather and wool. We lick them. Floreum is something we do in the New Year, Aymara. We place wool pompoms to the wee we know who they are. When my grandfather is going to walk he takes my Toby dog. I like to accompany him. But you have to get up very early. And it gives me a lot of sleep. That is my Toby dog. It's funny. We lies are very funny. Sometimes the tail is pursued. And jump. And they play as if they were friends. Sometimes we go with my grandfather to his farm to sow. Here we sow Quinoa and Popes. It is almost the only thing that grows. At sunset we have to take the wee to his pen. So that the foxes are not eaten. With my grandfather we also went fishing. Near Calchuri there is a large slope with fed up water. We have a super good technique. We make a pool with stones. And we get caught with a bucket. This is easier to grab them. Here we fish Sutri and trout. LAT LIST YAT or Aguayos are the most traditional fabric. When I was a bus my mother was loaded in a Yi or Aguaya. We also use them to load food. When there is carnival I put my hat that my grandfather of Bolivia brought me. We dressed with very fine costumes. We dance sicuri. And we threw up chaya. The Aimaras believe that Pachamama Our Mother Earth is sacred. We take great care of her. And we appreciate everything that gives us."
"e03","Natalia una niña mapuche","Natalia, a Mapuche girl. Mari, Mari, I'm Natalia. Thus we greet the Mapuches. We speak Mapudungun. We live in the community of Mahuidache, a LOF near Temuco. Here it rains a lot in winter. And you can play more because there are trees, there are birds. It is very cute. And there is more patio. My dad helped him to milked the cows every morning. We also take the eggs that put the chickens. You have to do it very early. Here is my cup. My ñaña, my grandmother. My grandmother is Machi. A Machi is a person who cures people. He knows about herbs, heals the sick, directs the ceremonies. And it is very, very important for the community. I really like roasted flour. And it is richer when it is with milk. I love it. Today will be a great day. In ceremonies I look very pretty. Use Tarilonko, silver rings called Shaway, Quilla, which is a warm layer. It is warm. Trapelakucha and Trarihue. Today there is Nguillatún. I like Nguillatún because I share with people. And I also celebrate the We Tripantu which is the new sunrise. Our New Year. We also eat many rich things with the Michenén or Catuto, nicknamed with juice, beans and the muday. I like to take muday and we like to talk a lot. In the Nguilletún we all participate. Tañicucú, my grandmother, touches the kultrun. She directs the ceremony. My dad plays Tructruka and Pifilka. I would like to learn to play the trumpe. Toin, Toin, Toin, Toin, Toin, Toin. It sounds very nice. In this ceremony we ask to have good time. Good harvests. And we thank Newechen for health and life. """
"e04","Mana un niño Rapa Nui","We live on an island in the middle of the Pacific Ocean. Iorana, my friends tell me about and I am a Rapanui child. I live in Hanga Roa, in you whistle or you, also known as Easter Island. My island is full of colors, very green trees, there are many types of flowers and fruits and the earth is red. The island is warm, sometimes it runs a lot of wind. You can walk with a shirt even if it is raining. One of the oldest traditions on the island is the priest. We make a hole on earth, we fill it with stones to hot down. Then a large tray, food, meat, chicken and tuna. On Easter Island, in the sea there are many types of fish. My favorite fish is the manuhe, gray, big and guatón. The Titeve is a balloon fish that inflates when it is scared. But we cannot eat because some are poisonous. The Tapatí is Rapanui's most important party. I danced. My uncle paints my body with Kihea, white, red and black paintings. They paint me Make Make, the God of the Rapanui. And Mantao, the same drawings that carved our ancestors in stone. The Rapanui loves music. When we are all together, my dad plays the guitar. My mom sings. One of my brothers touches the battery. And the other touches the ukelele. I really like singing. One of the things I like the most is to play ball. But what I like most is to row in Vaka Hame. So we tell the canoes here. For the tapatí the races range from Hank Piko to Anakena. One of the most beautiful places on the island is Anakena. Just before arriving at the beach there is a great amú. Amú are sacred places where my ancestors lifted the moais. They remind us of our deceased ancestors. In the Tapatí for the next day they make Hanapico races to Anakena."
"e05","Joel un niño huilliche","Hello, I'm Joel Quinán, a Molulco Huilliche child. Joel, a Huilliche child. Molulco is on the Grande de Chiloé Island. Here it is full of lakes and forests. I live near my school with my dad, my mother, my little brother and my tata Juan. My tata, before bed always tells me Chilotas stories. Some give a lot of scare. Like the caleuche, which is a ghost ship that appears between the fog at dawn. This is my school, the rural artistic of Molulco. It is artistic because we like to sing. In the recess I like to play the dye and frozen with my friends. And there are also many animals. Some savages like the colo cat, the Chilote fox. And the Pudú child, which is like a deer but smaller. We are surrounded by sea. My favorite place is Molulco's estuary. There are many sea stars here. Hello. Sometimes I helped Mariscar my mother. We take clams, choritos and fight. Auch! Ha ha ha. Our richest custom is the curanto. We prepare it outside in a large hole. And we cover it with many hot stones. The priest carries fish, meat, potatoes, seafood, Milcao and Chapalele. We all help a little. And it is very entertaining. We Huilliches on the longest night of the year celebrate the We Tripantu, which is the new sunrise. It is when winter begins. Here is our lonko. Our leader. We all listen to it here with great respect. The lonko tries whenever we help ourselves. A tradition where we live is the Minga. It is when we change the house of a neighbor. Or we help to cut the firewood or harvest potatoes. We all support ourselves. After finishing we get together to share a rich and delicious food. But they do not let me out very late, because according to the legends my grandfather tells me the island of Chiloé is full of strange and dangerous beings."
"e06","Kristel una niña Aymara","Maya, Paya, Kimsa, Pusi. Hello, I am learning to tell my language, Aymara. My name is Kristel and I live in the town of Pachica. Kristel, a Aymará girl. Pachica is in a ravine in the middle of the desert. The water of the Tarapacá River is very important for us. We can take and water our crops. Like corn, spinach and parsley onions. My mom is the person I like the most in the world. She works by planting rich vegetables. And when someone needs some to cook, he goes to our farm to buy them. In the farm of my family we have lambs, chickens and guinea pigs, which are mice with a small tail. My favorite animals are the rabbit and the call. I love making them love. We lies are very intelligent. When they go for a walk, they return alone after eating for a while. My favorite game is to catch the Cuyi. We put a box and pursue it all over the pen. Sometimes we do competencies with my friends. I catch you! This is my home. Here I live with my mother, my dad and my three brothers. My mother likes to weave. And weave with a loom. Weaved beautiful belts, warm Anakos and Awuayos of all colors. My mother uses lamb wool, flames or alpaca. The softest of all. We paint the wool with natural dyes, which we take out of the earth and plants. I like when my mother cooks the Kalapurka. This dish is very rich. It has a peeled corn, meat, onion, coriander, garlic, pepper, chili and potatoes. It has many ingredients. I want to learn to prepare it. In winter, every June 21, the Aymaras celebrated our New Year. We climb to the tip of the hill. And we expect the arrival of the first ray of the sun. The Aymaras always thank Mother Earth for all the blessings they give us. Hello, I am Kristel and this is my suit. This is called Aksu. I, my grandmother and my mother we wove it to dance in the Sicuri Carnival."
"e07","Camilo un niño ciego","Hello, I am Camilo and I am seven years old. I live with my dad, I tell him Chinese, because he has very much eyes, so very stretched, very chinitos, so slowly that he uses. My mother smells so rich to flowers, sweets, croissants and in quecs. I tell him pretty. I live with my sister and together we do many experiments. I have two turtles, they are called Maxi and Martina, they are water turtles. I have two dogs, Rafa and Doby. The Rafa is super crazy, steals, toys and to the table are steal. And the Rafa eats a lot of poop. My mom also puts her nervous. Sometimes the boot, my grandmother takes care of every afternoon, we play together and eat apple with salt. I really like going to school. There are many games and friends. I have four companions, Anaís, Martina, Fernanda, Ayleen and I, the only man in the course. And we learn to read in Braile. And my white teacher is the best teacher. With each finger we read books, stories. And my favorite story, Mac the unknown microbe, is very brave like me. Hello. Goalball is a sport that consists of catching the ball and the ball has many sounds. I earned a medal last year in Goalball. I like to ride a bicycle. I have a feeling of jumping to the water and the wind takes me. In my piece there are toys, many instruments, a safe, my secret box only I can open it. In my box there are many secrets. I have many instruments. My favorite is the Güiro, accordion, drums and many more instruments. To make an instrument at home, you need some other jar. Rice, coins, balls, whatever they want is thrown. Then they close it and cover it with the Scotch. And ready, it is already an instrument. I love to go to the fair. There is a lot of noise, there are different textures and different types of smells. Sometimes I help sell. I sell, I sell, I sell the vegetable! What I like most is Friday. Today is Friday and my body knows it. We do entertaining things, we dance and I love the games we do on Friday. One day a strong storm fell and the light was cut. All were scared, except me. I was happier than ever, it was the best Friday of my life. Hello, I am Camilo and I want to inform all children. I want them to be curious because it is incredible."
"e08","Eva una niña Lickanantai","Hi, I'm Eva and I'm Lickanantai. I live in Toconao, north of Chile, very close to San Pedro de Atacama. Here I live with my mother, my dad and my brother, the Seba. He likes dinosaurs and strange things. It's a little crazy. And I also have a cat called cocoa. My mom put her like this and always bite her feet and break the socks. What I like most to live in Toconao is that there is pure air, it is very quiet and silent. Here is not like the city, we have no traffic lights because there are very few cars. Here in Toconao is the Jere Valley. It is a very nice place. There is a river, pools, orchards, and trees. I like it because my grandparents also went to that place. In the summer we bathe in a pond that is between a forest. We tell you the pool. It is very entertaining. That water also serves to water the orchards. Here the quince, figs and pomegranate plant. The grenade is red and has many pepas and is super sweet. Here in Toconao there are several volcanoes such as Licancabur, San Pedro and San Pablo, El Quimal, The Jurique and Lascar. In Lascar's slope is Old Talabre. There are many precious herbs. With my mom and my grandmother we will collect them. They smell very rich. First we choose them, we cut them with scissors, we clean them, and then take them out hung for several days. There are many and different. We get airampo, which serves for fever. The rich rich is very rich. And the tolilla that was used to help repair broken bones. With her many techitos are made. My mom gives us when we are sick and we always improve. But there are also Yatires, people who heals sick people with ancestral medicines. I also like to help my grandmother dye wool. First, she takes the wool to the sheep, which is ugly and blanquita. He puts them in a bowl, puts the wool and dye. And my grandmother stains them with natural tinctures, such as Betarraga or with Airampo. This gives wool a pink color. It is very pretty. My favorite food is the Patasca. I have cooked with my grandmother. And carries corn, meat, potatoes. She is very rich. We, the Lickanantai, have many traditions, such as payment to Earth. There you thank the Patahoiri, which means Mother Earth. The water, the fruits, everything she gives us is appreciated. You always look at the mountain range and the offerings are delivered. We put a pitcher with Chacha. A very rich smell is burned and comes out. We also make flourishing. A ceremony to put the wool to the sheep. Blue or pink pompoms are placed on the sheep. Thus females are differentiated. That day we dance chururito, a typical song. Chururito, Chururito, as the Lorito is killed. How the churo lorito is killed than a huayrurito. I like to be Lickanantai because you can collect herbs, know many things and follow the traditions of my family. Hello, I'm Eva. Come to Toconao. I will teach you the routes of herbs and traditions and customs. Bye. Pichintún, Pichintún. It goes around. Eagle. What a beautiful pichintún."
"e09","Benjamín un niño de tierra del fuego","Hello, my name is Benjamin and I am a Magellan child. That means I live in Tierra del Fuego, in the southern end of Chile. It is called Tierra del Fuego because formerly an original town lived that were called the Onas or Selknam. They made fires that were seen from the ships, so fire was always seen. In Tierra del Fuego it almost always is cold and runs a lot of wind. In winter frost and snow falls. To warm myself I have my poncho and my beret, which heats up my head. And also to walk the pierneras that are hairy and warm. In spring different birds begin to arrive. Loica that is like little and has red chest. The caga that is white, the male and black the female. And the bandurria has a very long peak. We live with my dad, my mom and my sisters Sami in the stay María Eugenia next to the route. And my sister has a cat that likes to walk a lot. It always goes and returns. His name is Temáukel, just like the God of the Selknam. Sometimes we know many tourists from various parts of the world. English, Austrians, Brazilians, Colombians. In Tierra del Fuego the sky looks blue with very white clouds. In the afternoons they look purple pink of all colors like a rainbow. And at night we sometimes see many stars and comets. The other day we were looking at the sky and saw one that exploded as an artificial fire. The wind is very important for us. We have a mill. We use it to generate light. Thus we can have light and load things and watch TV. My dad works in the room. It is the administrator. It takes care of animals, horses, sheep. I really like to help. We give them food, we clean them. And we have many dogs that are guardians of the sheep. They are fox hunters and help us with work. What I like to do the most is surround and walk on horseback. I learned about four years. We go out with my dad and dogs. My school is far from my house, in Cerro Hat. It is called Herro Hat because it is above the hill that looks like a hat. We always do entertaining things with my family. We are going to camp, for a walk and we are close to the Holy Spirit beacon to hunt Sentollas. They are red with shell and have pointed things. They look like giant spiders with many legs. After winter we make the sheep. Then a chopper with a machine that seems to cut hair. They take the wool, then they put them together and take them. The bundles are pressed and sold. Then the sheep are super peladitas. The wool grows again as in a year. I really like to live here for tranquility. Because I can play a lot and I don't have to get up very early. Hello, I'm Benjamin and I live in Tierra del Fuego. I want to tell you that they take care of the environment where they live. Also that they are tolerant and accept the different."
"e10","Nahuel un niño cuasimodista","Hello, I am Nahuel, I live on the mountain. I like living here. There are trees, field, there is river. In the summer, I bathe in the river. I threw fourth. Sometimes with my dad we get pyriguines, put a mesh and grab them. And then we bring it with a bottle with water. This is bully, my dog. Play with me, it boots with my feet, I get it like, I make the rod, I do it there. I live with my tata Juan and my grandmother. My tata carrots, onion, potatoes. And we take potatoes. We take them out with pillory. I open the bag and he grabs the handle and throws it away. My grandmother Teresa, weaves a lot with the sticks. HEAJO CALCEta, Pantufla, vest, pants. Very rich kitchen the pantrucas. Pantrucas are mass squares. It has meat, potato, broth. What I like to do the most is walking on horseback. I learned at two years, I like it because it's fun. I have three horses, flower, moon, fonda. The flower is clear brown and white spot. The horses must be taught. Thus they are calm and do not throw people. To horses you have to take care of them a lot. My tata made him a brush, with that we brushed him. You have to give it agüita, bales, sand, oats. That no more. I like to gallop with my tata. We go to Cerro Rosario. There we make a roast. We had a good time. We climb to the hill and we will see the little birds. Here in the mountain we celebrate quasimodo. It's a party. People are on horseback and accompany the curite. Let's see the sick. We dressed as Guaso. Boots, spurs, pants, leggings, shirt and blanket. With a white handkerchief on the head. Mine was bought by my grandmother. It has a cross equal to that of my tata. They go on horseback, go by bicycle and on foot. The horses also dress quasmented. We put a layer. Yellow blue red. We put rattles and bells. It looks very nice. Sometimes we shout like this, live the Christ King! Long live! We shout. The party is very pretty. And many people come. I am Nahuel. I live with my grandfather and my grandmother. I am quasimodist. And when it's bigger I want to be carabinero."
"e11","Luisa María una niña migrante","My name is Luisa María, I was born in Bogotá, Colombia and arrived in Chile about three years ago. Colombia is a very beautiful and very big country. In Colombia there are no marked stations as here. There are cities where it is hot and others where it is very cold. In Bogotá, for example, in a single day it dawns, it's cold. Then a lot of heat, then the wind begins and the rain comes. All this in a single day is weird. On the holidays we went to the pool or the beach. The sea there is warm. My mother is called Flor Alba and my dad Manuel and I have a younger sister named Manuela. We play, I tell you stories and spend a lot of time together. Manuela loves running and climbing, she is very naughty. We decided to come to Chile because my mother was offered to work here. I did not agree to the beginning, but then I liked the idea, knowing a new country. I had never left Colombia. The trip was a different experience, an adventure. I was very nervous. I wondered on the plane, will I have friends there? What will my school be like? When we arrived in Santiago, everything caught my attention. The taxi, the food, the city. We thought the city was ordered compared to Bogotá. But the way of talking about Chileans is very different. I still remember when they told me for the first time, Cachay! I did not understand anything. It was fun. We arrived in winter and it was very strong because we were not accustomed. We had never felt so cold. It was terrible and we cold. Now we learned and warm ourselves a lot for the cold time. And I don't like that. But there is one thing that caught my attention from Chile, the earthquakes. In Colombia there are also, but here they are different. And what catches my attention is that Chileans do not get scared. So there one thinks, they know, they have experience. In my course they received me very well. I liked everything because I met my friends. Julieta, Antonia and Renata. We love drawing. We are the artists of the course. Some children only think of the cell phone or tablet. As I have nothing like that, I spend it reading and I show my friends that reading is not a nightmare. From here I like the charquicán, the nickname with the bitch and the choripán. From Colombia I miss a meal that my grandmother made, which is called the paisa tray. But the celebration that I like most in Chile is 18 because they are like all the celebrations they make in Colombia in one. We go to the fondas, we meet many people and have a great time. What I have done most about Colombia is my family. My cousins, my grandparents, I miss everything. When Christmas we spent together. I like Chile a lot, it's a lovely country. If they gave me the option to return, now I would give me some can as they say here. I got used to it, now I am very happy to live in Chile. Hello, I am Luisa María and I am Colombian and now I live in Chile. And I want to tell all the children to change, to change is good, do not be afraid to change."
"e12","Rodrigo y Cristóbal, niños crianceros","Hello, I am the Rodrigo. And I Cristóbal. We are brothers. We live on lawn, at the foot of the mountain range. Here there are many hills, trees and there is a river called the Illapel River. We are going to bathe there. Water is super frozen because it comes from the mountain range. It is big and sometimes it is blanquita. Once we played in the snow, we did little angels. And we ate toasted flour with snow. It's pretty here. There are many animals. There are pigs, goats, horses. Here are dogs, chickens, cows. And there is something nice. They are called petroglyphs. They are carved stones that our ancestors made to tell their story. How they were, how they got their food, how they did everything. In my grandmother's house there are many. They are beautiful. We live with my mother, my dad and my brother boy. My dad is a criancero. It has many goats. He goes to the mountain range because the grass is more abundant there. The glove is our puppy that helps my dad go looking for goats. A When he moves from one part he goes with the other dogs. My grandparents live in the house. My grandmother Elsa and my grandfather Pedro. Sometimes we played dominoes. And we go to look for firewood. But the Cristóbal does not like to go because it is lazy. Poh energy runs out. The schools are all far away and we have to get up very early. In Los Perales we go to a multigrade school. We are 12 colleagues. The Emilia, the Ignacia, the Nibaldo, the Rubén and the Richard. José, Simon, Miguel, Marcos and Ricky. Our teacher is called Priscila. She is very nice and always teaches us that we must greet and be educated. We play several things at recess. Taca-Taca and then we go to the rope and then we go to the ball in the long recess. I like Sanchez plays in our selection and won a golden ball. I understood myself. All the people where I live all to the Cordillera de Argentina. A party is called transhumance. We make fires to put cups to take eleven and at night we saw the stars and are usually very beautiful. We take out the milk. What we need for cheese is a mold, we stirred it, we put rennet and salt. We spend the whole summer in the mountain range. We play many things. We play that we are crianance, right? And we sell the cheeses. When I great, I want to be a criancero because almost my whole family was like that. My grandmother is a criancera, my grandfather, there almost all the people are a criancera. After March we return to the house. And the goats also return, but until the next climb to the mountain range. Hello, my name is Rodrigo. And I Cristóbal. We live on the feet of the mountain range. There it is, in a place that is valley, it is very beautiful, there is a river, the oil must be taken care of and not touching them and not taking them."
"e13","Lala, una niña magallánica","Hello, my name is Adelaida and they tell me Lala. I live in Punta Arenas, a city that is at the southern end of Chile. There are many sculptures, the sheep, the whale tail and the most important, the Indian's leg. The legend says that if you kiss him, he gives you good luck and returns to Punta Arenas. It is cold here. And my grandmother, I tell her Beli, says that the sun is as an ornament because she almost never heats up. Sometimes there is a lot, a lot of wind. And that's why in the corners there are railings to affirm themselves because the smallest or thinner people can fly. Once my feet got up, I almost flew, it was a lot of fun. I live with my mother, my brother Lucas and my clotary kitten. Almost every day and when the sea is calm like a cup of tea, I can see many dolphins from my window. They jump and play and sometimes very close to the shore. My dad is a sculptor, made the whale tail and also a restorative. He has repaired several monuments such as the sheep is very large and beautiful. My dad does not live with us, but I love to visit him and go for a walk in our twelve wheels. It is entertaining. I also spend a lot of time with my beli. She does several things. Looms, bags, paint. She is a great artisan. And several times we have acted together in a work called Kre'chenen, which means in Selknam ""grabbed of the moon"". He tells a sad story of how the original peoples were not respected that inhabited these lands and that is why it almost no longer exists. And that's really sad. I love making crafts. I made a house to my clatplay with a cardboard box that has three floors and above is his bed. He has scratched the entire bath curtain. Here in winter a few days snow falls and with my mother I like to go to María Bethy park because there is a lagoon that sometimes freezes. We go with my Trini cousin, but since we don't have ice skates we slide with bags or tires. Here in Punta Arenas every year, in July or August, we celebrated the winteries. Many people gather, more than 3,000 people and after singing the national anthem we run to the sea, which is super ice cream. The murgas and comparsas are also presented, which are groups with very happy and colorful themes. They disguise themselves, make allegorical cars and compete for being chosen the best. This year we participated in the murga fantasies and stories of Magallanes and we were pirates. I had a hat, long boots and a sword. And it was above the ship, which wore thousands and thousands of balloons with the colors of the Magellan flag. I love living here in Punta Arenas. There are many traditions, my city is very beautiful. We live in harmony with beautiful nature and share a lot in family. Hello, my name is Adelaida and I live in Punta Arenas. I want to tell you that I think not everything is garbage. That recycle the bottles they have in the house and that we help recycle to take care of the planet."
"e14","Cristofer, un niño Pehuenche","Hi, my name is Cristofer, I live in the community of Cauñicu, in Alto Bío Bío. We are Pehuenches. Pehuenche means Araucaria and Che means person. My house is near the mountain range and next to a river called Cawelloco and a volcano called Lavablanca. I live with my dad, my mom, with my grandmother and I tell him Mama Lisa. I have two dogs, the lynch and the Max. Before we had four cats and got into the stove and stole Charqui. And so we had to stay with two, Nahuel and Heidi, which is my gift. When I arrive from school I like playing with my computer and when my nephew comes we played trees and had a great time. I also like to accompany my grandmother who lives next to me. I help you picar firewood, give food to horses and accompany her when she is sad. She tells me that we have to keep the Pehuenche and Chedungun tongue. I know how to speak the Chedungun and tell up to ten. Kiñe, Epu, Kula, Meli, Kechu, Kayu, Reqle, Pura, Aylla, Mari. My grandmother tells me stories like the story of the man who became León. It was a man who fled to a cave and only ate rabbit. Then he realized that he was growing his hair a lot and became a lion. In the winter it falls a lot of snow and is cold and I like to play in the snow. We make snow monkeys and throw ourselves with snow balls. And we also prepare ice cream and mix the snow with juice. Outside my grandmother's house there is a climb and we throw ourselves with nylon down. Once we threw ourselves and go so fast that we collided with a tree. He was entertaining, but I hit my head. My mom put me Llantén, which is a sheet that has a juice to heal the chichones. In spring they come out digueñes, which are a fungus that come out in trees. To get them we throw a stick or make an invention. We eat the digueñes in a salad we put coriander and a lot of lemon. It is super rich. In April we are going to look for pine nuts. The pine nuts are the fruits of the Araucaria. Araucaria is the most sacred tree in our people. Before the pinions were almost the only food ate the Pehuenches. When we enter the pine shop we have to leave them an offering of thanks. It can be food, some fruit or money. To get the pinions, my dad has to get on top of the Araucaria and move the branch to lower the pine nuts. With the pinion the Chaved is done, which is like a soup. The catuto is the pinion, but ground. And the vulpi that are the cooked pine nuts. Twice a year, the ceremony called the Traguan is celebrated, which means in Chedungún Hand. It is a rogative where we ask Chao'ngenechen, who is our God, to be a good year. Adults touch the Kultrún, which is a drum that is made of leather and wood. I participate dancing. We are dressed in a charahuilla, which is like pants. We are painted from the nose. We put on the cascahuillas, which are like rattles. And the blanket, and the scarf and some feathers. We turn around the flags. And I feel alive when I dance. I want to be, when great, a doctor because when a family who is sick, I want to help him. And if there is no cure, I want my grandmother to teach me traditional medicines. Being Pehuenche is an honor. It is very important to follow the betrayals. Hello, I am Cristofer, a Pehuenche child and I want to send a message to the children who do not forget their language, their language, nature."
"e15","Emilia, una niña de Arica","Hi, I'm Emilia and I live in Arica. My house is close to Chinchorro Beach. And in summer I always go to the beach. Some time ago I was in surf classes. I got in living water in my leg and it hurt a lot and they already chopped twice. Before I went to walk in kayak with my dad or with my tata. We have seen turtles swimming. When we were paddling, the turtles passed and took their heads. I love the city because it is very pretty. It has a beach and is not very large. I can eat very rich fruits such as passion fruit, as Maracuyá is said, which is very rich and acidic. I like to eat the chicken spicy my mother and the stuffed aji that my dad prepares. He is super rich and is not so spicy. I live with my mother, with Fran, my mother's husband, with my brother Julian, with my brother Javier and with my puppy Bruno. My mom is an archaeologist and studies the things that people used here a long time ago. I love going to the Azapa Museum because it has the Chinchorro mummies. They are the oldest mummies in the world. I am in a basic third and I like to sing and skate. But what I like most is to dance. My mom and I are dancers and we rehearse every Sunday. My dad is a musician and we prepare to dance in the Carnival that is called with the force of the sun. Carnival is very large and many people from other cities and countries come. The carnival lasts three days and every day we change the dresses. This year we wear an orange dress with green water, purple with gold and white with gold. It is also a competition in which all the troupes compete for a prize. My comparsa is called Carnival Tomb. In our troupe we are more than 200 people. The costumes do the seamstress of the group and poor thing because it has to make hundreds of dress. There are dancers, dancers, figurines and musicians. We dance Tumbe style. Very nice and fun and dance like this. When we dance we carry our hands free to take the skirt and move it. The Tumbe is a style that comes from Africa. A long time ago they brought African people who forced her to work in the field. They were called slaves but luckily there are no more slaves. The musicians play Chekeré, the Güiro, the bells, the repique and the drum. With my mom we made a Shekeré with a dry pumpkin, with a rope and balls to make wooden bracelets. Before the Carnival we get together in the Plaza Brazil to prepare. Each comparsa chooses a queen or ñusta. She carries a crown. During the Carnival we dance in different places in Arica. Sometimes in the morning, sometimes in the afternoon and sometimes at night. Some days we end very late. I don't get nervous because I started to dance from a very young age. I was about two years old. I get happy and excited when people applaud us. In the end, when we pass through the jury they put points for costumes, dance and music. When they told me we won, I was very happy and excited. I would like to participate next year and for many more years. And I would like to do the Ñusta of the Comparsa. Hello, I'm Emilia. I invite you to the carnival that is very beautiful, that many people from other cities and countries come. If they come, they will have a great time. Bye bye."
"e16","Flavio, un niño chilote","Hello, my name is Flavio and I live on the island of Añihue, in Chiloé. Añihue means place of blue birds. Here I live with my dad, my mother and my grandfather Nano who have a house next door. We have three dogs, a chicken called Catrina and a pig called José. My mom calls him to give him food. On the island we live as 100 people. As there are few children, I have to go to a school on the Great Island of Chiloé. Sunday happens to search by boat and takes me to school to the boarding school of Quicavi. And there it spent the whole week. Every day we have class until 4 in the afternoon and then we are going to play football to the gym. When we go to bed we are talking, playing or doing anything. Fridays happens to look for a boat to take us home. The boat passes through several places before arriving in Añihue and leaves me in the middle of the island where my mother is waiting for me. There we go in a truck to the house. I like to draw or make boat models. I am learning to navigate and sometimes my dad lends me the helm and I like that. My dad works by building and repairing boats. It is difficult to make boats. A large boat takes about 8 months. The boat is thrown into the water and we make an acceleration. It's like a minga. They come from another person and drag it until the water arrives and floats. We prepare a lamb roast. The boat owners come. He is super entertaining. Other children come and we play music. The island of Añihue is very pretty. At night with the full moon from my house you see a shine in the sea. They are fishes. With my dad we went fishing in boat. We throw a network and stick to the sea blast so that the fish are frightened and they go slowly towards the network. We take róbalos, pejerreyes and salmon. My mother dries fish. I helped my mother take the fish and hang them. It takes them to a stove, light fire and dry them with smoke. In my house there are many chickens. My mom uses them to make casseroles. It is my favorite food and my mother is very rich. I also like to visit my grandfather. My grandfather has land, animals and cultivates potatoes. The potatoes are very rich and have different colors. There are white, red and yellow potatoes. He tells me history we talked things that happened to him before. Chiloé is an island with a lot of nature, what I like most of here is the sea. When I would like to be a naval architect. Naval architects draw or make the plans of boats, ships or barges. After studying I would like to continue living the island because it is very nice and calm. Hello, my name is Flávio Renín, I live on Añihue Island. My dad works by making boats, my mother is water operator. And when I would like to be a naval architect."
"e17","Panchita, una niña de circo","Hi, I'm Panchita, I'm 9 years old and I'm a circus girl. This is my family's circus, here we all work, my mother my dad and my sister Javiera, my brother Benjamín, my sister Emily. Also in the circus is my uncle, there are my cousins, there is my grandmother Sole that she is now the owner of the circus because my grandfather has already died and went to the sky. That was very sad because my grandfather is no longer there and I know that he is accompanying us in the function. And they are my dogs Tequila and Tichi, they are very playful because what they like to do is howl. And my sister Emily is very funny because she disguises George and she likes it a lot. The circus is something that exists for a long time. Before we had animals in the circus for numbers but now not because people didn't like it very much, because they were locked, they were caged. The circus is itinerant, we are always changing from the city to do the functions. And we have been in Viña, in Chillán, in Talca, in Santiago and many more. And as we travel a lot we live in a rolling house, it is the same as a house no more than wheel, it has a bathroom, it has a bed, it has tele, kitchen and everything like a house. I like to sleep with my grandmother in the rolling house, her bed is very large and we always laughed and ate many sweets. As we always changed it, I go to school in a different way. I always have a school and new friends. But I think so and maybe when I'm going to see them again. Then they give me their WhatsApp and there I keep talking to you and there I do much more friends. Our circus has a very large blue tent. It has white ornaments with red, has colored flags and is very nice. And the most beautiful thing is when the lights turn on and looks very beautiful. Sometimes with my mother we went out to propaganda from the circus. We are touring all the streets in a car and the propaganda says thus come children today to Miquel Circus!. In the circus we all do everything. We sell churros, cotton of sugar, take pictures to the public and then you are an artist. In my family we are all artists. My sister Javiera who makes the balance on the tightrope and is very dry and brother Benjamin who is a clown, the Mimín clown and in the elastic bed jumps very high. But what I like most about the show is my dad with my mother, they make the double pendulum of death. And what I like most of everything is when my dad plays a mask and is completely blind. And it gives me a little scary, but I know that they know fed up and I know that they are the best. And I am a contortionist and that means that I can bend my body. I stretch back and grab a flower with my mouth. And nothing hurts me, I look even like a gum and every function that already touches me as I do not know, just as happy, a little nervous is that I don't know how to explain it. I really like being circus and following my family's tradition. I also feel that my grandfather is always with us, so when my presentation ends I always send a little kiss to heaven. Hi, I'm Panchita and I want to tell you that the bigger I will continue to be the circus and that I want to tell you to come to the circus because the circus is good and they will make it laugh and do not miss and come."
"e18","Ignacia, una niña artista","Hello, my name is Ignacia, I am 9 years old and I live in Puente'alto. Here you can see in the Andes mountain range and in winter after the rains it is very blanquita full of snow. I live with my grandmother Alicia, with my dad Jonel and my mother Raquel. She makes me leafs from Parra and I love them, they are my favorites. My dad invents words, Mrs. Moronga tells me with a mango flavor, it is the richest flavor of a sweeter girl. I have myelomeningocele and I find it hard to walk, this means that when I was closing my column, the ball was made. When before birth I couldn't leave so they operated my mother. When I left I got beautiful, my mother always tells me. That's why I feel very special. When I was younger, I cost me walking. Well my legs didn't have much strength. Now I can do it. Sometimes I get tired and I can't walk much, so my mother takes me to school with a wheelchair. I can do many things I alone and others need help like climbing stairs. I have a cat and a dog. The Stevens plays with me, I put the thread and follow me everywhere. The Purple has 2. I put that name for my favorite color. Purple eats everything, alfajores is their favorite food. On weekends we went for a walk with the Purple and it is very brave, bricks the big dogs. It makes me laugh because he is very small. I love painting, I always draw Purple, it's my model. I painted it in a famous picture, the shout, I was very beautiful. We made an exhibition and they all saw the painting, it was great. As a child I went to the Telethon, there I have several friends, I have Alicia, Cristóbal, the tasting and play with all of them. Really enjoyed it. There I do several therapies that help me move to my body better, such as the tasting that does different exercises. I exercise with a bicycle, I have to move with my arms. It's hard. I also go to the archery workshop, it is a sport where you have to throw a fair arrow just in the center, sometimes it stuck. On Fridays I exercise with horses, there this Pepe, the star and the gringa and my favorite is midnight, it is black and has the white legs. My teacher's Diego taught me to raise my arms without falling. I like to walk above the horse, I think horses help children. That's why they are calm with us. Once I went to the final show of the Telethon. I was full, I felt excited but very nervous. Then they applauded me and I was very happy. I have many dreams when it's big. I would like to be scientific, I would like to find Tutankhamun's DNA. In my house I always do experiments, I mix agüita, brillitos and makeup. It is very arrested. I know there are things I can do and others that I don't, but I don't care. I know that I will fulfill my dreams. Hello, my name is Ignacia and I am 9 years old, I have myelomeningocele and this is not a disease just a condition. I want to tell the children with myelomeningocele that we are beautiful and that we accept ourselves."
"e19","Jorge y la fiesta de la Tirana","Hi, I'm Jorge and I am 10 years old and I live in northern Chile. I live in the city of Iquique, it is very beautiful. Here always is hot and it almost never rains. There is the best beach in Iquique, Cavancha, is my favorite. It has white sand and few waves. I swim so much that I get wrinkled. I like to go to Paseo Cavancha, there is a large sign that Iquique says. And in the summer there is a fair with many entertaining things. In the center of Iquique there are many beautiful walks. There is Prat Plaza, where there is a super big watch and there are always parades and parades. There is a train car that is super old and super entertaining, but it is super slow. Here in Iquique there is a museum ship, it is in the port called the corvet'esmeralda. There are several things from Iquique's naval combat what happened many years ago. And where our hero Arturo Prat gave his life. From the market you can see the buoy where the emerald is sunk. I live with my mother named Jessica, my dad named Jorge, and the voucher is my sister. I also have a very, very different pet from any other. It's the Wallace, my chick. My sister did it, that is, he did an experiment at school. They put the eggs in an incubator and my sister gave it to me. I want it and I take great care. He is small, he has about 8 months. Sleep in the living room in a cardboard box. I give corn, but he doesn't like him, in the end I ended up eating it. The Wallace eats cherries, aybas and cookies and also likes to eat chicken, is a cannibal. I do many entertaining things, I like swimming, chess and a lot of ping pong. I am practicing to go to a championship to Lima. I am super anxious and happy because I have never traveled by plane. Inside Iquique there are several villages. Among them is the mother where they were my grandparents who already died, they were Quechua and I am super proud of being Quechua. I like to go to Mamiña because there are many farms where I can find several animals, for example chanches, cows, horses, guanacos. A little further is the town of La Tirana. There, people live a few people but every year a very big party is made, the Tirana party. There are many dances, diabladas, brunette, daring, tinkus, everyone dance with beautiful costumes. And I am a dancer, we do the Sambos dance of Our Lady of Carmen. We dance seven days, that's why I have 4 different costumes that have glitters, sequins and boots. The boots have bells to mark the step. And a whip that moves like this. There practicing and practicing we rehearse the dance and make many presentations. At the Tirana party we celebrate the Chinita, we tell the Virgen del Carmen. The legend says that it was an Inca princess named Ñusta Huillac and ordered to kill the Spaniards but one day he fell in love with a Portuguese and turned to Catholic. As everyone knew that she was bad they didn't believe her so they killed her the same. A lot of people comes to the Tirana party, but many people. People from many places from Chile and other countries come. One asks the Chinita, for the family for health and for friends. I have the promise my chinita and that is that I will never stop coming to dance at your party and it is a promise that I am going to fulfill. Hi, my name is Jorge and I am 10 years old and saw in the city of Iquique. I invite you to come here to Iquique and the Peoples of the Interior. My dream is that when I want to be a ping pong player and represent Chile in the Olympics and win a gold medal."
"e20","Florencia, una niña de Valparaíso","Hello my name is Florence I am 8 years old and I live in the city of Valparaíso. Valparaíso is a port where large ships come from far away. It is a very beautiful place, there are beaches, squares and many very catchy hills. In some viewpoints there are some binoculars, you have to put a coin and you can see the sea the ships or the people, it is super pretty that. Here are super entertaining things called elevators. The elevators serve you not to get tired and to get to the hills faster. There is the Holy Spirit, the mountain range and in the artillery. I live on the Playa Ancha hill. We always occupy the elevator May 21. Here I live with my Papi Félix and with my mommy Jimena. I also have a kitten called Matthew, he is super small and is super gift. We almost always sleep together. With my mom we love to go to the Pedro'montt artisanal fair, there are natural juices, toys, hoops, things for cell phones and stickers and I love stickers very much. In my piece I have many stickers there are some trees as if they were mandalas and some people. In my house there are many stickers, it is like a collection of stickers that we have in our house. I also like to paint my nails and get hairstyles. One day my mother left me in the summer to paint my pink hair, it was super great. I love to dance K-pop, music is very moved. I like them a lot, but a lot of wallets. I have a whole red and a transparent with silver shin. The wallets are super beautiful. But what I like to do most is play football. Here in Valparaíso there are many hills and we always have to run a lot because the ball always goes down. And one day the ball went to the street and then a car almost ran it. My dad and I are Wanderers fans. The Wanderers, is the Buenos Aires team, and I have my own shirt that is green with white. S A N, San, Santiago Wanderers de Valparaíso. The best thing is that I am in a football academy called the galaxies. We all play boys and girls. In last year we won a championship and gave us a drink, it was super great and exciting. In Valparaíso there are several very beautiful parties. In the new year they throw fireworks on the sea and there are people who bring tents to see them closer or to look for a place. Many people from all over the world come. For the Holy Week, Judas burns in all the hills of Valparaíso. In the Waddington square a large monkey is made about 3 meters I believe and puts old clothes and then burns. But there is one thing I don't like, it is that the walls rayen, because when a person wants that place a lot you have to take care of it. Valparaíso is a super pretty place and I am super but super proud of being a Buenos Aires. Hello my name is Florence, I am 8 years old and I live in the city of Valparaíso. I want to send a message to girls and boys, who do not give up and keep their dreams at whatever it costs."
"e21","Tomás y la fiesta de la Pampilla","Hi, I'm Tomás, I am 8 years old and I live in the Coquimbo region. We live in a place called El Canelo. In a hill where there are many cacti and stones of different shapes and sizes, there are great good. There we are going to climb with my friends the Nanito, the Aaron, the Maxi and the Ian. We throw a pust called magnesium so that the hands do not slip. There is a place where there is a dog cemetery. Always with my friends we are going to remember the dead animals what are in the cemetery. Leono, the Tortuguin and the doggie who died many years ago. My house is in charge of the Pacific Ocean. My dad with my mother did the house. My bed is very high and I have to climb a staircase. We have a very surprising place and a viewpoint where you see the whole sea well. And at night we can see the stars very close and it is Bacán. Here I live with my mother Loreto and Gerardo my dad, my uncle José and my brothers El Kevin and La Zanca. And sometimes my Tata Roxana comes and makes us very rich threads. She lives in Guanaqueros and makes the best cheese shrimp empanadas. I love her. With the zanca we always play the caught on the hill or at home and sometimes we study together mathematics or language. And the Kevin teaches me to rap that they are phrases with rhymes like that, ""I am Tomás alive on the way to the sea that led a friend who live here. And I also live with my pets the Panki and the cinnamon, the Scar and the Joaquin. Sometimes I communicate with her even if I don't understand me. With my parents I like to talk a lot and my dad explains to me the meaning of some words that I do not know. And my mother helps me to do mathematics tasks because she is very dry. I love my school, I have colleagues from other countries, from Ecuador, Colombia, Dominican. I have a friend who comes from Venezuela named Annabelle, but we say Anna. In recess we sometimes exchanged the collation. And with my friends we played the Bolitas and I have many. These are called a meteorite, they get on the floor and throw themselves, wins the one who crashes them. I am half dry. Here in Coquimbo a very traditional party is made. It is the largest in Chile, the party of the pampilla. It is called that because it is done in a dry place with a lot of land. It is done in September to celebrate Chile Independence. We are going to stay there every day of the party. There we arrive and mark the ground and make a carpita with mesh, mattresses, kitchen. And most importantly, the parilla. There are roasts of meat, chicken or anticuchos, which are fierritos that carry onion, meat, chicken and sausage. When my cousins ​​arrive, we prepare the volantines, which are some squares of paper or plastic, we put them in the thread and the wind takes them well. There is a scenario with a show, they sell crafts and apples confined. There are many games and many competitions. Like the bailed stick, the emboque, the race of the sack and the one I like the most, is to catch the pig. The Pampilla party is very entertaining, we have a great time, it is a tradition of the Coquimbanos and I when I will come with my family and I will assume that tradition. Hi, I'm Tomás and I live in the Canelo sector. And I wanted to say a bush that is in danger of extinction is the Lucumillo. Let's help the world to be someone better."
"e22","Ariadna, una niña venezolana en Chile","Hello my name is Ariana I am 10 years old and I come from Venezuela. He lived in a place called Maracay in Venezuela. My country is a beauty, I want it too much. It is very hot full of flowers, many beautiful trees and plants. There is a flower that I like a lot, the orchid, which is the national flower of Venezuela. I really like going to the beach in Venezuela. My uncle had a bus and it was a walk to which the whole family was going. When we were arriving, we were ready to bathe them. We were running to the sea, the sand is very hot so much that we burned our feet. Water is super delicious and crystalline. In Venezuela there is a lot of vegetation and where my grandparents live behind the house there was a forest and food in abundance because they planted Jojoto that is the corn and avocado that is the avocado. The avocado is different, there it was bigger and salted. I ate it from one. Here in Chile I have to put a little salt but I like it. As Venezuela is going through economic problems many people have had to emigrate to other countries. When my dad told me that we were going to live in Chile I thought it was in another continent and I was very afraid because I thought they spoke another language that was like China. But then my dad explained to me where I was and I felt more relieved. In Venezuela my grandparents stayed my cousins, my uncle and Manolo, my puppy. As I say, without my family I am nothing. I arrived in Chile at night. I had never seen the mountain full of snow. What I did not like was the Smog. Santiago is very different from Venezuela, there we have a warm climate but a rich heat not as here that makes intense heat. While winter is too cold. I use like five blankets on top. I live with my mother, my dad, my minor sister Ivana, my older sister Nazareth, her boyfriend José Ramón and my uncle Charly. It entertains me a lot to do things with my family. I like to cook and make cakes with my uncle. With Ivana play with the barbies and sew you dresses with stockings and clothes that we no longer wear. Once I went to Valparaíso but when touching the water with my feet I almost froze. I didn't like water so much. It was rare to reach my school because it was all new. I was very nervous but I was lucky that it touched me with a teacher named Johana just like my mother. I have friends from different countries, Noelia de Ecuador, Sabrina and Santiago de Venezuela and Fernanda and Camila de Chile. They love Venezuelan sweets. Once he took the class, the whole course asked me to give them a little bit. And I am in the José Antonio Abreu Children's Orchestra. I've been playing the violin for two years. In the orchestra there are many instruments, the violin, the transverse flute, the oboe, the viola, the Chelo and the percussion. We play different songs like Estrellita, When K'saints'go'Marcing'in and all together. The good thing is that being here we get together with other Venezuelans, we do things from our country. My little sister is in a dance group called Dance We are Venezuela. They dance the joropo and the drum that are the typical dances of Venezuela. The one I like the most is the drum, it is super fine, you can dance as you want. The woman moves the waist and the man has to chase her. I want to dance and dance. Here many migrants have arrived in Chile and many of them are Venezuelans. I feel that leaving our country is hard because you never get used to completely. I would like my Chilean life and my Venezuelan life to come together. May my life be as before but not so before is a difficult dream, but I don't think it's an impossible dream. Hello my name is Ariadna, I am 10 years old. I am from Venezuela and I am seeing here in Chile. For people who are arriving in Chile or other countries far that at first he was afraid, he has faith in God. Have your head up and always follow your most impossible dreams in this life."
"e23","Lienant, un niño mapuche choyke","Mari Mari, Lienantu Melin Pingen Ta Inche, I live in Temuco Region of La Araucanía. We live in the city of Temuco and sometimes in the countryside towards the coast, in two parts. I am Mapuche, and Lienant in Mapudungpun means luminous sun. In Temuco it rains a lot. I like the rain but I find it that you can't go out to play. And I live with my mother is called Jeanette, with my dad Miguel and with my two Ampui Malén sisters, which means a girl's spirit and the quinturay that means in search of a flower. I also have a bunny, the cucumber, which is white that always starts and likes to make it a lot of love. And myumiau is my sister's kitten and sometimes they come together to play and run throughout the patio. With my chachai, I like going out to play ball. With my mom I like it when we go out to buy, I like to give it chocolates and then we eat them all together. But the most bacán is to play the pillow war, one takes the pillow very firm and we do not hit. They always win. The field is very great I like everything. Sometimes I'm going to Rali Pitra, where my Laku is my paternal grandfather. My kuku, paternal grandmother recently died. Sometimes I'm going to Rangintu'lewfu where my Chedki and my chuchu, they are my maternal grandparents. There are fed up animals, Sañwe Chancho, Kawellu Horse, Uficha Ovejas, Trewa Dogs. And one can go out to eat for free, such as Moras, Digueñes and Chupones. The pacifiers are a black and white length fruit. But what I like most are raspberries, they are exquisite. In the field it is a little more cold, but I don't feel it because one does many things, how to get the animals, walk on horseback and help fix fences. In Rali Pitra, we have a stove and above there is a hole, so that it goes to the smoke that is where the kitchen is. The Ruca is the Mapuche house and my grandfather made it with my uncle Chacha. I like to visit my Chuchu Irma. I helped him bring firewood and sometimes pantrucas. They are leaving it and I'm throwing them into the pot. We live in Lory'lof, by Rali Pitra and Rangintu'lewfu. There my grandparents are Loncos. Crazy means head and leader of a lof. The Nguillatún is done in the late spring and we do it so that there are good harvests, so that it rains and the pasture grows for animals, give life to the earth. There we make an offering to the earth and we all share. In each Mapuche ceremony the Choique is made, which is a Mapuche dance. The blanket or makuñ is used, the trailonco in the head is tied with a knot and gray, black or coffees are placed. While they touch the Kultrún, the Pifilca, the Trutruca and the Kull'kull. And it sounds like this. I really like our traditions, I want to always follow them and teach Mapudungún and Pallin to other children. I feel proud to be Mapuche because we are a unique town. Hello brothers and sisters, grandparents and grandmothers. He invited them to take care of our land and maintain our language that is the Mapudungún."
"e24","Lucas, un niño lavkenche","Hello, my name is Lucas and I am 8 years old. I live in Ponotro in the Tirúa community in the Bío'bío region. Here where I live is very green and there is a lot of grass. I love it. Once I went out of an expedition with my dad and he showed me many native trees, arrayanes, hazelnuts, boldo and peumos and also many little birds such as the piuquén, tordos, slut and he who likes the most is the treile, because he always stops in me yard. That time, I was very lucky, because I found a mountain monkey. When I saw it it seemed like a rock, but then it began to move. It was great. In winter it runs fed up and it rains a lot. Sometimes there are storms, they scare me and I like to run to hug my mother. We live in Mapuche territory, on the coast of Ponotro. We are sinks, which in Chedungun means sea person. Because Lavken, it's sea and che person, Lavquenches. Here I live with my mother, it's called Loreto and looks young about 17 years. My dad Elvis, he looks bigger, but the same young and my Isidora sister is small, he is two years old. In spring I like to follow butterflies, there are many of different colors and sizes. And I like to follow them, some cannot be seen because they are hidden in the flowers. I like to do things with my mother, let's water the garden, we hang the clothes. And with my dad we are close to the beach while in him he talks to me about nature, we see Coyoi's collectors, there they get on the shore and take a lot of them. My grandparents and my brother Pablo live near us. Well, it's really my uncle but I tell him brother because we love each other a lot. We play both together, although sometimes he wants to send me and starts fighting, but as in 5 minutes we are already reconciled. Sometimes, he also gets angry with me and tells me I'm not going to make your brother more and I tell him that he will still be my uncle. What we like to do the most is to scare the salt flats and spy them to see where they put the eggs. For us it is like a game and a spy mission. It is fantastic and stealthy. My Bibiana grandmother is a very good weaver, there is no day that she is not weaving. Weave Telares, Huimica, which are drawings in looms. There are people, Olitas del Mar and Arañitas, which she likes to do. It has tried to teach me but it is very difficult and I have not been able to. I help you better to ovillate the wool, so it puts it in your hand and you are shaping until it becomes a ball. In school we play Palín, which is a traditional game. It is played with a wiño, which is a stick, which has a return on the tip and you have to hit a ball called Pali. The two teams try to move forward with the ball until the line is like a goal. The one who makes the winner more stripes. We celebrate the Wuñol Tripantu which is the new return to the sun or the return of the sun. We all participate in my school, we go with our blanket and trarilonco to the beach and we pray for thanks and we give an offering so that we do well in the new sun cycle. And the great dutch dancing that means dance in Chedungún, to connect with the earth. I like to celebrate my traditions, I really like to be Lavkenche and thank the year burned, that is, Mother Earth for all she gives us, gave us and for all that she will give us. Hi, I'm Lucas and I live in Ponotro. I am eight years old and I am in third relam. I wanted to tell them that they take care of the environment and that they also chase their dreams from children and that they can achieve it."
"e25","Alonso y la fiesta de San Pedro y San Pablo","Hi, I'm Alonso Quiroz, I am 11 years old and I live in Texas'verdes. Texas'verdes is close to the port of San Antonio. Here is the Maipo River and the sea. It is a very calm and beautiful place. There are many birds, the scratch, the royal heron and the tagua. There is forest, river and sea. I live with my mother named Patricia and my dad Francisco, my Tata Mario, better known as El Cacharro and my brothers Sofía and Emiliano. We also have some puppies, the boby and the rose, which had 4 puppies, are like white balls and we also have many cats. This is called a cow, because it looks like a cow. This is the target because it is missing a leg, it was born like this. With my brothers we are from the Maipo River Club, there we played, my striker brother and I to the arch. We played with Martín, Carlos, Juancho, the ""Guagua Chico"", the ""Mora"", the Emiliano and El Samir. Here in my house we all help, my mother always says all the monkeys dance. That means washing the cups, ordering and doing everything. What I like to do the most with my mother is bread. My mom puts water, salt and fat, and I amashed. Then it is done like a snake, it is cut into pieces and in bollitos and crushes with the hand. And the next Sunday, they get to the oven for about 15 minutes. They smell rich. In my family we are all fishermen, my tata, my dad and my uncle, all. I am learning and sometimes I go with my uncle Carlos to the river. With my brother we played from the fisherman with the small boat that my tata mario made us, we tied him to the big boat and there are times that when we take him to the beach we throw the stick network, everything. Once we put my dad's diver suit, we played to be fishermen, we made it caught jibias. My dad gets up early, when we are still sleeping at night. He gets dark to the sea, draws pejerreyes, tollos, corvinas, pejallos, salmon, smooth and sole. I really like to accompany him. There are times that the shore stays or he tells me come here to sign this and this other, and I say ah, now, is it deep or not? because it scares me. The networks are already leading, he taught me. The thread is grabbed, a triangle is made, it is tied, another triangle, is tied and a space, a buoy are set. Here my dad makes chinchorro fishing from generation to generation that did the Indians. There my dad when he enters the sea has to fight the waves with uncles. When the boat is giving the crescent there, the fish is enclosed, they are framed in the network. When my dad reaches the shore, I help him take out the network and come with fish. Once my dad caught 100 kilos, filled like 5 boxes, we sold everything in the cove and we took a lot of money and we were all happy. As we are fishermen every June 29, San Pedro and San Pablo are celebrated. San Pedro is the patron of sinners, we make a party in La Caleta, we make a breakfast with chocolate milk and a cake for all children. Then we play the races, race in bags, spoon and egg race, and the race to throw the rope. It is my favorite because I always fall. We take San Pedro from the chapel adorned with networks and fish that we make. It is a tradition to thank San Pedro, to take care of those who get into the sea like my dad, to always do it. I like that my family is fishermen and I will ever be one of them. Hello, I am Alonso Quirós and I want to tell you that the lakes, the rivers, the seas, that do not contaminate with a plastic bag or bottle, with garbage, cans, because that affects every living being that is in the sea."
"e26","Sofía y Juan Domingo, súper hermanos","Hi, I'm Juan Domingo and I am 10 years old. And I am Sofíam I am 12 years old. / She is my sister Sofia. We live in Santiago, Chile, here there are several hills. We are at the foot of the mountain range, sometimes the snow is seen in the mountain range, it is cold, and in summer we go to the pool, and the Sofi loves the pool. Sometimes we see how rabbits or mice. Yes, they are tiny as hamsters. Once we saw like a huge lizard, like one meter. And in summer there are many bugs, mosquitoes, they bite a lot. Zancudos and Alacranes. Here we live with my brother, mom, dad. Yes, our parents Carolina and Rodrigo. And our kitten the blanquitis. Blanquitis is a great rabbit and bird hunter. Birdies. What I like most about my house is the patio. Caracolitos, many snails. We have a garden where we all plant, there are many plants and trees. We have mint, matico, oregano and the cedron is the richest. We have a large patio where we go out to play. We really like to jump in the elastic bed, we jumped super tall, to the sky. At home we do several things together. We help clean, we put the table, but what we like most is to cook together. I love it. Sometimes we do pizza, it is the most delicious. First my dad makes the dough, and then yeast, flour and with my mother we put the sauce, cheeses, Pepperoni, tomatoes. I love cheese. It bakes a while and ñam, it is delicious. When we celebrate something at night we make a fire, the dad plays the guitar and the sofia and I sing. My sister likes music and dances a lot. Violeta Parra. He likes Violeta Parra, sings his song times. I love bicicross. They make jumps on a track. It is very fast and entertaining. Sofia likes to write and draw. He likes lilac and pink color. She says she is her favorite, she always chooses them for everyone. She is my friend, the Valentina. Her best friend is Valentina, they play, make up and paint her nails. My sister Sofi loves to touch the flute. Once he was lost, and we had to look for her everywhere. It is difficult for him to say some words because she was born with Dawn syndrome, that means that some things cost her more than others. She is a special girl. My brother, helped me to speak, I love you. I see that it runs slower and costs some words, but she strives to learn. There are some children who are making fun of my sister and I fight with them because that is not done. Now I am also teaching you for bike. When I'm sad, hugs me very strong. I hug him. Or when I fall, she runs to make me love. It is super magical because the shot is leaving the pain. I think people should learn that differences and people are very important because they make us special and should know what a person has Dawn syndrome. I would like to be when a great world champion of Bicicross, that is my dream. And Sofia. Doctor. He wants to be a doctor. And I think he will achieve it because that is his dream. Hello my name is Juan Domingo and this is my sister Sofia, she has Down Syndrome and I invite you to meet the children with Down Syndrome to come to play with them and know him and because they give them a lot of happiness to have friends to have friends ."
"e27","Sayuri, una niña shipibo-konibo","Hi, I'm Sayuri I live in Lima, Peru. I belong to the Shipibo Konibo ethnicity. We live in a place called Cantagallo near the riverbank of the Rímac River. My name in Shipibo is ""Metsa Rama"", which means a beautiful girl. We come from Paoyhan, it is a Amazon place near the Ucayali River, here there are many animals such as snakes, tigers, monkeys and nicknames, which are like very large turtles. The Shipibos came to Cantagallo, many years ago and made a community. Here in Cantagallo there is a very beautiful thing of our culture, on the walls of the streets there are many shipibas paintings because the shipibos are artists and artisans, we make crafts and paintings and embroidery. In the paintings there are places of the Amazon that remember where we come from, the community, the jungle and the animals. Here I live with my mother and dad, and my grandmothers are very close, they are great healers and shipibas artisans. Here in Cantagallo we have our school, where they teach us Shipibo Language, and my mother also teaches me many words, like Parranta that is banana and kenti that is a pot where Masato is taken, Jakun Yamekiri is good morning or Jakun Yannan that is good afternoon . I like to go to my school but now with Covid we can't go because it is closed and we make classes from the house, that's boring and very complicated, I don't understand much like that. But now they are doing a new school that will be bigger and more beautiful. I want to return and play with my friends to the plas! One counts and everyone else runs to hide to prevent them from caught, we play so much that I always return home as well as witch, disheveled and with a lot of land. My grandmother Dora teaches me Kené's tissue points, which is the traditional Shipibo fabric, it is sacred and very spiritual, designs such as Anaconda are painted that is very important for our culture because it is the spirit of the river, Yacumama. The Kené is done on the bracelets and for the crowns and links of the Unayas, they are healers who can see the future with the ritual of the ayahuasca, which is something only for adults. My grandmother Lourdes is a healer, she helps the people who get sick, use plants such as matico and eucalyptus, my mother cured her with her medicinal plants when she was sick and also taught me to heal with the seedlings. With my mom and dad we always go to Pucallpa, who is very distant but we go by bus, and I don't like it because I almost always feel good. Pucallpa is very beautiful, and it is full of trees and forests. It is very hot and there is the San José and San Francisco River, there with my dad we walked on their motorcycle and that is very entertaining. And there is also my puppy ""Doki"", which is very playful and mordelon. With my mother we cook typical shipy -sheds, how the Masato or the Juane that is for the celebration of San Juan Bautista, is done with chicken, rice and bijao leaves and olive and egg. The bijao are very large leaves, there are wrapped and the juane is made. In the parties we use a chitunti, which is a traditional skirt, mine was made by my mother, we danced the dance of Anaconda and Masha and we sing icaros and we also use Huayruro bracelets, it is like a talisman that always protects us. Being Shipibo is very important for me. I really like to belong to my community! The Shipibo are good people, artists and artisans, we paint and embroider and tell stories, we cure others with herbs and songs. Hi, I'm Sayuri Silvano and my name in Shipibo is ""Metsa Rama."" I want to tell you that they have no shame of their culture because it is very valuable, it is worth more than any gold and if they make fun of their culture, they ignore them, they are envious. Thanks for seeing me and chao."
"e28","Fabricio, un niño kallawaya","Hello, I'm Fabricio. I live in Averte, in Bolivia. It is very close to the border with Peru. It is a valley in the mountain range. It is cold and to heat and cook we make a little wood. Very close in Charazani there is a slope of Agüita Calientita. I have gone out once but it is very nice there. Here I live with my two little brothers, Pablo and Ayar, with my mother Dionisia and my father Nestor. We are from the Kallashaya people, a very important people that heals with plants. With its leaves we make matches with the eucalyptus that smells very rich, or the chamomile and the muña that serve for stomach pain. We speak Quechua, I know a few words. ""Jamuy"" means ""come"", and ""Wasi"" is our house. And here there is a river where we are going to wash the clothes. I go with my mother and my brothers. There first you have to sneak it and then we put it in the river. And we put a nylon so that the water does not take it and there is rinsed alone. Here in Averate there is a hill called Iskani, it means ""Sacred Hill."" I also call myself like that, Fabricio Iskani. There the adults are going to make offerings for the planting to leave good, because near there we have a little farm, where we plant potatoes, oca and corn. To sow first you have to remove the earth with tools. Here we call them Tajlla and Lauk'ana. Then we have to sow the seeds and sometimes we put guano to the earth. And so everything comes out stronger. We also take care that the flock does not step on it or that everything is eaten. I like to sow the goose that is orange, yellow and red. It's like a very long, sweet papite. It's Miski, rich, I really like it. Here in Avetee we celebrate the IRWI party, the beginning of the harvest. We do it a week before the carnival and all of the people participate. We dance and eat the first products of the year. We eat a lot of hot soup. We also have guinea pigs. We have as 1.2, 3, like 15. They are small, with large, hairy teeth, some are white and coffee. Some are coffee, black and white. And with black they have also been born. They are very fast and always escape. In the morning I go to school, I really like to go. There they taught us that the Kallashaya people gave us a world prize, for our culture and for using plants as medicine. This is very important. In my school we celebrate many parties. Like Mother's Day, the yote party. We recite and dance and play pinchillo, I like it a lot. With my friends William, Carlos and Kevin we play the spin, which is a timber with a metal tip that is entangled in a guato and throws it to the ground. There it turns and turns. We also play Richi, which are marble. I have 10, some white, black. I also have blue and red. And there you must try to hit them with the others. You have to launch them and make villar and if you hit you with the marbles. The Kallawayas have healers. My two grandparents Máximo and Rodolfo are Yachaq. Then they visit the sick and see what disease they have. And they use plants, they make mates to heal them, such as the Wira-Wira or Chullca-Rumi-Qwea, for the cold. I like to be Kallashaya, my dad tells me that we are a very valuable town. I also believe it. In loaning the earth is very sacred. We value nature a lot and also heal with seedlings. And when I am great I would like to be Yatiri as my grandparents, tour our rich territory and cure the people of diseases. First I want to greet all the children in the world. I want to tell you about the health issue. You have to take care and protect yourself too, and you also have to use medicinal plants because you have to trust the natural. Chau to all and many hugs from the Kallashaya nation."
"e29","Tainá, una niña guaraní de Brasil","Hello! I am Tayná and I am a Guaraní girl. Tayná, a Guaraní girl from Brazil. My name means morning star, I live in the Itaoca village, in Sao Paulo, Brazil. We are like 60 people. I live with my mother, my dad and my little brothers and my little brothers, alifi, the baby and with my dog ​​Cunhá, it means woman, I did not know how to put on her but as is female I put it like this, she always wants to play. Here the houses are built with mud, wood, palm leaves and tiles. Ours made my dad and my uncles helped him. Here we have our school, a pharmacy and the OPY, which is very important for us. There we are going to pray to Nhanderú that is our Guaraní God, sometimes we sing and dance. And sometimes my grandfather smokes the pipe with tobacco leaves. Near our village there is a stream. There we are going to play and sometimes I take out some shrimp, once I grabbed a very big one! In Itaoca it is very hot, and also falls a lot of rain and that is why there are fed up trees with different very rich fruits; There is palm tree, papaya and banana and jaca, which is a very, very large and very sticky fruit. I like it because it is very sweet. We also plant some things such as corn, watermelons, carrots and cane, which grows super high. In Itaoca you can see different animals, the coast is like that, Armadillos and if they are scared they become ball, the bales that have very large teeth. I like many things with my mother, talk, help her wash the crockery and do baskets with taquara and serve to keep many things. And together we do mbojapé, which is a pancito, it is done with wheat or corn and water, it is put in the embers and it is very rich. In my school we are like 10 children, they teach us mathematics, Portuges, but everything in Guaraní because it is our language. What I like most is to eat the collation and play Koti'jere, which is so, rotates, rotates and you throw yourself to the ground. The Guaraní we celebrated in September the ara'pyau which is the new year, we celebrate the renewal, we ask for blessings to Nhanderú, the sacred spirits visit us and collect Ka'a, yerba mate that is super important for the celebration. And in the OPY we dance a dance only of women. We paint our face when we menstruate and when a baby is born. We use a paint that is done with Jenipapo and paint the same as the claws of the Araracuan bird, it is like a protection for us. We also have many legends, one is about the grandmother who becomes a jaguar and all the people are eaten. It scares me a lot. My dad always scares me with this, that gives him a lot of laughter, so I'm super careful when I go out at night. We are the Guaraní Mbya ethnicity. Nature is very important for us, also our language and traditions. We respect the spirit of water, animals and plants. The power of nature is very strong and the respect we have for it is very great. Hi, I'm Tayná, I let Pichintún record me, I was very happy although it gave me shame. But then he didn't give me shame. And when they leave I will be sad, I hope you like my people and my chapter."
"e30","Lisardo, un niño maya de Yucatán","Hi, I'm Lizardo and I live in Tipikal Maní. Lizardo a Yucatecan Mayan child from Mexico. Tipikal is a community of the state of Yucatan in Mexico. It is known as the magical town because it is very beautiful. In everything Yucatan there are cenotes that are wells with a lot of rainwater. People use it to have water and also bathe. In peanuts there is a very deep one, the cenote I'k'aankaba, gives me a little fear because it is very deep and I still do not know how to swim. In the center of the town there is a very, very large bush, it is a CEIBA, it is a sacred tree of the Maya, it has many thorns and says the legend of Xtabay that a very pretty girl comes out at night inside and catches men. Here in Tipikal it is very hot and it rains a lot and there are very delicious fruits. The carambola that has a star shape, there are sweets and there are acids, I like the sweet. There is also the Choch that has a huge seed and is the chicazapote that is the favorite of my little pig because you always eat those who fall from the tree. I live with my mother, my dad and my sister and my house is one of the oldest and most traditional in Tipikal. The walls are rocks, the roof is of a guano leaf and my grandfather built it. Outside we have a candle and a stove to cook the meals, we do tortillas. To turn it on we will collect firewood with my dad. I have a white chivito that is called cuernitos and we played the Torito. I call it that way, come buttocks! And I run away, he pursues me and fouls to me. I also have a dog called bear, and a cat called Blan that means Jaguar in Maya. I really like animals and when it's big I want to be veterinarian. Here is something very traditional that are embroidery. And I like to embroider. One day I saw my mother doing it and I said: I want to learn! And she taught me. They say that to embroider well you have to do Jaxbil, which is to pass your hand on a snake. One day my dad went to the mountain to look for firewood and found a rattle and brought it to the house and I carefully stroked her, then my dad returned her to the mountain. I think that's why my embroidery is very nice, she pierced my powers. Now I make a cross point, you are telling the squares and forms the drawing. I already embroidered my bag for my pencils, I also make tapping and purses. Then with my mother I will sell you to peanuts. Here almost all have meliponaries that are to raise meliponous bares, they are very small and workers and do not have stinging sting. With my mom and my aunt we take care of them. Sometimes some fall into the water, there I take them out and loose them and you have to rescue them. Honey we eat or make drops to cure eyes, soaps and creams. We also make coconut sweets or pumpkin pepitas with honey and to thank you, we make a party every May 20 the Jalma Waaj. We make an altar with a little honey, some flowers, a little water and a little Sakab, which is a corn drink, everything is put on a table in jicaras (the fruit fruit) and we sat next to them to eat Tortillas with beans. I have several friends Yura, Iván, Isacc and Santiago and I miss playing with them to the spin and the marbles. But the most entertaining here in Tipikal is to fly Popes. It is done with a taj that is a thick timber, you put bags or paper, run away in a air time and can take to heaven. Once I did one that almost escapes me. He arrived so up that almost runs on the airplanes. In Tipikal we have many parties like Hanal Pixan which is the day of the dead. We took chocolate and eat pancito and make offerings with what they liked to eat dead. We make a path with orange and yellow flowers, so they know the road and come a little while to visit us. There is also the party of the pa'puúl, there we ask Cháak, god of rain, which rains a lot. We do it in the atrium for San Juan Bautista and we carry singing, with frogs, snakes and iguanos, we break the pitcher and run away and go to the mountain. Here in Tipikal Maní we are Maya and that is very important for us. It is a very special culture. I always think Kaláantej Maayat'aano ', which means ""Take care of the Mayan language"", this is to learn and speak it to last forever. Hi, I'm Lisardo and I am from Peanut Yucatan, I come to tell all the children that we must take care of bees and adults who stop fumigating with bad chemicals for bees, if not, they die."
"e31","Asly, una niña moxeña","Hi, I'm Asly and I live in San Ignacio de Moxos. ASLY, a girl from Mojeña, Bolivia. San Ignacio de Mojos is a town that is in the department of Beni in Bolivia. It is known for being the folk capital for its dances and dances and being a very spiritual place. Here in San Ignacio we belong to the Mojeña community, that's why we speak Ignaciano Mojeño. For example, Tata, means dad or lord, meme means; Lady or mom, and for example Picharacuaya means how are you? Nuti Nujaire Asly means I call myself Asly and Azurupalla means: Thank you. There is a place that I like a lot is the museum called Viñu Papapica Euta Vicarau Uvimutu, there are many things that tell the story about our Mojeños ancestors. In San Ignacio de Moxos there are about two climates, in rainy time it rains a lot and in the time of drought is very hot. Here in San Ignacio we have trees with fruits that are very rich such as orange, papaya, lemon, guava, and pachio, the pachio is yellow and very sweet, with them you can make very refreshing juices, such as that of the Guayaba, who is my favorite. There is a very special place, a lagoon that gives water to all the people. His name is the Laguna de Isireri, it means large anguila. People are going to bathe to the lagoon and is very refreshing. Sometimes the water becomes murky and becomes little and then becomes crystalline and a lot of water. I live with my mother, my dad, my brother, my grandmother, my aunt, my uncle, and my cousin Thiago. And I have my aron little brother, I teach him to read, the numbers and many more things. I have my grandmother's name is Nahir, I love him Mommy Nahir. I helped you peel the potatoes, onions, thus the vegetable, the carrot and the tomato to make a rich salad and we always sleep together. I have 11 chicks, I have one called pollin, another chick, chick, queen, pio, black, chick, black, restart and many more I have and are very noisy. They go up here, they get on me here and make me laugh because they think I am their mother. They follow me everywhere and get me through my head and my shoulders. And they come together and I give them their meal and your eaglet. But one day one died, he was called Bold and that was very sad. The Mojeños are known for agriculture. We sow corn, rice, cane, banana and cassava. With my dad we go the field and to the chako we go on the horse and I take my chicks in his Asaye, which is a basket made with motorcycle leaves. There in the field we prepare the Earth, we clean it to make it beautiful so that the tiger does not come and eat it to the vaquita. The Mojeños are great fishermen I like to fish. My dad taught me, we are going to fish to the Cenero River. We go in the canoe, we look for a wand, we put a pitita and its hook. We wait for a while and fish the piranhas, then we cook them, we can make a fried Sudao or Piraña. In San Ignacio de Moxo there is an orchestra, and a music school, where they teach children to play instruments, such as the traversa flute, the flute, piano, violin. And I am touching the piano and I am learning has touched the flute a little, traversa. We have a very beautiful party called the ichapekene feetta, which means big party. Here comes people sometimes from other countries to see our party. Oh and there is a super fun thing the bound stick, here people get on and fall. We do the Tintirinti procession and there are fed up dances with different costumes. There are the macheteros, the Actu who represent our ancestors, our grandparents; There is the sun, the moon, the star and the tiger. I get out of Moperita, I am with my hat and my guy. I go out with my grandmother and my dad plays the downturn that is made of Paya leaf. And dancing we thank the Holy San Ignacio for taking care of the people. The Mojeños are a very old and valuable culture. I am very lucky to have been born here in San Ignacio and belong to the beautiful Mojeño town full of culture and traditions, it is unique in the world. Here we are in the Isireri lagoon and today I came to give them a message. Take care of Tatá and the Meme, who are the ones who teach us, grandfather and grandmother. Take care of your pets and your animals. Value your family."
"e32","Marlon, un niño yahuas de Perú","Hello, my name is Marlon and I live in the Amazon of Peru. Marlon a boy Yaguas from Peru. We are a Native Yaguas community, we live on the shores of the Momón River, here it is surrounded by rivers and trees, and can only be in boat, after an hour of travel. My community is called a new life, we are like 200 people. It almost always is very hot, sometimes it starts running wind and starts to rain the super strong. The Yaguas are great fishermen, my parents and my grandparents taught me. There are three types of fishing: Tarrafear, it is a network where you catch the fish; Anzuelar, is done with a cane and nylon; Flying is done with pure nylon and without cane. In the river you get fish like Cahuara, Bujurqui and Sungaro. Here in the community there are many animals, chickens, dogs, viboras such as Naka Naka and on the mount . In the river there are buffers, they are pink dolphins, they are very large and beautiful, once with my dad, we catch one with the network, but we leave it free. And there are also anacondas, almost always on the shore are very large and super long snakes. They are very dangerous because they catch animals to eat, I am very afraid. Sometimes they change the skin and leave it thrown away, with that skin bracelets, necklace and earrings are made. The river is very special for us Yaguas, because we sail, it gives us food and we also bathe, that is very fun, I go with my brothers and my friends. I am super good swimmer, my mother and dad taught me. I really like to swim and I really like spray. We climb to a large rock, we go to the water, the one that wins the most around. I live with my mom, my dad and my brothers Lislao and Angelo, with them I like to play football. Sometimes we play in the mud, we are very good. With my friends we play football and kiwi, there you put chapitas on the floor, then with the ball you give the chapita, you have to throw them all to win. And I am also going to school and we learn many things. I like to read. But for the Covid I have not been able to go. We listen to classes on the radio. I don't like it that way, because I like playing with my friends there. With my dad we always cut and collect firewood to be able to roast fish, my potato teaches me to hunt and carve the pate. The Pate is like a ball and a mask is split. I do crazy that are like long cerbatanas. Before it was to launch arrows, I do them to sell to tourists. With my mother we make bracelets, necklaces with the chambira, which is a plant that is weaved, we put the seeds of Huasai and Huairuro. We also sell them to tourists in Maloca. The community always comes tourists, we do the Bujurqui dance, when tourists come. The curaca that is the boss, touches the hype. I put my shampa, made with fiber of the water tree. What Yaguas have many legends, one scares me very much but another. The Shapchico is the spirit that protects the animals from the forest, deceiving hunters, makes false footsteps so you can't find it. The Yagua are a special tribe, we live in the jungle very calm, we hunt to feed ourselves, we do not like noise like the city. I like the river and all my community. I like to teach people how our customs are. Hi, my name is Marlon, I live in the Yagua community. We are great fishermen, we take care of what surrounds us. Chao, thanks for seeing us."
"e33","Arony, un niño de Salvador Bahía","Arony, a child from Salvador de Bahía, Brazil. Hello! I'm Arony a child from Salvador, Bay. My dad told me that Arony means the guardian of the leaves. Salvador is a very beautiful city. It has many beaches and parks. There are three lanterns, the bar, the Itapuá and that of Humaita, which serves to illuminate the road of the ships. The port of the Salvador arrives super large ships from different parts of the world, Japan, Portugal, Germany and Chile. I live in Cerro Castillo Blanco with my dad Lee and my grandmother Amerinda and my mother Michelle lives in another place, in San Antonio, in the center of the city. I'm always going to see her and we go to the beach together. My house is full of trees because my grandmother loves nature. We have aplanga and cocoa tree, that is my grandmother's favorite. Here in Bahia a long time ago, but very hot, so we always take picolé, which is a super rich ice cream. And they sell it like that! And a bell rifes, there one runs to buy one. There is flavor to corn, kaja and gabiola. The one I like the most is chocolate. With my dad we always go to the stadium to see Bay's games. He is graffiti artist and paints walls about 50 meters. He already painted African things and now he is painting another very large wall. I like to accompany him and see him paint, sometimes I help him a little. I think it's a great job. I have a cagado called Alice and it is dirt, he likes to eat many noni leaves. My grandmother flame her and all the time bites people. It looks like a dinosaur, I love dinosaurs, I'm always drawing them. I like velociraptor, it's fast and hunter. I have a notebook full of dinosaur drawings. When I great I want to be a paleontologist. I really like playing football on the neighborhood court. Sometimes we play without shoes because it is earthly, there I play with my friends Octavio, Lucas and Gabriel. And I like to play goalkeeper and I'm very good. Most in bay are Afro -descendants. The candomblé is the African religion and we go to the Terreiro which is the temple. Orixás are gods and protectors. In the Tororó dike are the statues of the Orixás, they are on the water and are super great. It is oxum, ogum, oxóss, xangô, oxalá, iemanjá, nanã e inesã. I like Oxum, it's beauty and fresh water. Here there are many places that talk about the history of blacks. There is the Church Our Lady of the Rosary of Blacks, there all the saints are black, because before the blacks were slaves and were brought from Africa and were sold as things in the market. And they were mistreated, they were not free and that is very sad and unfair. But there is a very entertaining thing, they are the meetings of Capoeira. The Capoeira is a fight dance, it is fighting but no one is holful. There is music, with Berinbao, Pandeiro, there is sung and fights to the rhythm of music. And we have many parties and ceremonies such as the Bomfim Lavangen Festival that is close to my birthday, there all people dress in white and the bays wash the stairs of the church. And there is the feast of black consciousness that is November 20 and we remember the Zumbi of the Palmares, he was like a superhero for blacks, because he helped his people be free, what is something that all people have to have. I love living here and doing great things with my family and my friends. Hi, I'm Arony, a boy from Salvador Bahía de Castillo Blanco. I hope you like my experience and my video, and my friends and my parents. Bye bye."
"e34","Sofía, una niña nahua","Hi, I'm Sofia I live in Tepoztlán, Mexico and I am a Nahual girl. Sofia a Nahual girl, Mexico. Tepoztlán is a very nice place. There are many trees, it's hot and it rains a lot. Above the Tepozteco hill there is a pyramid, the Tepozteco pyramid. My mom tells me that when there is a storm you can see the rays fall but that is very afraid. The place that I like most in Tepoztlán, is the Zocalo, is a place where there are red chairs with a techito, you can go to rest or you can get on the trees, I always go with my mother. I live with my mother Cinthia and my dad Asael, my mother is a nurse, and works at the Women's Hospital, now with Covid she has been working hard. I get sad not to see her so much but I am happy to help others. With my dad we do many things, we play freezbie, we walk by bicycle and as I like football, we always attend the games together. My ball is white, with pink and black, we played with her! I have a cat called Colorín, sometimes he doesn't like to play with me but my dog ​​spark yes! With her we fight for the ball. I also like playing with my dad with him we always play football, but he always wins me because I'm little but one day I will beat him. I go in 2nd Primary, my aunt Monserrat, to which we say mon, is the physical education teacher and sometimes picks me up on her motorcycle and takes me and I love that it takes me !! And when it rains the water from the pudic pudica! What I like most at school is playing with my friends and my premium Mayoli but now it's sad, I can't go to school for pandemic, you can only connect, that is boring. I miss my colleagues. Tepoztlán has a very rich thing. In the town you can eat snow, they are ice cream of many flavors, some have chili or alcohol but there are also strawberry, lemon, pineapple and coconut and I have also tried strange flavors such as rose petal that is like soft but My favorite is the cookie. My great -grandmother Manuela lives very close. I'm always going to see her. She has taught me some words in Nahual as Mistli that means cat and chichito that is puppy. We also do many parties where there are meals and fireworks dances and sweets !! The one I like the most is the Carnival, it is a very fun party where children are going to jump. We put on a chinelo suit and wait for the music band to arrive. Everyone in the town participates in the party, and each one has their suit. Mine made my grandmother. He has some ornaments that I chose, a bunny, a puppy and a butterfly. My grandmother embroidered them, they were very pretty. My suit also has a hat that my grandfather who has some perlitas, which moves when dancing. Another party that I like is the day of the dead. There we disguise ourselves. I once dressed in skull and katrina. My favorite is the vampire. The children go out to ask for sweets, we carry Chilacayotes, mine did it with my dad and in the houses families make offerings for those who have already died. We put candles and things that the dead liked. We put a piglet and bread for my Lupita sister who already died. Here we have many legends about Quetzalcoatl which is the feathered snake of the Nahuas. One day Quetzalcoatl, with a man's body, went out to look for corn because everyone was very hungry, was tired, and hungry. I stop to rest and saw a rabbit. He told the rabbit that I think I'm going to starve and I will not be able to return with corn to save men. Then the rabbit told him, you can't die, eat me, let me hunt and so you can find corn and save men. Quetzalcoatl took it and uploaded it to the moon. I will not kill you, he said, nor will I eat you and put you where you can illuminate everyone with your goodness. I like this legend. I think that legends are special and very entertaining and it is very nice to meet them and it is best to tell them other people and other people and other people."
