"doc_id","n_oraciones_af","polaridad_media","polaridad_sd","prop_oraciones_negativas","n_anger","n_anticipation","n_disgust","n_fear","n_joy","n_sadness","n_surprise","n_trust","prop_ira","prop_anticipacion","prop_asco","prop_miedo","prop_alegria","prop_tristeza","prop_sorpresa","prop_confianza"
"L0002",293,0.0103819505402698,0.168416932134587,0.296928327645051,79,176,93,159,135,152,99,157,0.0752380952380952,0.167619047619048,0.0885714285714286,0.151428571428571,0.128571428571429,0.144761904761905,0.0942857142857143,0.14952380952381
"L0005",24,-0.0586873307809596,0.149005751942845,0.458333333333333,22,10,21,35,6,12,12,6,0.17741935483871,0.0806451612903226,0.169354838709677,0.282258064516129,0.0483870967741935,0.0967741935483871,0.0967741935483871,0.0483870967741935
"L0006",27,-0.0227444064045371,0.12591133286644,0.259259259259259,3,8,1,7,4,7,5,3,0.0789473684210526,0.210526315789474,0.0263157894736842,0.184210526315789,0.105263157894737,0.184210526315789,0.131578947368421,0.0789473684210526
"L0008",57,-0.0281841851333035,0.181998038950681,0.263157894736842,17,32,13,34,5,32,8,12,0.111111111111111,0.209150326797386,0.0849673202614379,0.222222222222222,0.0326797385620915,0.209150326797386,0.0522875816993464,0.0784313725490196
"L0009",105,0.147790049974924,0.393666483070329,0.0761904761904762,4,22,11,44,18,12,8,11,0.0307692307692308,0.169230769230769,0.0846153846153846,0.338461538461538,0.138461538461538,0.0923076923076923,0.0615384615384615,0.0846153846153846
"L0011",8,0.0287741068991069,0.10262658378222,0.25,7,4,6,15,3,8,2,10,0.127272727272727,0.0727272727272727,0.109090909090909,0.272727272727273,0.0545454545454545,0.145454545454545,0.0363636363636364,0.181818181818182
"L0012",152,0.00332508629518569,0.26044257188099,0.256578947368421,33,53,30,51,42,42,28,81,0.0916666666666667,0.147222222222222,0.0833333333333333,0.141666666666667,0.116666666666667,0.116666666666667,0.0777777777777778,0.225
"L0013",98,0.0171650580688729,0.137253631675375,0.153061224489796,15,22,11,30,29,37,12,21,0.0847457627118644,0.124293785310734,0.0621468926553672,0.169491525423729,0.163841807909605,0.209039548022599,0.0677966101694915,0.11864406779661
"L0014",20,-0.0419193817878028,0.172596352773491,0.35,14,8,11,17,10,10,17,12,0.141414141414141,0.0808080808080808,0.111111111111111,0.171717171717172,0.101010101010101,0.101010101010101,0.171717171717172,0.121212121212121
"L0018",95,0.0115956177350828,0.363505792824269,0.252631578947368,17,23,9,21,24,20,8,17,0.122302158273381,0.165467625899281,0.0647482014388489,0.151079136690647,0.172661870503597,0.143884892086331,0.0575539568345324,0.122302158273381
"L0023",24,0.00741380590649491,0.0316475669130753,0.125,3,4,3,8,4,3,2,4,0.0967741935483871,0.129032258064516,0.0967741935483871,0.258064516129032,0.129032258064516,0.0967741935483871,0.0645161290322581,0.129032258064516
"L0024",35,0.0383971863803797,0.129726730080081,0.171428571428571,11,16,2,6,16,8,8,15,0.134146341463415,0.195121951219512,0.024390243902439,0.0731707317073171,0.195121951219512,0.0975609756097561,0.0975609756097561,0.182926829268293
"L0026",47,-0.023618788340186,0.170970170582097,0.48936170212766,44,51,52,55,41,55,20,39,0.123249299719888,0.142857142857143,0.145658263305322,0.15406162464986,0.11484593837535,0.15406162464986,0.0560224089635854,0.109243697478992
"L0027",37,-0.0241205491205491,0.265006503664343,0.27027027027027,0,8,0,3,11,17,0,8,0,0.170212765957447,0,0.0638297872340425,0.234042553191489,0.361702127659574,0,0.170212765957447
"L0028",91,-0.0530796857415343,0.367385258775612,0.351648351648352,42,61,45,72,48,40,44,37,0.107969151670951,0.15681233933162,0.115681233933162,0.185089974293059,0.123393316195373,0.102827763496144,0.113110539845758,0.0951156812339332
"L0030",25,0.0905790212606869,0.147876214780883,0.16,16,34,9,8,43,20,13,26,0.0946745562130177,0.201183431952663,0.0532544378698225,0.0473372781065089,0.254437869822485,0.118343195266272,0.0769230769230769,0.153846153846154
"L0031",87,0.0330121393700965,0.166627597401172,0.28735632183908,35,48,35,63,50,72,27,78,0.0857843137254902,0.117647058823529,0.0857843137254902,0.154411764705882,0.122549019607843,0.176470588235294,0.0661764705882353,0.191176470588235
"L0032",23,0.0790436235516327,0.151850003230932,0.173913043478261,2,12,2,0,15,4,5,18,0.0344827586206897,0.206896551724138,0.0344827586206897,0,0.258620689655172,0.0689655172413793,0.0862068965517241,0.310344827586207
"L0033",57,-0.0687632522798999,0.144255808277998,0.385964912280702,10,18,9,17,8,50,9,14,0.0740740740740741,0.133333333333333,0.0666666666666667,0.125925925925926,0.0592592592592593,0.37037037037037,0.0666666666666667,0.103703703703704
"L0034",28,-0.0959307207731577,0.585312434233762,0.285714285714286,11,13,7,14,8,15,6,5,0.139240506329114,0.164556962025316,0.0886075949367089,0.177215189873418,0.10126582278481,0.189873417721519,0.0759493670886076,0.0632911392405063
"L0036",20,0.00710885605622447,0.254211303506973,0.05,1,6,5,3,5,10,2,4,0.0277777777777778,0.166666666666667,0.138888888888889,0.0833333333333333,0.138888888888889,0.277777777777778,0.0555555555555556,0.111111111111111
"L0037",31,0.0654360528690204,0.362555245207332,0.129032258064516,4,27,5,13,49,3,21,27,0.0268456375838926,0.181208053691275,0.0335570469798658,0.087248322147651,0.328859060402685,0.0201342281879195,0.140939597315436,0.181208053691275
"L0039",89,-0.0317405745559118,0.214575578918758,0.370786516853933,8,17,28,26,10,38,25,19,0.0467836257309941,0.0994152046783626,0.16374269005848,0.152046783625731,0.0584795321637427,0.222222222222222,0.146198830409357,0.111111111111111
"L0040",62,0.0135686625827699,0.134736190197463,0.290322580645161,17,31,25,19,21,28,18,38,0.0862944162436548,0.157360406091371,0.126903553299492,0.0964467005076142,0.106598984771574,0.142131979695431,0.0913705583756345,0.192893401015228
"L0043",31,0.0410669379988145,0.139722458576247,0.225806451612903,9,45,7,18,32,22,26,38,0.0456852791878173,0.228426395939086,0.0355329949238579,0.0913705583756345,0.16243654822335,0.111675126903553,0.131979695431472,0.192893401015228
"L0044",143,-0.0318087179622993,0.259479167526992,0.300699300699301,40,53,69,76,39,52,39,63,0.0928074245939675,0.122969837587007,0.160092807424594,0.176334106728538,0.0904872389791183,0.120649651972158,0.0904872389791183,0.146171693735499
"L0045",341,0.0255307660732881,0.263114860378152,0.0791788856304985,19,20,37,54,39,23,33,56,0.0676156583629893,0.0711743772241993,0.131672597864769,0.192170818505338,0.138790035587189,0.0818505338078292,0.117437722419929,0.199288256227758
"L0047",40,-0.0268889175039757,0.169214302397685,0.375,37,13,35,42,9,14,12,35,0.187817258883249,0.065989847715736,0.177664974619289,0.213197969543147,0.0456852791878173,0.0710659898477157,0.0609137055837563,0.177664974619289
"L0049",64,0.00572015840571793,0.132449806801154,0.390625,26,47,23,35,42,51,25,46,0.088135593220339,0.159322033898305,0.0779661016949153,0.11864406779661,0.142372881355932,0.172881355932203,0.0847457627118644,0.155932203389831
"L0051",209,0.0383584770554727,0.250392197887048,0.15311004784689,24,109,32,33,101,52,77,127,0.0432432432432432,0.196396396396396,0.0576576576576577,0.0594594594594595,0.181981981981982,0.0936936936936937,0.138738738738739,0.228828828828829
"L0055",1800,0.016998896594397,0.214596810714031,0.112777777777778,231,292,241,365,316,379,111,366,0.100391134289439,0.12690134724033,0.104737070838766,0.158626684050413,0.137331594958714,0.16471099521947,0.0482398956975228,0.159061277705346
"L0056",23,0.0698470209339775,0.129748870748745,0,2,7,2,2,5,1,3,3,0.08,0.28,0.08,0.08,0.2,0.04,0.12,0.12
"L0057",30,0.0734906242122893,0.269626775726775,0.3,11,13,16,9,14,7,22,16,0.101851851851852,0.12037037037037,0.148148148148148,0.0833333333333333,0.12962962962963,0.0648148148148148,0.203703703703704,0.148148148148148
"L0059",1105,0.00944625590275428,0.343217084708009,0.304977375565611,722,686,549,915,549,905,361,725,0.133407243163341,0.126755358462676,0.101441241685144,0.169068736141907,0.101441241685144,0.167220990391722,0.0667036215816704,0.133961566888396
"L0060",83108,0.0269101600649068,0.259324401922577,0.173629494152188,21371,28680,19845,31430,23934,23671,11870,47378,0.102656848193141,0.137766057095096,0.0953266179585837,0.150975842904424,0.114968368567435,0.113705032688215,0.0570182391115338,0.227582993481571
"L0061",975,-0.0219511595919784,0.154630639363269,0.287179487179487,317,403,235,406,251,496,189,293,0.122393822393822,0.155598455598456,0.0907335907335907,0.156756756756757,0.0969111969111969,0.191505791505792,0.072972972972973,0.113127413127413
"L0062",28,0.00877763692889743,0.109135697415144,0.214285714285714,7,9,5,11,8,20,5,26,0.0769230769230769,0.0989010989010989,0.0549450549450549,0.120879120879121,0.0879120879120879,0.21978021978022,0.0549450549450549,0.285714285714286
"L0063",337,0.0496173400209825,0.160767518196672,0.169139465875371,46,161,82,99,129,93,86,168,0.0532407407407407,0.186342592592593,0.0949074074074074,0.114583333333333,0.149305555555556,0.107638888888889,0.099537037037037,0.194444444444444
"L0064",11694,0.0175894175373634,0.243911920615531,0.233538566786386,2559,4846,1841,3994,3205,4565,2772,5471,0.0874782073633474,0.16565822308823,0.0629337162000479,0.136533005161864,0.1095614125047,0.156052370697023,0.094759511844939,0.187023553139849
"L0065",1390,0.00893456634995313,0.152573642531506,0.299280575539568,771,1280,587,1128,792,1291,648,1547,0.0958478368970661,0.159124813525609,0.0729736449527598,0.140228741919443,0.0984584783689707,0.160492292391845,0.0805569368473396,0.192317255096967
"L0066",3849,-0.0134470578336956,0.273404813219446,0.319563522992985,1527,1997,1309,2267,1491,2431,1049,2035,0.108251807741387,0.141570962710903,0.0927973911810577,0.160711753863604,0.10569970225436,0.172338012193393,0.0743655182191975,0.144264851836098
"L0067",745,-0.00120674380990754,0.14923966148583,0.151677852348993,177,262,182,295,175,255,101,304,0.101085094231867,0.149628783552256,0.103940605368361,0.168475157053113,0.0999428897772701,0.145631067961165,0.0576813249571673,0.173615077098801
"L0068",7718,-0.0170595184129874,0.231632595906126,0.316403213267686,3135,3631,2854,4192,2460,4721,1878,4474,0.114646187602852,0.132784786981167,0.104370085938929,0.153300420552203,0.0899616017553483,0.172645821905284,0.0686780032912781,0.163613091972938
"L0069",1250,0.0112897044147507,0.130607540811444,0.1704,208,386,197,297,273,480,182,556,0.0806514152772392,0.149670414889492,0.0763861962000776,0.115160915083366,0.105854982551377,0.186118650639783,0.0705699883675843,0.215587436991082
"L0071",566,0.0687089895017791,0.237425760858379,0.134275618374558,105,249,69,143,238,133,143,308,0.0756484149855908,0.179394812680115,0.0497118155619597,0.103025936599424,0.171469740634006,0.095821325648415,0.103025936599424,0.221902017291066
"L0072",2696,0.0438389359579363,0.385914272360948,0.181379821958457,568,865,720,956,595,838,318,1359,0.0913330117382216,0.139089885833735,0.115774240231548,0.153722463418556,0.0956745457469046,0.134748351825052,0.0511336227689339,0.218523878437048
"L0073",10359,0.0161004920579051,0.229870088345284,0.287479486436915,4489,8182,3991,7570,5132,7497,3613,8402,0.0918446681397823,0.167403224486456,0.0816556182993698,0.154881741550045,0.105000409198789,0.153388165971029,0.0739217611915869,0.171904411162943
"L0074",1005,-0.00481557486568517,0.244570212816428,0.285572139303483,349,553,284,462,391,531,238,527,0.104647676161919,0.165817091454273,0.0851574212893553,0.138530734632684,0.117241379310345,0.159220389805097,0.0713643178410795,0.158020989505247
"L0075",1346,0.00996841752595729,0.140942385582885,0.309063893016345,839,1343,646,1276,872,1115,672,1517,0.101328502415459,0.16219806763285,0.0780193236714976,0.154106280193237,0.105314009661836,0.134661835748792,0.0811594202898551,0.183212560386473
"L0076",31439,0.0294782989078512,0.253140360074326,0.230509876268329,12390,18508,11472,18243,13699,18346,9442,26828,0.0961001489203276,0.14355299081658,0.0889798957557707,0.141497580044676,0.106253102506826,0.142296475552246,0.073234673616282,0.208085132787292
"L0077",2220,0.0228477364494999,0.189136078231693,0.286036036036036,2300,2393,1836,3152,1724,3125,1062,3935,0.117785630153121,0.122548266502791,0.0940236595483177,0.161417524453321,0.0882880114712962,0.16003482357761,0.0543862344446151,0.201515849848927
"L0078",478,0.0263619753635031,0.260306703348883,0.146443514644351,74,122,67,105,109,80,66,117,0.1,0.164864864864865,0.0905405405405405,0.141891891891892,0.147297297297297,0.108108108108108,0.0891891891891892,0.158108108108108
"L0079",622,-0.0524211870143174,0.301114567714498,0.406752411575563,521,486,430,723,395,840,288,440,0.126364297841378,0.117875333495028,0.104292990540868,0.175357749211739,0.0958040261945186,0.203735144312394,0.069852049478535,0.10671840892554
"L0080",2902,-0.0417959403948574,0.2544285208923,0.342866988283942,1301,1335,994,1868,926,2150,704,1294,0.123060915626182,0.12627695800227,0.0940219447597427,0.176693151721529,0.0875898600075672,0.203367385546727,0.066590995081347,0.122398789254635
"L0081",6781,0.00359602014711185,0.243603833094578,0.245981418669813,1512,1850,1380,2165,1201,2881,1043,2431,0.104542626011201,0.127912604577197,0.0954158888197469,0.149692318329531,0.0830394800525479,0.199197953398327,0.0721150522021711,0.168084076609279
"L0082",7456,-0.00472184212039448,0.221660878523974,0.254828326180258,5020,6340,5284,6985,4802,6807,2890,10842,0.102511741882785,0.129467020624872,0.107902797631203,0.14263835001021,0.0980600367571983,0.139003471513171,0.0590157239125996,0.22140085766796
"L0083",834,0.00594074997740287,0.133533285288598,0.334532374100719,486,694,501,743,456,772,290,931,0.0997332238867228,0.142417402011081,0.102811409809152,0.152472809357685,0.0935768520418633,0.158423968807716,0.0595115945003078,0.191052739585471
"L0084",172,-0.034832216916437,0.242265288787331,0.25,61,80,63,107,56,76,40,80,0.108348134991119,0.142095914742451,0.11190053285968,0.190053285968028,0.0994671403197158,0.134991119005329,0.0710479573712256,0.142095914742451
"L0085",6796,0.00771791235513052,0.298438929420436,0.271483225426722,2570,3336,2583,3648,3167,4116,2097,3969,0.100839676685239,0.1308953935494,0.101349760652907,0.143137408773444,0.124264301969709,0.161500431609511,0.0822804677077611,0.155732559052029
"L0086",312,0.020495509169099,0.131239988353919,0.266025641025641,111,288,117,214,262,252,144,241,0.0681399631675875,0.176795580110497,0.0718232044198895,0.131368937998772,0.160834868017188,0.154696132596685,0.0883977900552486,0.147943523634131
"L0087",750,0.00149226753363858,0.206622317161895,0.281333333333333,240,469,254,413,377,452,271,478,0.0812457684495599,0.158767772511848,0.0859851049424509,0.139810426540284,0.12762356127285,0.153012863913338,0.0917400135409614,0.161814488828707
"L0088",2756,-0.0178312941038128,0.197664590120334,0.172351233671988,897,658,636,1129,550,1027,386,831,0.146712463199215,0.107621851488387,0.104023552502453,0.184658161596336,0.0899574746483481,0.167975139025188,0.0631337912986588,0.135917566241413
"L0089",4342,-0.00141361657469908,0.245732111738318,0.340856748042377,2973,3681,2397,4065,3198,4213,2083,3885,0.112209850915267,0.138931873938479,0.0904698999811285,0.153425174561238,0.120702019248915,0.15901113417626,0.0786186072843933,0.14663143989432
"L0090",262,0.0275232117187259,0.236910522109782,0.225190839694656,135,357,98,253,345,292,181,253,0.0705329153605016,0.186520376175549,0.0512016718913271,0.132183908045977,0.18025078369906,0.152560083594566,0.0945663531870428,0.132183908045977
"L0091",971,-0.000231149587699794,0.25592738847226,0.307929969104016,585,915,523,783,670,931,476,1130,0.097289206718776,0.152170297688342,0.0869782138699484,0.130217861300516,0.111425245301846,0.154831199068685,0.0791618160651921,0.187926159986695
"L0093",1240,-0.0112209540647542,0.425415137776269,0.183870967741935,239,357,223,393,367,527,229,274,0.0916059793024147,0.13683403602913,0.0854733614411652,0.150632426216941,0.140666922192411,0.201993100804906,0.0877730931391338,0.105021080873898
"L0094",801,-0.00190023633098999,0.224418075123154,0.287141073657928,385,367,191,306,246,451,164,419,0.152234084618426,0.145116646896006,0.0755239224990115,0.120996441281139,0.0972716488730724,0.178331356267299,0.0648477659153816,0.165678133649664
"L0095",11189,0.0173590944272628,0.236690592110781,0.249352042184288,3498,5759,3045,5052,4616,5934,2754,7003,0.0928812299195454,0.152916810493614,0.0808528716709594,0.134144074772311,0.122567111866387,0.157563527256313,0.0731260455112716,0.185948328509599
"L0096",1496,-0.0107917725191169,0.178851669707488,0.362967914438503,638,935,626,881,630,1067,452,885,0.104350670592084,0.152927706902192,0.102387962054302,0.144095518482172,0.103042198233562,0.174517500817795,0.0739286882564606,0.144749754661433
"L0097",74,0.00674325987981008,0.189659650398819,0.283783783783784,21,33,16,26,24,32,19,37,0.100961538461538,0.158653846153846,0.0769230769230769,0.125,0.115384615384615,0.153846153846154,0.0913461538461538,0.177884615384615
"L0098",4467,0.00675199646208823,0.225550647689457,0.247817327065144,1550,2857,1280,2246,2223,2950,1270,2994,0.0892343120322395,0.16447898675878,0.0736902705814623,0.12930339666091,0.127979274611399,0.169833045480714,0.0731145653425446,0.172366148531952
"L0099",1216,-0.0250033538754678,0.202681961887139,0.387335526315789,825,887,696,1045,745,1062,533,748,0.126127503439841,0.135606176425623,0.10640574835652,0.159761504357132,0.113896957651735,0.162360495337104,0.0814860113132548,0.114355603118789
"L0100",2788,0.0177439324162886,0.27797394082975,0.157819225251076,229,565,218,339,317,540,248,554,0.0760797342192691,0.187707641196013,0.0724252491694352,0.112624584717608,0.10531561461794,0.179401993355482,0.0823920265780731,0.184053156146179
"L0101",3296,0.024038690593807,0.174751970598456,0.258191747572816,1442,2127,1109,2040,1749,1892,937,2512,0.104432213209733,0.154041135573581,0.0803157589803013,0.14774044032445,0.126665701042874,0.13702201622248,0.0678592120509849,0.181923522595597
"L0102",3098,0.0266136919052835,0.293865794172187,0.193027759845061,694,906,690,1012,781,1063,470,1405,0.0988463181882923,0.129041447087309,0.0982765987751033,0.144139011536818,0.111237715425153,0.151402934054978,0.066942031049708,0.200113943882638
"L0104",3744,-0.00740194449209974,0.207332042320639,0.311431623931624,1553,1923,1336,1981,1443,2340,1118,2271,0.111206587898317,0.137701396348013,0.0956677407805227,0.141854636591479,0.103329752953813,0.167561761546724,0.0800572860723237,0.162620837808808
"L0105",2514,-0.0168515958577682,0.3139575166162,0.281622911694511,871,803,595,1118,496,881,598,961,0.137751067531235,0.126996678791713,0.0941009014708208,0.176814803099794,0.0784437766882809,0.139332595287047,0.0945753597975644,0.151984817333544
"L0106",13750,-0.00814139032168275,0.2558615860668,0.278981818181818,4836,6360,4650,7501,4526,7438,3456,8034,0.103331125403303,0.135894532168116,0.0993568513493301,0.160274353112113,0.096707335313348,0.158928228029316,0.0738445759705989,0.171662998653875
"L0108",1322,0.0216464985419298,0.214419733782509,0.0824508320726172,110,224,82,150,172,175,87,223,0.0899427636958299,0.183156173344235,0.0670482420278005,0.122649223221586,0.140637775960752,0.143090760425184,0.07113654946852,0.182338511856092
"L0109",87,0.0661218515289993,0.169230643266208,0.183908045977011,73,75,58,48,58,40,43,104,0.146292585170341,0.150300601202405,0.11623246492986,0.0961923847695391,0.11623246492986,0.0801603206412826,0.0861723446893788,0.208416833667335
"L0110",3098,0.0266136919052835,0.293865794172187,0.193027759845061,694,906,690,1012,781,1063,470,1405,0.0988463181882923,0.129041447087309,0.0982765987751033,0.144139011536818,0.111237715425153,0.151402934054978,0.066942031049708,0.200113943882638
"L0111",7136,0.0436118582640617,0.206142074417907,0.205997757847534,2306,5053,2383,3110,4273,3966,2242,7018,0.075977727257751,0.166485453527067,0.0785147112121512,0.102467793482917,0.140786135547428,0.130671147573391,0.0738690652696781,0.231227966129617
"L0112",3082,-0.00811617952649371,0.254329731418915,0.288124594419208,1225,1732,1255,1850,1387,2037,978,1898,0.0990939977349943,0.140106778838376,0.10152078951626,0.149652159844685,0.112198673353826,0.164779161947905,0.0791134120692445,0.15353502669471
"L0113",180,-0.0302376447168274,0.137927907015886,0.383333333333333,111,149,74,163,147,252,79,132,0.100271002710027,0.134598012646793,0.0668473351400181,0.147244805781391,0.132791327913279,0.227642276422764,0.0713640469738031,0.119241192411924
"L0115",823,-0.025786160852684,0.293046139064039,0.301336573511543,440,385,327,651,298,572,186,442,0.133292941532869,0.11663132384126,0.0990608906392002,0.197212965767949,0.0902756740381702,0.173280823992729,0.0563465616479855,0.133898818539836
"L0116",823,-0.025786160852684,0.293046139064039,0.301336573511543,440,385,327,651,298,572,186,442,0.133292941532869,0.11663132384126,0.0990608906392002,0.197212965767949,0.0902756740381702,0.173280823992729,0.0563465616479855,0.133898818539836
"L0117",3807,0.0115021432453731,0.241786154279933,0.154189650643551,1255,1444,968,1891,1421,1704,796,1334,0.116063997040599,0.133542957551096,0.0895218718209563,0.174882086377509,0.131415888282623,0.157588088412097,0.0736150929436789,0.123370017571442
"L0118",1758,-0.00545921301772794,0.194910050785066,0.361774744027304,977,1344,1027,1092,731,1063,598,1292,0.120260955194485,0.165435745937962,0.126415558838011,0.134416543574594,0.0899803052683407,0.130846873461349,0.0736090595765633,0.159034958148695
"L0119",1260,-0.00702828182130591,0.221090807793009,0.288095238095238,702,1026,506,1030,897,1120,570,954,0.103159441587068,0.150771491550331,0.0743570903747245,0.151359294636297,0.131814842027921,0.164584864070536,0.0837619397501837,0.140191036002939
"L0120",6735,0.00197606951928823,0.135918183087135,0.190497401633259,2297,2712,1600,2914,2144,2996,1691,2965,0.118898493710855,0.140379936849733,0.0828200217402557,0.150835964594441,0.110978829131943,0.155080490708629,0.0875304104767328,0.153475852787411
"L0121",2058,0.0287811326687559,0.224487544509085,0.243440233236152,623,1216,579,1095,1047,1153,708,1246,0.0812573366375375,0.158601799921743,0.0755184557193165,0.142819877396635,0.136559280031303,0.150384765879744,0.0923438111386461,0.162514673275075
"L0122",35,0,0,0,0,0,0,0,0,0,0,0,0,0,0,0,0,0,0,0
"L0123",70,0.0455797041123128,0.137983070407899,0.1,0,18,1,9,13,16,1,22,0,0.225,0.0125,0.1125,0.1625,0.2,0.0125,0.275
"L0125",122,0.111742535929842,0.284325162161958,0.0573770491803279,4,24,14,3,36,24,9,46,0.025,0.15,0.0875,0.01875,0.225,0.15,0.05625,0.2875
"L0126",147,0.0230171223923016,0.188639125233929,0.210884353741497,24,51,27,52,28,43,12,42,0.0860215053763441,0.182795698924731,0.0967741935483871,0.186379928315412,0.100358422939068,0.154121863799283,0.043010752688172,0.150537634408602
"L0127",41,0.0326009409581863,0.181564172709555,0.170731707317073,3,11,6,6,9,4,7,22,0.0441176470588235,0.161764705882353,0.0882352941176471,0.0882352941176471,0.132352941176471,0.0588235294117647,0.102941176470588,0.323529411764706
"L0130",395,-0.0607391768387038,0.262419246292518,0.440506329113924,44,106,207,65,79,84,50,97,0.0601092896174863,0.144808743169399,0.282786885245902,0.0887978142076503,0.10792349726776,0.114754098360656,0.0683060109289618,0.132513661202186
"L0132",45,0.0414302323732148,0.203098561327196,0.222222222222222,29,63,45,6,60,31,31,39,0.0953947368421053,0.207236842105263,0.148026315789474,0.0197368421052632,0.197368421052632,0.101973684210526,0.101973684210526,0.128289473684211
"L0133",63,0.0377190295127435,0.168583202325536,0.222222222222222,11,62,10,24,44,32,19,53,0.0431372549019608,0.243137254901961,0.0392156862745098,0.0941176470588235,0.172549019607843,0.125490196078431,0.0745098039215686,0.207843137254902
"L0134",33,0.00165984438296713,0.166211303835271,0.393939393939394,11,41,7,29,35,34,14,31,0.0544554455445545,0.202970297029703,0.0346534653465347,0.143564356435644,0.173267326732673,0.168316831683168,0.0693069306930693,0.153465346534653
"L0137",585,-0.031146877092353,0.32022525722025,0.307692307692308,87,144,81,299,137,181,69,154,0.0755208333333333,0.125,0.0703125,0.259548611111111,0.118923611111111,0.157118055555556,0.0598958333333333,0.133680555555556
"L0140",165,0.00217878878864245,0.17613720266307,0.224242424242424,21,38,19,21,33,40,17,62,0.0836653386454183,0.151394422310757,0.0756972111553785,0.0836653386454183,0.131474103585657,0.159362549800797,0.0677290836653386,0.247011952191235
"L0145",28,-0.0902453832103323,0.183242399899719,0.607142857142857,25,15,19,32,11,30,14,13,0.157232704402516,0.0943396226415094,0.119496855345912,0.20125786163522,0.0691823899371069,0.188679245283019,0.0880503144654088,0.0817610062893082
"L0147",47,-0.0593830799037966,0.229194018030645,0.297872340425532,3,5,17,6,5,18,3,7,0.046875,0.078125,0.265625,0.09375,0.078125,0.28125,0.046875,0.109375
"L0148",82,-0.109940239834335,0.376783689712444,0.304878048780488,15,19,4,30,8,27,2,16,0.12396694214876,0.15702479338843,0.0330578512396694,0.247933884297521,0.0661157024793388,0.223140495867769,0.0165289256198347,0.132231404958678
"L0149",510,0.0265580569199601,0.269122301897868,0.23921568627451,95,212,102,163,200,208,109,259,0.0704747774480712,0.15727002967359,0.0756676557863502,0.120919881305638,0.148367952522255,0.154302670623145,0.0808605341246291,0.19213649851632
"L0150",360,0.00764168092654194,0.251871471590521,0.155555555555556,126,193,66,151,109,153,75,229,0.114337568058076,0.17513611615245,0.0598911070780399,0.137023593466425,0.0989110707803993,0.138838475499093,0.0680580762250454,0.207803992740472
"L0155",579,-0.0138516561615379,0.227136047562546,0.347150259067358,122,354,272,456,340,279,208,308,0.0521590423257802,0.151346729371526,0.116289012398461,0.194955109020949,0.145361265498076,0.119281744335186,0.0889268918341171,0.131680205215904
"L0156",80,0.0227661868364725,0.086569337174635,0.175,20,55,15,29,29,37,15,40,0.0833333333333333,0.229166666666667,0.0625,0.120833333333333,0.120833333333333,0.154166666666667,0.0625,0.166666666666667
"L0158",44,-0.0113136954271284,0.410896952241499,0.227272727272727,16,27,23,35,19,30,8,37,0.0820512820512821,0.138461538461538,0.117948717948718,0.179487179487179,0.0974358974358974,0.153846153846154,0.041025641025641,0.18974358974359
"L0159",83,0.066534572526565,0.135849237243403,0.108433734939759,32,72,25,30,38,35,21,92,0.0927536231884058,0.208695652173913,0.072463768115942,0.0869565217391304,0.110144927536232,0.101449275362319,0.0608695652173913,0.266666666666667
"L0160",160,-0.0412018216497472,0.456808261114696,0.325,19,55,83,63,51,13,25,56,0.0520547945205479,0.150684931506849,0.227397260273973,0.172602739726027,0.13972602739726,0.0356164383561644,0.0684931506849315,0.153424657534247
"L0161",86,0.0575427231015153,0.183367774674951,0.151162790697674,40,54,18,33,50,42,47,46,0.121212121212121,0.163636363636364,0.0545454545454545,0.1,0.151515151515152,0.127272727272727,0.142424242424242,0.139393939393939
"L0162",55,0.0117707756820108,0.188054200978915,0.345454545454545,12,34,21,18,31,52,20,28,0.0555555555555556,0.157407407407407,0.0972222222222222,0.0833333333333333,0.143518518518519,0.240740740740741,0.0925925925925926,0.12962962962963
"L0167",336,0.0289919614771066,0.213879094784623,0.116071428571429,32,76,43,66,41,55,57,80,0.0711111111111111,0.168888888888889,0.0955555555555556,0.146666666666667,0.0911111111111111,0.122222222222222,0.126666666666667,0.177777777777778
"L0168",162,0.000357064670902601,0.188813997463852,0.234567901234568,63,78,72,108,55,62,42,46,0.119771863117871,0.14828897338403,0.136882129277567,0.20532319391635,0.104562737642586,0.11787072243346,0.0798479087452472,0.0874524714828897
"L0170",32,-0.021106589149467,0.178627985887525,0.34375,14,25,25,21,26,33,13,25,0.0769230769230769,0.137362637362637,0.137362637362637,0.115384615384615,0.142857142857143,0.181318681318681,0.0714285714285714,0.137362637362637
"L0173",70,0.0248184274527707,0.226552945688879,0.1,6,25,7,13,29,14,10,32,0.0441176470588235,0.183823529411765,0.0514705882352941,0.0955882352941176,0.213235294117647,0.102941176470588,0.0735294117647059,0.235294117647059
"L0174",32,0.116191303121389,0.21705314507002,0.0625,2,34,6,5,42,9,19,23,0.0142857142857143,0.242857142857143,0.0428571428571429,0.0357142857142857,0.3,0.0642857142857143,0.135714285714286,0.164285714285714
"L0178",3028,0.0458241454178396,0.306396208478037,0.16776750330251,579,1056,578,881,768,852,422,1314,0.0897674418604651,0.163720930232558,0.0896124031007752,0.136589147286822,0.11906976744186,0.132093023255814,0.0654263565891473,0.203720930232558
"L0181",360,0.00764168092654194,0.251871471590521,0.155555555555556,126,193,66,151,109,153,75,229,0.114337568058076,0.17513611615245,0.0598911070780399,0.137023593466425,0.0989110707803993,0.138838475499093,0.0680580762250454,0.207803992740472
"L0183",300,-0.0566775927401719,0.281491012573751,0.493333333333333,407,377,289,490,382,573,208,415,0.129576567971983,0.12002546959567,0.0920089143584846,0.156001273479784,0.121617319325056,0.182425978987584,0.0662209487424387,0.132123527539
"L0184",4143,-0.000490990107152796,0.270490540596789,0.195993241612358,622,1016,449,854,644,1022,495,1315,0.0969300296088515,0.158329437431822,0.0699703911485118,0.13308399563659,0.100358422939068,0.159264453794608,0.0771388499298738,0.204924419510675
"L0185",329,0.0542304772536733,0.276173824021041,0.185410334346505,93,132,59,137,78,102,60,157,0.113691931540342,0.161369193154034,0.0721271393643032,0.167481662591687,0.0953545232273839,0.124694376528117,0.0733496332518337,0.191931540342298
"L0186",2521,-0.0110694447387729,0.224296801750684,0.134470448234827,257,316,213,345,200,395,181,294,0.11676510676965,0.143571104043617,0.0967741935483871,0.156746933212176,0.0908677873693776,0.179463880054521,0.0822353475692867,0.133575647432985
"L0187",969,0.0119168334031107,0.235166049140027,0.280701754385965,330,452,280,480,303,568,196,610,0.102516309412861,0.140416278347313,0.0869835352593973,0.149114631873253,0.0941286113699907,0.176452314383349,0.0608884746815781,0.189499844672258
"L0188",613,0.0300587775629212,0.18285242679693,0.177814029363785,125,253,141,182,185,261,125,207,0.0845165652467884,0.1710615280595,0.0953346855983773,0.123056118999324,0.125084516565247,0.176470588235294,0.0845165652467884,0.139959432048682
"L0189",18,-0.0246768313211718,0.0678121477071063,0.277777777777778,12,16,15,29,11,25,5,18,0.0916030534351145,0.122137404580153,0.114503816793893,0.221374045801527,0.083969465648855,0.190839694656489,0.0381679389312977,0.137404580152672
"L0191",424,0.0427711820409666,0.157663926897565,0.188679245283019,127,277,91,133,184,164,121,271,0.0928362573099415,0.202485380116959,0.0665204678362573,0.0972222222222222,0.134502923976608,0.119883040935673,0.0884502923976608,0.198099415204678
"L0192",3168,0.018755085454244,0.169659844254107,0.237058080808081,845,2037,714,1512,1238,1925,855,2142,0.0749911253106141,0.180777422790202,0.0633652822151225,0.134185303514377,0.109868654597089,0.170837770678026,0.0758785942492013,0.190095846645367
"L0193",3444,-0.00382102192209327,0.272181308085662,0.270325203252033,761,943,557,1029,528,1200,587,1011,0.115024183796856,0.142533252720677,0.0841898428053204,0.155532043530834,0.0798065296251512,0.181378476420798,0.0887243047158404,0.152811366384522
"L0194",7456,-0.00472184212039448,0.221660878523974,0.254828326180258,5020,6340,5284,6985,4802,6807,2890,10842,0.102511741882785,0.129467020624872,0.107902797631203,0.14263835001021,0.0980600367571983,0.139003471513171,0.0590157239125996,0.22140085766796
"L0195",31439,0.0294782989078512,0.253140360074326,0.230509876268329,12390,18508,11472,18243,13699,18346,9442,26828,0.0961001489203276,0.14355299081658,0.0889798957557707,0.141497580044676,0.106253102506826,0.142296475552246,0.073234673616282,0.208085132787292
"L0196",4028,0.0187245109975346,0.231338399440715,0.209285004965243,756,1809,677,1355,1339,1732,861,2091,0.0711864406779661,0.170338983050847,0.0637476459510358,0.12758945386064,0.12608286252354,0.163088512241055,0.0810734463276836,0.196892655367232
"L0197",3028,0.0458241454178396,0.306396208478037,0.16776750330251,579,1056,578,881,768,852,422,1314,0.0897674418604651,0.163720930232558,0.0896124031007752,0.136589147286822,0.11906976744186,0.132093023255814,0.0654263565891473,0.203720930232558
"L0198",6796,0.00771791235513052,0.298438929420436,0.271483225426722,2570,3336,2583,3648,3167,4116,2097,3969,0.100839676685239,0.1308953935494,0.101349760652907,0.143137408773444,0.124264301969709,0.161500431609511,0.0822804677077611,0.155732559052029
"L0199",6097,-0.0205973135832207,0.245343259348204,0.311956700016402,2225,2568,1586,2995,1745,2484,1676,2248,0.126946996063217,0.146516802647344,0.0904889598904547,0.170879214925543,0.0995606778113767,0.141724196953272,0.0956238945626747,0.128259257146117
"L0200",7217,0.00755325266070066,0.242001754924732,0.26922543993349,2310,4139,1878,3490,2804,3486,2337,4185,0.0937918713711478,0.168053920175403,0.0762515733484916,0.1417028705997,0.113849526980389,0.141540460432823,0.0948881399975638,0.169921637094482
"L0201",7217,0.00755325266070066,0.242001754924732,0.26922543993349,2310,4139,1878,3490,2804,3486,2337,4185,0.0937918713711478,0.168053920175403,0.0762515733484916,0.1417028705997,0.113849526980389,0.141540460432823,0.0948881399975638,0.169921637094482
"L0203",99,-0.028737528149624,0.321183566959602,0.303030303030303,74,88,34,101,117,140,53,76,0.108345534407028,0.128843338213763,0.0497803806734993,0.14787701317716,0.171303074670571,0.20497803806735,0.0775988286969253,0.111273792093704
"L0204",844,-0.00599120278052967,0.204112590361675,0.280805687203791,217,444,237,385,282,501,204,443,0.0799852561739771,0.163656468853668,0.0873571691854036,0.141909325469959,0.103943973461113,0.184666420936233,0.0751935127165499,0.163287873203096
"L0205",4342,-0.00141361657469908,0.245732111738318,0.340856748042377,2973,3681,2397,4065,3198,4213,2083,3885,0.112209850915267,0.138931873938479,0.0904698999811285,0.153425174561238,0.120702019248915,0.15901113417626,0.0786186072843933,0.14663143989432
"L0206",10810,0.0222784968052189,0.217507521649044,0.277428307123034,4702,6779,4554,6605,4687,7506,3343,9969,0.0976633087548032,0.140803821788348,0.0945892616055665,0.13718973932911,0.0973517499221103,0.155904039879531,0.0694360785128258,0.207062000207706
"L0208",289,0.0572935739003292,0.252687535624602,0.131487889273356,74,149,40,75,123,97,58,153,0.0962288686605982,0.193758127438231,0.0520156046814044,0.0975292587776333,0.159947984395319,0.126137841352406,0.0754226267880364,0.198959687906372
"L0209",1560,-0.027354081646733,0.182842461801359,0.374358974358974,825,941,615,1158,612,1036,545,948,0.123502994011976,0.140868263473054,0.0920658682634731,0.173353293413174,0.0916167664670659,0.155089820359281,0.0815868263473054,0.141916167664671
"L0210",3345,0.00577997697402236,0.171157181182423,0.327952167414051,2396,2696,1439,3151,2125,2992,1772,3397,0.119991987179487,0.135016025641026,0.0720653044871795,0.157802483974359,0.106420272435897,0.149839743589744,0.0887419871794872,0.170122195512821
"L0211",8906,0.0418499685686002,0.184839963668998,0.124298225915113,2387,4084,1323,4058,2124,2892,1385,6309,0.0971826398501751,0.166273104796026,0.0538636918817686,0.165214559074994,0.0864750427489618,0.117742854816383,0.0563879162934614,0.25686019053823
"L0212",52,-0.0424689035982791,0.112964232567876,0.538461538461538,85,86,75,107,53,129,45,64,0.131987577639752,0.133540372670807,0.116459627329193,0.166149068322981,0.0822981366459627,0.200310559006211,0.0698757763975155,0.0993788819875776
"L0213",8715,0.00756528725288291,0.206002961021544,0.251635111876076,2475,3550,2004,3336,2016,3744,1707,4840,0.104553903345725,0.149966204798919,0.0846569787090233,0.140925988509632,0.085163906725245,0.158161541061169,0.0721105103075363,0.204460966542751
"L0214",132,-0.0122921844951534,0.2066071437678,0.310606060606061,51,47,50,76,45,69,40,57,0.117241379310345,0.108045977011494,0.114942528735632,0.174712643678161,0.103448275862069,0.158620689655172,0.0919540229885057,0.131034482758621
"L0215",3601,0.00706332610746644,0.15279260084101,0.189669536239933,656,1139,619,1042,874,1150,571,1276,0.0895318684318275,0.155452436194896,0.0844820526818616,0.14221373003958,0.119284836904599,0.15695373276921,0.0779309403575816,0.174150402620445
"L0216",4037,0.0247386011216135,0.180524299698896,0.185038394847659,2044,2956,2317,3359,2484,3232,1574,4446,0.0912011422452258,0.13189362841335,0.103382116723184,0.149875066928431,0.11083348206318,0.144208459753703,0.0702302338033196,0.198375870069606
"L0217",188,-0.00981534337998871,0.19495029251235,0.340425531914894,116,145,100,151,134,218,85,177,0.103019538188277,0.128774422735346,0.088809946714032,0.134103019538188,0.119005328596803,0.19360568383659,0.0754884547069272,0.157193605683837
"L0218",1449,0.00352468611925397,0.229528097864822,0.253968253968254,407,653,325,601,505,744,373,866,0.0909700491729996,0.145954403218596,0.0726419311578006,0.134331694233348,0.112874385337506,0.16629414394278,0.083370585605722,0.193562807331247
"L0219",726,-0.00483758048562369,0.32602200254594,0.272727272727273,275,441,222,369,490,516,251,370,0.0937286980231766,0.150306748466258,0.0756646216768916,0.125766871165644,0.167007498295842,0.175869120654397,0.085548738922972,0.126107702794819
"L0221",4670,-0.0129607666228015,0.237411703885615,0.28051391862955,1403,1501,886,1833,995,2133,974,1773,0.122021221081927,0.130544442511741,0.0770568794572969,0.159419029396417,0.0865367890067838,0.185510523569316,0.0847103844146808,0.154200730561837
"L0222",1758,-0.00545921301772794,0.194910050785066,0.361774744027304,977,1344,1027,1092,731,1063,598,1292,0.120260955194485,0.165435745937962,0.126415558838011,0.134416543574594,0.0899803052683407,0.130846873461349,0.0736090595765633,0.159034958148695
"L0223",3316,-0.00948631282621593,0.181611255092482,0.369420989143546,2204,2432,1919,3142,1531,3166,1318,3085,0.117252753098899,0.129382348247061,0.102090759163696,0.167154333138267,0.081449167420333,0.168431132627547,0.0701175719529712,0.164121934351226
"L0224",596,0.0110274816480584,0.22899624116371,0.300335570469799,427,483,350,525,544,596,262,668,0.110765239948119,0.125291828793774,0.0907911802853437,0.136186770428016,0.141115434500649,0.154604409857328,0.0679636835278859,0.173281452658885
"L0225",93,0.0505240215505498,0.159244112833092,0.236559139784946,44,98,25,48,118,93,48,137,0.072013093289689,0.160392798690671,0.0409165302782324,0.0785597381342062,0.193126022913257,0.152209492635025,0.0785597381342062,0.224222585924714
"L0226",1088,0.0177929745465499,0.269657556960451,0.227941176470588,250,370,249,332,259,372,172,441,0.102249488752556,0.151329243353783,0.101840490797546,0.135787321063395,0.105930470347648,0.152147239263804,0.0703476482617587,0.180368098159509
"L0227",1088,0.0177929745465499,0.269657556960451,0.227941176470588,250,370,249,332,259,372,172,441,0.102249488752556,0.151329243353783,0.101840490797546,0.135787321063395,0.105930470347648,0.152147239263804,0.0703476482617587,0.180368098159509
"L0228",6405,-0.0100977945465831,0.239884716708133,0.307884465261514,2787,3759,2779,4564,2399,4489,2166,4549,0.101374945438673,0.136730685290266,0.101083951695039,0.166011930743489,0.0872617488723993,0.163283864396915,0.0787865560890441,0.165466317474174
"L0229",6405,-0.0100977945465831,0.239884716708133,0.307884465261514,2787,3759,2779,4564,2399,4489,2166,4549,0.101374945438673,0.136730685290266,0.101083951695039,0.166011930743489,0.0872617488723993,0.163283864396915,0.0787865560890441,0.165466317474174
"L0230",6405,-0.0100977945465831,0.239884716708133,0.307884465261514,2787,3759,2779,4564,2399,4489,2166,4549,0.101374945438673,0.136730685290266,0.101083951695039,0.166011930743489,0.0872617488723993,0.163283864396915,0.0787865560890441,0.165466317474174
"L0232",689,0.0142751094751584,0.234484008529434,0.238026124818578,150,273,178,216,227,297,135,366,0.0814332247557003,0.148208469055375,0.0966340933767644,0.117263843648208,0.123235613463626,0.161237785016287,0.0732899022801303,0.198697068403909
"L0237",157,-0.0243831751697958,0.14564588314933,0.343949044585987,78,123,63,102,104,108,62,123,0.102228047182176,0.161205766710354,0.0825688073394495,0.133682830930537,0.136304062909568,0.141546526867628,0.0812581913499345,0.161205766710354
"L0238",89,0.0285927012759378,0.212510306859788,0.258426966292135,15,30,8,18,19,35,15,48,0.0797872340425532,0.159574468085106,0.0425531914893617,0.0957446808510638,0.101063829787234,0.186170212765957,0.0797872340425532,0.25531914893617
"L0239",218,0.0602674018878478,0.1375570482071,0.0596330275229358,16,78,14,51,75,30,38,82,0.0416666666666667,0.203125,0.0364583333333333,0.1328125,0.1953125,0.078125,0.0989583333333333,0.213541666666667
"L0240",218,0.0602674018878478,0.1375570482071,0.0596330275229358,16,78,14,51,75,30,38,82,0.0416666666666667,0.203125,0.0364583333333333,0.1328125,0.1953125,0.078125,0.0989583333333333,0.213541666666667
"L0241",83,0.0283663653687408,0.123568474436273,0.240963855421687,29,60,32,33,70,63,27,71,0.0753246753246753,0.155844155844156,0.0831168831168831,0.0857142857142857,0.181818181818182,0.163636363636364,0.0701298701298701,0.184415584415584
"L0245",602,0.00457986103801992,0.256864472147846,0.23421926910299,180,275,170,248,186,266,132,301,0.102389078498294,0.156427758816837,0.0967007963594994,0.141069397042093,0.10580204778157,0.151308304891923,0.0750853242320819,0.171217292377702
"L0246",647,-0.0325717473373234,0.251902723255859,0.329211746522411,176,313,287,524,220,276,186,257,0.0786065207682001,0.139794551138901,0.128182224207235,0.234033050468959,0.0982581509602501,0.123269316659223,0.0830728003573024,0.114783385439929
"L0247",56,0.0285275427425939,0.125043710940206,0.232142857142857,46,56,42,48,44,33,35,59,0.126721763085399,0.154269972451791,0.115702479338843,0.132231404958678,0.121212121212121,0.0909090909090909,0.0964187327823691,0.162534435261708
"L0250",77,0.0385652040639458,0.125276675274521,0.220779220779221,22,50,18,39,35,45,25,41,0.08,0.181818181818182,0.0654545454545455,0.141818181818182,0.127272727272727,0.163636363636364,0.0909090909090909,0.149090909090909
"L0252",151,-0.0147385495459284,0.169364331273273,0.350993377483444,64,70,69,86,55,86,46,55,0.120527306967985,0.131826741996234,0.129943502824859,0.16195856873823,0.103578154425612,0.16195856873823,0.0866290018832392,0.103578154425612
"L0253",61,0.0434663772223255,0.193534016041121,0.229508196721311,11,25,18,21,37,44,15,37,0.0528846153846154,0.120192307692308,0.0865384615384615,0.100961538461538,0.177884615384615,0.211538461538462,0.0721153846153846,0.177884615384615
"L0254",80,0.0057008902932816,0.304949407730784,0.15,5,13,10,22,6,11,0,15,0.0609756097560976,0.158536585365854,0.121951219512195,0.268292682926829,0.0731707317073171,0.134146341463415,0,0.182926829268293
"L0255",77,-0.0988456418288176,0.512107285595817,0.337662337662338,34,22,16,41,23,48,16,48,0.137096774193548,0.0887096774193548,0.0645161290322581,0.165322580645161,0.092741935483871,0.193548387096774,0.0645161290322581,0.193548387096774
"L0256",81,-0.0145802037194837,0.204157953546573,0.382716049382716,60,76,49,65,70,91,36,57,0.119047619047619,0.150793650793651,0.0972222222222222,0.128968253968254,0.138888888888889,0.180555555555556,0.0714285714285714,0.113095238095238
"L0258",27,0.0682043015591347,0.135489632820958,0.148148148148148,4,21,4,10,17,12,7,26,0.0396039603960396,0.207920792079208,0.0396039603960396,0.099009900990099,0.168316831683168,0.118811881188119,0.0693069306930693,0.257425742574257
"L0260",34,0.040642380470053,0.166374456904884,0.235294117647059,7,14,6,6,15,16,12,20,0.0729166666666667,0.145833333333333,0.0625,0.0625,0.15625,0.166666666666667,0.125,0.208333333333333
"L0261",177,-0.00848666011502194,0.175687318670547,0.271186440677966,52,58,28,78,33,83,30,64,0.122065727699531,0.136150234741784,0.0657276995305164,0.183098591549296,0.0774647887323944,0.194835680751174,0.0704225352112676,0.150234741784038
"L0262",4251,0.0205476579728401,0.167027204247703,0.296400846859562,2689,4599,2265,3817,3692,3826,2495,5289,0.0937848772321429,0.160400390625,0.0789969308035714,0.133126395089286,0.128766741071429,0.133440290178571,0.0870186941964286,0.184465680803571
"L0263",66,0.0592899624858684,0.14844714238875,0.242424242424242,42,79,27,42,79,40,40,64,0.101694915254237,0.191283292978208,0.0653753026634383,0.101694915254237,0.191283292978208,0.0968523002421307,0.0968523002421307,0.154963680387409
"L0264",10,0.0578627255097843,0.129952346506084,0.1,3,6,2,3,4,6,4,5,0.0909090909090909,0.181818181818182,0.0606060606060606,0.0909090909090909,0.121212121212121,0.181818181818182,0.121212121212121,0.151515151515152
"L0266",37,0.121613083839517,0.515940926670261,0.27027027027027,10,32,18,14,30,6,16,24,0.0666666666666667,0.213333333333333,0.12,0.0933333333333333,0.2,0.04,0.106666666666667,0.16
"L0267",8,0.00924378253325622,0.0841545824102038,0.125,3,7,3,3,3,4,4,5,0.09375,0.21875,0.09375,0.09375,0.09375,0.125,0.125,0.15625
"L0268",69,0.0645492110985668,0.136700129655909,0.130434782608696,31,65,40,42,67,57,28,68,0.0778894472361809,0.163316582914573,0.100502512562814,0.105527638190955,0.168341708542714,0.14321608040201,0.0703517587939698,0.170854271356784
"L0269",111,-0.147354847133257,0.375772460735284,0.531531531531532,84,38,68,135,47,139,30,29,0.147368421052632,0.0666666666666667,0.119298245614035,0.236842105263158,0.0824561403508772,0.243859649122807,0.0526315789473684,0.0508771929824561
"L0270",11,0.0371540076085531,0.187616583262369,0.272727272727273,2,10,5,10,10,7,5,15,0.03125,0.15625,0.078125,0.15625,0.15625,0.109375,0.078125,0.234375
"L0271",21,0.0326835862550148,0.186376824420794,0.19047619047619,2,5,3,2,4,4,1,8,0.0689655172413793,0.172413793103448,0.103448275862069,0.0689655172413793,0.137931034482759,0.137931034482759,0.0344827586206897,0.275862068965517
"L0272",56,0.0252226916690824,0.144463086070747,0.232142857142857,15,33,14,20,40,28,11,33,0.077319587628866,0.170103092783505,0.0721649484536082,0.103092783505155,0.206185567010309,0.144329896907216,0.0567010309278351,0.170103092783505
"L0274",1229,-0.0178984318385616,0.1771106014976,0.391375101708706,619,777,479,958,510,962,394,815,0.112259702575263,0.140914036996736,0.0868697859992746,0.173739571998549,0.0924918389553863,0.174464998186435,0.0714544795067102,0.147805585781647
"L0275",1672,-0.0154039569629272,0.233630594988123,0.30322966507177,516,671,446,903,462,805,430,790,0.102727453712921,0.133585506669321,0.0887915588293848,0.179773043997611,0.0919769062313359,0.160262791160661,0.0856062114274338,0.157276527971332
"L0277",137,0.00159211246796838,0.157181355782004,0.284671532846715,55,99,40,75,77,47,47,65,0.108910891089109,0.196039603960396,0.0792079207920792,0.148514851485149,0.152475247524752,0.0930693069306931,0.0930693069306931,0.128712871287129
"L0278",259,0.042750193605138,0.267795628967452,0.274131274131274,51,188,117,127,193,142,89,154,0.0480678605089538,0.177191328934967,0.110273327049953,0.119698397737983,0.181903864278982,0.133836003770028,0.0838831291234684,0.145146088595664
"L0280",59,0.0441555382057297,0.0777208761469282,0.135593220338983,16,53,16,29,37,25,10,46,0.0689655172413793,0.228448275862069,0.0689655172413793,0.125,0.15948275862069,0.107758620689655,0.0431034482758621,0.198275862068966
"L0286",76,0.0513340483754282,0.169973260874959,0.157894736842105,28,52,48,68,44,28,36,89,0.0712468193384224,0.132315521628499,0.122137404580153,0.173027989821883,0.111959287531807,0.0712468193384224,0.0916030534351145,0.2264631043257
"L0287",76,0.0513340483754282,0.169973260874959,0.157894736842105,28,52,48,68,44,28,36,89,0.0712468193384224,0.132315521628499,0.122137404580153,0.173027989821883,0.111959287531807,0.0712468193384224,0.0916030534351145,0.2264631043257
"L0288",969,0.0119168334031107,0.235166049140027,0.280701754385965,330,452,280,480,303,568,196,610,0.102516309412861,0.140416278347313,0.0869835352593973,0.149114631873253,0.0941286113699907,0.176452314383349,0.0608884746815781,0.189499844672258
"L0289",401,-0.0152198740144888,0.184694631688978,0.224438902743142,121,99,75,177,130,234,68,104,0.120039682539683,0.0982142857142857,0.0744047619047619,0.175595238095238,0.128968253968254,0.232142857142857,0.0674603174603175,0.103174603174603
"L0290",477,-0.0406009782054257,0.146606746940857,0.515723270440252,656,440,581,890,423,1022,331,550,0.134069078275087,0.0899243817698753,0.118741058655222,0.181892499489066,0.0864500306560392,0.208869814020029,0.067647659922338,0.112405477212344
"L0291",10344,0.0344399516972515,0.442106899706464,0.166473317865429,1466,3371,1297,2046,2288,2772,1713,3256,0.0805096380910539,0.18512823329123,0.0712285133725081,0.112362018781921,0.125652150035697,0.152232412543248,0.0940743588335439,0.178812675050799
"L0292",2005,-0.027421980065867,0.266585497407167,0.313715710723192,709,953,678,1144,625,1251,549,1063,0.101692484222605,0.136689615605278,0.0972461273666093,0.164084911072863,0.0896442914515204,0.179432013769363,0.0787435456110155,0.152467010900746
"L0293",2040,0.036642277690545,0.170446373783667,0.193627450980392,695,1175,428,984,1081,879,586,1561,0.0940587359588578,0.159020165110299,0.0579239409933685,0.133170929760455,0.146298551901475,0.118960617133577,0.0793070780890513,0.211259981052916
"L0294",1823,0.0340815063835099,0.247091486045157,0.206253428414701,399,999,422,659,839,759,500,1162,0.0695243073706221,0.174072138003136,0.0735319742115351,0.114828367311378,0.146192716501133,0.132253005750131,0.087123192193762,0.202474298658303
"L0295",7824,0.0196700777870856,0.147657049941177,0.275178936605317,6530,7904,6167,8877,6081,8537,3707,13151,0.107129966860255,0.129671555599304,0.101174656298192,0.145634412835909,0.0997637562752239,0.140056436000919,0.0608163533156151,0.215752862814581
"L0296",10359,0.0161004920579051,0.229870088345284,0.287479486436915,4489,8182,3991,7570,5132,7497,3613,8402,0.0918446681397823,0.167403224486456,0.0816556182993698,0.154881741550045,0.105000409198789,0.153388165971029,0.0739217611915869,0.171904411162943
"L0297",706,0.0414051734084456,0.127634132025127,0.21671388101983,367,563,226,428,401,402,266,752,0.107782672540382,0.165345080763583,0.0663729809104258,0.125697503671072,0.11776798825257,0.118061674008811,0.0781204111600587,0.220851688693098
"L0299",7051,0.0089295211710427,0.156985297339883,0.302368458374699,5499,6063,4840,7215,4652,7183,2948,9571,0.114631756686331,0.126388859936211,0.10089429030039,0.150403368701924,0.0969752558837631,0.149736299013988,0.0614537950011465,0.199516374476246
"L0300",8299,0.0244977845980437,0.156239313583768,0.252681045909146,5073,6605,5176,7108,5019,6749,3016,11363,0.101239298329641,0.13181264842643,0.10329481729829,0.141850765331577,0.100161647608214,0.13468638368357,0.0601887884411982,0.226765650881079
"L0301",2270,-0.00010880597246633,0.274587997017797,0.256828193832599,754,1004,600,1005,721,1207,571,1197,0.106813996316759,0.142229777588894,0.0849978750531237,0.142371440713982,0.102139113188837,0.170987391981867,0.080889644425556,0.169570760730982
"L0302",6097,-0.0205973135832207,0.245343259348204,0.311956700016402,2225,2568,1586,2995,1745,2484,1676,2248,0.126946996063217,0.146516802647344,0.0904889598904547,0.170879214925543,0.0995606778113767,0.141724196953272,0.0956238945626747,0.128259257146117
"L0303",2404,-0.0228614429872501,0.21974058859239,0.332362728785358,1051,1329,985,1421,768,1634,693,1210,0.115608843911561,0.146188538114619,0.108348916510835,0.156308436915631,0.0844791552084479,0.179738202617974,0.0762292377076229,0.13309866901331
"L0304",1044,-0.0291576358483142,0.132396763777979,0.46264367816092,1580,1281,1298,2189,1027,2154,991,1397,0.132583703952337,0.107493496685407,0.108920030208945,0.183687169589662,0.0861794075690191,0.180750188805908,0.0831585130485861,0.117227490140136
"L0305",541,-0.043177011776641,0.208714455760112,0.451016635859519,460,351,353,571,242,574,263,397,0.143257552164435,0.109311740890688,0.109934599813142,0.177826222360635,0.0753659296169418,0.178760510744316,0.0819059483027094,0.123637496107132
"L0306",17,-0.0062414264745352,0.126725814463482,0.411764705882353,10,6,6,11,0,11,0,9,0.188679245283019,0.113207547169811,0.113207547169811,0.207547169811321,0,0.207547169811321,0,0.169811320754717
"L0307",4352,-0.0101170744000698,0.188647479037081,0.370634191176471,3791,3524,2643,4965,2298,3927,1885,5366,0.133490615866756,0.124088876368886,0.0930666572766647,0.174830099651396,0.0809183421951477,0.138279516884397,0.06637557660481,0.188950315151942
"L0308",1333,-0.0126059922917168,0.218090113809832,0.204801200300075,296,269,209,395,193,434,193,229,0.133453561767358,0.121280432822362,0.094229035166817,0.178088367899008,0.0870153291253381,0.195671776375113,0.0870153291253381,0.103246167718665
"L0309",5552,-0.00537378076155693,0.184138136345728,0.349063400576369,4203,4389,2977,5547,3199,5290,2385,5628,0.125022309477066,0.130555059789399,0.088553750966744,0.165000892379083,0.0951573561782379,0.157356178237849,0.0709441370694271,0.167410315902195
"L0310",510,0.00448499989343159,0.243203009841596,0.247058823529412,312,427,248,403,346,458,208,523,0.106666666666667,0.145982905982906,0.0847863247863248,0.137777777777778,0.118290598290598,0.156581196581197,0.0711111111111111,0.178803418803419
"L0311",2155,0.0153392495679184,0.248285872260899,0.282598607888631,905,1239,740,1277,1043,1454,756,1370,0.103028233151184,0.141051912568306,0.0842440801457195,0.14537795992714,0.118738615664845,0.165528233151184,0.0860655737704918,0.155965391621129
"L0312",136,0.00952718576017762,0.164945559286908,0.316176470588235,62,142,61,80,93,117,60,104,0.086230876216968,0.19749652294854,0.0848400556328234,0.111265646731572,0.129346314325452,0.162726008344924,0.0834492350486787,0.144645340751043
"L0313",997,0.00531298201377064,0.200455060317674,0.296890672016048,454,876,426,679,490,938,407,1207,0.0828920942121599,0.1599415738543,0.0777798064633924,0.123972977907614,0.0894650356034325,0.171261639583714,0.0743107540624429,0.220376118312945
"L0316",5984,0.0113193676675979,0.171464186877028,0.292446524064171,3239,4879,2764,4630,3588,4695,2616,6167,0.0994229234452698,0.149763644177052,0.0848425317699061,0.142120449383019,0.110135674381484,0.144115660875437,0.080299588679477,0.189299527288354
"L0317",1138,0.0102188160195502,0.146283454477631,0.210896309314587,298,500,200,408,374,447,254,588,0.0971000325839036,0.162919517758227,0.065167807103291,0.132942326490714,0.121863799283154,0.145650048875855,0.0827631150211795,0.191593352883675
"L0318",591,-0.0163116890456404,0.178404020846941,0.309644670050761,347,521,297,469,338,545,283,476,0.105921855921856,0.159035409035409,0.0906593406593407,0.143162393162393,0.103174603174603,0.166361416361416,0.0863858363858364,0.145299145299145
"L0319",1038,-0.0175743746712996,0.303816918456448,0.283236994219653,402,458,351,552,325,535,235,605,0.116084319953797,0.132255269997112,0.101357204735778,0.159399364712677,0.0938492636442391,0.154490326306671,0.0678602367889113,0.174704013860814
"L0320",8335,0.00758361322286943,0.218619666990742,0.289502099580084,3915,6360,3163,5411,4840,6217,2730,7139,0.0984286612193589,0.159899434318039,0.0795223130106851,0.136040226272784,0.121684475172847,0.156304211187932,0.0686360779384035,0.17948460087995
"L0321",273,0.00861300381023863,0.191993940572168,0.26007326007326,92,138,61,132,123,159,83,147,0.0983957219251337,0.147593582887701,0.06524064171123,0.141176470588235,0.131550802139037,0.170053475935829,0.0887700534759358,0.157219251336898
"L0323",3585,-0.0102988733913952,0.18552358915205,0.374058577405858,2435,3638,2028,3530,2528,3654,2117,3367,0.104519895265485,0.156157445164613,0.0870498347426707,0.151521655148732,0.108511825556939,0.15684422887067,0.0908700691076104,0.14452504614328
"L0324",5368,-0.00759999076201965,0.261683050354185,0.329545454545455,3041,3211,2365,3877,2136,4107,1955,3152,0.127537325952021,0.134667002180842,0.0991863781244758,0.162598557289045,0.089582284851535,0.17224458983392,0.0819912766314377,0.132192585136722
"L0325",4310,0.0174310233055822,0.229853767726598,0.246867749419954,1721,3322,1454,2383,2714,2768,1643,3228,0.0894816201320647,0.172723964020174,0.0755992304892632,0.12390162741122,0.141111631050798,0.143919305360578,0.0854260905734935,0.167836530962408
"L0326",7014,-0.0104102018358654,0.271594058012768,0.238950670088395,1846,2388,1453,2741,1678,3032,1263,2542,0.1089535501387,0.14094316236794,0.0857581302012631,0.161777725314289,0.0990379507761317,0.178952959924453,0.0745440594935962,0.150032461783627
"L0327",2003,-0.0112559191685296,0.270579136637118,0.338492261607589,1059,1264,779,1455,1210,1830,812,1012,0.112408449209213,0.134168347309203,0.0826876127799597,0.15444220358773,0.128436471712132,0.194246895234052,0.086190425644836,0.107419594522874
"L0328",200,-0.00850552481436718,0.232729887431638,0.29,64,141,51,133,119,151,68,130,0.0746791131855309,0.164527421236873,0.05950991831972,0.155192532088681,0.138856476079347,0.176196032672112,0.0793465577596266,0.15169194865811
"L0329",1857,0.00862190504265086,0.220653235189928,0.27571351642434,574,1022,436,855,831,1011,613,1041,0.0899263669121103,0.160112799624001,0.0683064389785367,0.133949553501488,0.13018956603478,0.158389472035093,0.0960363465455115,0.163089456368479
"L0330",363,-0.0138433880977261,0.24575664895849,0.300275482093664,139,214,95,171,161,228,141,257,0.0988620199146515,0.152204836415363,0.0675675675675676,0.121621621621622,0.114509246088193,0.162162162162162,0.100284495021337,0.182788051209104
"L0331",1282,0.0518822367401965,0.202526527731302,0.108424336973479,185,412,118,236,309,256,195,516,0.0830713964975303,0.185002245172878,0.0529860799281545,0.105972159856309,0.138751683879659,0.114952851369555,0.0875617422541536,0.23170184104176
"L0332",1123,0.00260268117062061,0.174573672868909,0.292965271593945,623,773,502,839,677,780,432,751,0.115863864608518,0.143760461223731,0.0933606100055793,0.156034963734424,0.125906639389994,0.145062302399107,0.0803421982518133,0.139668960386833
"L0333",1340,-0.0374439836743418,0.163938018322629,0.437313432835821,970,1137,740,1326,689,1719,580,1043,0.118235007313506,0.138590931253047,0.0901999024865919,0.161628473915163,0.0839834227206241,0.209531935641151,0.0706972208678693,0.127133105802048
"L0334",6637,0.00664148352472216,0.26438880554691,0.252373060117523,2113,2859,1913,3067,1835,3422,1592,3145,0.105936027273639,0.143337009926802,0.0959089541762759,0.15376516594806,0.0919983956683044,0.171563220695879,0.0798155018550085,0.157675724456031
"L0335",6898,0.0409973187243896,0.214384315081306,0.222528269063497,2401,5860,2193,3474,4946,4854,2663,6964,0.0719832109129066,0.175685804227252,0.0657472642782192,0.104152301004347,0.148283615649828,0.145525408484485,0.0798381052315995,0.208784290211363
"L0337",351,0.00598593278582482,0.133637629258297,0.307692307692308,119,144,102,137,86,171,99,245,0.107887579329102,0.130553037171351,0.0924750679963735,0.124206708975521,0.0779691749773345,0.155031731640979,0.0897552130553037,0.222121486854034
"L0338",1985,-0.0159082464212482,0.18054247422938,0.405541561712846,1364,1893,962,1818,1195,2042,989,2016,0.111083964492222,0.154165648668458,0.0783451421125499,0.148057659418519,0.0973206287156935,0.16630018731167,0.0805440182425279,0.164182751038358
"L0339",11218,0.0135050863934356,0.243895561006399,0.214833303619183,1938,3819,1803,2768,2722,4152,1787,4055,0.0840999826419025,0.165726436382572,0.0782416247179309,0.120118035063357,0.118121853844819,0.180177052595036,0.0775473008158306,0.175967713938552
"L0341",1036,-0.0011633137466152,0.217368426405358,0.317567567567568,401,731,368,640,427,911,346,970,0.0836462244472257,0.152482269503546,0.0767626199415937,0.133500208594076,0.08906967042136,0.19002920317063,0.0721735502711723,0.202336253650396
"L0342",1036,-0.0011633137466152,0.217368426405358,0.317567567567568,401,731,368,640,427,911,346,970,0.0836462244472257,0.152482269503546,0.0767626199415937,0.133500208594076,0.08906967042136,0.19002920317063,0.0721735502711723,0.202336253650396
"L0343",182,-0.040336453527962,0.171089681190046,0.401098901098901,145,125,90,184,88,173,109,113,0.141187925998053,0.121713729308666,0.0876338851022395,0.179162609542356,0.0856864654333009,0.168451801363194,0.106134371957157,0.110029211295034
"L0344",182,-0.040336453527962,0.171089681190046,0.401098901098901,145,125,90,184,88,173,109,113,0.141187925998053,0.121713729308666,0.0876338851022395,0.179162609542356,0.0856864654333009,0.168451801363194,0.106134371957157,0.110029211295034
"L0345",4237,0.0207902272436356,0.200017616191734,0.242152466367713,2070,2726,1807,3011,2026,2934,1406,4551,0.100823145487312,0.132774828308412,0.0880132482587307,0.146656275875505,0.0986800448102869,0.142905849690712,0.0684818079976621,0.22166479957138
"L0346",4237,0.0207902272436356,0.200017616191734,0.242152466367713,2070,2726,1807,3011,2026,2934,1406,4551,0.100823145487312,0.132774828308412,0.0880132482587307,0.146656275875505,0.0986800448102869,0.142905849690712,0.0684818079976621,0.22166479957138
"L0347",5922,-0.0156276245433169,0.343382040732412,0.286220871327254,2311,2599,1812,2986,2219,2911,1591,3018,0.118835810150666,0.133645292333008,0.0931763253972335,0.153545534015529,0.114105003342418,0.149688898030545,0.0818121046948115,0.15519103203579
"L0348",5922,-0.0156276245433169,0.343382040732412,0.286220871327254,2311,2599,1812,2986,2219,2911,1591,3018,0.118835810150666,0.133645292333008,0.0931763253972335,0.153545534015529,0.114105003342418,0.149688898030545,0.0818121046948115,0.15519103203579
"L0349",4664,0.021058098356365,0.171360937571771,0.220197255574614,3171,2361,1368,2433,1095,2111,904,4616,0.175591118002104,0.130738136109419,0.0757517027520904,0.134725067833213,0.0606345866327039,0.116894623179578,0.0500581427543053,0.255606622736586
"L0350",4664,0.021058098356365,0.171360937571771,0.220197255574614,3171,2361,1368,2433,1095,2111,904,4616,0.175591118002104,0.130738136109419,0.0757517027520904,0.134725067833213,0.0606345866327039,0.116894623179578,0.0500581427543053,0.255606622736586
"L0353",725,0.0659710585203579,0.138864669351222,0.107586206896552,215,505,146,310,319,379,177,1128,0.0676313306071092,0.158854985844605,0.0459263919471532,0.0975149418055992,0.100346020761246,0.119219880465555,0.0556778861277131,0.354828562441019
"L0354",725,0.0659710585203579,0.138864669351222,0.107586206896552,215,505,146,310,319,379,177,1128,0.0676313306071092,0.158854985844605,0.0459263919471532,0.0975149418055992,0.100346020761246,0.119219880465555,0.0556778861277131,0.354828562441019
"L0355",389,0.0749550489433269,0.129759257123506,0.06426735218509,90,206,80,139,150,153,72,382,0.0707547169811321,0.161949685534591,0.0628930817610063,0.109276729559748,0.117924528301887,0.120283018867925,0.0566037735849057,0.300314465408805
"L0356",389,0.0749550489433269,0.129759257123506,0.06426735218509,90,206,80,139,150,153,72,382,0.0707547169811321,0.161949685534591,0.0628930817610063,0.109276729559748,0.117924528301887,0.120283018867925,0.0566037735849057,0.300314465408805
"L0357",2817,0.0533719687651456,0.122078698019627,0.152289669861555,777,3120,1024,1276,1419,1151,791,3509,0.0594627688069182,0.238769419147471,0.0783653478227596,0.0976505701385169,0.108594168516109,0.0880844876406214,0.0605341700466825,0.268539067880921
"L0358",2817,0.0533719687651456,0.122078698019627,0.152289669861555,777,3120,1024,1276,1419,1151,791,3509,0.0594627688069182,0.238769419147471,0.0783653478227596,0.0976505701385169,0.108594168516109,0.0880844876406214,0.0605341700466825,0.268539067880921
"L0359",1850,0.00697621907672882,0.279984430771416,0.193513513513514,253,485,303,478,340,492,253,738,0.0757031717534411,0.145122681029324,0.0906642728904847,0.143028126870138,0.101735487731897,0.14721723518851,0.0757031717534411,0.220825852782765
"L0360",261,0.0456017819941024,0.191897079925929,0.21455938697318,67,191,54,144,140,112,130,139,0.0685772773797339,0.195496417604913,0.0552712384851586,0.147389969293756,0.143295803480041,0.114636642784033,0.133060388945752,0.142272262026612
"L0361",100,0.033824721130943,0.375668289713464,0.21,23,46,6,55,41,49,22,45,0.0801393728222996,0.160278745644599,0.0209059233449477,0.191637630662021,0.142857142857143,0.170731707317073,0.0766550522648084,0.156794425087108
"L0362",2448,0.0162579841678021,0.263144285092999,0.199754901960784,487,874,343,682,636,778,490,1158,0.0893906020558003,0.160425844346549,0.0629588839941263,0.125183553597651,0.116740088105727,0.1428046989721,0.0899412628487518,0.212555066079295
"L0366",31,-0.0144973437764286,0.126802689433356,0.32258064516129,29,21,8,27,25,27,18,26,0.160220994475138,0.116022099447514,0.0441988950276243,0.149171270718232,0.138121546961326,0.149171270718232,0.0994475138121547,0.143646408839779
"L0368",1832,0.0160648047161058,0.211012863379001,0.239628820960699,538,981,542,865,793,926,465,1126,0.0862732520846697,0.157312379730597,0.086914688903143,0.138710711994869,0.127164849262348,0.148492623476588,0.0745670301475305,0.180564464400257
"L0369",13,-0.00781910397295013,0.173113926838335,0.230769230769231,2,4,3,5,4,9,3,3,0.0606060606060606,0.121212121212121,0.0909090909090909,0.151515151515152,0.121212121212121,0.272727272727273,0.0909090909090909,0.0909090909090909
"L0371",77,0.033474724220839,0.162077768639841,0.246753246753247,34,57,26,49,42,38,26,73,0.0985507246376812,0.165217391304348,0.0753623188405797,0.142028985507246,0.121739130434783,0.110144927536232,0.0753623188405797,0.211594202898551
"L0372",36,0.0562961707013593,0.129884016654295,0.138888888888889,8,53,17,14,51,23,24,24,0.0373831775700935,0.247663551401869,0.0794392523364486,0.0654205607476635,0.238317757009346,0.107476635514019,0.11214953271028,0.11214953271028
"L0373",570,0.000532606724183591,0.219552347007412,0.308771929824561,303,379,293,459,320,318,207,359,0.114859742228961,0.143669446550417,0.111068991660349,0.173995451099318,0.121304018195603,0.12054586808188,0.0784685367702805,0.136087945413192
"L0375",295,0.0036041263453473,0.201627374025591,0.315254237288136,81,143,122,148,134,136,102,142,0.0803571428571429,0.141865079365079,0.121031746031746,0.146825396825397,0.132936507936508,0.134920634920635,0.101190476190476,0.140873015873016
"L0378",270,0.0771465533888104,0.236319024479582,0.148148148148148,90,177,75,111,179,153,67,208,0.0849056603773585,0.166981132075472,0.0707547169811321,0.104716981132075,0.168867924528302,0.144339622641509,0.0632075471698113,0.19622641509434
"L0379",124,-0.0190130581177184,0.162823852489274,0.290322580645161,48,75,49,76,39,66,39,65,0.105032822757112,0.164113785557987,0.107221006564551,0.166301969365427,0.0853391684901532,0.144420131291028,0.0853391684901532,0.142231947483589
"L0380",195,0.00904137538643798,0.229681663840746,0.317948717948718,69,119,59,116,68,107,47,115,0.0985714285714286,0.17,0.0842857142857143,0.165714285714286,0.0971428571428571,0.152857142857143,0.0671428571428571,0.164285714285714
"L0381",38,0.0491908648310053,0.255051529759006,0.263157894736842,8,31,10,17,16,37,12,26,0.0509554140127389,0.197452229299363,0.0636942675159236,0.10828025477707,0.101910828025478,0.235668789808917,0.0764331210191083,0.165605095541401
"L0383",1722,-0.00582354823669891,0.226121347239045,0.253193960511034,399,655,502,581,453,688,369,877,0.0881962864721485,0.144783377541998,0.110963748894783,0.12842617152962,0.100132625994695,0.152077807250221,0.0815649867374005,0.193854995579134
"L0384",65,0.0365873112549534,0.168396356508035,0.246153846153846,9,33,7,24,36,23,24,40,0.0459183673469388,0.168367346938776,0.0357142857142857,0.122448979591837,0.183673469387755,0.11734693877551,0.122448979591837,0.204081632653061
"L0385",279,-0.000335599999003466,0.159452580367986,0.362007168458781,171,260,136,286,260,326,112,277,0.0935448577680525,0.142231947483589,0.074398249452954,0.156455142231947,0.142231947483589,0.178336980306346,0.0612691466083151,0.151531728665208
"L0387",263,0.0331939258803353,0.187777553811801,0.247148288973384,86,166,95,139,158,164,85,208,0.07811080835604,0.150772025431426,0.0862851952770209,0.126248864668483,0.143505903723887,0.148955495004541,0.0772025431425976,0.188919164396004
"L0388",93,0.0408594081071153,0.169082247966118,0.258064516129032,50,85,32,80,71,65,35,83,0.0998003992015968,0.169660678642715,0.063872255489022,0.159680638722555,0.141716566866267,0.129740518962076,0.0698602794411178,0.165668662674651
"L0389",57,0.00775494619663866,0.283995463155652,0.298245614035088,22,36,30,34,24,22,20,37,0.0977777777777778,0.16,0.133333333333333,0.151111111111111,0.106666666666667,0.0977777777777778,0.0888888888888889,0.164444444444444
"L0390",136,0.00564136617866631,0.118505368311127,0.25,40,64,97,59,41,58,29,102,0.0816326530612245,0.130612244897959,0.197959183673469,0.120408163265306,0.0836734693877551,0.118367346938776,0.0591836734693878,0.208163265306122
"L0391",245,0.0464889791538812,0.134738678616173,0.191836734693878,57,164,47,97,140,110,72,124,0.0702836004932182,0.202219482120838,0.0579531442663379,0.11960542540074,0.172626387176326,0.135635018495684,0.0887792848335388,0.152897657213317
"L0392",74,0.027709796298135,0.126028778579021,0.283783783783784,39,87,43,60,66,43,43,64,0.0876404494382022,0.195505617977528,0.0966292134831461,0.134831460674157,0.148314606741573,0.0966292134831461,0.0966292134831461,0.143820224719101
"L0394",281,0.0377016156578544,0.250590334312667,0.220640569395018,66,138,50,120,103,92,63,122,0.0875331564986737,0.183023872679045,0.0663129973474801,0.159151193633952,0.136604774535809,0.122015915119363,0.0835543766578249,0.161803713527851
"L0395",29,0.0467084018861071,0.179880744569249,0.172413793103448,7,19,9,4,16,11,12,25,0.0679611650485437,0.184466019417476,0.087378640776699,0.0388349514563107,0.155339805825243,0.106796116504854,0.116504854368932,0.242718446601942
"L0396",13,-0.124373160528767,0.453885335964424,0.538461538461538,15,11,5,16,14,24,3,9,0.154639175257732,0.11340206185567,0.0515463917525773,0.164948453608247,0.144329896907216,0.247422680412371,0.0309278350515464,0.0927835051546392
"L0397",45,-0.00661457805670329,0.31668215852522,0.0666666666666667,3,13,8,6,12,10,6,21,0.0379746835443038,0.164556962025316,0.10126582278481,0.0759493670886076,0.151898734177215,0.126582278481013,0.0759493670886076,0.265822784810127
"L0398",104,-0.0346144512986723,0.198078613882312,0.403846153846154,86,61,64,133,39,93,26,59,0.153297682709447,0.10873440285205,0.114081996434938,0.237076648841355,0.0695187165775401,0.165775401069519,0.0463458110516934,0.105169340463458
"L0401",1161,-0.000363204939325579,0.258183781563301,0.242894056847545,297,359,225,445,271,504,254,559,0.101921757035003,0.123198352779684,0.077213452299245,0.152711050102951,0.0929993136582018,0.172958133150309,0.0871654083733699,0.191832532601235
"L0403",50601,0.0248350519216962,0.176377818832026,0.218454180747416,18099,24115,16096,26942,20236,20241,10045,40336,0.102770995400602,0.136931463289989,0.0913974220657544,0.152983930497984,0.114905456816762,0.11493384816308,0.0570382147521435,0.229038669013685
"L0404",50601,0.0248350519216962,0.176377818832026,0.218454180747416,18099,24115,16096,26942,20236,20241,10045,40336,0.102770995400602,0.136931463289989,0.0913974220657544,0.152983930497984,0.114905456816762,0.11493384816308,0.0570382147521435,0.229038669013685
"L0405",50601,0.0248350519216962,0.176377818832026,0.218454180747416,18099,24115,16096,26942,20236,20241,10045,40336,0.102770995400602,0.136931463289989,0.0913974220657544,0.152983930497984,0.114905456816762,0.11493384816308,0.0570382147521435,0.229038669013685
"L0406",5250,0.0141840871516507,0.208027611717267,0.235619047619048,1266,2154,1165,2203,1315,2226,995,2769,0.0898318314056624,0.152841836372667,0.0826651529127936,0.156318739799901,0.0933087348328958,0.157950755694316,0.0706024267366778,0.196480522245086
"L0407",7456,-0.00380966419063622,0.202308333382124,0.295064377682403,3314,3772,2429,4508,2315,4464,2022,4842,0.119786018940215,0.136340634714089,0.0877972963203933,0.162943685390009,0.0836767151015687,0.16135328562134,0.0730860984602039,0.17501626545218
"L0408",282,0.0161143858623421,0.12328910080388,0.195035460992908,112,187,103,188,141,194,101,207,0.0908353609083536,0.151662611516626,0.0835360908353609,0.152473641524736,0.114355231143552,0.157339821573398,0.0819140308191403,0.167883211678832
"L0409",2622,-0.00376938991810936,0.376448900150872,0.179252479023646,313,348,281,565,234,563,218,428,0.106101694915254,0.117966101694915,0.0952542372881356,0.191525423728814,0.0793220338983051,0.190847457627119,0.0738983050847458,0.145084745762712
"L0410",1526,0.00089459546111085,0.215190106270696,0.377457404980341,860,1343,679,1358,770,1749,651,1697,0.0944328538486878,0.147468979905567,0.0745580322828593,0.149116064565719,0.0845503458877786,0.192050071373669,0.0714834742505765,0.186340177885143
"L0411",3196,0.00889923963933647,0.20765417831183,0.301001251564456,1356,2681,1556,2251,1843,2861,1185,2814,0.0819483894361516,0.162023327491388,0.0940351725388288,0.136036743820632,0.111379706291171,0.172901432283798,0.0716141898833625,0.170061038254669
"L0412",1036,0.00878974598093368,0.133484873303131,0.335907335907336,1298,1808,1294,1746,1148,1722,892,2469,0.104871939888503,0.146077401632059,0.104548759796397,0.141068110204411,0.0927526864345156,0.139129029651773,0.0720691605397108,0.19948291185263
"L0413",794,-0.0363814424116781,0.147389146486142,0.429471032745592,653,632,690,905,452,1022,405,568,0.122583067392529,0.118640886052187,0.129528815468369,0.169889243476629,0.0848507602778299,0.191852825229961,0.0760277829923034,0.106626619110193
"L0414",16088,0.00365112923110046,0.203443114357291,0.267031327697663,5046,6722,4711,7309,4514,7645,3715,9374,0.10290398890611,0.137082959458357,0.0960722734317644,0.149053756423852,0.0920548168692389,0.155905865078718,0.0757606656334122,0.191165674198548
"L0415",17134,-0.00835032753802474,0.254607676939715,0.290941986693125,6463,8030,5591,9071,5240,9688,4439,9867,0.110688657110072,0.137525903851753,0.095754337289558,0.155354604463169,0.0897429310315299,0.165921663326997,0.0760245936734659,0.168987309253455
"L0416",4640,0.00953868113798534,0.176449114801639,0.316594827586207,2989,4157,2310,4576,3268,4447,2445,5382,0.101068506120241,0.140562656387367,0.0781091499289917,0.154730506526003,0.110502468384392,0.150368566984513,0.0826739703793873,0.181984175289105
"L0417",2498,0.00534865814621564,0.159272746960867,0.299839871897518,1332,1646,1077,2043,1305,1889,1000,2127,0.107255012480876,0.132538851759401,0.0867219582897174,0.164505998872695,0.105080924390048,0.152105644576858,0.0805217811417989,0.171269828488606
"L0418",2187,-0.0121653376066397,0.209668829226228,0.289437585733882,768,1169,735,1104,963,1370,649,1453,0.0935330654000731,0.142369991474851,0.0895140664961637,0.134453781512605,0.11728169528681,0.166849348435026,0.0790403117768847,0.176957739617586
"L0419",2157,0.0462868242306503,0.226098286375253,0.188224385720909,395,982,514,714,695,960,466,1845,0.0601126160401765,0.149444528991021,0.0782224927712677,0.108659260386547,0.105767767463095,0.14609648455334,0.0709176685436007,0.280779181250951
"L0420",20551,0.00208932433931912,0.258967916346922,0.258673543866479,6921,7932,5191,9797,4451,8610,4320,10274,0.120373591206345,0.137957423125087,0.0902845415333241,0.170394462223459,0.0774140809795464,0.149749547794629,0.0751356616112425,0.178690691526367
"L0421",1049,-0.0228623257125008,0.196170221137618,0.34604385128694,516,593,378,652,340,605,292,647,0.128262490678598,0.14740243599304,0.0939597315436242,0.162068108376833,0.0845140442455879,0.150385284613473,0.0725826497638578,0.160825254784986
"L0422",3418,-0.00512135396256348,0.201453062353235,0.333820947922762,1504,2337,1397,2020,1753,2457,1382,2805,0.0960715426381348,0.149281379750878,0.0892366656020441,0.129032258064516,0.111977004152028,0.156946662408176,0.0882785052698818,0.17917598211434
"L0423",1005,-0.00481557486568517,0.244570212816428,0.285572139303483,349,553,284,462,391,531,238,527,0.104647676161919,0.165817091454273,0.0851574212893553,0.138530734632684,0.117241379310345,0.159220389805097,0.0713643178410795,0.158020989505247
"L0424",1826,-0.00485018470990298,0.169976744065712,0.170865279299014,256,342,234,373,275,418,197,395,0.10281124497992,0.137349397590361,0.0939759036144578,0.149799196787149,0.110441767068273,0.167871485943775,0.0791164658634538,0.15863453815261
"L0425",31,0.00474795037345885,0.157963124501849,0.32258064516129,15,28,16,10,24,19,17,27,0.0961538461538462,0.179487179487179,0.102564102564103,0.0641025641025641,0.153846153846154,0.121794871794872,0.108974358974359,0.173076923076923
"L0426",2959,-0.0202550356238013,0.224575431859836,0.328151402500845,1489,1816,1250,1944,1399,2072,1010,2171,0.113223329024409,0.138088358299749,0.0950498060983956,0.147821458444225,0.106379742985324,0.1575545585887,0.0768002433275036,0.165082503231693
"L0427",25,0.033681211005524,0.096409529204127,0.16,7,24,9,17,15,14,5,18,0.0642201834862385,0.220183486238532,0.0825688073394495,0.155963302752294,0.137614678899083,0.128440366972477,0.0458715596330275,0.165137614678899
"L0428",2289,-0.00193629668051295,0.191682401142969,0.315858453473132,869,1150,592,1123,662,1301,537,1414,0.113624476987448,0.150366108786611,0.0774058577405858,0.146835774058577,0.0865585774058577,0.170109832635983,0.0702144351464435,0.184884937238494
"L0429",2066,-0.00130957518236077,0.168676206541249,0.267666989351404,582,930,465,796,540,908,458,1123,0.100310237849018,0.16028955532575,0.0801447776628749,0.137194071009997,0.093071354705274,0.156497759393313,0.0789382971389176,0.193553946914857
"L0430",3297,-0.00766877411351267,0.202559623397512,0.287534121929026,824,1341,618,1234,765,1577,700,1269,0.0989433237271854,0.161023054755043,0.074207492795389,0.148174831892411,0.0918587896253602,0.189361191162344,0.0840537944284342,0.152377521613833
"L0431",20,0.00531273542975015,0.176527710574711,0.4,8,17,8,8,13,22,6,14,0.0833333333333333,0.177083333333333,0.0833333333333333,0.0833333333333333,0.135416666666667,0.229166666666667,0.0625,0.145833333333333
"L0432",454,0.00435739703831492,0.105440481536262,0.246696035242291,222,178,165,221,121,292,98,432,0.128397917871602,0.10294968189705,0.0954308849045691,0.12781954887218,0.0699826489300173,0.168883747831116,0.0566801619433198,0.249855407750145
"L0433",1097,-0.0149729886908986,0.148715179424552,0.396536007292616,1221,1495,1348,1663,1333,2323,869,1700,0.102158634538153,0.125083668005355,0.112784471218206,0.139139892904953,0.111529451137885,0.19436077643909,0.0727074966532798,0.142235609103079
"L0434",580,0.0122301870273838,0.201033169260674,0.286206896551724,183,361,167,309,272,438,244,345,0.0789133247089263,0.155670547649849,0.0720137990513152,0.133247089262613,0.117291936179388,0.188874514877102,0.105217766278568,0.148771021992238
"L0435",2493,-0.0150927324817882,0.148366866783106,0.436823104693141,3112,4505,2590,5276,2044,5112,2008,5938,0.10174922347556,0.147294425371914,0.0846820336766389,0.172502860879516,0.0668301454961582,0.167140755272192,0.0656530979238189,0.194147457904201
"L0436",590,-0.0083628694098002,0.219953558352835,0.330508474576271,218,293,252,330,261,395,185,322,0.0966312056737589,0.129875886524823,0.111702127659574,0.146276595744681,0.115691489361702,0.17508865248227,0.0820035460992908,0.142730496453901
"L0437",4560,0.003087465495211,0.269158395050472,0.260526315789474,1289,1783,1047,2000,1164,2043,1083,1866,0.105010183299389,0.145254582484725,0.0852953156822811,0.162932790224033,0.094826883910387,0.166435845213849,0.0882281059063137,0.152016293279022
"L0438",1910,0.00239079020913983,0.150317333005513,0.317801047120419,1339,1665,934,1803,1180,1819,962,2124,0.113225097243362,0.140791476407915,0.0789785219008963,0.15246067985794,0.0997801454422459,0.153813630982581,0.0813461863690174,0.179604261796043
"L0439",1439,-0.0458240272371234,0.246651897091804,0.430854760250174,1217,1323,1082,1759,1085,1786,799,1360,0.116895591201614,0.127077129958698,0.103928537124196,0.168955912016137,0.104216693881472,0.17154932283162,0.0767457496878302,0.130631063298434
"L0440",424,-0.0419304693819427,0.182272174012754,0.349056603773585,344,295,360,371,211,464,154,287,0.138374899436846,0.118664521319389,0.144810941271118,0.14923572003218,0.084875301689461,0.186645213193886,0.0619469026548673,0.115446500402253
"L0441",879,0.00423252866428219,0.178949984494349,0.312855517633675,978,1348,969,1476,916,1542,768,1701,0.100845535161889,0.138997731491029,0.0999175087646938,0.152196329140029,0.0944524644256548,0.159001856052794,0.0791915858939988,0.175396989069911
"L0442",88,0.0040318134625387,0.115909396023029,0.227272727272727,45,63,28,57,41,69,25,58,0.116580310880829,0.163212435233161,0.0725388601036269,0.147668393782383,0.106217616580311,0.178756476683938,0.0647668393782383,0.150259067357513
"L0443",74,0.00674325987981008,0.189659650398819,0.283783783783784,21,33,16,26,24,32,19,37,0.100961538461538,0.158653846153846,0.0769230769230769,0.125,0.115384615384615,0.153846153846154,0.0913461538461538,0.177884615384615
"L0444",338,-0.0116905350854966,0.11678008821062,0.254437869822485,165,278,142,324,211,257,208,317,0.0867507886435331,0.146161934805468,0.07465825446898,0.170347003154574,0.110935856992639,0.135120925341746,0.109358569926393,0.166666666666667
"L0445",6426,0.0018350012450319,0.24346879837514,0.292094615624027,2895,3677,2191,4232,2694,4250,2256,4373,0.108965672990063,0.138399578440229,0.0824676302318579,0.159289370671484,0.101400180668473,0.159966877446552,0.0849141824751581,0.164596507076182
"L0447",7642,0.00340388999413387,0.199598002596359,0.283433656110966,2888,4573,2354,3995,3244,4370,2440,5221,0.0992951693312704,0.157228812102458,0.0809351899604607,0.137356025442668,0.111535155578477,0.150249269382843,0.0838920405707409,0.179508337631081
"L0448",4867,0.0204590781005002,0.23432760535233,0.226628313129238,1668,2862,1430,2329,2464,2600,1459,3177,0.0927233309244538,0.159097226082606,0.0794930235143699,0.12946800822725,0.136972594363222,0.144532770026127,0.0811051197954305,0.176607927066541
"L0449",366,0.0045068773458714,0.180374539605303,0.39344262295082,208,229,143,291,157,384,141,302,0.112129380053908,0.123450134770889,0.077088948787062,0.156873315363881,0.0846361185983827,0.207008086253369,0.076010781671159,0.162803234501348
"L0450",2055,-0.0163144882062617,0.183861782444178,0.284184914841849,606,855,492,833,602,1005,490,776,0.107086057607351,0.151086764446015,0.0869411556812158,0.147199151793603,0.106379218943276,0.177593214348825,0.0865877363491783,0.137126700830535
"L0451",4034,-0.0208858141032106,0.214768663987103,0.233763014377789,1692,1795,1685,2493,1900,2817,1187,1655,0.111140304781923,0.117905937992643,0.110680504466632,0.163754598003153,0.124802942722018,0.185036784025223,0.0779689963215975,0.10870993168681
"L0452",3123,0.0307500565237543,0.171677615444127,0.217419148254883,1089,2290,963,1809,1790,2199,1055,3132,0.0760103301458784,0.159838067983528,0.0672157464926363,0.126265093878691,0.124938926502408,0.153486424233964,0.0736371885251623,0.218608222237733
"L0453",5686,0.0107215556462293,0.175737706582999,0.278051354203306,2365,3819,1715,3349,2377,3708,2136,4156,0.10010582010582,0.161650793650794,0.0725925925925926,0.141756613756614,0.100613756613757,0.156952380952381,0.0904126984126984,0.175915343915344
"L0454",4103,0.0481272832702419,0.222125445630678,0.223251279551548,1325,2674,1526,2000,1615,2446,1258,4639,0.0757879082537322,0.15294857861923,0.0872847909397701,0.114396842647143,0.0923754504375679,0.139907338557456,0.0719556140250529,0.265343476520048
"L0455",14851,0.0109975813471511,0.206951375869549,0.237223082620699,5204,8733,4202,8115,5699,9322,4342,9698,0.094079363644581,0.157877610051523,0.0759649281388412,0.146705233661755,0.103028111723764,0.168525716351803,0.0784958871915394,0.175323149236193
"L0456",2368,0.0122139711971042,0.121127499217743,0.274915540540541,996,2264,886,1674,1416,2061,854,2477,0.0788723471650301,0.179284130503643,0.0701615457713019,0.132562559391828,0.112131770668356,0.163208742477035,0.0676274944567627,0.196151409566044
"L0457",7827,0.0104997288457575,0.214822228192776,0.263063753673183,2470,4401,2456,3785,3293,4510,2140,5416,0.0867549436268484,0.154578342875206,0.086263215201433,0.132942292156932,0.115661550349478,0.158406799901654,0.0751642021706298,0.190228653717818
"L0458",3904,-0.00751494818627188,0.195824287421641,0.297643442622951,2158,2055,1398,3276,993,2484,1180,3564,0.126139817629179,0.120119242459668,0.0817161561842413,0.191489361702128,0.0580430208089783,0.145195230301613,0.0689735796118775,0.208323591302315
"L0459",3402,0.00990510017474433,0.193691719611719,0.232510288065844,952,1755,959,1719,1216,1553,965,1943,0.0860603869101428,0.158651238474055,0.0866931838727174,0.1553968540951,0.109925872355813,0.140390526125475,0.0872355812692099,0.175646356897487
"L0461",3888,-0.00946548542931992,0.238575074211088,0.246399176954733,775,1273,657,1171,700,1534,627,1274,0.0967419797778055,0.158906503557608,0.0820122331793783,0.146174010735239,0.087379852702534,0.191486705779553,0.0782673823492697,0.159031331918612
"L0462",180,-0.0302376447168274,0.137927907015886,0.383333333333333,111,149,74,163,147,252,79,132,0.100271002710027,0.134598012646793,0.0668473351400181,0.147244805781391,0.132791327913279,0.227642276422764,0.0713640469738031,0.119241192411924
"L0463",4173,0.00172672506073607,0.437837792918087,0.173256649892164,600,1084,490,828,808,967,631,989,0.0937939659215257,0.16945443176489,0.0765984055025793,0.129435672971705,0.126309207440988,0.151164608410192,0.0986399874941379,0.154603720493982
"L0464",9077,-0.0309284176933271,0.310040714653151,0.260438470860416,3473,4638,2993,5042,3552,7381,2639,4736,0.100801068090788,0.134614268299762,0.0868694491205666,0.146340047599698,0.103093980379637,0.214227665873338,0.0765948801300285,0.137458640506182
"L0465",4055,0.0125034669203451,0.236384691956502,0.208384710234279,703,1053,620,919,826,1211,664,1141,0.0985007706319182,0.147540983606557,0.086871234412218,0.128765587781981,0.115734902620149,0.169679136892252,0.0930362897576012,0.159871094297324
"L0466",7373,0.0087309479794718,0.228526122067995,0.262444052624441,2835,4278,2478,4101,2823,3923,2174,5358,0.101358598498391,0.152949588845191,0.0885949231319271,0.146621380050054,0.100929567393636,0.140257418662853,0.077726135144798,0.19156238827315
"L0467",4817,0.00328374032516684,0.196140596675401,0.272991488478306,1277,1909,943,1758,1056,1926,1126,1942,0.106978302756136,0.159922928709056,0.0789980732177264,0.14727318421714,0.0884644383010807,0.161347072128676,0.0943285582642205,0.162687442405965
"L0468",1456,-0.0116272453748998,0.269177733418889,0.337912087912088,857,1071,643,1198,743,1120,644,935,0.11884620718347,0.148523089724033,0.0891693246429067,0.166135071418666,0.103037026764665,0.155318263763694,0.0893080016641243,0.129663014838441
"L0469",160,-0.0407856545217562,0.179736224256157,0.4125,107,112,120,167,48,154,91,131,0.11505376344086,0.120430107526882,0.129032258064516,0.179569892473118,0.0516129032258065,0.165591397849462,0.0978494623655914,0.140860215053763
"L0470",127,-0.0230902299473059,0.134768668507396,0.362204724409449,51,87,50,101,46,79,43,90,0.093235831809872,0.159049360146252,0.0914076782449726,0.184643510054845,0.0840950639853748,0.144424131627057,0.0786106032906764,0.164533820840951
"L0473",117,0.0968367081449258,0.313798921673103,0.102564102564103,12,86,14,42,49,22,33,115,0.032171581769437,0.230563002680965,0.0375335120643432,0.112600536193029,0.131367292225201,0.0589812332439678,0.0884718498659517,0.308310991957105
"L0474",10,-0.0448671023965142,0.175663368381438,0.5,6,8,9,5,6,9,2,6,0.117647058823529,0.156862745098039,0.176470588235294,0.0980392156862745,0.117647058823529,0.176470588235294,0.0392156862745098,0.117647058823529
"L0475",9,-0.0117729492729493,0.0843973804768254,0.444444444444444,3,12,6,13,6,10,9,9,0.0441176470588235,0.176470588235294,0.0882352941176471,0.191176470588235,0.0882352941176471,0.147058823529412,0.132352941176471,0.132352941176471
"L0476",40,0.0407642534743677,0.102495607066001,0.125,10,21,2,12,19,9,7,23,0.0970873786407767,0.203883495145631,0.0194174757281553,0.116504854368932,0.184466019417476,0.087378640776699,0.0679611650485437,0.223300970873786
"L0477",14,0.0326726844583987,0.133745294225683,0.214285714285714,1,15,1,12,4,3,2,12,0.02,0.3,0.02,0.24,0.08,0.06,0.04,0.24
"L0478",14,-0.0141108403278789,0.11799844819447,0.5,7,9,5,12,7,12,5,12,0.101449275362319,0.130434782608696,0.072463768115942,0.173913043478261,0.101449275362319,0.173913043478261,0.072463768115942,0.173913043478261
"L0479",15,-0.0662033645366979,0.205969264279105,0.333333333333333,7,6,16,9,6,14,3,10,0.0985915492957746,0.0845070422535211,0.225352112676056,0.126760563380282,0.0845070422535211,0.197183098591549,0.0422535211267606,0.140845070422535
"L0480",143,-0.00964227326760563,0.1666539988969,0.328671328671329,34,60,69,82,27,60,36,52,0.080952380952381,0.142857142857143,0.164285714285714,0.195238095238095,0.0642857142857143,0.142857142857143,0.0857142857142857,0.123809523809524
"L0481",170,-0.0176829180031529,0.240377638758775,0.323529411764706,53,97,48,80,74,138,65,145,0.0757142857142857,0.138571428571429,0.0685714285714286,0.114285714285714,0.105714285714286,0.197142857142857,0.0928571428571429,0.207142857142857
"L0482",1775,0.000478262496326642,0.227522761600418,0.274929577464789,473,712,503,799,636,951,451,1315,0.0809931506849315,0.121917808219178,0.0861301369863014,0.136815068493151,0.108904109589041,0.162842465753425,0.0772260273972603,0.225171232876712
"L0483",125,0.101205374715631,0.397084115256298,0.2,20,68,21,48,67,41,29,79,0.0536193029490617,0.18230563002681,0.0563002680965147,0.128686327077748,0.179624664879357,0.109919571045576,0.0777479892761394,0.211796246648794
"L0484",19,-0.0730082385151195,0.152105373824314,0.526315789473684,19,21,11,41,5,12,7,13,0.147286821705426,0.162790697674419,0.0852713178294574,0.317829457364341,0.0387596899224806,0.0930232558139535,0.0542635658914729,0.10077519379845
"L0485",4915,0.016472444732808,0.242863407702807,0.252288911495422,1580,2436,1420,2386,1799,2420,1399,2864,0.0969087340529931,0.149411187438665,0.0870951913640824,0.146344455348381,0.11034102060844,0.148429833169774,0.0858071638861629,0.175662414131501
"L0486",7652,0.00297917423731913,0.281932369775435,0.257318348144276,2122,3015,1872,3057,1831,3059,1893,3286,0.105388626769307,0.149739259995034,0.0929724360566178,0.151825180034765,0.0909361807797368,0.151924509560467,0.0940153960764837,0.163198410727589
"L0487",2117,0.0351049757558704,0.226265469558421,0.211620217288616,413,1129,376,728,872,790,533,1343,0.0667852522639069,0.182567917205692,0.0608020698576973,0.117723156532988,0.141009055627426,0.127749029754204,0.0861901681759379,0.217173350582147
"L0488",290,-0.0619464649228045,0.230117654381959,0.4,130,143,72,255,55,127,101,104,0.131712259371834,0.144883485309017,0.0729483282674772,0.258358662613982,0.0557244174265451,0.128672745694022,0.102330293819656,0.105369807497467
"L0489",112,0.0285585908095759,0.171275489245919,0.267857142857143,52,104,43,74,75,111,40,95,0.0875420875420875,0.175084175084175,0.0723905723905724,0.124579124579125,0.126262626262626,0.186868686868687,0.0673400673400673,0.15993265993266
"L0490",84,0.0188813757947212,0.153290757413983,0.380952380952381,52,73,46,77,50,78,30,88,0.105263157894737,0.147773279352227,0.0931174089068826,0.15587044534413,0.101214574898785,0.157894736842105,0.0607287449392713,0.178137651821862
"L0491",16,-0.060646350931677,0.313150227109924,0.375,5,0,7,3,0,7,5,6,0.151515151515152,0,0.212121212121212,0.0909090909090909,0,0.212121212121212,0.151515151515152,0.181818181818182
"L0492",3679,0.00452176095989696,0.289126807059519,0.226963848871976,602,1309,1304,982,1043,1068,654,1530,0.0708902496467263,0.154145077720207,0.153556288271314,0.1156382477626,0.122821479039096,0.125765426283561,0.0770136599152143,0.180169571361281
"L0493",961,-0.00261874905444577,0.294364185766986,0.221644120707596,277,283,487,355,212,314,195,513,0.105083459787557,0.107359635811836,0.184749620637329,0.134673748103187,0.0804248861911988,0.119119878603945,0.0739757207890744,0.194613050075873
"L0494",125,0.0401799346483422,0.2276866696496,0.208,35,80,30,52,68,85,38,71,0.0762527233115468,0.174291938997821,0.065359477124183,0.113289760348584,0.148148148148148,0.185185185185185,0.0827886710239651,0.154684095860566
"L0495",2194,0.0378263772099213,0.230821241367159,0.218778486782133,515,1072,648,810,859,929,636,1338,0.0756574114881739,0.1574849419715,0.0951961216394888,0.118995152049361,0.126193624210372,0.136477155868958,0.0934332304980167,0.19656236227413
"L0499",53,0.0129590866746951,0.117051054079979,0.226415094339623,11,13,3,19,2,13,8,8,0.142857142857143,0.168831168831169,0.038961038961039,0.246753246753247,0.025974025974026,0.168831168831169,0.103896103896104,0.103896103896104
"L0500",183,0.0272965417300948,0.198040775812175,0.262295081967213,58,93,47,67,56,96,32,91,0.107407407407407,0.172222222222222,0.087037037037037,0.124074074074074,0.103703703703704,0.177777777777778,0.0592592592592593,0.168518518518519
"L0501",372,-0.00597339793215426,0.161595263954058,0.333333333333333,163,288,149,279,205,242,147,349,0.0894621295279912,0.158068057080132,0.0817782656421515,0.153128430296378,0.11251372118551,0.132821075740944,0.0806805708013172,0.191547749725576
"L0502",372,-0.00597339793215426,0.161595263954058,0.333333333333333,163,288,149,279,205,242,147,349,0.0894621295279912,0.158068057080132,0.0817782656421515,0.153128430296378,0.11251372118551,0.132821075740944,0.0806805708013172,0.191547749725576
"L0503",23,-0.0354119829377467,0.453731870868271,0.217391304347826,12,25,8,14,20,15,19,17,0.0923076923076923,0.192307692307692,0.0615384615384615,0.107692307692308,0.153846153846154,0.115384615384615,0.146153846153846,0.130769230769231
"L0504",129,0.0164413128617016,0.130389105666736,0.232558139534884,74,107,51,95,76,59,51,110,0.118780096308186,0.171749598715891,0.0818619582664527,0.152487961476726,0.12199036918138,0.0947030497592295,0.0818619582664527,0.176565008025682
"L0505",7456,-0.00472184212039448,0.221660878523974,0.254828326180258,5020,6340,5284,6985,4802,6807,2890,10842,0.102511741882785,0.129467020624872,0.107902797631203,0.14263835001021,0.0980600367571983,0.139003471513171,0.0590157239125996,0.22140085766796
"L0506",4901,-0.019277424805909,0.210365725172973,0.383187104672516,3685,3649,2458,5144,2198,3872,1836,3474,0.140028879768962,0.138660890712874,0.0934032527739778,0.19547043623651,0.0835233318133455,0.147134822921417,0.0697674418604651,0.132010943912449
"L0507",6131,0.0194262654035603,0.224666317418821,0.255912575436307,2060,3968,1799,3362,3150,4266,1885,5264,0.0799875747456706,0.154073153684864,0.0698532266832337,0.130542828298517,0.122311097305273,0.165644171779141,0.0731925137842665,0.204395433719034
"L0509",1003,0.0313605591372,0.208033339218893,0.219341974077767,306,529,301,394,497,455,292,525,0.0927553804183086,0.160351621703547,0.0912397696271597,0.119430130342528,0.150651712640194,0.137920581994544,0.0885116702030918,0.159139133070627
"L0511",599,-0.0198392825838892,0.18820051106998,0.332220367278798,267,334,221,428,192,309,185,333,0.117672983693257,0.147201410312913,0.0973997355663288,0.188629352137506,0.0846187747906567,0.136183340678713,0.0815337152930806,0.146760687527545
"L0512",129,0.0227199301671808,0.122527482389091,0.255813953488372,38,79,42,65,69,63,45,99,0.076,0.158,0.084,0.13,0.138,0.126,0.09,0.198
"L0513",13,-0.00718551391628315,0.189478685954415,0.538461538461538,11,10,10,15,4,12,9,9,0.1375,0.125,0.125,0.1875,0.05,0.15,0.1125,0.1125
"L0514",3616,0.0199893858541185,0.21428738902957,0.238384955752212,779,1857,962,1349,1664,1669,1023,1879,0.0696655338937578,0.166070470398855,0.0860311214451798,0.120640314791629,0.148810588445716,0.149257735646575,0.0914863172956537,0.168037918082633
"L0515",588,0.00666348938412328,0.152620723335432,0.345238095238095,523,623,332,710,562,633,362,738,0.116662948918135,0.138969440107071,0.0740575507472675,0.158376087441445,0.12536248048182,0.141200089225965,0.0807494981039483,0.164621904974348
"L0516",3679,-0.0198389112652529,0.228705080093521,0.319652079369394,1674,1966,1379,2474,1217,1966,1130,2146,0.119982798165138,0.140911697247706,0.098838876146789,0.177322247706422,0.0872276376146789,0.140911697247706,0.0809919724770642,0.153813073394495
"L0517",589,0.0106108400145271,0.283831066665361,0.256366723259762,142,296,99,199,335,286,175,284,0.0781938325991189,0.162995594713656,0.0545154185022026,0.109581497797357,0.184471365638767,0.157488986784141,0.0963656387665198,0.156387665198238
"L0518",1535,0.0110622154618911,0.226025658206867,0.218241042345277,321,664,319,529,445,596,344,669,0.0825829688705943,0.170825829688706,0.0820684332390018,0.136094674556213,0.114484178029329,0.153331618214561,0.0885001286339079,0.172112168767687
"L0519",69,0.0643964451901525,0.216867860067958,0.231884057971014,27,60,18,35,56,23,34,36,0.0934256055363322,0.207612456747405,0.0622837370242214,0.121107266435986,0.193771626297578,0.0795847750865052,0.117647058823529,0.124567474048443
"L0522",272,0.031640788506726,0.169678094381196,0.25,50,171,68,111,159,145,63,162,0.0538213132400431,0.184068891280947,0.0731969860064586,0.119483315392896,0.171151776103337,0.156081808396125,0.0678148546824543,0.17438105489774
"L0523",4193,0.0142279299197016,0.270993142696464,0.297161936560935,2634,2768,2237,3268,2260,3323,1653,3802,0.120027341079973,0.1261335156072,0.101936659831397,0.148917748917749,0.102984734563682,0.151424014581909,0.0753246753246753,0.173251310093415
"L0524",302,-0.0124360378770959,0.204173091134207,0.321192052980132,157,188,115,200,127,168,125,225,0.120306513409962,0.144061302681992,0.0881226053639847,0.153256704980843,0.0973180076628352,0.128735632183908,0.0957854406130268,0.172413793103448
"L0525",131,0.121746810645331,0.435008571965684,0.122137404580153,13,44,11,25,57,34,26,52,0.049618320610687,0.16793893129771,0.0419847328244275,0.0954198473282443,0.217557251908397,0.129770992366412,0.099236641221374,0.198473282442748
"L0529",3161,0.00549599117356718,0.270283822233227,0.236001265422335,847,1519,547,1373,1007,1281,786,1599,0.0945418015403505,0.169550173010381,0.0610559214198013,0.153253711351713,0.112400937604643,0.142984708114745,0.0877330059158388,0.178479741042527
"L0530",77,0.0244209682687076,0.142667496732605,0.207792207792208,20,36,14,19,42,21,16,34,0.099009900990099,0.178217821782178,0.0693069306930693,0.0940594059405941,0.207920792079208,0.103960396039604,0.0792079207920792,0.168316831683168
"L0531",801,-0.00190023633098999,0.224418075123154,0.287141073657928,385,367,191,306,246,451,164,419,0.152234084618426,0.145116646896006,0.0755239224990115,0.120996441281139,0.0972716488730724,0.178331356267299,0.0648477659153816,0.165678133649664
"L0532",2663,0.00871120508167127,0.225854796895687,0.218550506947052,619,1177,960,806,934,1138,588,1826,0.0769135188866799,0.146247514910537,0.119284294234592,0.100149105367793,0.116053677932406,0.141401590457256,0.0730616302186879,0.226888667992048
"L0534",25,0.0250142258612847,0.184554891322219,0.16,8,10,6,15,10,13,5,7,0.108108108108108,0.135135135135135,0.0810810810810811,0.202702702702703,0.135135135135135,0.175675675675676,0.0675675675675676,0.0945945945945946
"L0535",222,0.0162350484907654,0.188826480330137,0.216216216216216,55,104,64,103,96,90,68,120,0.0785714285714286,0.148571428571429,0.0914285714285714,0.147142857142857,0.137142857142857,0.128571428571429,0.0971428571428571,0.171428571428571
"L0536",83,0.0283663653687408,0.123568474436273,0.240963855421687,29,60,32,33,70,63,27,71,0.0753246753246753,0.155844155844156,0.0831168831168831,0.0857142857142857,0.181818181818182,0.163636363636364,0.0701298701298701,0.184415584415584
"L0537",64,-0.000797776222025747,0.125014021761225,0.328125,39,48,32,35,40,40,28,67,0.11854103343465,0.145896656534954,0.0972644376899696,0.106382978723404,0.121580547112462,0.121580547112462,0.0851063829787234,0.203647416413374
"L0538",10308,0.00552911378485132,0.214322263516803,0.239231664726426,2793,4712,2501,4585,3011,4239,2509,4941,0.0953535215595234,0.160868526168448,0.0853845891229388,0.156532723362125,0.102796080707385,0.144720221228364,0.0856577105595575,0.16868662729166
"L0540",859,0.0199381550345875,0.213827101256437,0.217694994179278,183,473,209,306,421,356,205,474,0.0696612105062809,0.180053292729349,0.0795584316711077,0.116482679862962,0.160258850399695,0.135515797487628,0.0780357822611344,0.180433955081842
"L0541",535,0.0346938130180958,0.172797397426924,0.226168224299065,132,462,175,333,398,304,187,338,0.0566766852726492,0.198368398454272,0.0751395448690425,0.142979819665092,0.170888793473594,0.130528123658222,0.0802919708029197,0.145126663804208
"L0543",75,-0.000759803618499271,0.263633182423013,0.266666666666667,16,36,9,26,35,27,15,42,0.0776699029126214,0.174757281553398,0.0436893203883495,0.12621359223301,0.169902912621359,0.131067961165049,0.0728155339805825,0.203883495145631
"L0544",1346,0.00996841752595729,0.140942385582885,0.309063893016345,839,1343,646,1276,872,1115,672,1517,0.101328502415459,0.16219806763285,0.0780193236714976,0.154106280193237,0.105314009661836,0.134661835748792,0.0811594202898551,0.183212560386473
"L0545",3180,0.00637257659719939,0.234877213697609,0.242452830188679,1029,1448,1238,1661,917,1240,720,1751,0.102858856457417,0.144742103158737,0.12375049980008,0.166033586565374,0.0916633346661336,0.123950419832067,0.0719712115153938,0.175029988004798
"L0546",8377,0.0129955191242587,0.225644334744164,0.199952250208905,1197,3058,1018,2090,1773,2519,1446,2868,0.0749577306030434,0.19149602354562,0.0637485127434404,0.130878577243409,0.111027616006012,0.157743127309162,0.0905504414803682,0.179597971068946
"L0547",711,-0.0372508841557337,0.204455442655972,0.378340365682138,443,364,306,547,194,482,229,333,0.152864044168392,0.1256038647343,0.105590062111801,0.188750862663906,0.0669427191166322,0.16632160110421,0.0790200138026225,0.114906832298137
"L0548",1704,0.0156067050245038,0.178837265650429,0.188380281690141,254,558,230,407,327,451,295,712,0.0785405071119357,0.172541743970315,0.0711193568336426,0.125850340136054,0.101113172541744,0.139455782312925,0.0912183055040198,0.220160791589363
"L0549",3688,0.00805741201100062,0.240736166071153,0.222885032537961,857,1127,932,1117,955,1332,624,1759,0.0984717913363208,0.129495576238079,0.107089509364587,0.128346547167643,0.109732276226589,0.153050672182006,0.0716994139951741,0.202114213489601
"L0550",5926,0.0142034699509163,0.218834322366359,0.222578467769153,1268,2763,1376,1960,1718,2335,1224,2806,0.0820711974110032,0.178834951456311,0.0890614886731392,0.126860841423948,0.111197411003236,0.151132686084142,0.0792233009708738,0.181618122977346
"L0551",5429,0.0344507811575154,0.257472343535957,0.245533247375207,1930,3906,1811,2794,3759,3668,2085,4753,0.0781186756253542,0.158099247146442,0.0733020318950862,0.113089937666963,0.152149275479641,0.148465959685906,0.0843924552740225,0.192382417226585
"L0553",5156,0.0154832966711334,0.215265508702364,0.253878975950349,1867,2405,1264,2772,1429,2441,1266,3669,0.109098346286449,0.140536434289721,0.0738619762753462,0.161982118857009,0.0835037690644539,0.142640098170981,0.0739788464909718,0.214398410565068
"L0554",2731,0.0348799709012316,0.193033560593118,0.219699743683632,695,1749,739,1072,1407,1415,777,1891,0.0713186249358645,0.179476654694715,0.0758337609030272,0.110005130836326,0.144381734222678,0.14520266803489,0.0797331965110313,0.194048229861467
"L0555",1921,-0.00727695385283237,0.294318685667721,0.315981259760541,694,1353,801,1075,1481,1519,691,1211,0.0786402266288952,0.153314447592068,0.0907648725212465,0.121813031161473,0.167818696883853,0.172124645892351,0.078300283286119,0.137223796033994
"L0556",411,-0.0412397337046213,0.33426540065458,0.35036496350365,188,200,187,311,150,255,143,225,0.11332127787824,0.120554550934298,0.112718505123568,0.187462326702833,0.0904159132007233,0.15370705244123,0.0861965039180229,0.135623869801085
"L0557",1268,0.000472846008766008,0.201563480560042,0.254731861198738,560,609,441,705,463,526,375,808,0.124804992199688,0.135725429017161,0.0982839313572543,0.157120570537107,0.103186984622242,0.117227546244707,0.0835747715622911,0.18007577445955
"L0558",2232,-0.00203644779992281,0.231306333049731,0.2665770609319,787,1100,559,1242,791,1161,675,1383,0.102234346583528,0.142894258248896,0.0726162639646662,0.161340607950117,0.10275396206807,0.150818394388153,0.0876851130163679,0.179657053780203
"L0559",5527,0.00774494389286389,0.266787064524766,0.278270309390266,1949,2720,1351,2836,1935,2928,1636,2840,0.107117339928552,0.149491618576532,0.0742511679032701,0.15586699642759,0.106347897774114,0.160923330585326,0.0899148117614729,0.156086837043144
"L0560",2632,0.0510067443212399,0.231654276076888,0.18693009118541,641,1647,524,1136,1123,948,863,1756,0.0742069923593424,0.190669136374161,0.0606621903218338,0.131511924056495,0.130006946052327,0.109747626765455,0.0999073859689743,0.203287798101412
"L0561",239,0.0308784308111308,0.177806257911471,0.184100418410042,45,127,40,82,112,95,50,112,0.0678733031674208,0.191553544494721,0.0603318250377074,0.1236802413273,0.168929110105581,0.143288084464555,0.0754147812971342,0.168929110105581
"L0564",4552,0.0159591292191507,0.258289363257139,0.224956063268893,1247,2094,1135,1877,1458,1877,1037,2705,0.0928518242740134,0.155919583023083,0.084512285927029,0.1397617274758,0.108562918838421,0.1397617274758,0.0772151898734177,0.201414743112435
"L0565",4552,0.0159591292191507,0.258289363257139,0.224956063268893,1247,2094,1135,1877,1458,1877,1037,2705,0.0928518242740134,0.155919583023083,0.084512285927029,0.1397617274758,0.108562918838421,0.1397617274758,0.0772151898734177,0.201414743112435
"L0566",94,0.042621056013046,0.225427451218092,0.276595744680851,52,51,38,72,42,85,41,82,0.11231101511879,0.110151187904968,0.08207343412527,0.155507559395248,0.0907127429805616,0.183585313174946,0.0885529157667387,0.177105831533477
"L0567",94,0.042621056013046,0.225427451218092,0.276595744680851,52,51,38,72,42,85,41,82,0.11231101511879,0.110151187904968,0.08207343412527,0.155507559395248,0.0907127429805616,0.183585313174946,0.0885529157667387,0.177105831533477
"L0568",3568,0.0343193343527759,0.230073393791375,0.170403587443946,372,1225,376,919,900,888,536,1784,0.0531428571428571,0.175,0.0537142857142857,0.131285714285714,0.128571428571429,0.126857142857143,0.0765714285714286,0.254857142857143
"L0569",12115,0.0218451067039582,0.21540377439302,0.249525381758151,4859,6269,3178,6953,3636,5852,3132,10988,0.108297858113981,0.139724073372412,0.0708315688590724,0.15496913098714,0.0810395167940803,0.13042993737045,0.069806316446386,0.244901598056478
"L0571",5982,0.00359359901153707,0.288736521796085,0.243062520896021,1514,2494,1443,2547,1824,2969,1318,2806,0.0895063553059415,0.147443097842152,0.0853088974283181,0.15057641146911,0.107833284067396,0.175524682234703,0.0779190067986994,0.16588826485368
"L0572",2727,-0.00652752552562859,0.233327961382293,0.293362669600293,949,1249,721,1489,1047,1698,705,1648,0.0998316852514202,0.131390700610141,0.0758468335787923,0.156637912897118,0.110140963601936,0.17862402693036,0.0741636860929939,0.17336419103724
"L0573",20,-0.0802495348219032,0.131349650391803,0.45,21,14,15,20,11,28,11,7,0.165354330708661,0.110236220472441,0.118110236220472,0.15748031496063,0.0866141732283465,0.220472440944882,0.0866141732283465,0.0551181102362205
"L0574",3249,0.0275087638066413,0.294199247044829,0.222222222222222,665,1428,659,1048,1196,1595,737,1799,0.072860742850882,0.15645885833242,0.0722033526898214,0.114824148131916,0.131039772104744,0.174756217815273,0.0807494247836091,0.197107483291333
"L0575",28,0.00161094340442166,0.151817461293438,0.357142857142857,1,10,3,4,4,16,3,8,0.0204081632653061,0.204081632653061,0.0612244897959184,0.0816326530612245,0.0816326530612245,0.326530612244898,0.0612244897959184,0.163265306122449
"L0576",12898,-0.0051526851068804,0.240404349163757,0.275314002170879,3698,4598,2977,5745,3278,5201,2629,5804,0.108989095195992,0.135514294134984,0.0877394636015326,0.169319186560566,0.0966106690244621,0.153286177424108,0.0774830533451223,0.171058060713233
"L0577",4,0.0622294372294372,0.0596024667230059,0,0,0,0,0,1,0,0,3,0,0,0,0,0.25,0,0,0.75
"L0578",3849,-0.0134470578336956,0.273404813219446,0.319563522992985,1527,1997,1309,2267,1491,2431,1049,2035,0.108251807741387,0.141570962710903,0.0927973911810577,0.160711753863604,0.10569970225436,0.172338012193393,0.0743655182191975,0.144264851836098
"L0580",22,-0.0487038567309975,0.133931190361901,0.5,17,13,18,48,7,37,12,17,0.100591715976331,0.0769230769230769,0.106508875739645,0.284023668639053,0.0414201183431953,0.218934911242604,0.0710059171597633,0.100591715976331
"L0581",84,-0.00672902012413975,0.19670735865802,0.452380952380952,71,89,61,115,84,133,94,64,0.09985935302391,0.125175808720113,0.0857946554149086,0.161744022503516,0.118143459915612,0.187060478199719,0.132208157524613,0.090014064697609
"L0582",2839,0.00107474410914094,0.203599564194793,0.317717506164142,1864,1646,1341,2279,1322,1994,895,2178,0.137880020711591,0.121754567645536,0.0991937273466972,0.16857755751165,0.0977882979510319,0.14749611657667,0.0662031215326577,0.161106590724166
"L0583",3022,0.010769778974669,0.194386476763138,0.28325612177366,1626,1881,1155,2176,1392,2056,1051,2621,0.116492334145293,0.134761427138559,0.0827482447342026,0.155896260209199,0.0997277546926494,0.147299039977074,0.0752973205330277,0.187777618569996
"L0584",3022,0.010769778974669,0.194386476763138,0.28325612177366,1626,1881,1155,2176,1392,2056,1051,2621,0.116492334145293,0.134761427138559,0.0827482447342026,0.155896260209199,0.0997277546926494,0.147299039977074,0.0752973205330277,0.187777618569996
"L0586",2220,0.0228477364494999,0.189136078231693,0.286036036036036,2300,2393,1836,3152,1724,3125,1062,3935,0.117785630153121,0.122548266502791,0.0940236595483177,0.161417524453321,0.0882880114712962,0.16003482357761,0.0543862344446151,0.201515849848927
"L0587",3308,-0.0145422164435194,0.301567296547343,0.332224909310762,1661,1498,987,2207,922,1853,1041,1758,0.139263855118638,0.125597384086526,0.082753416617758,0.185042340907185,0.0773035968810262,0.155361784187138,0.0872809591682737,0.147396663033454
"L0588",4028,0.0187245109975346,0.231338399440715,0.209285004965243,756,1809,677,1355,1339,1732,861,2091,0.0711864406779661,0.170338983050847,0.0637476459510358,0.12758945386064,0.12608286252354,0.163088512241055,0.0810734463276836,0.196892655367232
"L0590",1753,0.000767663576515714,0.204758117379202,0.298345693097547,919,953,768,1374,586,1128,515,1392,0.120366732154551,0.124819908316961,0.100589390962672,0.179960707269155,0.0767518009168304,0.147740667976424,0.0674525212835625,0.182318271119843
"L0591",1753,0.000767663576515714,0.204758117379202,0.298345693097547,919,953,768,1374,586,1128,515,1392,0.120366732154551,0.124819908316961,0.100589390962672,0.179960707269155,0.0767518009168304,0.147740667976424,0.0674525212835625,0.182318271119843
"L0592",602,-0.0134881489087015,0.203169119302614,0.367109634551495,375,472,335,629,319,587,259,486,0.108318890814558,0.13633737723859,0.0967648757943385,0.181686886192952,0.0921432697862507,0.169555170421722,0.0748122472559214,0.140381282495667
"L0593",9264,0.00107487402519947,0.250334452790439,0.242875647668394,2613,3304,2000,3930,2308,3458,1972,4287,0.109458780160858,0.138404825737265,0.0837801608579088,0.164628016085791,0.0966823056300268,0.144855898123324,0.0826072386058981,0.179582774798928
"L0594",8398,-0.0140334625260442,0.237719711724508,0.326744462967373,3963,4459,2911,5849,2701,4775,2520,4705,0.124298215349873,0.139855095191795,0.09130257503999,0.183451996361697,0.0847159928488536,0.1497663331556,0.0790389862936361,0.147570805758555
"L0595",6321,0.00653475025730957,0.214159363696892,0.25280809998418,1458,2871,1725,2729,1937,2980,1261,3474,0.0790886899918633,0.15573637103336,0.0935720097640358,0.148033631678872,0.105071874152427,0.161649037157581,0.0684024952535937,0.188445890968267
"L0596",3407,0.0190658975069237,0.240187082615736,0.218667449368946,727,1648,835,1083,1261,1697,649,2163,0.0722448573983901,0.163768259962238,0.0829772433667892,0.107621981516446,0.125310543575474,0.168637583225678,0.0644936897545464,0.214945841200437
"L0597",89,-0.00828293362810008,0.199822853798909,0.258426966292135,13,19,8,23,14,22,8,17,0.104838709677419,0.153225806451613,0.0645161290322581,0.185483870967742,0.112903225806452,0.17741935483871,0.0645161290322581,0.137096774193548
"L0598",1689,0.0206735573253978,0.208345842755588,0.182948490230906,261,574,296,454,538,521,306,610,0.073314606741573,0.16123595505618,0.0831460674157303,0.12752808988764,0.151123595505618,0.146348314606742,0.0859550561797753,0.171348314606742
"L0599",1316,0.00662510888658155,0.167833640680355,0.284954407294833,492,956,430,897,525,742,529,1145,0.086074177746676,0.167249825052484,0.0752274317704689,0.156927921623513,0.0918474457662701,0.129811056682995,0.0925472358292512,0.200314905528341
"L0600",242,0.012705448223906,0.195768827685099,0.239669421487603,104,194,121,155,130,191,115,190,0.0866666666666667,0.161666666666667,0.100833333333333,0.129166666666667,0.108333333333333,0.159166666666667,0.0958333333333333,0.158333333333333
"L0601",7741,0.012308625287446,0.200876824119207,0.236274383154631,2430,4100,2148,3391,3225,3725,1940,5549,0.0916704391127207,0.154670288214879,0.0810321412403803,0.127923645691867,0.121661385242191,0.140523615512298,0.0731854534480157,0.209333031537649
"L0602",10879,0.00759755504932515,0.103273749633292,0.177589852008457,4421,5590,3219,6468,4551,4844,2791,6953,0.11383474521719,0.143934907433633,0.0828848778226949,0.166542214898164,0.117182068645879,0.124726420681309,0.0718644591497798,0.179030306151351
"L0603",13906,-0.00394869147382164,0.216222456771777,0.296274989213289,5652,6385,3384,7757,3616,6813,3750,6851,0.12785016286645,0.144430872240319,0.0765472312703583,0.175465979008324,0.081795150199059,0.154112377850163,0.0848262757871878,0.15497195077814
"L0604",24,0.106118479831715,0.267242399137672,0.25,16,27,6,15,36,19,14,37,0.0941176470588235,0.158823529411765,0.0352941176470588,0.0882352941176471,0.211764705882353,0.111764705882353,0.0823529411764706,0.217647058823529
"L0605",409,0.0400368143557195,0.348636407620797,0.207823960880196,129,189,61,130,157,158,74,167,0.12112676056338,0.177464788732394,0.0572769953051643,0.122065727699531,0.147417840375587,0.148356807511737,0.0694835680751174,0.156807511737089
"L0606",1070,-0.00809194030568976,0.170563141519615,0.344859813084112,660,962,421,826,716,811,526,901,0.113343637300361,0.165206938004465,0.072299501974927,0.141851279409239,0.122960673192512,0.139275287652413,0.0903314442727117,0.154731238193371
"L0607",1577,0.0259788192062918,0.0991941244816305,0.188966391883323,466,1018,487,959,834,724,327,1739,0.0711016173329265,0.155324992371071,0.0743057674702472,0.14632285627098,0.127250534025023,0.110466890448581,0.0498931949954226,0.265334147085749
"L0608",5011,0.0212534475418555,0.211358165089469,0.236878866493714,1491,2466,1160,2050,1680,2284,1511,2808,0.096504854368932,0.159611650485437,0.0750809061488673,0.132686084142395,0.10873786407767,0.147831715210356,0.0977993527508091,0.181747572815534
"L0609",1056,-0.00231611674378161,0.198826122138562,0.267045454545455,402,561,327,594,367,486,295,658,0.108943089430894,0.152032520325203,0.0886178861788618,0.160975609756098,0.0994579945799458,0.131707317073171,0.0799457994579946,0.178319783197832
"L0610",1588,-0.0312146561023701,0.366861061380414,0.270780856423174,410,647,467,708,449,860,314,712,0.0897744690168601,0.141668491350996,0.102255309831399,0.155025180643749,0.0983139916794395,0.188307422815853,0.0687541055397416,0.155901029121962
"L0611",16,0.0839228226557081,0.13543871086503,0,0,6,0,4,10,1,1,10,0,0.1875,0,0.125,0.3125,0.03125,0.03125,0.3125
"L0612",2967,-0.023302194189412,0.218343881135168,0.345466801482979,1521,1696,1193,2205,1194,2166,1069,1812,0.118310516490355,0.131922837585563,0.0927971375233354,0.171515245799627,0.092874922215308,0.168481642812694,0.0831518357187306,0.140945861854387
"L0613",401,0.000549180367011251,0.189808013419215,0.399002493765586,214,319,236,394,239,293,210,326,0.0959211116091439,0.142985208426714,0.105782160466159,0.176602420439265,0.107126848946661,0.131331241595697,0.0941281936351412,0.146122814881219
"L0614",4879,0.00292333359770592,0.224536362871328,0.277720844435335,1258,2333,1215,2284,1328,2318,1210,2375,0.0878430277215278,0.162907618183088,0.0848404441030654,0.159486069408561,0.0927309545422806,0.161860205292926,0.0844913064730117,0.165840374275539
"L0616",147,-0.0174021360317656,0.254789009168709,0.374149659863946,111,102,82,162,54,115,69,89,0.141581632653061,0.130102040816327,0.104591836734694,0.206632653061224,0.0688775510204082,0.146683673469388,0.0880102040816327,0.113520408163265
"L0617",3381,0.0173067644958204,0.269470137202329,0.230405205560485,964,1450,1013,1183,1148,1432,813,1981,0.0965544871794872,0.145232371794872,0.10146233974359,0.118489583333333,0.114983974358974,0.143429487179487,0.0814302884615385,0.198417467948718
"L0618",7983,-0.000724594231239236,0.295213357776504,0.278717274207691,3543,3040,2098,4812,1967,3569,2210,4320,0.138620446809343,0.118940490629524,0.082084588598928,0.188270276614891,0.0769591924566689,0.139637701005517,0.0864666066747525,0.169020697210376
"L0619",185,-0.0180896850864635,0.145624970562938,0.432432432432432,202,198,146,314,164,175,99,234,0.131853785900783,0.129242819843342,0.0953002610966057,0.204960835509138,0.107049608355091,0.114229765013055,0.064621409921671,0.152741514360313
"L0621",5364,0.0164855954040979,0.222628937402997,0.25186428038777,1685,3499,1428,2693,2773,2847,1742,3185,0.0848780979246423,0.176254281684465,0.0719322990126939,0.135653838404191,0.139683659077171,0.143411243199678,0.0877493451541406,0.160437235543018
"L0622",2908,0.00785909733190376,0.273567390498709,0.31292984869326,1516,1513,1223,1802,1088,1661,949,1980,0.129219229457893,0.128963518581657,0.104244800545517,0.153596999659052,0.0927378111148994,0.141578588475963,0.0808898738493011,0.168769178315718
"L0623",151,-0.0611078553106667,0.211827472970339,0.423841059602649,103,76,87,136,29,121,50,82,0.150584795321637,0.111111111111111,0.12719298245614,0.198830409356725,0.0423976608187134,0.176900584795322,0.0730994152046784,0.119883040935673
"L0624",4159,0.0212641480397307,0.203047044592336,0.262803558547728,1513,3045,1218,2238,2290,2521,1644,3369,0.0848189258885525,0.170702993609149,0.0682811974436596,0.125462495795493,0.128377620809508,0.141327503083305,0.0921627985200135,0.18886646485032
"L0625",353,-0.0365632381936615,0.21734792157351,0.334277620396601,115,92,91,153,50,146,70,141,0.134032634032634,0.107226107226107,0.106060606060606,0.178321678321678,0.0582750582750583,0.17016317016317,0.0815850815850816,0.164335664335664
"L0626",685,0.00736610421312314,0.2193243421703,0.173722627737226,306,349,212,412,272,328,147,429,0.124643584521385,0.142158859470468,0.0863543788187373,0.167820773930754,0.110794297352342,0.133604887983707,0.059877800407332,0.174745417515275
"L0627",4959,0.0069472912250655,0.251508044167834,0.312159709618875,2911,4030,2089,4391,2443,3745,2024,4013,0.113506979645949,0.157139514934103,0.0814551976916478,0.171215784137877,0.0952585198471497,0.14602667082586,0.0789206893862591,0.156476643531155
"L0628",4959,0.0069472912250655,0.251508044167834,0.312159709618875,2911,4030,2089,4391,2443,3745,2024,4013,0.113506979645949,0.157139514934103,0.0814551976916478,0.171215784137877,0.0952585198471497,0.14602667082586,0.0789206893862591,0.156476643531155
"L0632",2802,0.0213964765670789,0.18819876739359,0.229835831548894,509,1945,518,1092,1414,1420,793,1912,0.0530042694991149,0.202540872643965,0.053941476621889,0.113714464229928,0.147245652400292,0.147870457148808,0.0825783609288764,0.199104446527127
"L0633",7065,-0.00692634222732732,0.191058291908707,0.280962491153574,3453,3829,2347,4589,2954,3958,2086,4440,0.124855365924212,0.138450969048308,0.084864043968759,0.165931443448076,0.106812264969627,0.143115417992479,0.0754266705235754,0.160543824124964
"L0634",5177,0.00288604477093134,0.28050262351726,0.223102182731312,993,1756,901,1473,1354,1970,867,1853,0.0889227187248142,0.157249037342169,0.0806841586818304,0.131906510253425,0.121250111936957,0.176412644398675,0.0776394734485538,0.165935345213576
"L0635",7065,-0.00692634222732732,0.191058291908707,0.280962491153574,3453,3829,2347,4589,2954,3958,2086,4440,0.124855365924212,0.138450969048308,0.084864043968759,0.165931443448076,0.106812264969627,0.143115417992479,0.0754266705235754,0.160543824124964
"L0636",9620,0.008523369175935,0.110323253905813,0.202079002079002,4400,5581,3210,6453,4543,4827,2785,6951,0.113548387096774,0.144025806451613,0.0828387096774194,0.166529032258065,0.117238709677419,0.124567741935484,0.0718709677419355,0.17938064516129
"L0637",5417,0.0086313899294524,0.222484179727795,0.285397821672512,3152,4107,1880,4214,2850,3684,2205,4554,0.118291676048938,0.154131952263004,0.0705546798769046,0.158147564362381,0.106957892366584,0.1382571492907,0.0827516325151993,0.170907453276289
"L0638",231,-0.00160919342777792,0.257283844188,0.350649350649351,152,237,150,228,170,276,146,316,0.0907462686567164,0.141492537313433,0.0895522388059701,0.136119402985075,0.101492537313433,0.164776119402985,0.0871641791044776,0.18865671641791
"L0639",21508,0.0371175510388689,0.304411808559514,0.163892505114376,4796,8964,5705,7643,7500,5802,3704,14660,0.0816007077959642,0.15251641882465,0.0970667301868173,0.130040494096029,0.127607445469085,0.0987171198148841,0.0630210637356654,0.249430020076905
"L0640",254,0.0619666336619505,0.196224964322593,0.196850393700787,107,226,130,176,248,198,109,284,0.0723951285520974,0.152909336941813,0.087956698240866,0.119079837618403,0.167794316644114,0.133964817320704,0.0737483085250338,0.192151556156969
"L0643",3103,0.00810205254464842,0.270037257023772,0.251369642281663,794,1128,575,1069,926,1300,733,1487,0.099101347978033,0.140788816774838,0.0717673489765352,0.133424862705941,0.115576635047429,0.162256615077384,0.0914877683474788,0.185596605092361
"L0646",2531,0.0224547605958883,0.181815749941493,0.230738838403793,560,1448,555,1204,875,1263,634,1675,0.0681762843925006,0.176284392500609,0.0675675675675676,0.146579011443876,0.106525444363282,0.153761869978086,0.0771852934015096,0.203920136352569
"L0647",30,-0.0153030303030303,0.234141873571483,0.133333333333333,3,9,2,7,3,6,2,4,0.0833333333333333,0.25,0.0555555555555556,0.194444444444444,0.0833333333333333,0.166666666666667,0.0555555555555556,0.111111111111111
"L0648",6445,0.0174531993652663,0.217076599932937,0.274631497284717,3171,4422,2304,3783,4103,3706,2398,5241,0.10886432298819,0.151812688821752,0.0790991485855534,0.129875034331228,0.140861027190332,0.127231529799506,0.0823262839879154,0.179929964295523
"L0649",6445,0.0174531993652663,0.217076599932937,0.274631497284717,3171,4422,2304,3783,4103,3706,2398,5241,0.10886432298819,0.151812688821752,0.0790991485855534,0.129875034331228,0.140861027190332,0.127231529799506,0.0823262839879154,0.179929964295523
"L0650",15,0.0220798881252783,0.0644543961528175,0.0666666666666667,18,14,7,13,12,7,13,23,0.168224299065421,0.130841121495327,0.0654205607476635,0.121495327102804,0.11214953271028,0.0654205607476635,0.121495327102804,0.214953271028037
"L0651",4407,0.018339087126342,0.211931061034897,0.231903789425913,1311,2320,1384,1821,1888,2156,1051,2937,0.0881759483454399,0.156039817056766,0.0930858218993812,0.122477804681195,0.126984126984127,0.145009416195857,0.0706887274683885,0.197538337368846
"L0652",3591,0.00032659271186645,0.218068976890323,0.233639654692286,1002,1578,914,1642,1029,1175,946,1546,0.101912123677787,0.160496338486574,0.0929617575264443,0.167005695687551,0.104658258746949,0.119507729861676,0.0962164361269325,0.157241659886086
"L0653",519,-0.0185470518556334,0.282573068375316,0.360308285163776,294,339,299,414,279,457,192,431,0.108687615526802,0.125323475046211,0.110536044362292,0.153049907578558,0.103142329020333,0.168946395563771,0.0709796672828096,0.159334565619224
"L0654",1991,-0.021053843484171,0.205700436531137,0.330989452536414,841,1021,713,1303,615,1261,664,889,0.115095114273984,0.139729026960449,0.0975776652524976,0.178322156835911,0.0841658683454222,0.172574243875736,0.0908717667989599,0.121664157657041
"L0655",710,0.00496342919118095,0.200712600063135,0.295774647887324,320,390,277,450,277,451,206,458,0.113114174620007,0.137857900318134,0.0979144574054436,0.159066808059385,0.0979144574054436,0.159420289855072,0.0728172499116296,0.161894662424885
"L0656",1909,-0.00256531867082042,0.250292038327459,0.266631744368779,646,1044,472,1004,707,1090,550,1176,0.0965764688294214,0.156077141575721,0.0705636119001345,0.15009717446554,0.105695918672447,0.162954103752429,0.0822245477649873,0.175811033039318
"L0657",6017,0.0113258064744306,0.182574738118641,0.272561076948646,2399,3760,1590,3752,2824,3590,1794,6299,0.0922408489695478,0.14457090126115,0.0611350353737312,0.144263303598893,0.108581974776992,0.138034450938173,0.0689787757613042,0.242194709320209
"L0658",2127,-0.0304011532112995,0.191286625361038,0.466854724964739,1959,1755,1515,2606,1182,2488,1261,1841,0.134113781063873,0.120147874306839,0.103717395769152,0.178407612788389,0.0809201067981105,0.170329294174026,0.0863284726500993,0.12603546244951
"L0659",2127,-0.0304011532112995,0.191286625361038,0.466854724964739,1959,1755,1515,2606,1182,2488,1261,1841,0.134113781063873,0.120147874306839,0.103717395769152,0.178407612788389,0.0809201067981105,0.170329294174026,0.0863284726500993,0.12603546244951
"L0660",5842,0.0176921085251174,0.171084126367665,0.28483396097227,3275,4245,2308,4233,3852,4585,2048,5427,0.109265005171321,0.141627464718246,0.0770026357054683,0.141227104393955,0.128515664097688,0.152971007239849,0.0683281620124779,0.181062956660995
"L0661",5842,0.0176921085251174,0.171084126367665,0.28483396097227,3275,4245,2308,4233,3852,4585,2048,5427,0.109265005171321,0.141627464718246,0.0770026357054683,0.141227104393955,0.128515664097688,0.152971007239849,0.0683281620124779,0.181062956660995
"L0662",10,0.0457756809740394,0.0609531707982706,0,3,1,2,8,1,2,1,5,0.130434782608696,0.0434782608695652,0.0869565217391304,0.347826086956522,0.0434782608695652,0.0869565217391304,0.0434782608695652,0.217391304347826
"L0663",10,0.0457756809740394,0.0609531707982706,0,3,1,2,8,1,2,1,5,0.130434782608696,0.0434782608695652,0.0869565217391304,0.347826086956522,0.0434782608695652,0.0869565217391304,0.0434782608695652,0.217391304347826
"L0664",7467,-0.00820601673139532,0.182930981204741,0.36373376188563,6579,5472,3400,7976,4270,6272,2908,6968,0.150051317139925,0.124803284296955,0.0775459003307105,0.181913559128749,0.0973885277682746,0.143049378492416,0.0663245524005018,0.158923480442468
"L0665",7467,-0.00820601673139532,0.182930981204741,0.36373376188563,6579,5472,3400,7976,4270,6272,2908,6968,0.150051317139925,0.124803284296955,0.0775459003307105,0.181913559128749,0.0973885277682746,0.143049378492416,0.0663245524005018,0.158923480442468
"L0666",7051,0.0089295211710427,0.156985297339883,0.302368458374699,5499,6063,4840,7215,4652,7183,2948,9571,0.114631756686331,0.126388859936211,0.10089429030039,0.150403368701924,0.0969752558837631,0.149736299013988,0.0614537950011465,0.199516374476246
"L0667",7051,0.0089295211710427,0.156985297339883,0.302368458374699,5499,6063,4840,7215,4652,7183,2948,9571,0.114631756686331,0.126388859936211,0.10089429030039,0.150403368701924,0.0969752558837631,0.149736299013988,0.0614537950011465,0.199516374476246
"L0668",7051,0.0089295211710427,0.156985297339883,0.302368458374699,5499,6063,4840,7215,4652,7183,2948,9571,0.114631756686331,0.126388859936211,0.10089429030039,0.150403368701924,0.0969752558837631,0.149736299013988,0.0614537950011465,0.199516374476246
"L0669",2220,-0.0264536292202272,0.235319844267051,0.408558558558559,1866,1677,1348,2463,1269,2122,1156,1854,0.135659760087241,0.121919302071974,0.0980007270083606,0.179062159214831,0.092257360959651,0.154271174118502,0.0840421664849146,0.134787350054526
"L0670",2220,-0.0264536292202272,0.235319844267051,0.408558558558559,1866,1677,1348,2463,1269,2122,1156,1854,0.135659760087241,0.121919302071974,0.0980007270083606,0.179062159214831,0.092257360959651,0.154271174118502,0.0840421664849146,0.134787350054526
"L0671",2220,-0.0264536292202272,0.235319844267051,0.408558558558559,1866,1677,1348,2463,1269,2122,1156,1854,0.135659760087241,0.121919302071974,0.0980007270083606,0.179062159214831,0.092257360959651,0.154271174118502,0.0840421664849146,0.134787350054526
"L0672",2020,0.00305745295085477,0.230781208642162,0.265346534653465,596,968,446,821,612,918,550,1009,0.100675675675676,0.163513513513514,0.0753378378378378,0.138682432432432,0.103378378378378,0.155067567567568,0.0929054054054054,0.170439189189189
"L0673",560,-0.0130696567237618,0.188632523857425,0.371428571428571,400,308,239,568,209,316,205,338,0.154858691444057,0.119241192411924,0.0925280681378242,0.219899341850561,0.0809136662795199,0.122338366240805,0.0793650793650794,0.130855594270228
"L0674",1636,0.0169517638405854,0.171448546887488,0.137530562347188,206,412,180,326,324,332,155,620,0.0806262230919765,0.161252446183953,0.0704500978473581,0.127592954990215,0.126810176125245,0.129941291585127,0.060665362035225,0.2426614481409
"L0675",6911,0.00671887231642892,0.285554336233971,0.226305889162205,1797,2565,1391,2295,1814,2645,1434,2663,0.108226933269092,0.154480847988437,0.0837749939773549,0.138219706094917,0.109250782943869,0.159298964105035,0.0863647313900265,0.16038304023127
"L0676",876,-0.00112376672399645,0.220016231232744,0.272831050228311,280,480,278,399,401,480,239,527,0.0907911802853437,0.155642023346304,0.0901426718547341,0.129377431906615,0.130025940337224,0.155642023346304,0.077496757457847,0.170881971465629
"L0677",876,-0.00112376672399645,0.220016231232744,0.272831050228311,280,480,278,399,401,480,239,527,0.0907911802853437,0.155642023346304,0.0901426718547341,0.129377431906615,0.130025940337224,0.155642023346304,0.077496757457847,0.170881971465629
"L0678",7514,0.0139134963455709,0.357735973355564,0.136412030875699,1052,1244,869,1342,1046,1277,711,1445,0.117070999332295,0.138437569552637,0.0967059870910305,0.149343423102604,0.116403294012909,0.142109948809259,0.0791230803472068,0.160805697752059
"L0679",5309,0.0159754135322203,0.167137794329467,0.301563382934639,3458,5053,2775,4926,3950,4684,2553,5036,0.106613226452906,0.155788500077077,0.085555726838292,0.151872976722676,0.121782025589641,0.144411900724526,0.0787112686912286,0.155264374903653
"L0680",329,-0.0414736257002661,0.245571601318457,0.31306990881459,97,157,109,174,93,154,73,116,0.0996916752312436,0.161356628982528,0.112024665981501,0.178828365878726,0.0955806783144913,0.158273381294964,0.0750256937307297,0.119218910585817
"L0681",2144,0.0375102914668084,0.371799939715172,0.229477611940299,744,801,626,874,765,906,429,1304,0.115366723523027,0.124205303147775,0.0970693130717941,0.13552488757947,0.118623042332145,0.140486897193363,0.0665219413862614,0.202201891766165
"L0682",98,0.0432431865310507,0.201195091982295,0.173469387755102,15,32,14,26,32,38,12,37,0.0728155339805825,0.155339805825243,0.0679611650485437,0.12621359223301,0.155339805825243,0.184466019417476,0.058252427184466,0.179611650485437
"L0683",5346,-9.89502197682208e-05,0.237907568593808,0.315188926300037,2672,3012,2294,3845,2455,3708,1883,4455,0.10985035356027,0.123828317710903,0.094310146357507,0.158074329879954,0.100929123499424,0.152442032560434,0.0774132543989475,0.18315244203256
"L0684",2839,-0.0170810169887605,0.266607125226631,0.330398027474463,1686,1117,1089,1920,829,1703,810,1796,0.153972602739726,0.102009132420091,0.0994520547945205,0.175342465753425,0.0757077625570776,0.155525114155251,0.073972602739726,0.164018264840183
"L0685",126,0.0293895150699104,0.191140766694215,0.238095238095238,38,84,55,33,88,59,35,107,0.0761523046092184,0.168336673346693,0.110220440881764,0.0661322645290581,0.176352705410822,0.118236472945892,0.0701402805611222,0.214428857715431
"L0686",1960,0.0248999336328191,0.267297505433313,0.181632653061225,403,573,582,776,500,788,237,1178,0.080007941234862,0.113758189398451,0.115544967242406,0.154059956323208,0.099265435775263,0.156442326781815,0.0470518165574747,0.23386936668652
"L0687",7047,-0.00193913009857542,0.278520668113382,0.282957286788704,2105,2795,1910,3243,1518,3251,1725,3508,0.104961356270257,0.139366741460982,0.0952380952380952,0.16170531039641,0.0756918474195961,0.162104213413114,0.0860134629768138,0.174918972824732
"L0688",7047,-0.00193913009857542,0.278520668113382,0.282957286788704,2105,2795,1910,3243,1518,3251,1725,3508,0.104961356270257,0.139366741460982,0.0952380952380952,0.16170531039641,0.0756918474195961,0.162104213413114,0.0860134629768138,0.174918972824732
"L0689",1393,0.0152531003658872,0.161907695051687,0.255563531945442,800,927,579,955,814,983,445,1267,0.118168389955687,0.136927621861152,0.0855243722304284,0.141063515509601,0.120236336779911,0.14519940915805,0.0657311669128508,0.187149187592319
"L0690",156,0.030380144120855,0.167387250145814,0.224358974358974,48,100,26,42,126,94,45,104,0.0820512820512821,0.170940170940171,0.0444444444444444,0.0717948717948718,0.215384615384615,0.160683760683761,0.0769230769230769,0.177777777777778
"L0691",312,0.0272578971661789,0.306963115163883,0.173076923076923,77,99,73,93,88,93,37,194,0.102122015915119,0.131299734748011,0.096816976127321,0.123342175066313,0.116710875331565,0.123342175066313,0.0490716180371353,0.257294429708223
"L0692",2,0.11937984496124,0.114014116656436,0,7,11,4,9,11,8,9,10,0.101449275362319,0.159420289855072,0.0579710144927536,0.130434782608696,0.159420289855072,0.115942028985507,0.130434782608696,0.144927536231884
"L0693",3343,-0.0363550241112197,0.226690705705495,0.400239306012564,2394,2169,1164,3227,1312,2651,1312,2085,0.146745126884884,0.132953291651342,0.0713497609415226,0.19780556577173,0.080421723672919,0.162498467573863,0.080421723672919,0.12780433983082
"L0694",401,-0.119499689509294,0.654405440278998,0.192019950124688,65,149,135,197,60,185,44,197,0.062984496124031,0.14437984496124,0.130813953488372,0.190891472868217,0.0581395348837209,0.179263565891473,0.0426356589147287,0.190891472868217
"L0695",6412,0.0321689693265844,0.221157460109099,0.253742981908921,4225,4806,2725,5405,4450,4484,2816,6060,0.120814389065225,0.137428154756798,0.0779217065568614,0.154556632638472,0.12724829144148,0.128220525578336,0.0805238626290355,0.173286437333791
"L0696",176,0.0473871882767584,0.0985790420240812,0.0738636363636364,54,93,52,45,99,49,40,144,0.09375,0.161458333333333,0.0902777777777778,0.078125,0.171875,0.0850694444444444,0.0694444444444444,0.25
"L0697",107,-0.0132877340873589,0.201193206646612,0.308411214953271,62,62,24,110,40,68,44,71,0.128898128898129,0.128898128898129,0.0498960498960499,0.228690228690229,0.0831600831600832,0.141372141372141,0.0914760914760915,0.147609147609148
"L0698",5309,0.0159754135322203,0.167137794329467,0.301563382934639,3458,5053,2775,4926,3950,4684,2553,5036,0.106613226452906,0.155788500077077,0.085555726838292,0.151872976722676,0.121782025589641,0.144411900724526,0.0787112686912286,0.155264374903653
"L0699",2888,0.0376839080170902,0.284628227567465,0.180747922437673,709,1075,740,906,999,826,479,1743,0.094824127323793,0.143774241005751,0.0989701752039588,0.121171592884847,0.133609736525344,0.110472114484419,0.0640631269225625,0.233114885649325
"L0700",338,-0.00840657669764535,0.175995930277972,0.21301775147929,58,100,108,83,103,139,50,98,0.0784844384303112,0.13531799729364,0.146143437077131,0.112313937753721,0.139377537212449,0.18809201623816,0.06765899864682,0.132611637347767
"L0702",9745,0.0228628421024011,0.125160539429785,0.188301693175988,4398,6014,4500,5545,5147,5341,2684,9211,0.10266106442577,0.140382819794585,0.105042016806723,0.129435107376284,0.120144724556489,0.124673202614379,0.0626517273576097,0.215009337068161
"L0703",474,0.00287692978844184,0.212464452699771,0.335443037974684,271,331,231,374,299,452,164,392,0.107796340493238,0.131662688941925,0.0918854415274463,0.148766905330151,0.118933969769292,0.179793158313445,0.0652346857597454,0.155926809864757
"L0704",724,0.00514491436903009,0.198827351699276,0.292817679558011,291,517,206,423,338,477,299,502,0.0953160825417622,0.169341631182443,0.0674746151326564,0.138552243694726,0.110710776285621,0.156239764166394,0.0979364559449722,0.164428431051425
"L0705",48791,0.0185311299045116,0.24166048294652,0.264720952634707,18084,27345,16160,28421,16224,27605,14161,36690,0.0979154258487195,0.148058909524067,0.0874979695706319,0.153884888191023,0.0878444961827928,0.149466673885971,0.0766744274189182,0.198657209377876
"L0706",2031,0.032249719992442,0.145588899524334,0.24027572624323,1163,1462,738,1291,1305,1354,716,1955,0.116486378205128,0.146434294871795,0.0739182692307692,0.129306891025641,0.130709134615385,0.135616987179487,0.0717147435897436,0.195813301282051
"L0707",2031,0.032249719992442,0.145588899524334,0.24027572624323,1163,1462,738,1291,1305,1354,716,1955,0.116486378205128,0.146434294871795,0.0739182692307692,0.129306891025641,0.130709134615385,0.135616987179487,0.0717147435897436,0.195813301282051
"L0709",8255,0.0471273997746484,0.290892871185107,0.196850393700787,1693,3443,1719,2550,2484,3056,1932,4375,0.0796630905326557,0.162008281573499,0.0808865047995483,0.119988706945229,0.116883116883117,0.143798230754752,0.0909090909090909,0.205862977602108
"L0710",136,-0.0181070112820363,0.215910608757089,0.176470588235294,17,24,17,28,29,61,8,29,0.07981220657277,0.112676056338028,0.07981220657277,0.131455399061033,0.136150234741784,0.286384976525822,0.0375586854460094,0.136150234741784
"L0711",8,0.155019493177388,0.160543734261573,0,3,9,0,2,16,3,5,6,0.0681818181818182,0.204545454545455,0,0.0454545454545455,0.363636363636364,0.0681818181818182,0.113636363636364,0.136363636363636
"L0712",2874,-0.00670370590594531,0.296171172960214,0.295755045233125,1593,1651,1193,2126,1445,1870,941,2224,0.122134478264203,0.126581307981293,0.0914666871118608,0.162999309974699,0.110787395537836,0.1433719236372,0.0721459786858852,0.170512918807023
"L0713",10410,0.00395441334420388,0.138931444168825,0.324303554274736,4835,7533,4371,7482,4701,7750,4104,9496,0.0961767982176957,0.149844844048377,0.0869470082749841,0.148830362826225,0.0935112985359643,0.154161362189688,0.081635900700191,0.188892425206875
"L0714",11589,-0.000942414574915602,0.155622360375711,0.245318836828027,6147,6273,3317,8227,4786,6407,3270,7491,0.133869070952568,0.136613092904743,0.0722374667886232,0.179167211115467,0.104229278278671,0.13953133847293,0.0712139030445577,0.163138638442441
"L0715",11589,-0.000942414574915602,0.155622360375711,0.245318836828027,6147,6273,3317,8227,4786,6407,3270,7491,0.133869070952568,0.136613092904743,0.0722374667886232,0.179167211115467,0.104229278278671,0.13953133847293,0.0712139030445577,0.163138638442441
"L0716",3507,0.0211630057479284,0.232790548460924,0.230396350156829,1276,1753,893,1842,1201,1695,848,2616,0.105245793467502,0.144589244473771,0.0736555592213791,0.1519300560871,0.099059716265259,0.139805344770703,0.069943912900033,0.215770372814253
"L0717",3507,0.0211630057479284,0.232790548460924,0.230396350156829,1276,1753,893,1842,1201,1695,848,2616,0.105245793467502,0.144589244473771,0.0736555592213791,0.1519300560871,0.099059716265259,0.139805344770703,0.069943912900033,0.215770372814253
"L0718",736,-0.040318623507541,0.298784183000651,0.365489130434783,289,356,266,453,345,762,209,315,0.0964941569282137,0.118864774624374,0.0888146911519199,0.151252086811352,0.115191986644407,0.254424040066778,0.0697829716193656,0.105175292153589
"L0719",736,-0.040318623507541,0.298784183000651,0.365489130434783,289,356,266,453,345,762,209,315,0.0964941569282137,0.118864774624374,0.0888146911519199,0.151252086811352,0.115191986644407,0.254424040066778,0.0697829716193656,0.105175292153589
"L0720",49504,0.00668530957007303,0.227972266249669,0.265170491273432,16816,22872,11894,23322,15629,24202,13034,27814,0.108083788074533,0.147008349241241,0.0764479409704145,0.149900696091475,0.100454419827359,0.155556841043045,0.0837752196576747,0.178772745094258
"L0721",49504,0.00668530957007303,0.227972266249669,0.265170491273432,16816,22872,11894,23322,15629,24202,13034,27814,0.108083788074533,0.147008349241241,0.0764479409704145,0.149900696091475,0.100454419827359,0.155556841043045,0.0837752196576747,0.178772745094258
