"doc_id","n_palabras","n_oraciones","long_oracion_media","letras_por_palabra","silabas_por_palabra","ari","rix","flesch_kincaid","fernandez_huerta","szigriszt_pazos","perfil_mu","tokens","tipos","ttr","mtld","hdd","yule_k","entropia_shannon","hapax_ratio","maas","mattr_50","mattr_100","zipf_pendiente","inflesz"
"L0002",4092,293,13.9658703071672,4.25806451612903,1.87536656891496,5.60841902455136,2.72696245733788,11.9860149329917,80.072818151792,76.033792449431,70.3730339889309,4092,1120,0.273704789833822,58.3409793096018,0.825536562956908,128.221482634499,8.24463239429599,0.626785714285714,0.0431330826771537,0.75100173138759,0.637633358377169,-0.915608206440615,"bastante facil"
"L0005",360,24,15,4.17777777777778,1.74444444444444,5.74733333333333,2.95833333333333,10.8444444444444,86.8733333333333,83.1561111111111,62.5982722580884,360,155,0.430555555555556,61.7049071618037,0.783484160086543,164.814814814815,6.55501083904018,0.606451612903226,0.0560043741946261,0.750546623794213,0.644827586206896,NA,"muy facil"
"L0006",210,27,7.77777777777778,4.07142857142857,1.84285714285714,1.63531746031746,0.777777777777778,9.18904761904762,88.3352380952381,84.2472222222222,96.2915292414126,210,113,0.538095238095238,64.205298013245,0.805981398162475,128.344671201814,6.35687013238992,0.690265486725664,0.049908344397721,0.79416149068323,0.676846846846847,NA,"muy facil"
"L0008",500,57,8.7719298245614,4.334,1.884,3.3691049122807,1.64912280701754,10.062252631579,84.8526315789474,80.6898701754386,66.981493078373,500,265,0.53,85.8185513673318,0.828566454563709,131.12,7.2342163560547,0.762264150943396,0.0378511134773935,0.796186252771618,0.71209476309227,NA,"muy facil"
"L0009",708,102,6.94117647058824,4.40112994350283,2,2.76991026919242,1.35294117647059,10.7170588235294,79.76,75.2938235294118,63.616775860478,708,265,0.374293785310734,75.3375652419241,0.804783934793016,149.861151010246,7.08055494292691,0.622641509433962,0.0525426190522546,0.776843702579665,0.655435139573071,-0.752980008522296,"bastante facil"
"L0011",149,8,18.625,4.32885906040268,1.85234899328859,8.27142617449664,3.625,13.5314681208054,76.7015604026846,72.8086577181208,74.2329914107397,149,95,0.63758389261745,64.5006695765137,0.797683382133523,148.641953065177,6.12282397419062,0.821052631578947,0.0413875679873889,0.766399999999999,0.672,NA,"bastante facil"
"L0012",1186,152,7.80263157894737,4.31703204047218,1.8743676222597,2.80453670009763,1.63157894736842,9.57056425845389,86.4192584538919,82.2592655542736,69.1630572105066,1186,464,0.391231028667791,63.6211063564478,0.810219921600672,142.65645572716,7.56229479714833,0.702586206896552,0.0431287673928894,0.772295514511875,0.666200551977925,-0.892734235662862,"muy facil"
"L0013",1057,90,11.7444444444444,4.50520340586566,1.90633869441816,5.66173026384947,2.85555555555556,11.4851299274677,80.4803450015768,76.3256548933039,61.5705158315425,1057,484,0.457899716177862,67.9321933962264,0.847160945536957,107.048652538512,7.82397458972786,0.764462809917355,0.0370944264961122,0.772718253968252,0.669102296450936,-0.774866754268259,"bastante facil"
"L0014",192,20,9.6,4.36979166666667,1.90104166666667,3.95171875,1.9,10.5862916666667,82.9855,78.8001041666667,71.0568452997975,192,111,0.578125,79.4150280862983,0.805526512390296,132.378472222222,6.32631417135858,0.738738738738739,0.0456468534256413,0.781818181818182,0.674408602150538,NA,"bastante facil"
"L0018",903,89,10.1460674157303,3.99778516057586,1.79291251384275,2.47260181417746,1.42696629213483,9.52333395547924,88.9162604053903,84.9904829718666,76.3537094379043,903,332,0.36766334440753,65.6655163759568,0.801072683638479,139.463753772647,7.21076640337378,0.692771084337349,0.0497418940008367,0.767775175644028,0.656455223880597,-0.78620756279374,"muy facil"
"L0023",951,24,39.625,1.45741324921136,1.13249211356467,5.24691640378549,1.54166666666667,13.2271569400631,98.4729731861199,96.6557413249211,51.2190345181334,951,103,0.108307045215563,12.1644838943067,0.460018991215098,571.317369175841,4.74394448229575,0.679611650485437,0.108837798067925,0.394279379157427,0.262194835680751,-1.03906910696358,"muy facil"
"L0024",419,35,11.9714285714286,4.69928400954654,1.99761336515513,6.68934197067848,3.2,12.6506948516877,74.772340947835,70.4122587794068,61.2230343957553,419,201,0.479713603818616,78.2722955145119,0.803630993832048,147.071388292388,6.86425787793467,0.711442786069652,0.0463958216167085,0.773189189189189,0.676093749999999,NA,"bastante facil"
"L0026",850,47,18.0851063829787,4.53529411764706,1.92470588235294,8.97378848560701,3.74468085106383,14.1747209011264,72.9108385481852,68.8407171464331,59.698569365939,850,367,0.431764705882353,69.0903871391076,0.817282166216374,130.214532871972,7.41490764285872,0.73841961852861,0.042504581213639,0.787665418227214,0.681957390146471,-0.777656568914175,"bastante facil"
"L0027",143,33,4.33333333333333,4.08391608391608,1.81818181818182,-0.0280885780885747,0.363636363636364,7.55454545454546,93.3290909090909,89.2289393939394,104.101119393683,143,68,0.475524475524476,25.8599734042553,0.690499755168342,259.181378062497,5.52210959690809,0.661764705882353,0.0694928362669299,0.658085106382978,0.531363636363637,NA,"muy facil"
"L0028",1238,91,13.6043956043956,4.18578352180937,1.84571890145396,5.08723818991993,2.52747252747253,11.495197322871,82.220382396279,78.2423168350228,75.0441352417039,1238,463,0.373990306946688,76.7091916558018,0.818176108064207,133.077218192875,7.59319384595624,0.67170626349892,0.0446568930667463,0.789739276703112,0.685618964003516,-0.868149385684359,"bastante facil"
"L0030",457,25,18.28,4.39387308533917,1.91028446389497,8.40514223194749,4.28,14.0805566739606,73.577332166302,69.5442778993436,58.1842990602059,457,220,0.481400437636761,71.7086277483401,0.816340104397261,137.228332431565,7.00891336994789,0.690909090909091,0.0448744310949198,0.777401960784314,0.684106145251396,NA,"bastante facil"
"L0031",1324,87,15.2183908045977,4.1631419939577,1.79078549848943,5.78759419383964,2.89655172413793,11.4764412959683,83.8701114699448,80.0506726395111,71.0605852880325,1324,497,0.375377643504532,72.8162795864755,0.816001102015578,135.906024954135,7.65507655882623,0.665995975855131,0.0436613520269208,0.792156862745099,0.689820408163268,-0.922285475606761,"muy facil"
"L0032",214,23,9.30434782608696,4.69158878504673,2.03738317757009,5.31955709061357,2.04347826086957,12.079817147501,75.1065745631857,70.6016802112962,77.133174416267,214,107,0.5,61.029915410414,0.795242767928724,143.243951436807,6.28275683358978,0.588785046728972,0.0554298490001008,0.776242424242425,0.645739130434782,NA,"bastante facil"
"L0033",670,57,11.7543859649123,3.93880597014925,1.75223880597015,2.99896910185912,1.70175438596491,9.67062843676355,89.7161979575805,85.9161364231474,73.3770769103716,670,228,0.340298507462687,46.7280488672295,0.761151818698991,185.030073513032,6.71539640306816,0.675438596491228,0.0586149506801895,0.722962962962963,0.565429071803855,-0.726174509514647,"muy facil"
"L0034",288,28,10.2857142857143,4.32638888888889,1.84375,4.09014880952381,2.10714285714286,10.1776785714286,85.7235714285714,81.6836607142857,67.3761368671659,288,164,0.569444444444444,69.1477142842882,0.834991959470573,123.697916666667,6.81051642250702,0.731707317073171,0.0404305423479284,0.789205020920502,0.718201058201058,NA,"muy facil"
"L0036",217,20,10.85,4.65898617511521,2.13364055299539,5.93882488479263,2.45,13.8184585253456,67.7545668202765,63.0591935483871,75.9713411086794,217,112,0.516129032258065,32.5517752338126,0.763090464936528,174.563061436854,6.18372257609548,0.758928571428571,0.0526175840593146,0.666666666666667,0.571186440677966,NA,"normal"
"L0037",372,31,12,4.71236559139785,2.02150537634409,6.76524193548387,3.06451612903226,12.9437634408602,73.3096774193549,68.8952150537635,60.6947568872107,372,204,0.548387096774194,65.4647058823529,0.829809579065392,127.32685859637,7.00001167771274,0.75,0.039486224798935,0.794860681114552,0.706007326007325,NA,"bastante facil"
"L0039",759,89,8.52808988764045,4.0368906455863,1.79183135704875,1.84779988453169,1.39325842696629,8.87956506935501,90.6314668916818,86.6758165682225,81.2954836075488,759,268,0.353096179183136,68.9166944213156,0.797084738610617,142.341094394712,7.02685188875864,0.652985074626866,0.0544983461968297,0.784422535211267,0.646818181818184,-0.730507933761236,"muy facil"
"L0040",1037,61,17,4.2632594021215,1.824493731919,7.14995178399229,3.65573770491803,12.5690260366442,80.0303760848602,76.1690405014465,63.7662914609545,1037,408,0.39344262295082,74.3570510466397,0.801978873448895,156.764794224122,7.42411863032961,0.683823529411765,0.0445433853349526,0.77566801619433,0.676940298507465,-0.88029255545723,"bastante facil"
"L0043",616,31,19.8709677419355,4.56331168831169,1.93668831168831,9.99868192291579,4.87096774193548,15.0125994972769,70.3703142019271,66.3083504398827,51.6203117831345,616,279,0.452922077922078,81.4704471549107,0.82526197385961,123.281750716816,7.23830525658106,0.709677419354839,0.0442029161260921,0.793897707231038,0.694584139264992,-0.70838755249415,"bastante facil"
"L0044",1602,143,11.2027972027972,4.47253433208489,1.90948813982522,5.23703530551845,2.42657342657343,11.3110509590285,80.8438584636338,76.6710916860917,63.9658381643949,1602,687,0.428838951310861,85.8907522963586,0.846593741146966,109.881374873169,8.13742293839236,0.723435225618632,0.0358043546584131,0.801944623309715,0.710864936793083,-0.912134277861422,"bastante facil"
"L0045",632,160,3.95,4.17563291139241,1.85601265822785,0.212231012658229,0.75,7.85144936708861,91.4502405063291,87.2554113924051,66.1154168009511,632,320,0.506329113924051,132.429001876969,0.896035479175079,60.7374619452011,7.73748870599168,0.70625,0.0376805827796727,0.85897084048027,0.789681050656661,-0.510652920193287,"muy facil"
"L0047",604,40,15.1,4.10264900662252,1.77483443708609,5.44347682119205,2.725,11.2420463576159,84.9479337748345,81.1628145695365,57.3925207412077,604,215,0.355960264900662,33.4073308270677,0.745723370054011,205.802377088724,6.61483432596532,0.665116279069767,0.0580021753313774,0.704612612612612,0.603683168316833,-0.803662877762459,"muy facil"
"L0049",1060,64,16.5625,4.11415094339623,1.83018867924528,6.22890094339623,2.53125,12.4656014150943,80.134929245283,76.2517452830189,73.2302690265773,1060,379,0.357547169811321,69.8449612403101,0.810104461601611,139.426842292631,7.39685018134507,0.614775725593668,0.048802824052388,0.774381800197823,0.675702393340273,-0.847374574046211,"bastante facil"
"L0051",2573,208,12.3701923076923,4.07462106490478,1.74854255732608,3.94656136954767,2.13461538461538,9.86717717644773,89.3098504065891,85.530606370893,64.1314525729555,2573,824,0.320248736883016,60.0193137750801,0.84606399455958,110.480914166048,8.21527349349109,0.554611650485437,0.0425164081013644,0.766450079239292,0.677586903799523,-0.934271842340131,"muy facil"
"L0055",12406,1748,7.09725400457666,3.72086087377076,1.57915524746091,-0.356118282251408,0.90675057208238,5.81196098182359,104.851486067677,101.356374078609,73.6921273278053,12406,4891,0.394244720296631,293.024772981299,0.919010893013336,49.2514932670922,10.2329923571588,0.817215293396033,0.0241221165335375,0.894964797280836,0.832418136020183,-0.984713519285287,"muy facil"
"L0056",160,23,6.95652173913043,4.28125,1.85625,2.21294836956522,1.04347826086957,9.02679347826087,88.369347826087,84.2341032608696,52.2763587799003,160,84,0.525,33.9919678714859,0.697483040396621,296.875,5.66653379176292,0.75,0.0576023775479654,0.713153153153154,0.616065573770492,NA,"muy facil"
"L0057",434,30,14.4666666666667,4.56451612903226,1.97926267281106,7.30220430107527,3.7,13.4072995391705,73.3282396313364,69.0602688172043,61.6616546260549,434,215,0.495391705069124,65.3710674738225,0.819970049267522,130.603750345091,6.99726746159337,0.711627906976744,0.0438521895360158,0.782337662337662,0.683164179104477,NA,"bastante facil"
"L0059",13827,1105,12.5131221719457,4.36443190858465,1.85897157734867,5.38303537540657,2.73574660633484,11.2259822597731,82.5383207436954,78.5079485592324,68.3875827733789,13827,3377,0.244232299124901,94.1712800467567,0.849971017357798,109.562037904997,9.14136414013523,0.640805448623038,0.0357057145987904,0.808811148207257,0.721674679487165,-1.00408859992228,"bastante facil"
"L0060",890801,78622,11.3301747602452,4.13054094012018,1.80889334430473,3.68993520808868,2.09583831497545,10.1737096192915,86.7496210862659,82.8107698895699,61.8229208621564,890801,33132,0.0371934921492005,44.0743491396196,0.815000296880667,149.846301803154,9.34409382329481,0.450983943015816,0.0403824144626529,0.718957195717691,0.621768739713034,-1.2135535393025,"muy facil"
"L0061",10090,897,11.2486064659978,4.0201189296333,1.72289395441031,3.12906339157173,1.917502787068,9.12710518378076,91.9927841400638,88.2501001742401,65.6455717434039,10090,2645,0.262140733399405,56.071130869686,0.834570850491162,127.684143010232,8.91410613672537,0.66351606805293,0.0362709905655848,0.749750024897915,0.666243619257325,-0.967742576652835,"muy facil"
"L0062",522,27,19.3333333333333,4.56513409961686,1.86590038314176,9.73844827586207,4.85185185185185,13.9676245210728,75.1659770114943,71.2560727969349,66.0424470076054,522,269,0.515325670498084,83.4851311232063,0.8421312821597,107.749445839022,7.29658162632647,0.769516728624535,0.0389830263897395,0.789767441860464,0.697470449172576,NA,"bastante facil"
"L0063",4564,337,13.5430267062315,4.59991235758107,1.94916739702016,7.00710055732257,3.6973293768546,12.6919557002681,76.0760689384345,71.8588444594127,60.7862077250364,4564,1130,0.247589833479404,45.9388335427115,0.814439892133364,143.511580551525,8.14778873292447,0.602654867256637,0.0452748691413629,0.725426356589138,0.630067189249719,-0.901223189696614,"bastante facil"
"L0064",126534,11441,11.059697578883,4.48247111448306,1.94945232111527,5.21228773865671,2.51324184948868,11.7268194449246,78.591969202623,74.3244228156355,64.1523004356737,126534,12809,0.101229709011017,109.290812218079,0.857457896348436,99.5191739300217,9.68921453583242,0.518307440081193,0.0382095955962465,0.825954065699607,0.738578083600271,-1.04344135640688,"bastante facil"
"L0065",30216,1387,21.7851478010094,4.40266746094784,1.89763701350278,10.199137641569,4.78010093727469,15.2983244017265,70.7609284328036,66.8270662577674,69.4498444767761,30216,5053,0.167229282499338,84.3444677231518,0.824969124885815,134.370455235761,9.01026471011503,0.595092024539877,0.0386940725417323,0.800137236052571,0.704374605704365,-1.00641982283285,"bastante facil"
"L0066",50472,3849,13.1130163678878,4.49589871611983,1.95791726105563,6.30219113686827,2.95765133800987,12.6275000639327,75.9896876414164,71.7437382683462,60.1504335736481,50472,8641,0.171203835790141,98.2381121571045,0.853823551968505,104.421967829899,9.66689588029196,0.607684295799097,0.0346533502796676,0.817332566487354,0.725449943422041,-0.977687021187915,"bastante facil"
"L0067",9992,704,14.1931818181818,4.13851080864692,1.76030824659728,5.15897681781789,2.74431818181818,10.7169782189388,86.7444597496179,82.9746144188078,54.8651118928092,9992,3217,0.321957566052842,89.3051779738542,0.860756257441149,97.1109153135158,9.29439093601418,0.744793285669879,0.0307679321230654,0.80586141003721,0.717979379359131,-1.02087681378302,"muy facil"
"L0068",102472,7718,13.277014770666,4.3335252556796,1.89486884222031,5.61941133958391,2.80966571650687,11.9474880987594,79.6053144007019,75.5076563590085,62.3240281685146,102472,11484,0.112069638535405,93.5634361641023,0.843908312770846,108.994553078686,9.46007739537752,0.541884360849878,0.0378597067324923,0.809304160198417,0.718286657614806,-1.05472118125678,"bastante facil"
"L0069",14974,1230,12.1739837398374,4.05516228128756,1.74014959262722,3.75680621478313,1.89512195121951,9.69161885153779,90.0135610277326,86.2496966394868,68.1975141951518,14974,3286,0.219447041538667,92.7120580411353,0.870262580023186,84.0349798963232,9.08348184352354,0.68746195982958,0.0377819893024606,0.814178894472351,0.721670588235274,-1.0247637033524,"muy facil"
"L0071",5185,498,10.4116465863454,4.79209257473481,2.03876567020251,6.34657932017366,2.74497991967871,12.5279770770643,73.8941802697773,69.4082521600384,28.4382128388063,5185,1620,0.312439729990357,69.6633970619826,0.827146212730861,135.736849397742,8.55874051301508,0.672222222222222,0.0366128433781904,0.77606308411218,0.685729453401489,-1.03593181858021,"bastante facil"
"L0072",21500,2695,7.97773654916512,4.07744186046512,1.72576744186047,1.76361943737326,1.35621521335807,7.88537306812789,95.1566622082237,91.3419518229279,74.5868904046824,21500,4006,0.186325581395349,90.6294832029811,0.861912204967046,91.4245105462412,9.13445183115761,0.614328507239141,0.0388772839868053,0.811138874644504,0.717991682631614,-1.02909176798682,"muy facil"
"L0073",167573,10354,16.1843731891057,4.46798111867664,1.92190269315463,7.70637766351979,3.58663318524242,13.4003573229758,75.0177777578347,70.9160890273612,62.8986938483049,167573,13537,0.0807827036575105,92.0271343648979,0.851845524085662,104.817305029506,9.5344757131642,0.502622442195464,0.0400362483009203,0.808582889616075,0.717711644792617,-1.0947628415537,"bastante facil"
"L0074",12944,1004,12.8924302788845,4.48508961681088,1.94174907292954,6.14098723462146,2.90737051792829,12.3506868693335,77.1847767397653,72.971602477605,65.5876628694375,12944,3212,0.24814585908529,109.848379418986,0.861609734884538,93.9532622031808,9.20851924467445,0.644769613947696,0.0357968610597186,0.82506552927489,0.73994316854805,-0.945323560254269,"bastante facil"
"L0075",30963,1345,23.0208178438662,4.48803410522236,1.92629913122113,11.2190495575304,5.39033457249071,16.1184487075172,67.7808179259884,63.8057462810571,59.5440921860575,30963,6124,0.197784452410942,86.5934470259086,0.832285703412767,130.504264435251,9.36707240468489,0.61152841280209,0.0348978246265931,0.800028466067075,0.710062856402232,-0.948444669545865,"normal"
"L0076",451306,31409,14.3686841351205,4.47653033640147,1.91690117126739,6.83879995201116,3.33420357222452,12.6332206336522,77.1698719061338,73.0433728949212,61.7587717485813,451306,25816,0.0572028734384209,84.9682323796194,0.848427086050799,110.438936913213,9.78544818390537,0.464595599628138,0.0388634305279487,0.800356781169744,0.709754281294555,-1.12597728608368,"bastante facil"
"L0077",59357,2138,27.7628624883068,4.27511498222619,1.81639907677275,12.5872228104388,5.33068288119738,16.6710254763581,69.5379356555622,65.910475028751,71.8565270495775,59357,6058,0.102060414104486,72.6086301062397,0.839271762229884,115.609133971219,8.99303898083303,0.5122152525586,0.0434978134824713,0.785706818641584,0.681226163555965,-1.08786111552445,"bastante facil"
"L0078",3594,478,7.51882845188284,4.22871452420701,1.87924318308292,2.24665963495645,1.418410041841,9.51741265661272,86.4162039941045,82.2393212420515,65.6728121715855,3594,942,0.262103505843072,48.3926289163042,0.801795731392121,159.783711738695,7.90050240047454,0.629511677282378,0.0459991251578628,0.74138787023979,0.636689556509298,-0.998853245188562,"muy facil"
"L0079",9721,618,15.7297734627832,4.30295237115523,1.84867811953503,6.70179239953272,3.29935275080906,12.3590134609988,79.8749438958595,75.9325796901846,71.0666820542636,9721,2778,0.28577306861434,81.4360654472624,0.846086226116553,113.17824710937,9.13145109197649,0.658387329013679,0.0342085413250973,0.788275434243185,0.70937850758676,-0.931025400081436,"bastante facil"
"L0080",37007,2577,14.360496701591,4.14978247358608,1.76588213040776,5.29572380138593,2.50950717889018,10.8480028524321,86.2393655399115,82.4600465740055,74.8685814067425,37007,6769,0.18291134109763,98.5090539735911,0.853392049379064,100.888119072902,9.44437433540686,0.6189983749446,0.0353515584450763,0.814805454840569,0.725603121274485,-0.997559952336495,"muy facil"
"L0081",67893,6750,10.0582222222222,4.08996509213026,1.80757957374103,2.86284669504465,1.60696296296296,9.66214563681087,88.1258389088713,84.1645703337114,75.1415615515537,67893,6751,0.0994358770418158,83.5547655813436,0.84520785452215,105.97048209329,9.10965568995252,0.507776625685084,0.0429381484137663,0.802158776015459,0.702692421158215,-1.05580233506483,"muy facil"
"L0082",203793,7300,27.9168493150685,4.22977236705873,1.79920801990255,12.4506525063809,5.41041095890411,16.5282258677268,70.4123325044772,66.8274910450028,67.5402689479158,203793,17740,0.0870491135613098,77.9438426284579,0.834962129609678,123.451092264813,9.49740109849634,0.552029312288613,0.0376136940008125,0.787272263232302,0.695889422368858,-1.10149455118776,"bastante facil"
"L0083",20420,834,24.484412470024,4.09906953966699,1.78932419196866,10.1188237668435,4.10071942446043,15.0729463285395,74.5064477624561,70.8756903703286,71.2762785420587,20420,3984,0.195102840352596,84.7677785541148,0.834090677567524,123.488235785047,9.00567536275047,0.629518072289157,0.0382059771135605,0.796523489273948,0.704525367846031,-1.00538258872961,"bastante facil"
"L0084",2308,167,13.8203592814371,4.41247833622184,1.89644714038128,6.26295260432342,2.93413173652695,12.1780163762596,78.9564051100572,74.865983872809,62.2519738693263,2308,835,0.361785095320624,81.5524734179534,0.837057845274172,119.48493522643,8.1889056087094,0.669461077844311,0.0390359356603571,0.789446657813183,0.707347215934825,-0.943451511987309,"bastante facil"
"L0085",79771,6795,11.7396615158205,4.53016760476865,1.94830201451655,5.77692017637057,2.73230316409124,11.9784317624653,77.9674243828699,73.7161229797983,62.117268478884,79771,10506,0.131701996966316,95.5872587008691,0.854844456106903,102.765748104995,9.62922421456695,0.562630877593756,0.0366407746877379,0.811742806251553,0.725142835626102,-1.01413131008395,"bastante facil"
"L0086",6840,312,21.9230769230769,4.7437134502924,2.04473684210526,11.8744288124157,5.69551282051282,17.0878947368421,61.7942510121458,57.5248178137652,54.1941917734945,6840,2177,0.31827485380117,106.526464257762,0.85185867315774,105.778701138812,8.95239498471232,0.716123105190629,0.0338053661460293,0.822865557355352,0.739114374721848,-0.978427546968585,"normal"
"L0087",11497,747,15.3908969210174,4.26998347394973,1.87092284943898,6.37707062281191,2.91700133868809,12.4893394225768,78.8859141742232,74.8856095589339,64.9056251387599,11497,2522,0.219361572584152,84.6519714689366,0.847894514437111,104.459332732132,8.81763865262457,0.629659000793021,0.0399578841747819,0.802716631726059,0.709044569222646,-0.9921839154085,"bastante facil"
"L0088",23779,2704,8.79400887573964,4.1814626350982,1.84557803103579,2.66169344918232,1.84060650887574,9.61748422776076,87.1354290845983,83.0614797907308,57.9691509837594,23779,5916,0.248790949997897,59.9464138153647,0.862580172799348,96.3624415661903,9.6363383212256,0.666159567275186,0.0315473449673211,0.764828487147042,0.680556165540511,-0.995923394032342,"muy facil"
"L0089",69377,4341,15.9818014282423,4.63744468627931,2.01027718119838,8.40326518649674,4.19258235429625,14.3641732951554,69.9219316712901,65.6129301830986,56.5076928353971,69377,9898,0.142669760871759,97.9802364627476,0.844845905932023,112.003587980211,9.62565371786301,0.55112143867448,0.0360820412277272,0.812920032310028,0.724231935102056,-0.967068693741216,"bastante facil"
"L0090",4425,258,17.1511627906977,4.56158192090396,1.94779661016949,8.63063224280647,4.08139534883721,14.0829534883721,72.4780173433189,68.336108395743,56.5477933390713,4425,1510,0.341242937853107,71.6830287449861,0.8223717504844,146.705225190718,8.55297771770612,0.708609271523179,0.0351273182656766,0.779291590493631,0.698747110494677,-0.985534700764292,"bastante facil"
"L0091",23403,969,24.1517027863777,4.50831090031193,1.93274366534205,11.879995733658,5.85758513931889,16.6355393377235,66.2406432373717,62.2733668628126,56.0696407721994,23403,5696,0.243387599880357,67.9505497603621,0.825490643748647,132.610015998728,9.36339789822618,0.663623595505618,0.0321469038429094,0.773225143444358,0.680582732578067,-0.944160311506758,"normal"
"L0093",7666,1041,7.3640730067243,4.43451604487347,1.90086094442995,3.13860707471618,1.66666666666667,9.7121476168959,85.2769888673442,81.0472901552898,61.849993935581,7666,2628,0.342812418471171,101.757697485303,0.850126948390663,111.418620165181,9.11355709505905,0.740867579908676,0.0308116175776579,0.809948798739678,0.726986916875885,-1.06725831363245,"muy facil"
"L0094",9790,801,12.2222222222222,4.18243105209397,1.83033707865169,4.38036136647373,2.29088639200999,10.7746441947566,84.5531086142322,80.5827777777778,69.5412298209672,9790,1984,0.202655771195097,61.462081158539,0.828073129237011,123.462164076871,8.49225359731183,0.601310483870968,0.0435279380792804,0.766861718509402,0.657494582602401,-0.992929459849105,"muy facil"
"L0095",147112,11168,13.1726361031519,4.44092935994344,1.93428816140084,6.07309533690955,2.98209169054441,12.3719283847591,77.3466214907349,73.156211441576,60.9110443287933,147112,15396,0.104654956767633,98.0343682347479,0.856495198048504,99.1683890655087,9.8000323245034,0.5235126006755,0.0367068100193383,0.813682435419132,0.725874718562344,-1.02059160586466,"bastante facil"
"L0096",26175,1496,17.4966577540107,4.35377268385864,1.90800382043935,7.82459821797956,3.4879679144385,13.7481416052485,74.5131798645481,70.4697042326178,68.2787444606981,26175,4526,0.172913085004776,80.4474344088497,0.825647444519389,129.480243274777,8.95596154920941,0.602297834732656,0.0390502595102606,0.794619918854722,0.698030372756519,-1.00288970341849,"bastante facil"
"L0097",953,74,12.8783783783784,4.29275970619098,1.86568730325289,5.22808740534869,2.54054054054054,11.4476777459516,81.7628158588809,77.7243026289669,47.5735288375371,953,423,0.44386149003148,72.4046587043936,0.831572984087194,118.122590725263,7.61066827599191,0.75886524822695,0.0397467888955457,0.78066371681416,0.69158079625293,-0.747848922624533,"bastante facil"
"L0098",64459,4465,14.4365061590146,4.30425541817279,1.87849640856979,6.06129609910113,2.85845464725644,12.2064950231392,79.4049792036178,75.3681675870876,64.7636296564281,64459,7403,0.114848198079399,89.5572017988167,0.846089146329846,107.589568022885,9.21543024937808,0.552613805214102,0.0406358833480912,0.806666356155738,0.713473741454329,-1.04803033186704,"bastante facil"
"L0099",18050,1215,14.8559670781893,4.24027700831025,1.81324099722992,5.96968824823593,2.86995884773663,11.6000709278068,82.8924537464519,79.0141187943869,69.6646399641343,18050,3914,0.216842105263158,64.0466475061011,0.830032622634818,131.265659410226,9.02590393779433,0.626469085334696,0.0366415226414427,0.763187600688843,0.676927190685734,-1.02078369808935,"bastante facil"
"L0100",15801,2787,5.66953713670614,4.42712486551484,1.94082652996646,2.25652668492797,1.14388231072838,9.5228725369196,84.6074803225723,80.2519700463835,65.5479581002202,15801,2827,0.178912727042592,78.5982652190153,0.851264324775107,103.219829154698,8.86865262033772,0.572691899540149,0.0423938279754011,0.791742001015736,0.695825372563985,-0.977138683513463,"muy facil"
"L0101",52778,3173,16.6334699023007,4.38641100458524,1.90689302360832,7.54673078274683,3.60258430507406,13.3983909404755,75.460279283154,71.4020947269009,63.7934134182577,52778,7706,0.146007806282921,86.2436026402853,0.839426869904124,116.51246318384,9.38302187210855,0.566701271736309,0.0374693008803083,0.801326025526654,0.708266861557714,-0.99367301041361,"bastante facil"
"L0102",24673,3093,7.97704494018752,4.51534065577757,1.91549467028736,3.82577695880612,1.79017135467184,10.123884636064,83.7737339437672,79.52263710091,66.5154367203651,24673,4645,0.188262473148786,82.07614277069,0.871656381794955,85.6834271860912,9.39814577529893,0.595048439181916,0.0375933423911276,0.802412280701722,0.70930577032634,-0.97328221794244,"bastante facil"
"L0104",54080,3740,14.4598930481283,4.43337647928994,1.92731139053254,6.68114974151979,3.27513368983957,12.7916326970541,76.4522256589565,72.3036073216942,64.1335942029706,54080,9244,0.170931952662722,103.746905488451,0.849827565166957,105.759321879048,9.64319652376366,0.588273474686283,0.0342464602959819,0.821570209694325,0.730957559141157,-0.989339216653475,"bastante facil"
"L0105",25040,2506,9.99201915403033,4.52903354632588,1.97623801916933,4.89775758021005,2.33479648842777,11.6264960962699,78.0738593127293,73.7233522517205,65.2278345864179,25040,5422,0.216533546325879,104.645270121689,0.858553337947567,98.8017574436812,9.52743854285268,0.619881962375507,0.0343433617686886,0.821813452842971,0.73262138647205,-0.961893950569207,"bastante facil"
"L0106",154746,13728,11.2722902097902,4.44479340338361,1.92992387525364,5.1411220348319,2.53044871794872,11.5792949098111,79.5468314707955,75.3284523619079,64.1011882710304,154746,13713,0.0886161839401342,78.4202292639934,0.84379958221597,112.237664623821,9.58021099079803,0.497775833151025,0.0390792031753167,0.792499143487184,0.700024378099758,-1.05257619325548,"bastante facil"
"L0108",7609,1308,5.81727828746177,4.76803784991457,1.90248390064397,3.93609741682853,1.52981651376147,9.12804855970899,86.7573421081506,82.4929747024186,60.194200821888,7609,2910,0.382441845183336,66.1852356100144,0.889326748612118,78.1530873830664,9.6617365946732,0.724054982817869,0.0277094458834455,0.773785714285727,0.71932889480694,-0.93398925186908,"muy facil"
"L0109",1323,75,17.64,4.7739984882842,2.01814058956916,9.87553287981859,5.05333333333333,15.1036589569161,67.7587646258504,63.4648412698413,54.781567162271,1323,562,0.424792139077853,81.3841030895334,0.838552309790041,117.109412001972,7.89975730740869,0.709964412811388,0.0381586970798083,0.787127158555732,0.699044117647057,-0.872004220776464,"normal"
"L0110",24673,3093,7.97704494018752,4.51534065577757,1.91549467028736,3.82577695880612,1.79017135467184,10.123884636064,83.7737339437672,79.52263710091,66.5154367203651,24673,4645,0.188262473148786,82.07614277069,0.871656381794955,85.6834271860912,9.39814577529893,0.595048439181916,0.0375933423911276,0.802412280701722,0.70930577032634,-0.97328221794244,"bastante facil"
"L0111",117912,7136,16.5235426008969,4.48329262500848,1.93607096817966,7.94807956423838,3.84963565022422,13.6998190388698,73.8217284563056,69.6942360815104,59.968661766516,117912,10341,0.0877009973539589,88.7447317953022,0.839370469084709,115.083290618685,9.26696147660721,0.508944976307901,0.0410951273794198,0.804693075859377,0.709782112330576,-1.08801632045545,"bastante facil"
"L0112",44551,3079,14.4693082169536,4.31139592826199,1.88197795784606,6.11132893059076,3.03897369275739,12.2603701071954,79.1626281479435,75.1184650092367,65.1839851512776,44551,6380,0.143206662027788,79.2345664239908,0.840954571647542,114.541647538945,9.24658200633508,0.565673981191223,0.039054304751942,0.790558626578489,0.698924232880353,-1.00722980794916,"bastante facil"
"L0113",4161,180,23.1166666666667,4.16462388848834,1.81494832972843,9.74371184811343,3.92777777777778,14.8418902907955,74.3641002162942,70.6470523912521,72.6880490820048,4161,1312,0.315308819995193,45.3417644144114,0.863413295964291,88.9261305974539,8.60105862683661,0.680640243902439,0.0382685312052477,0.734241245136186,0.656651895617927,-0.958975540362213,"bastante facil"
"L0115",8848,823,10.7509113001215,4.47185804701627,1.92359855334539,5.00790705150741,2.48116646415553,11.301318336523,80.4581572731528,76.2438988264608,63.5502235244946,8848,2491,0.281532549728752,97.5283165008733,0.852016543078593,107.592688573587,8.9551565469589,0.698916097952629,0.0353373991277592,0.810635299465848,0.726185849811391,-1.01557765522917,"bastante facil"
"L0116",8848,823,10.7509113001215,4.47185804701627,1.92359855334539,5.00790705150741,2.48116646415553,11.301318336523,80.4581572731528,76.2438988264608,63.5502235244946,8848,2491,0.281532549728752,97.5283165008733,0.852016543078593,107.592688573587,8.9551565469589,0.698916097952629,0.0353373991277592,0.810635299465848,0.726185849811391,-1.01557765522917,"bastante facil"
"L0117",51237,3767,13.6015396867534,4.54271327361087,1.80644846497648,6.76694936208388,2.84178391292806,11.0306923645563,84.5795216209226,80.6917209452118,72.1153461839304,51237,9874,0.192712297753577,98.5812615009114,0.904624639171862,60.6504381521147,10.35810430876,0.594996961717642,0.032240072743894,0.811184652652899,0.732284797997584,-0.947140029614317,"muy facil"
"L0118",29483,1752,16.828196347032,4.69867381202727,2.03296815113794,9.11485182816442,4.45776255707763,14.9620207587702,67.6971506577508,63.3528878370741,63.6306794114881,29483,4974,0.168707390699725,79.3418999969481,0.829956499157809,127.299655000707,9.07015189916425,0.580619219943707,0.0386876481551808,0.794812122035674,0.699601824121933,-1.00115092074922,"normal"
"L0119",22200,1207,18.3927091963546,4.3077027027027,1.85608108108108,8.05563432790703,3.88152444076222,13.4849133433351,76.7145717548535,72.8084394522941,65.5693608259061,22200,5000,0.225225225225225,75.8589353569428,0.82786727392138,131.461610258908,9.2738167913384,0.6264,0.0342697774743981,0.78205859780595,0.694183973575832,-0.929496940471284,"bastante facil"
"L0120",93528,6215,15.0487530168946,4.98510606449406,2.08256351039261,9.57422607221431,4.41013676588898,14.8532630992217,66.5364612992109,62.0425402856458,63.9605517917426,93528,22759,0.243338893165683,236.20386859305,0.920306064948659,51.0580091206229,11.4158049613212,0.639878729293906,0.0248394169161549,0.867777361760484,0.810725149578849,-0.902964532939491,"normal"
"L0121",30145,2058,14.6477162293489,4.53793332227567,1.94353955879914,7.26752406259283,3.64528668610301,13.0563761232759,75.2869559181159,71.1047692574649,59.5120029904149,30145,5954,0.197512025211478,87.17912807448,0.845802717193314,113.433118816636,9.37857810652894,0.62260665099093,0.0351090804786294,0.802945906432708,0.715163083272268,-0.97730965596077,"bastante facil"
"L0122",35,35,1,49,16,209.86,1,173.6,-754.18,-790.965,NA,35,1,0.0285714285714286,2.05882352941176,NA,9714.28571428571,0,0,0.647639852180729,NA,NA,NA,"muy dificil"
"L0123",624,70,8.91428571428571,4.09615384615385,1.88942307692308,2.32002747252747,1.17142857142857,10.1817637362637,84.382043956044,80.2096565934066,86.6960628277715,624,221,0.354166666666667,43.5541257281975,0.734074418516343,230.21449704142,6.58500250679333,0.65158371040724,0.0576973036701316,0.7,0.582438095238096,-0.867804817857199,"muy facil"
"L0125",826,122,6.77049180327869,4.33050847457627,1.88135593220339,2.35194081689358,1.26229508196721,9.25049180327869,87.0527424284523,82.8560336204501,76.3537824505294,826,278,0.336561743341404,52.0255325151643,0.818930360973285,127.485064695226,7.18518826428261,0.557553956834532,0.0555820767379277,0.768674388674391,0.629092159559837,-0.675303952672115,"muy facil"
"L0126",1299,146,8.8972602739726,4.31100846805235,1.89838337182448,3.32348002151286,1.73287671232877,10.2808552943782,83.8617922110791,79.6684556613623,70.137183255085,1299,474,0.364896073903002,64.4292176203403,0.814580913673418,138.283668197423,7.58565391616507,0.683544303797468,0.0451625160428825,0.773983999999999,0.672416666666666,-0.8653395320932,"bastante facil"
"L0127",434,39,11.1282051282051,4.76497695852535,2.09447004608295,6.57714403875694,2.94871794871795,13.4647465437788,69.8210280042538,65.2213110008272,45.7316973748573,434,227,0.523041474654378,87.1655443090271,0.865241316403127,84.9455286797341,7.25339053101331,0.713656387665198,0.0404614184782792,0.820467532467532,0.737313432835821,NA,"bastante facil"
"L0130",2572,395,6.51139240506329,4.35419906687403,1.87791601866252,2.33397380750831,1.09367088607595,9.10885205819242,87.5234186270843,83.3294396322618,84.6720483300261,2572,704,0.273716951788491,51.4605842336935,0.815317437397919,131.914698064332,7.78392857583706,0.623579545454545,0.0483835613632328,0.74513674197384,0.627205822887182,-0.963682549824953,"muy facil"
"L0132",566,45,12.5777777777778,3.91166077738516,1.74028268551237,3.28281115037299,1.26666666666667,9.85066902237927,89.5937055359246,85.8376109148017,91.6548909465923,566,183,0.323321554770318,48.6893380592011,0.766776809846184,190.78774862965,6.60559739170672,0.53551912568306,0.0647090856711653,0.726344294003871,0.617280513918628,-0.690979249391243,"muy facil"
"L0133",918,63,14.5714285714286,4.53267973856209,1.93464052287582,7.20463585434173,3.49206349206349,12.9216153127918,75.8987114845939,71.735466853408,54.3600410368858,918,402,0.437908496732026,61.4403552455262,0.826637190399036,120.063033685999,7.52513002352688,0.761194029850746,0.0408519920100625,0.756800920598387,0.662124542124544,-0.744142142384735,"bastante facil"
"L0134",667,33,20.2121212121212,4.40179910044978,1.92653673163418,9.40853436917905,4.24242424242424,15.0258607060106,70.6314324655854,66.5996404070692,63.9328570365215,667,306,0.458770614692654,77.3619316064107,0.842193885922926,104.925048720018,7.40299050256716,0.705882352941177,0.0424295009407161,0.791585760517799,0.681919014084507,-0.667723159065859,"bastante facil"
"L0137",4569,585,7.81025641025641,4.49069818340994,1.92405340337054,3.626316648989,1.88888888888889,10.1598301597724,83.430334259306,79.1562165597589,69.9226472758622,4569,1264,0.276646968702123,68.0760040976584,0.842673950880039,113.187730018561,8.46273883867977,0.591772151898734,0.0416650711786724,0.782336283185866,0.688666666666667,-0.912045018105271,"bastante facil"
"L0140",1694,164,10.3292682926829,3.98583234946871,1.78099173553719,2.5079045123391,1.53658536585366,9.45411711348519,89.444642209232,85.5499465833501,70.7782040105484,1694,451,0.266233766233766,47.9537863867664,0.792072309350071,148.938750419914,7.32078957984088,0.596452328159645,0.0551259716977748,0.731331306990883,0.609203761755482,-0.889786789527451,"muy facil"
"L0145",474,28,16.9285714285714,4.27215189873418,1.84388185654008,7.15612115732369,3.17857142857143,12.7699487643159,78.9399457504521,75.0325889089813,71.6587792363116,474,234,0.493670886075949,81.4031468531469,0.823238666129986,123.021595542025,7.07946993702776,0.735042735042735,0.0428172468275029,0.803482352941175,0.697413333333333,NA,"bastante facil"
"L0147",445,47,9.46808510638298,4.08988764044944,1.78202247191011,2.56741333970835,1.48936170212766,9.13041836002869,90.2612048768826,86.346914893617,81.6727844782381,445,164,0.368539325842697,38.964689864518,0.77014416703517,166.34263350587,6.53266251146557,0.615853658536585,0.0618089336202157,0.689090909090909,0.538005780346821,-0.582797331866984,"muy facil"
"L0148",395,82,4.81707317073171,4.42784810126582,1.91392405063291,1.83370114232788,0.865853658536585,8.87296233405372,87.091142327879,82.7804584748379,88.2133244122559,395,190,0.481012658227848,73.366610738255,0.834183840398043,108.059605832399,6.94924497870305,0.668421052631579,0.0471415863905446,0.795549132947977,0.690371621621621,NA,"muy facil"
"L0149",5411,510,10.6098039215686,4.30031417482905,1.87007946775088,4.12938172422915,1.9921568627451,10.6147612488721,83.8132319349473,79.7192452375517,70.2036729380695,5411,1353,0.250046202180743,79.285390445259,0.843208136462758,106.581796508143,8.4050103452791,0.625277161862528,0.0431918015940285,0.798422230511044,0.691978539156615,-0.953501045102519,"bastante facil"
"L0150",5894,350,16.84,5.21767899558873,2.20020359687818,11.5652680692229,5.65428571428571,16.9400024431625,57.6509841873091,52.9223159144893,42.1772485444113,5894,2085,0.353749575839837,89.6609419376143,0.837872761327258,135.273556390244,8.96358968460749,0.704556354916067,0.0317462231571229,0.796082121471379,0.720232959447801,-0.979910699592623,"algo dificil"
"L0155",7664,567,13.5167548500882,4.33337682672234,1.8696503131524,5.7385822789063,2.79717813051146,11.7434080867327,80.873891263766,76.8390306405173,67.2543094626058,7664,1888,0.246346555323591,68.4403248760858,0.838725869966219,115.13444632825,8.66959518087678,0.601165254237288,0.0403243242000015,0.786891661195013,0.684712491738254,-0.952802837362238,"bastante facil"
"L0156",1216,80,15.2,4.07401315789474,1.78125,5.35860197368421,2.2625,11.35675,84.461,80.663125,77.1490205098441,1216,461,0.379111842105263,66.4281912062174,0.808891399722913,140.546550380886,7.53747197490664,0.683297180043384,0.0442619345218683,0.775732647814908,0.670080572963293,-0.913420969275899,"muy facil"
"L0158",655,43,15.2325581395349,4.54351145038168,1.92977099236641,7.58621800106515,3.25581395348837,13.1219953843423,75.5165311556897,71.3777090360376,56.1667344758313,655,241,0.36793893129771,71.2410848348348,0.813187001201088,138.873026047433,7.07852808050893,0.473029045643154,0.0547487685233682,0.791815181518151,0.685323741007194,-0.775128136485994,"bastante facil"
"L0159",1586,83,19.1084337349398,4.67528373266078,1.96343001261034,10.1448032483022,5.18072289156626,15.0307633054285,69.543596833741,65.404876479436,58.8409353576223,1586,608,0.383354350567465,61.4945043981978,0.809549617031378,144.955307235918,7.74844820767753,0.728618421052632,0.0406563194946358,0.765712426805465,0.655722932078011,-0.962501273424569,"bastante facil"
"L0160",993,153,6.49019607843137,4.61832829808661,1.96978851963746,3.5674243232036,1.54901960784314,10.1846810023103,82.0326888217523,77.6269791481547,54.3342627078684,993,370,0.372608257804632,67.9613713244861,0.828070946291803,128.979391490687,7.49219078704177,0.608108108108108,0.0477356508667636,0.76811440677966,0.656778523489931,-0.785509344533357,"bastante facil"
"L0161",1381,85,16.2470588235294,4.4373642288197,1.90586531498914,7.59351492950547,3.90588235294118,13.2355636580483,75.9160811006517,71.8525320526473,58.3850808265396,1381,554,0.401158580738595,86.9997135931928,0.816114248957432,136.747762774092,7.74602731500074,0.707581227436823,0.0402283036427616,0.805270270270271,0.703611544461782,-0.956580117774933,"bastante facil"
"L0162",874,55,15.8909090909091,4.29862700228833,1.86384439359268,6.76198772623258,3.18181818181818,12.6008183898481,78.8006091117121,74.8265851882671,59.910142576819,874,371,0.424485125858124,76.1140203101419,0.820006598264397,139.394351962884,7.46965409132736,0.676549865229111,0.0430093006945073,0.774351515151514,0.678929032258065,-0.890022116789097,"bastante facil"
"L0167",2007,336,5.97321428571429,4.55655206776283,1.96013951170902,3.01796738202007,0.982142857142857,9.86919980959499,83.1389507260303,78.7450941348139,49.8872658522678,2007,652,0.3248629795715,62.0592812689815,0.838187994277593,106.235053247863,7.89560544877821,0.659509202453988,0.0447701360177423,0.76030643513789,0.66140461215934,-0.880224812560506,"bastante facil"
"L0168",1603,136,11.7867647058824,4.37117903930131,1.87835308796007,5.05163562805035,2.625,11.171404673223,82.1163147223955,78.026837914205,60.8344302668733,1603,500,0.311915159076731,64.5128921568627,0.80128779237502,145.874333410258,7.49329352080053,0.632,0.0492584965394081,0.777863577863575,0.658723404255318,-0.923796679848161,"bastante facil"
"L0170",564,32,17.625,4.46985815602837,1.94326241134752,8.43553191489362,4.03125,14.2142464539007,72.266755319149,68.1447517730497,66.1942553656051,564,244,0.432624113475177,77.0835850956697,0.822683069197212,126.251194607917,7.1050919421416,0.663934426229508,0.0480728598963382,0.789631067961165,0.690924731182795,-0.61636670470609,"bastante facil"
"L0173",542,68,7.97058823529412,4.35239852398524,1.90959409594096,3.05509116561754,1.83823529411765,10.051739743868,84.1343542435424,79.8966995875841,65.862728502939,542,248,0.457564575645756,43.7048057682154,0.814976735568292,130.581010607154,7.09556235638312,0.673387096774194,0.0454259353654052,0.751521298174444,0.638713318284426,NA,"bastante facil"
"L0174",492,32,15.375,5.48983739837398,2.29674796747967,12.1146341463415,5.78125,17.5078760162602,53.3526219512195,48.3726016260163,37.6448659022825,492,277,0.563008130081301,91.187037037037,0.874285691017937,82.7054002247339,7.50817444742414,0.732851985559567,0.0344275540620778,0.830248306997743,0.746768447837149,NA,"algo dificil"
"L0178",25607,3010,8.50730897009967,4.45366501347288,1.91865505525833,3.80041669850709,1.87009966777409,10.3679801503871,83.0432415349987,78.7954810873065,62.9544547860185,25607,4141,0.161713593939157,77.810344364055,0.870520898570683,83.7269106637565,9.19420048782974,0.576189326249698,0.0407156880050722,0.797191486031728,0.699032460404545,-1.01354861485677,"bastante facil"
"L0181",5894,350,16.84,5.21767899558873,2.20020359687818,11.5652680692229,5.65428571428571,16.9400024431625,57.6509841873091,52.9223159144893,42.1772485444113,5894,2085,0.353749575839837,89.6609419376143,0.837872761327258,135.273556390244,8.96358968460749,0.704556354916067,0.0317462231571229,0.796082121471379,0.720232959447801,-0.979910699592623,"algo dificil"
"L0183",6175,300,20.5833333333333,4.32502024291498,1.86704453441296,9.23251201079622,4.20333333333333,14.4686255060729,73.8223279352227,69.9347921727396,71.3696193639054,6175,2008,0.325182186234818,112.044077234354,0.83584481445616,131.891884803881,8.97106787373903,0.61503984063745,0.0339533494678316,0.811730329742119,0.736899275839363,-0.895296910650748,"bastante facil"
"L0184",30842,4129,7.46960523129087,4.40178976720057,1.90775565786914,3.03723241916012,1.6020828287721,9.83466280305929,84.755663191935,80.5122172834618,65.1011504890731,30842,5729,0.185753193696907,96.2604067875822,0.851754457762709,103.489868081855,9.36015184149636,0.626461860708675,0.0362767554191672,0.814644886824885,0.725268191132916,-0.984569987208465,"muy facil"
"L0185",3885,307,12.6547231270358,4.48314028314028,1.96782496782497,6.01295229710865,3.09120521172638,12.5656766398786,75.8626843409254,71.5847813774687,46.2773211266975,3885,1307,0.336422136422136,68.8878438398498,0.863667657845953,96.490975255454,8.6778117250079,0.685539403213466,0.0367219362753693,0.776944734098019,0.686172741679875,-0.906229874538522,"bastante facil"
"L0186",12154,2028,5.9930966469428,4.23440842520981,1.84877406615106,1.51061200620959,1.23668639053254,8.56284167289022,89.8005974510547,85.6632790318461,55.0279671042261,12154,3971,0.326723712358071,147.582637629999,0.894094462237376,68.1843986215083,9.72673395716336,0.75698816419038,0.0291172519081396,0.847747211895876,0.772525093322292,-0.979019973002434,"muy facil"
"L0187",13006,968,13.4359504132231,4.71351683838228,2.0505151468553,7.48863951539213,3.61260330578512,13.8460993940495,70.1044217671946,65.6519559376918,54.9011216891329,13006,3434,0.264031985237583,100.593992208994,0.860285223608866,94.8567983704702,9.22406541787395,0.673558532323821,0.034168577912422,0.819004399166459,0.729617261950852,-1.01490255148213,"bastante facil"
"L0188",7192,613,11.7324632952692,4.4539766407119,1.94201890989989,5.41446162538764,2.53670473083197,11.9014838219737,78.3517528448321,74.1147586179678,65.7913569295007,7192,1937,0.26932703003337,73.5675676955926,0.851181716046464,105.130484248349,8.78736354215138,0.630356220960248,0.0382997628476427,0.783511129777424,0.694597490483553,-0.989097724684533,"bastante facil"
"L0189",492,18,27.3333333333333,4.39634146341463,1.91260162601626,12.9434349593496,6.77777777777778,17.6386991869919,64.2039024390244,60.3465853658537,56.3910742587715,492,241,0.489837398373984,58.9795081967213,0.790536028908766,177.143234846983,6.9390415268229,0.784232365145228,0.0427710656988757,0.747810383747179,0.658880407124682,NA,"normal"
"L0191",6025,423,14.2434988179669,4.31717842323651,1.86639004149378,6.02565978242744,2.67139479905437,11.9883670286337,80.3282287160472,76.3154015969709,71.0938064790026,6025,1526,0.253278008298755,79.6166955375592,0.838668498090534,114.001893906785,8.52710592269967,0.602228047182176,0.0417412775841861,0.793594377510062,0.696218359770495,-0.933209084538181,"bastante facil"
"L0192",53877,3164,17.0281289506953,4.50975369823858,1.93952892700039,8.32500439405138,3.99336283185841,13.9374116293758,73.0995728502674,68.9742188971804,59.2065710629979,53877,7464,0.138537780500028,85.9624793064259,0.847908427055185,108.760724286841,9.35924290568428,0.563504823151125,0.0383465086105983,0.802708999033833,0.710535906876395,-1.03340782106306,"bastante facil"
"L0193",30289,3444,8.79471544715447,4.2610848823005,1.84710621017531,3.03706751921262,1.49099883855981,9.63579230445892,87.0430176333838,82.9655676589237,74.6028900353637,30289,4334,0.143088249859685,80.8936321765813,0.859200251349751,93.2874926802754,9.12314964325851,0.540839870789109,0.0420475857049018,0.798057539682485,0.703797946339819,-0.996188658471738,"muy facil"
"L0194",203793,7300,27.9168493150685,4.22977236705873,1.79920801990255,12.4506525063809,5.41041095890411,16.5282258677268,70.4123325044772,66.8274910450028,67.5402689479158,203793,17740,0.0870491135613098,77.9438426284579,0.834962129609678,123.451092264813,9.49740109849634,0.552029312288613,0.0376136940008125,0.787272263232302,0.695889422368858,-1.10149455118776,"bastante facil"
"L0195",451306,31409,14.3686841351205,4.47653033640147,1.91690117126739,6.83879995201116,3.33420357222452,12.6332206336522,77.1698719061338,73.0433728949212,61.7587717485813,451306,25816,0.0572028734384209,84.9682323796194,0.848427086050799,110.438936913213,9.78544818390537,0.464595599628138,0.0388634305279487,0.800356781169744,0.709754281294555,-1.12597728608368,"bastante facil"
"L0196",45635,4018,11.3576406172225,4.44213870932398,1.9432453160951,5.17129362952721,2.44673967147835,11.769774570639,78.6604876047269,74.4131761900526,64.0483974926806,45635,6074,0.133099594609401,84.4695209400378,0.848009439881145,105.448349345309,9.22233907547619,0.546427395456042,0.0403436783206165,0.803258017812399,0.706464335910003,-1.01927245011809,"bastante facil"
"L0197",25607,3010,8.50730897009967,4.45366501347288,1.91865505525833,3.80041669850709,1.87009966777409,10.3679801503871,83.0432415349987,78.7954810873065,62.9544547860185,25607,4141,0.161713593939157,77.810344364055,0.870520898570683,83.7269106637565,9.19420048782974,0.576189326249698,0.0407156880050722,0.797191486031728,0.699032460404545,-1.01354861485677,"bastante facil"
"L0198",79771,6795,11.7396615158205,4.53016760476865,1.94830201451655,5.77692017637057,2.73230316409124,11.9784317624653,77.9674243828699,73.7161229797983,62.117268478884,79771,10506,0.131701996966316,95.5872587008691,0.854844456106903,102.765748104995,9.62922421456695,0.562630877593756,0.0366407746877379,0.811742806251553,0.725142835626102,-1.01413131008395,"bastante facil"
"L0199",65928,6093,10.8202855736091,4.39344436354811,1.89402074990899,4.67326573911614,2.26193993106844,10.9793562226336,82.1620637203793,78.0172217070608,67.6006885051967,65928,7867,0.119327144763985,85.4234218724982,0.842658185686057,112.050483683936,9.34050992011649,0.536926401423669,0.0397555642570842,0.802582006405567,0.707642376460242,-1.01902213752808,"bastante facil"
"L0200",95860,7197,13.3194386549951,4.45137700813687,1.9203630294179,6.19570503582221,2.92955398082534,12.2648648225793,78.0323908068309,73.8769446122696,66.4910160523902,95860,9980,0.104110160650949,85.4204175275055,0.843578358976339,113.228816330095,9.45597227438719,0.517434869739479,0.0395905350356673,0.80109862124391,0.709156441557671,-1.03861066058464,"bastante facil"
"L0201",95860,7197,13.3194386549951,4.45137700813687,1.9203630294179,6.19570503582221,2.92955398082534,12.2648648225793,78.0323908068309,73.8769446122696,66.4910160523902,95860,9980,0.104110160650949,85.4204175275055,0.843578358976339,113.228816330095,9.45597227438719,0.517434869739479,0.0395905350356673,0.80109862124391,0.709156441557671,-1.03861066058464,"bastante facil"
"L0203",1949,99,19.6868686868687,3.98358132375577,1.73576192919446,7.17610237832403,3.03030303030303,12.5698695523734,82.6136781877264,79.0101631243165,71.3244050775389,1949,699,0.358645459209851,59.2737586999371,0.814672251717068,144.374205134996,7.90086263103177,0.698140200286123,0.0411475879460101,0.753494736842105,0.665259459459466,-0.965022128071641,"bastante facil"
"L0204",12684,844,15.0284360189573,4.18227688426364,1.79478082623778,5.78274213436041,2.68838862559242,11.4495037969992,83.8241456863967,79.991718506429,67.1081033831259,12684,2389,0.18834752444024,69.9188976930089,0.840955630820021,111.438651743902,8.64312053174146,0.607785684386773,0.0430630455525199,0.77970399683418,0.67717520858162,-1.01294879995114,"bastante facil"
"L0205",69377,4341,15.9818014282423,4.63744468627931,2.01027718119838,8.40326518649674,4.19258235429625,14.3641732951554,69.9219316712901,65.6129301830986,56.5076928353971,69377,9898,0.142669760871759,97.9802364627476,0.844845905932023,112.003587980211,9.62565371786301,0.55112143867448,0.0360820412277272,0.812920032310028,0.724231935102056,-0.967068693741216,"bastante facil"
"L0206",195460,10809,18.0830789157184,4.41567584160442,1.9172771922644,8.40937267181601,4.07669534647053,14.0862716458501,73.3586279701032,69.3055520062094,61.484488747998,195460,14642,0.0749104676148573,85.944061447066,0.843145163577246,112.72329437842,9.45867364756097,0.491872694987024,0.0402016676909626,0.80224746815684,0.707503442345235,-1.09849680691301,"bastante facil"
"L0208",2894,274,10.5620437956204,4.60158949550795,1.9526606772633,5.52450842165265,2.63868613138686,11.570593071999,78.907074692669,74.6221960108758,59.4359471354796,2894,1109,0.383206634416033,62.3655676313437,0.837630241511709,128.633987149735,8.44547195849097,0.734896302975654,0.0347661452441661,0.762769771528983,0.685474060822904,-0.927217937675419,"bastante facil"
"L0209",23676,1560,15.1769230769231,4.36767190403784,1.91789153573239,6.73019620647978,3.19615384615385,12.9601201216422,76.2860463175952,72.1734342469492,64.8615255141318,23676,4704,0.198682209832742,79.3712455862585,0.824449364341469,131.66876844839,9.0667429961848,0.616071428571429,0.0366792091150108,0.793057095695566,0.698563006319693,-0.991993267403515,"bastante facil"
"L0210",64274,3344,19.2206937799043,4.8056757009055,2.05496779413137,10.8150794412171,5.6866028708134,16.1546905449129,63.9368246966151,59.589812645711,49.1766564302488,64274,8989,0.139854373463609,66.5100191569618,0.815291451433069,147.246062367013,9.33963887150989,0.543108243408611,0.0369561975739108,0.769864071623166,0.680356680950519,-0.943567295629826,"normal"
"L0211",114175,7895,14.461684610513,5.15812568425662,2.15534924458069,10.0956142781052,4.94388853704876,15.4831780841522,62.7681270224355,58.0950574521102,45.5656281791736,114175,9985,0.0874534705495949,60.2116163103942,0.824140541588973,142.699258956819,9.31616535056001,0.461592388582874,0.0413707311588092,0.7578532499168,0.660100809986357,-1.0146369054872,"normal"
"L0212",2275,52,43.75,4.72,1.98945054945055,22.6762,11.25,24.9480164835165,42.847967032967,39.1422307692308,62.1029643784152,2275,1024,0.45010989010989,65.6253705303454,0.8613391106038,105.479048424103,8.62031511526617,0.755859375,0.0307632862856958,0.781105121293794,0.703658088235304,-0.908732217920962,"muy dificil"
"L0213",111772,8715,12.8252438324727,4.41714382850803,1.90508356296747,5.78736934850922,2.78164084911073,11.8918311376805,79.4532375128296,75.3230501946539,67.7276950677542,111772,12248,0.109580216870057,89.2675823374296,0.855071292864828,102.568396142561,9.6243754000686,0.539190071848465,0.0376787419648708,0.807717121810299,0.716508108495371,-1.06188760676584,"bastante facil"
"L0214",1702,129,13.1937984496124,4.54524089306698,1.9641598119859,6.57498383115168,3.36434108527132,12.7326671767824,75.5327368622414,71.2740452636661,56.4753300416951,1702,790,0.464159811985899,114.658992053534,0.852334066833851,104.404716370179,8.29592189430574,0.786075949367089,0.0319311507319439,0.830199637023587,0.741940112289465,-0.966754668688434,"bastante facil"
"L0215",48128,3513,13.6999715343012,4.3257147606383,1.84102809175532,5.79410228975696,2.96754910333049,11.4771203810902,82.4043435296937,78.4389783493424,54.5391536151899,48128,12522,0.260181183510638,110.147952674815,0.879064813289683,83.1511010946651,10.2920853784748,0.750838524197413,0.0266694702110451,0.825300443020779,0.745878115305338,-1.03742493151564,"bastante facil"
"L0216",79867,3899,20.4839702487817,4.18425632614221,1.77148258980555,8.51983242052069,3.59451141318287,13.3022429567304,79.6573949579095,75.9876644063324,70.5928352580292,79867,7870,0.0985388207895627,82.4072096823926,0.841374925713367,114.817077564263,9.07369505822319,0.56569250317662,0.0418750892273662,0.79760404921183,0.702301298766466,-1.12111743683664,"bastante facil"
"L0217",3352,188,17.8297872340426,4.40334128878282,1.868138424821,8.22463108718834,3.93617021276596,13.4076504341644,76.5653115320165,72.620188899609,63.0481403141336,3352,1361,0.406026252983294,74.8010663577777,0.863314108176305,93.3507441857816,8.74068591908459,0.765613519470977,0.0314976811067743,0.789663941871038,0.711660006148169,-1.01961147894425,"bastante facil"
"L0218",21046,1448,14.5345303867403,4.19590420982609,1.84053977002756,5.59997402165107,2.70441988950276,11.7968361371539,81.5823928038713,77.6348419405428,68.5553277944921,21046,4192,0.199182742563908,80.5816735998642,0.835656487327778,116.205905439896,9.06225418652589,0.621660305343511,0.0374936316023008,0.794221079201771,0.698825607485496,-0.977725783117025,"bastante facil"
"L0219",9018,726,12.4214876033058,4.15956974939011,1.79707252162342,4.3723173212803,2.10743801652893,10.4598359204456,86.3457313472229,82.4558942995552,76.7765292929624,9018,2410,0.267243291195387,68.5789382373352,0.842512429036919,119.669731284824,8.92735449197683,0.647717842323651,0.0366360010313814,0.773368268480335,0.688757708263233,-0.949103703219936,"muy facil"
"L0221",51345,4660,11.0182403433476,4.21262050832603,1.84216574155224,3.92056276588942,1.87145922746781,10.4446694842221,85.0714503566507,81.0498339579475,74.7439848475073,51345,6297,0.12264095822378,91.9007039807193,0.857867929825904,95.4582932476969,9.26088020830389,0.544068604097189,0.041073188120994,0.81102347161564,0.717212465363126,-1.02930619191613,"muy facil"
"L0222",29483,1752,16.828196347032,4.69867381202727,2.03296815113794,9.11485182816442,4.45776255707763,14.9620207587702,67.6971506577508,63.3528878370741,63.6306794114881,29483,4974,0.168707390699725,79.3418999969481,0.829956499157809,127.299655000707,9.07015189916425,0.580619219943707,0.0386876481551808,0.794812122035674,0.699601824121933,-1.00115092074922,"normal"
"L0223",70190,3303,21.2503784438389,4.60297763214133,1.9545804245619,10.8752138693051,5.26127762640024,15.7616966029276,67.8897885135701,63.8142611059545,56.0585671077917,70190,10749,0.153141473144323,78.2141365182016,0.837765665421612,121.986229102653,9.63296966542945,0.579123639408317,0.0346970052546432,0.786312142683913,0.700942203706612,-0.985701312565675,"normal"
"L0224",12135,596,20.3607382550336,4.29938195302843,1.82290894107952,9.00045812628068,3.8993288590604,13.8610134242014,76.6975105150945,72.9070347157122,74.6465914999531,12135,3509,0.289163576431809,99.5774819449742,0.852423192656464,114.065479194795,9.43306059188614,0.617269877457965,0.0323067393634984,0.805042197583965,0.732174310402126,-0.908024816317367,"bastante facil"
"L0225",1634,91,17.956043956044,4.69400244798042,1.96328029375765,9.65677350800974,5.04395604395604,14.5795646091974,70.7280175393762,66.5665937428545,56.9202174642086,1634,590,0.361077111383109,41.4376926563917,0.799071475447361,171.868000820987,7.65720996765499,0.722033898305085,0.0428475082371193,0.702889589905364,0.617622149837133,-0.933862150667167,"bastante facil"
"L0226",8808,1088,8.09558823529412,4.6019527702089,1.9522025431426,4.29299166533098,1.80147058823529,10.6032694208474,81.4503474114441,77.1171933269221,64.1681128825003,8808,2351,0.266916439600363,81.4545468403093,0.852612831835355,96.3036451875555,8.81626304937655,0.692896639727775,0.0368604663474807,0.800114168284062,0.705647031806166,-1.07284163316682,"bastante facil"
"L0227",8808,1088,8.09558823529412,4.6019527702089,1.9522025431426,4.29299166533098,1.80147058823529,10.6032694208474,81.4503474114441,77.1171933269221,64.1681128825003,8808,2351,0.266916439600363,81.4545468403093,0.852612831835355,96.3036451875555,8.81626304937655,0.692896639727775,0.0368604663474807,0.800114168284062,0.705647031806166,-1.07284163316682,"bastante facil"
"L0228",102285,6403,15.974543182883,4.37047465415261,1.91000635479298,7.14220721250032,3.44604091831954,13.1781468278816,75.9455846658805,71.8670609135143,63.3595377348552,102285,11962,0.116947744048492,76.4513555772425,0.850976233317197,104.209341071356,9.62799771949348,0.537702725296773,0.0371344385588624,0.789112054462228,0.701202219482164,-1.01511564808071,"bastante facil"
"L0229",102285,6403,15.974543182883,4.37047465415261,1.91000635479298,7.14220721250032,3.44604091831954,13.1781468278816,75.9455846658805,71.8670609135143,63.3595377348552,102285,11962,0.116947744048492,76.4513555772425,0.850976233317197,104.209341071356,9.62799771949348,0.537702725296773,0.0371344385588624,0.789112054462228,0.701202219482164,-1.01511564808071,"bastante facil"
"L0230",102285,6403,15.974543182883,4.37047465415261,1.91000635479298,7.14220721250032,3.44604091831954,13.1781468278816,75.9455846658805,71.8670609135143,63.3595377348552,102285,11962,0.116947744048492,76.4513555772425,0.850976233317197,104.209341071356,9.62799771949348,0.537702725296773,0.0371344385588624,0.789112054462228,0.701202219482164,-1.01511564808071,"bastante facil"
"L0232",8259,687,12.0218340611354,4.29943092384066,1.89005932921661,4.83123668185719,2.37845705967977,11.4012153685988,81.1741695046452,77.0624697286697,70.0450638017132,8259,1919,0.232352585058724,71.2889188523019,0.849163460666458,104.354305717571,8.71638514383848,0.609171443460136,0.0413139902809901,0.785483556638254,0.692678921568607,-0.934941160033738,"bastante facil"
"L0237",2465,156,15.8012820512821,4.37119675456389,1.8868154158215,7.05897773963697,3.33333333333333,12.8369219066937,77.5137673584023,73.4851175430385,60.651757414664,2465,917,0.372008113590264,80.3329407537528,0.830822521727231,122.286452526034,8.20270817172094,0.707742639040349,0.0373289145970602,0.798675496688728,0.700900253592574,-1.00653187704916,"bastante facil"
"L0238",808,81,9.97530864197531,4.92326732673267,2.1299504950495,6.74624342989854,2.79012345679012,13.4337862119545,68.8681554822149,64.1637755164406,43.1208173441467,808,382,0.472772277227723,91.3955178679588,0.862216882152252,88.0428389373591,7.69978390119735,0.732984293193717,0.038488871018321,0.80835309617918,0.708589562764456,-0.617912501405196,"normal"
"L0239",2522,215,11.7302325581395,3.69429024583664,1.7426645519429,1.83522333696033,2.22325581395349,9.54823241060067,90.3152896741235,86.5367658558176,46.116233605364,2522,752,0.29817605075337,50.6693235750721,0.814084055792106,130.059284796566,7.81574958650562,0.6875,0.0454142035475378,0.75478366356651,0.646099876186548,-0.977289172477624,"muy facil"
"L0240",2522,215,11.7302325581395,3.69429024583664,1.7426645519429,1.83522333696033,2.22325581395349,9.54823241060067,90.3152896741235,86.5367658558176,46.116233605364,2522,752,0.29817605075337,50.6693235750721,0.814084055792106,130.059284796566,7.81574958650562,0.6875,0.0454142035475378,0.75478366356651,0.646099876186548,-0.977289172477624,"muy facil"
"L0241",1589,83,19.144578313253,4.4040276903713,1.91567023285085,8.88525957827534,4.49397590361446,14.4812942898087,72.372316149431,68.3441661801391,60.7116700944922,1589,537,0.337948395217118,70.9279370959902,0.813006693201666,137.936988919653,7.65449014368985,0.655493482309125,0.0459784017038946,0.786597402597396,0.685107382550334,-0.875727765555324,"bastante facil"
"L0245",7843,600,13.0716666666667,4.4213948744103,1.93051128394747,5.93060319180585,2.89,12.2879831505801,77.6762229631519,73.492480343406,63.3343373180442,7843,2201,0.280632411067194,77.6073076923077,0.846035054041239,110.48004126761,8.90909413812899,0.649250340754203,0.0363857370356959,0.787911213754176,0.692334710743784,-0.927894871563988,"bastante facil"
"L0246",6706,628,10.6783439490446,4.42379958246347,1.89531762600656,4.74526800792522,2.32802547770701,10.9393021270048,82.2290316115808,78.0783679507467,67.2247784328363,6706,2025,0.301968386519535,86.9080679146181,0.85035932556447,106.177756426466,8.89591226026892,0.671604938271605,0.0355173335418697,0.804380351509712,0.712117451188119,-0.962120575889325,"bastante facil"
"L0247",997,56,17.8035714285714,4.44834503510532,1.94583751253761,8.42349082963175,4.25,14.3142755050867,71.9301063906004,67.8057515403353,54.7085781593537,997,462,0.463390170511535,94.5714270202774,0.825073963855055,140.863915719073,7.67663497590917,0.770562770562771,0.0371493292739808,0.802383966244729,0.712594654788419,-0.885145680334805,"bastante facil"
"L0250",1157,77,15.025974025974,4.20829732065687,1.83405358686258,5.90406739328088,2.58441558441558,11.9119621951083,81.470291281752,77.5474875124875,72.7933223947149,1157,429,0.370786516853933,87.7034288121576,0.824815913163815,134.658151614053,7.55167720010993,0.675990675990676,0.0459159792607324,0.813519855595668,0.714026465028358,-0.786122905004716,"bastante facil"
"L0252",1950,148,13.1756756756757,4.04666666666667,1.78512820512821,4.21763783783784,1.93918918918919,10.6130263340263,86.2931185031185,82.4458371448372,86.4032971436872,1950,590,0.302564102564103,66.521461480173,0.818007379903641,129.43063773833,7.6949881180856,0.642372881355932,0.0479644197774702,0.781893740136768,0.673133441383045,-0.901215196658834,"muy facil"
"L0253",803,61,13.1639344262295,4.16189290161893,1.79327521793275,4.75448277973991,1.98360655737705,10.704581997836,85.8162738092808,81.95001949656,80.62815805081,803,244,0.303860523038605,31.7988,0.754336452238272,204.246528817061,6.72167679228572,0.618852459016393,0.0613136050510546,0.668010610079577,0.565127840909091,-0.773068363550689,"muy facil"
"L0254",501,80,6.2625,4.12574850299401,1.82634730538922,1.1335254491018,1,8.40327320359281,90.8714116766467,86.7910628742515,69.9000874791427,501,210,0.419161676646707,50.3712996389892,0.800304995225593,148.684666594954,6.86768441230453,0.666666666666667,0.0518057374646328,0.72566371681416,0.629626865671643,-0.625249295382829,"muy facil"
"L0255",838,77,10.8831168831169,4.07040572792363,1.78878281622912,3.18316942007873,1.93506493506494,9.76205281591917,88.4122518054738,84.5107136658091,72.9337667894724,838,294,0.350835322195704,67.6889777101045,0.801971462124611,137.473584679969,7.11366818132439,0.642857142857143,0.0532332075940316,0.775538656527247,0.654952638700948,-0.714398622356296,"muy facil"
"L0256",1714,80,21.425,4.19194865810968,1.83780630105018,9.02657817969661,3.95,14.4518643523921,74.7181219369895,70.9146674445741,66.1489592774083,1714,615,0.358809801633606,74.5273574081458,0.820641765876876,130.628539217835,7.79995546550757,0.702439024390244,0.0425607714634681,0.782234234234232,0.673139318885447,-0.894197435836288,"bastante facil"
"L0258",351,27,13,4.63817663817664,1.96011396011396,6.91581196581197,2.92592592592593,12.6093447293447,75.9731623931624,71.7199002849003,59.0486543683943,351,187,0.532763532763533,81.8528225806452,0.817344463584512,127.596366912606,6.84900119116241,0.79144385026738,0.0422106632715325,0.797086092715232,0.708095238095237,NA,"bastante facil"
"L0260",444,32,13.875,4.25225225225225,1.86711711711712,5.53560810810811,2.3125,11.853231981982,80.660472972973,76.6386036036036,73.9885046108655,444,234,0.527027027027027,95.2399426916377,0.838232193105414,111.800990179369,7.16165754161708,0.739316239316239,0.0396891904886884,0.829822784810125,0.732028985507246,NA,"bastante facil"
"L0261",2062,177,11.6497175141243,4.27594568380213,1.87778855480116,4.5345629277702,2.35028248587571,11.1112947771622,82.2899748475234,78.1990555217632,71.1967807054736,2062,686,0.332686711930165,75.7103462788152,0.831869854649624,124.501275211414,7.95039989009314,0.653061224489796,0.0435125986027148,0.784659711872821,0.687030056036685,-0.869190608190412,"bastante facil"
"L0262",108239,4173,25.9379343398035,4.13958924232486,1.82334463548259,11.0364325012518,4.51785286364726,16.0412610912179,70.9826288444451,67.3026948696312,70.1838672280512,108239,8432,0.0779016805402858,72.049701097278,0.835899773483087,118.843845749973,9.08833016256122,0.492884250474383,0.0437345551627728,0.783407523800771,0.678029961161478,-1.10389284290328,"bastante facil"
"L0263",1427,66,21.6212121212121,4.18360196215837,1.82690960056062,9.085371302372,4.04545454545455,14.399806013888,75.1717876027267,71.3973197638615,66.3783504969889,1427,520,0.364400840925018,66.7658957422891,0.79687480438473,159.325924248979,7.57508272692299,0.665384615384615,0.0440606451554434,0.764716981132079,0.670263554216866,-0.978807654099082,"bastante facil"
"L0264",120,10,12,4.575,1.925,6.11825,3.1,11.805,79.1,74.9075,67.0063772007445,120,85,0.708333333333333,101.744421906694,0.828468683298183,137.5,6.06786610987434,0.847058823529412,0.0346431888824252,0.832957746478874,0.735714285714286,NA,"bastante facil"
"L0266",534,37,14.4324324324324,4.17415730337079,1.82584269662921,5.44649711509262,2.78378378378378,11.5835924688734,82.5683571211661,78.6525675675676,79.5275195981552,534,255,0.47752808988764,79.3105008766526,0.822360527249885,126.597371263449,7.15183422083774,0.733333333333333,0.043148314145934,0.796536082474227,0.700252873563219,-0.715958165066291,"bastante facil"
"L0267",111,8,13.875,4.07207207207207,1.72072072072072,4.68695945945946,2,10.1257545045045,89.4442567567568,85.7590990990991,79.3785400120242,111,75,0.675675675675676,63.3587950273214,0.805438517854835,146.09203798393,5.89101108279303,0.8,0.0406998875616723,0.767096774193548,0.701666666666667,NA,"muy facil"
"L0268",1169,69,16.9420289855072,4.3327630453379,1.86655260906758,7.44832843629511,3.40579710144928,13.0427120913453,77.5659738907279,73.6067434695826,65.629592337335,1169,496,0.424294268605646,76.0850739641863,0.824851164758015,135.156791390944,7.72000071463091,0.73991935483871,0.039561535725706,0.779696428571429,0.683747663551405,-0.895281797471411,"bastante facil"
"L0269",1464,111,13.1891891891892,4.57991803278689,1.90300546448087,6.73600852902082,3.2972972972973,12.0092482646581,79.2066991581746,75.0885703736524,66.7121059176299,1464,465,0.317622950819672,60.7752394988946,0.803552586615932,143.48928006211,7.45508649824908,0.632258064516129,0.0497061676140979,0.766954063604235,0.645538461538458,-0.901146764816858,"bastante facil"
"L0270",144,11,13.0909090909091,3.97916666666667,1.84722222222222,3.85732954545455,2.09090909090909,11.3126767676768,82.6539393939394,78.6621464646465,63.3192900062159,144,86,0.597222222222222,55.737966108703,0.765746731432009,202.546296296296,5.9150617003145,0.790697674418605,0.0480546665699302,0.727157894736842,0.646666666666667,NA,"bastante facil"
"L0271",124,21,5.90476190476191,4.44354838709677,1.81451612903226,2.45149385560676,1.19047619047619,8.12414746543779,91.9461751152074,87.8858832565284,82.9064081251289,124,86,0.693548387096774,90.3504273504274,0.841952106673351,100.156087408949,6.15156899236002,0.802325581395349,0.0362638539300818,0.804266666666667,0.7204,NA,"muy facil"
"L0272",852,56,15.2142857142857,4.26173708920188,1.85915492957746,6.2499245472837,2.89285714285714,12.2815995975855,79.7721327967807,75.7953621730383,65.486755261983,852,386,0.453051643192488,79.380979020979,0.824946095038433,129.218188631004,7.52658463996139,0.738341968911917,0.0400411344780349,0.78557907845579,0.699322709163348,-0.885425110234886,"bastante facil"
"L0274",21079,1226,17.1933115823817,3.94406755538688,1.73836519759002,5.74321397706306,2.56688417618271,11.6281008486911,85.0009103305695,81.3415366077601,74.1599025303465,21079,3248,0.154087006024954,67.563673720978,0.820574054537375,130.301646090023,8.63522782433452,0.557573891625616,0.0434450115207858,0.772066571564421,0.670262631077185,-1.03393538279279,"muy facil"
"L0275",20193,1669,12.0988615937687,4.11746644876938,1.81003317981479,4.01269777058812,2.11503894547633,10.4869475433843,85.8971703854687,81.97107130377,69.8106130122669,20193,3744,0.185410785915911,81.3955583320833,0.844202461634902,108.060862456917,9.03001756705025,0.58974358974359,0.0394860915147351,0.797780976965824,0.703696625858422,-0.973746595169377,"muy facil"
"L0277",1763,136,12.9632352941176,4.79466817923993,2.04537719795803,7.6345047712789,3.44852941176471,13.6011127006106,70.8948681225184,66.4447652730973,64.9847365239637,1763,707,0.401020986954056,80.3022774327122,0.854978794247824,100.50933523885,8.18091471854758,0.71004243281471,0.0376567751499998,0.792415402567094,0.702992788461536,-0.874953912311164,"bastante facil"
"L0278",4390,259,16.9498069498069,4.24487471526196,1.87289293849658,7.0382633837873,3.11583011583012,13.1205613846844,77.1776206014019,73.2039629818559,67.4161132105714,4390,1216,0.276993166287016,77.8054471216404,0.819978390286316,134.120308632687,8.24788810272402,0.634868421052632,0.0420221546964745,0.794752361207124,0.694907946865526,-0.992375877244102,"bastante facil"
"L0280",1353,59,22.9322033898305,4.41832963784183,1.88470066518847,10.8464342891503,4.84745762711864,15.5930271712578,70.3671126310647,66.4859451689278,59.570161574233,1353,572,0.422764227642276,69.872349921218,0.81640604375777,143.515081593065,7.7777783514505,0.748251748251748,0.0381336849042565,0.780383435582823,0.691435406698571,-0.93418927412886,"bastante facil"
"L0286",1754,76,23.0789473684211,4.20980615735462,1.83067274800456,9.93766068535078,4.81578947368421,15.012727900138,73.4591088039369,69.7051404308948,65.5028535627,1754,640,0.364880273660205,71.3451291877464,0.803274296770095,160.337212613229,7.7498009925597,0.703125,0.0416059419349294,0.781794721407619,0.680900302114803,-0.995191747918094,"bastante facil"
"L0287",1754,76,23.0789473684211,4.20980615735462,1.83067274800456,9.93766068535078,4.81578947368421,15.012727900138,73.4591088039369,69.7051404308948,65.5028535627,1754,640,0.364880273660205,71.3451291877464,0.803274296770095,160.337212613229,7.7498009925597,0.703125,0.0416059419349294,0.781794721407619,0.680900302114803,-0.995191747918094,"bastante facil"
"L0288",13006,968,13.4359504132231,4.71351683838228,2.0505151468553,7.48863951539213,3.61260330578512,13.8460993940495,70.1044217671946,65.6519559376918,54.9011216891329,13006,3434,0.264031985237583,100.593992208994,0.860285223608866,94.8567983704702,9.22406541787395,0.673558532323821,0.034168577912422,0.819004399166459,0.729617261950852,-1.01490255148213,"bastante facil"
"L0289",3535,391,9.04092071611253,4.08826025459689,1.77114568599717,2.34616615720761,1.70332480818414,8.83547817405051,91.349519709735,87.4517030462637,50.1902053186283,3535,1099,0.310891089108911,43.8408083792131,0.855904691623384,99.8461535383686,8.42774017684328,0.667879890809827,0.0402977529277658,0.756844520940881,0.668882421420271,-0.900308531190694,"muy facil"
"L0290",13340,462,28.8744588744589,4.77001499250375,2.04512743628186,15.4740000519221,8.44805194805195,19.8035427091649,54.6804057711404,50.5491018451813,51.1164426502808,13340,3996,0.299550224887556,67.975535314035,0.814591541522555,160.910024747746,9.19459586863475,0.694694694694695,0.030765299399463,0.765927319238585,0.694078241824611,-0.994441320156438,"algo dificil"
"L0291",87165,10312,8.4527734678045,4.4685022658177,1.95336430906901,3.84303240590362,1.87209076803724,10.756280499458,81.016312518699,76.6876300771964,69.6178333865629,87165,9550,0.109562324327425,87.6667045410857,0.852471822156506,101.685477810138,9.45644242318326,0.536858638743456,0.0393468895759054,0.806225033288872,0.71274297659252,-1.04022787817554,"bastante facil"
"L0292",25463,2005,12.6997506234414,4.40702195342261,1.96559714094961,5.67694871234121,2.72319201995012,12.5569490063476,75.950425907113,71.6785474953977,60.9314478155733,25463,4883,0.191768448336802,74.8362987365811,0.845641096651119,105.889656006066,9.13935329980188,0.631988531640385,0.0369473212272636,0.78997953883682,0.694378646901084,-1.03175934475007,"bastante facil"
"L0293",29077,2040,14.253431372549,4.67035801492589,2.01341266292946,7.69410193657544,3.59607843137255,13.7271076578618,71.4967402242322,67.1459597269454,65.0640588610782,29077,6029,0.207346012312137,86.7153544506571,0.861550836495504,98.2104516446932,9.67397712197518,0.592469729640073,0.0342967866773873,0.80349042303977,0.71351853129956,-0.884082746592888,"bastante facil"
"L0294",22191,1820,12.1928571428571,4.66499932405029,2.00991392907034,6.63857538770544,2.96593406593407,12.8821986487443,73.8084499700651,69.4245050760605,56.6798567140142,22191,4078,0.18376819431301,92.1647826586937,0.853528575406412,99.7472423474462,9.11330122790119,0.602501226091221,0.0389496416725868,0.814352813657252,0.720162049610686,-0.992947850465328,"bastante facil"
"L0295",244794,7823,31.2915761216924,4.22775068016373,1.81488516875414,14.1284937644174,6.07426818356129,18.0293596787589,66.0294822306255,62.4760778649249,67.5037080863914,244794,17518,0.0715622114921117,74.7415911466988,0.828539310571303,130.021060696259,9.41080953587466,0.498801233017468,0.039440386894195,0.781773355941671,0.690175238562579,-1.11355782020145,"normal"
"L0296",167573,10354,16.1843731891057,4.46798111867664,1.92190269315463,7.70637766351979,3.58663318524242,13.4003573229758,75.0177777578347,70.9160890273612,62.8986938483049,167573,13537,0.0807827036575105,92.0271343648979,0.851845524085662,104.817305029506,9.5344757131642,0.502622442195464,0.0400362483009203,0.808582889616075,0.717711644792617,-1.0947628415537,"bastante facil"
"L0297",13789,703,19.6145092460882,5.02436724925665,2.14576836608891,12.0420243670429,6.33428165007112,17.3797253258236,58.0870986036554,53.5391215465726,46.0731295314864,13789,3384,0.245413010370585,59.093963607279,0.801380108887637,180.245750893906,8.84964097807901,0.640366430260047,0.0356041068244289,0.75419359534205,0.66513221329435,-0.962491465316284,"algo dificil"
"L0299",191482,7051,27.1567153595235,4.21567040243992,1.81405040682675,12.0041652752537,5.21032477662743,16.4069137907698,70.297125923681,66.6629442951699,68.4860635616052,191482,14580,0.0761429272725374,76.3544628217733,0.828859315276313,130.311626533206,9.34283853692536,0.507887517146776,0.0400837035261862,0.784593042996862,0.692557437180836,-1.11435308256304,"bastante facil"
"L0300",200858,8298,24.2055917088455,4.23979627398461,1.81508329267443,10.6422363048902,4.73583996143649,15.268163620008,73.245298896512,69.5497191575377,66.9129835580389,200858,16000,0.079658266038694,75.0609739140074,0.830230509170309,127.797707170693,9.41388451805664,0.50825,0.0390734143427923,0.782803957989943,0.691035420578894,-1.099144413403,"bastante facil"
"L0301",33477,2269,14.7540766857647,4.13244914418855,1.81094482779222,5.41087381201039,2.51432349052446,11.5332388753964,83.1341521129871,79.2590605427803,71.506132694878,33477,5279,0.157690354571796,70.5651368881158,0.834685512831518,118.085406231966,9.03510278367917,0.609774578518659,0.0391824302154827,0.778042359698401,0.684375337048308,-1.04154566654759,"bastante facil"
"L0302",65928,6093,10.8202855736091,4.39344436354811,1.89402074990899,4.67326573911614,2.26193993106844,10.9793562226336,82.1620637203793,78.0172217070608,67.6006885051967,65928,7867,0.119327144763985,85.4234218724982,0.842658185686057,112.050483683936,9.34050992011649,0.536926401423669,0.0397555642570842,0.802582006405567,0.707642376460242,-1.01902213752808,"bastante facil"
"L0303",32593,2399,13.5860775323051,4.5694474273617,1.99680913079496,6.88513614902619,3.22551062942893,13.2709179809795,73.1736530693514,68.8477136191691,60.0389288553924,32593,5150,0.158009388519007,86.5411817225753,0.855093034865275,100.669653258435,9.2904356309724,0.543689320388349,0.0393414006438675,0.804036381514171,0.71157198251982,-0.974249117450526,"bastante facil"
"L0304",45491,943,48.2407211028632,4.30777516431822,1.85671891143303,22.9799815753704,10.2237539766702,25.1331643850264,46.2313297890977,42.920690714859,60.9211606677419,45491,6895,0.151568442109428,70.5136162950606,0.839272481271769,121.585474534583,9.32602073553411,0.579840464104423,0.0377664557242508,0.776539324853608,0.69454419280923,-0.985200108891377,"algo dificil"
"L0305",9172,541,16.9537892791128,4.45682511993022,1.95835150457915,8.03854095442772,3.86691312384473,14.130525572888,72.0460446605558,67.875911985606,59.4468876353745,9172,2644,0.288268643698212,81.1198314448555,0.829649421233017,127.868116790726,8.89798542853017,0.67624810892587,0.034405351335222,0.793245642880634,0.703855395128377,-1.01649781422415,"bastante facil"
"L0306",288,17,16.9411764705882,5.77083333333333,2.42361111111111,14.2212132352941,6.35294117647059,19.6156699346405,44.1433333333333,38.9028513071896,33.3274846471989,288,165,0.572916666666667,86.8235294117647,0.864550451738411,92.5925925925926,6.94997358980494,0.648484848484848,0.0399940626358499,0.839414225941422,0.742804232804233,NA,"muy dificil"
"L0307",95365,4313,22.1110595872942,4.62530278404027,1.9778744822524,11.4107059064768,5.909111987016,16.3722321296231,65.614250285816,61.5023601683814,55.3630772425871,95365,12637,0.132511927856132,73.4036892141149,0.820383695554356,140.985807360154,9.55167410745256,0.550288834375247,0.0354010598642394,0.780116035083285,0.690082715764353,-0.971066380451309,"normal"
"L0308",11049,1332,8.29504504504505,4.05548013394877,1.76124536157118,1.81883395342125,1.07882882882883,8.42776283410753,92.7043323597831,88.8143689290703,85.4628139210353,11049,2059,0.186351706036745,65.4298118023449,0.843384942989913,105.953944237126,8.54935373273975,0.588149587178242,0.0446321303115949,0.770861818181822,0.672842009132399,-1.00233827570843,"muy facil"
"L0309",114253,5521,20.6942582865423,4.54804687841895,1.95738405118465,10.3384299406244,5.24596993298316,15.5778925357304,68.2888134766478,64.1957153246539,61.8774559049999,114253,14015,0.122666363246479,96.0656934635803,0.837465717708744,121.549708091964,9.72983310285792,0.517088833392793,0.0356216725598893,0.808692164898012,0.722400353907924,-0.971092727876071,"normal"
"L0310",11431,501,22.8163672654691,4.58210130347301,1.96430758463826,11.5598807720924,5.60878243512974,16.4872127322645,65.7088503109257,61.6422702115671,56.1497481999964,11431,3275,0.286501618406089,86.7288653632963,0.846644315857871,111.928909534158,9.21062453557795,0.67236641221374,0.0329652266272034,0.800797750834641,0.714999999999982,-0.973139401267582,"normal"
"L0311",31926,2151,14.8423988842399,4.46316481864311,1.9526718035457,7.012705737929,3.2975360297536,13.2400628466928,74.5404449253333,70.3411477548631,60.0072817240774,31926,5951,0.186399799536428,76.887926442775,0.845757814051396,111.021513608046,9.29494997242892,0.62090404973954,0.0359611146060751,0.789765661762334,0.69788795676621,-1.04664463433807,"bastante facil"
"L0312",2935,136,21.5808823529412,4.35536626916525,1.91413969335605,9.8742163042389,4.27941176470588,15.4133924992484,69.9791183986371,66.0032147509771,65.8837616878024,2935,985,0.335604770017036,81.4703476772869,0.813758665616854,143.091224108959,8.1111382024212,0.70253807106599,0.0394344485340687,0.791753291753288,0.701424541607918,-1.00823878375883,"bastante facil"
"L0313",21948,978,22.441717791411,4.57426644796792,1.99699289229087,11.3356538656344,5.4079754601227,16.7267860676826,64.1298743153086,59.9806250188678,59.3806379824784,21948,3728,0.169856023327866,80.8064365590357,0.829798895847065,123.335201326966,8.85476544860789,0.588251072961373,0.0408494741658841,0.795311201424695,0.696969655361761,-1.00872319057903,"normal"
"L0316",129064,5984,21.5681818181818,4.60807816277196,2.00915824707122,11.0581390557468,5.54428475935829,16.5296582245313,64.2909597211813,60.0962593892812,56.3194493922799,129064,18682,0.144749891526684,95.0056909983488,0.83957258891217,118.904613904327,9.98943394587032,0.579702387324698,0.0321351907017563,0.808553889082803,0.722828286744493,-0.962692185946136,"normal"
"L0317",15008,1066,14.078799249531,4.33748667377399,1.855210554371,6.03896185824096,2.89024390243902,11.7922162488949,81.1669915032183,77.1765832131556,49.5857645897005,15008,4178,0.278384861407249,67.2166028860719,0.846702797266331,112.598085569715,9.27272245680184,0.718764959310675,0.0318406615869999,0.769365599304765,0.693549533838604,-1.06483457936262,"bastante facil"
"L0318",13371,590,22.6627118644068,4.26452770922145,1.87510283449256,9.98728144263642,4.41016949152542,15.3746710741308,71.2178638287516,67.3533815467068,63.9009855621808,13371,3132,0.234238276867848,72.4037620161713,0.830386722558581,123.480760748127,8.90119136817298,0.643039591315453,0.0370240045672151,0.781354151028373,0.687498493068089,-1.00747156020623,"bastante facil"
"L0319",11423,1038,11.004816955684,4.42108027663486,1.89906329335551,4.89569658079219,2.48554913294798,11.1108254743118,81.6712891038717,77.5185398682677,64.3103245334631,11423,3288,0.287840322157052,108.651063934452,0.858748465652883,99.2643372630413,9.27244474303753,0.684306569343066,0.0328472103099782,0.818786706523639,0.737877958318599,-1.00276570549734,"bastante facil"
"L0320",129492,8334,15.5377969762419,4.29904550088036,1.86535075525901,6.58740279726746,3.19306455483561,12.4808797327907,79.0704017686925,75.0858509711217,64.2171616723565,129492,10432,0.0805609612949063,88.9726035588261,0.838450778636381,114.621709804381,9.20094933674805,0.50191717791411,0.0418547615838414,0.805059833285853,0.711351464144104,-1.09338378690571,"bastante facil"
"L0321",4040,269,15.0185873605948,4.41460396039604,1.88415841584158,6.87207833376274,3.41635687732342,12.5003183775627,78.4715359416983,74.4333433324745,56.6108913979744,4040,1516,0.375247524752475,76.0289111690296,0.839891890769476,125.150720517596,8.7030783032378,0.736807387862797,0.0327297096731485,0.784439989977458,0.702603400152252,-0.996611229062258,"bastante facil"
"L0323",94595,3585,26.3863319386332,4.63118558063323,1.98696548443364,13.5760500540991,6.75509065550907,18.1468621723839,60.7080123565759,56.6607183811512,58.9394774781049,94595,15871,0.167778423806755,86.4305180476419,0.820854066865411,154.005978863475,9.87941085055973,0.578413458509231,0.0313120731248111,0.793128212721845,0.713269133085051,-0.921854126136028,"normal"
"L0324",81810,5366,15.2459932910921,4.54361325021391,1.9692947072485,7.59341505405355,3.70909429742825,13.5936149290582,73.1314044081759,68.9019464473262,57.9430044411501,81810,11624,0.142085319643075,83.6694614622817,0.841767954507509,114.788884258593,9.61781342664036,0.569167240192705,0.0351119695013293,0.79782047675528,0.705019642398262,-0.998616275888243,"bastante facil"
"L0325",79017,4306,18.3504412447747,4.41702418466912,1.91990331194553,8.54940453217893,3.93172317696238,14.2215311664194,72.9283512135979,68.8745824210187,61.7299432913097,79017,9901,0.125302150170217,84.2063790520263,0.83788132316839,124.417410491714,9.54153127252375,0.540753459246541,0.0376043863230312,0.793862830513538,0.710028257178365,-0.976324483127903,"bastante facil"
"L0326",71288,6973,10.2234332425068,4.28419930423073,1.86443721243407,3.86029534418013,2.00501936039008,10.3974980712997,84.5458653465988,80.4571284228506,65.5289139857426,71288,11769,0.165090898889014,72.6525089455226,0.850086770593482,107.243317220639,9.78220185758056,0.606933469283711,0.0332152071127639,0.784240093207282,0.696188175139434,-0.994839686444354,"muy facil"
"L0327",28208,1996,14.1322645290581,4.32898468519569,1.85940158820193,6.02565013180075,2.874749498998,11.8625219071154,80.860994888245,76.8620165259617,66.8531647903747,28208,5591,0.198206182643222,60.2550386383342,0.836687734061352,123.510593173988,9.25516481368438,0.640672509390091,0.035488711455137,0.760311090592687,0.678740261126299,-1.0045437400213,"bastante facil"
"L0328",3288,197,16.6903553299492,4.41575425790754,1.90754257907543,7.71338021971914,3.39086294416244,13.4282410117702,75.3632828189262,71.3047419936517,64.693746008262,3288,1235,0.375608272506083,62.6488233670217,0.863776446623256,92.9835544426093,8.65539587730037,0.74251012145749,0.0343820362412867,0.764186477307811,0.687914706804655,-0.963399805293439,"bastante facil"
"L0329",23176,1856,12.4870689655172,4.34691059716949,1.91193476009665,5.2874833954269,2.609375,11.8407870656922,79.3871040493733,75.2343954804614,63.3550936258832,23176,4357,0.187996202968588,87.2169699911025,0.849486102742545,103.425637665236,9.15201463445334,0.608905210006885,0.0380952895957212,0.806462576209584,0.714565584781336,-0.990931749805826,"bastante facil"
"L0330",4670,363,12.8650137741047,4.4254817987152,1.93683083511777,5.84652615900095,2.68044077134986,12.2819592262905,77.5078358433468,73.3054251980581,66.8844309519975,4670,1455,0.311563169164882,95.5209599306854,0.848095964795744,102.509525927488,8.57860980819137,0.681099656357388,0.0376157279797294,0.815247781865451,0.719011157295989,-1.02274907786751,"bastante facil"
"L0331",13886,1274,10.8995290423862,4.5763358778626,1.92099956791013,5.57430650592592,2.74568288854003,11.3286112278701,80.4625063021586,76.257197876813,58.3971943779669,13886,4081,0.293893129770992,78.0023361738208,0.849835468583949,115.949509979712,9.43922803709794,0.704239157069346,0.0309895841746031,0.781306641613078,0.702846159425511,-0.950734244487585,"bastante facil"
"L0332",18977,1119,16.9588918677391,4.45871317911156,1.89102597881646,8.04998500748496,3.90169794459339,13.3380743784525,76.0803715659184,72.0651896519954,64.59998736662,18977,5068,0.267060125414976,68.466818312639,0.827010269339386,140.630072826432,9.42495549270625,0.664759273875296,0.031327307746953,0.767945900253579,0.687483843627472,-0.941740491929836,"bastante facil"
"L0333",26522,1258,21.0826709062003,4.67027373501244,2.00769172762235,11.1083247450088,5.41017488076312,16.3230040393619,64.8741720183346,60.6731344629272,54.9418272229725,26522,5697,0.214802805218309,69.2362097192508,0.832982360226916,135.952173676954,9.44475076179176,0.598736176935229,0.0341348154606966,0.767020738110495,0.690753131741264,-0.907210054651314,"normal"
"L0334",84783,6632,12.7839264173703,4.34956300201691,1.91219937959261,5.44840494818483,2.66571170084439,11.9596839819672,79.0684322787259,74.9210522340103,62.9469428011838,84783,11240,0.132573747095526,69.3677466961591,0.844874134677141,109.131977819524,9.50355125489985,0.57864768683274,0.0361303627905765,0.781798097575885,0.691063010722257,-1.04857617437885,"bastante facil"
"L0335",123950,6894,17.9794023788802,4.56237999193223,1.97244050020169,9.0485109514409,4.30127647229475,14.6967648301433,70.1545795614406,65.9725544585543,59.5446541628253,123950,10459,0.0843807987091569,95.8351583174214,0.848770993108582,106.426453040555,9.33208256871289,0.510851897886987,0.0413919947576304,0.815045399149499,0.721699057738759,-1.11037660172286,"bastante facil"
"L0337",5749,351,16.3789173789174,4.77839624282484,2.05287876152374,9.26570499316368,4.80626780626781,15.021747163758,66.9607785820797,62.5617357781534,52.0642261098924,5749,2021,0.351539398156201,76.9122972972973,0.822678588719599,148.54678682803,8.79293803810121,0.720435428005938,0.0321217512101546,0.781536842105289,0.700012389380516,-1.04857734693486,"normal"
"L0338",51969,1985,26.1808564231738,4.28572803017183,1.88108295329908,11.8462072336962,5.2352644836272,16.817312853967,67.2705492504178,63.4626755862934,63.8839079260605,51969,7539,0.14506725163078,76.8121146716306,0.827971893958017,126.899060881022,9.25090191001433,0.579387186629526,0.0377021937521974,0.790130585516091,0.694858106805451,-0.993955017261688,"normal"
"L0339",114568,11217,10.2137826513328,4.37041756860554,1.91831052300817,4.26155807379851,2.13934207007221,11.0294394055162,81.3233103151504,77.1104717652582,66.5531356716025,114568,11919,0.104034285315271,92.2422193181427,0.857773825326394,97.7010588921824,9.65667120004372,0.514892188942025,0.0384003608269549,0.809544442407049,0.719036595060699,-1.02661667847602,"bastante facil"
"L0341",18973,1036,18.3137065637066,4.53296790175513,1.96437042112476,9.07713209911992,4.36776061776062,14.7319165291177,70.2977940375339,66.1410162002211,59.4358164477259,18973,3601,0.189796025931587,83.0888980683485,0.828762298244504,123.283876407891,8.8743590927288,0.61066370452652,0.03943258833415,0.799694567744637,0.702218925505953,-0.985397168040483,"bastante facil"
"L0342",18973,1036,18.3137065637066,4.53296790175513,1.96437042112476,9.07713209911992,4.36776061776062,14.7319165291177,70.2977940375339,66.1410162002211,59.4358164477259,18973,3601,0.189796025931587,83.0888980683485,0.828762298244504,123.283876407891,8.8743590927288,0.61066370452652,0.03943258833415,0.799694567744637,0.702218925505953,-0.985397168040483,"bastante facil"
"L0343",3264,182,17.9340659340659,4.32751225490196,1.91053921568627,7.9196156876212,3.7032967032967,13.9486484593838,73.9148998060763,69.8743409286792,65.6156109592018,3264,1097,0.33609068627451,79.9586922318186,0.814843235090735,140.732380574779,8.20583721608175,0.699179580674567,0.0383546607776772,0.791838258164868,0.70078041074252,-1.04530615867868,"bastante facil"
"L0344",3264,182,17.9340659340659,4.32751225490196,1.91053921568627,7.9196156876212,3.7032967032967,13.9486484593838,73.9148998060763,69.8743409286792,65.6156109592018,3264,1097,0.33609068627451,79.9586922318186,0.814843235090735,140.732380574779,8.20583721608175,0.699179580674567,0.0383546607776772,0.791838258164868,0.70078041074252,-1.04530615867868,"bastante facil"
"L0345",83485,4185,19.9486260454002,4.66940168892615,2.01252919686171,10.5371949775423,5.30848267622461,15.9378086806743,65.7406496219891,61.5058049901151,54.6342601706537,83485,13553,0.162340540216805,92.9750571780162,0.841881733366554,120.215002550542,9.88113773566453,0.60274477975356,0.0325970408722674,0.80770698499438,0.723567985033473,-0.973328860836476,"normal"
"L0346",83485,4185,19.9486260454002,4.66940168892615,2.01252919686171,10.5371949775423,5.30848267622461,15.9378086806743,65.7406496219891,61.5058049901151,54.6342601706537,83485,13553,0.162340540216805,92.9750571780162,0.841881733366554,120.215002550542,9.88113773566453,0.60274477975356,0.0325970408722674,0.80770698499438,0.723567985033473,-0.973328860836476,"normal"
"L0347",67214,5906,11.3806298679309,4.72007319903592,2.02695866932484,6.49185970142462,2.99221131053166,12.7665579465262,73.6142373752199,69.1748450331314,55.4852901381906,67214,10274,0.152855059957747,81.4141446526666,0.849776728206804,111.849029846724,9.77622173323011,0.556550515865291,0.0350028885467926,0.794980719124421,0.708178648588259,-0.937269784212663,"bastante facil"
"L0348",67214,5906,11.3806298679309,4.72007319903592,2.02695866932484,6.49185970142462,2.99221131053166,12.7665579465262,73.6142373752199,69.1748450331314,55.4852901381906,67214,10274,0.152855059957747,81.4141446526666,0.849776728206804,111.849029846724,9.77622173323011,0.556550515865291,0.0350028885467926,0.794980719124421,0.708178648588259,-0.937269784212663,"bastante facil"
"L0349",82470,4490,18.3674832962138,4.97521522978053,2.10785740269189,11.1870053803732,5.76236080178174,16.4460358372877,61.6337228763486,57.1480005160816,44.2164224214112,82470,9294,0.112695525645689,55.2350347429555,0.823100672508148,138.993809257873,9.40796798392091,0.440822035721971,0.0392260921844458,0.746501013091318,0.641823457284706,-0.910565875442734,"normal"
"L0350",82470,4490,18.3674832962138,4.97521522978053,2.10785740269189,11.1870053803732,5.76236080178174,16.4460358372877,61.6337228763486,57.1480005160816,44.2164224214112,82470,9294,0.112695525645689,55.2350347429555,0.823100672508148,138.993809257873,9.40796798392091,0.440822035721971,0.0392260921844458,0.746501013091318,0.641823457284706,-0.910565875442734,"normal"
"L0353",19515,706,27.6416430594901,5.1419933384576,2.19036638483218,16.6096101538803,9.39943342776204,21.0365641342209,47.2235409893893,42.7335311654651,45.5522820822936,19515,2760,0.141429669485012,53.4920647840199,0.804670044834798,164.725046114104,8.43138360378636,0.531159420289855,0.0461480614402027,0.742712421658285,0.641640399670362,-1.01032423063365,"algo dificil"
"L0354",19515,706,27.6416430594901,5.1419933384576,2.19036638483218,16.6096101538803,9.39943342776204,21.0365641342209,47.2235409893893,42.7335311654651,45.5522820822936,19515,2760,0.141429669485012,53.4920647840199,0.804670044834798,164.725046114104,8.43138360378636,0.531159420289855,0.0461480614402027,0.742712421658285,0.641640399670362,-1.01032423063365,"algo dificil"
"L0355",7112,383,18.5691906005222,5.04471316085489,2.12584364454443,11.6151942878876,5.96605744125326,16.736939339828,60.3488069148015,55.8257503443597,43.3718900549497,7112,1726,0.242688413948256,54.5175142060258,0.804466522717723,170.774359405862,8.38695995048945,0.599073001158749,0.0414447749074136,0.742486195667563,0.651591330386429,-0.981140947930755,"normal"
"L0356",7112,383,18.5691906005222,5.04471316085489,2.12584364454443,11.6151942878876,5.96605744125326,16.736939339828,60.3488069148015,55.8257503443597,43.3718900549497,7112,1726,0.242688413948256,54.5175142060258,0.804466522717723,170.774359405862,8.38695995048945,0.599073001158749,0.0414447749074136,0.742486195667563,0.651591330386429,-0.981140947930755,"normal"
"L0357",68584,2787,24.6085396483674,5.10751778840546,2.14567537618103,14.9306786075734,8.13132400430571,19.3262999017995,52.9987669878032,48.5508844155542,44.427102044067,68584,7072,0.103114429021346,63.4036943058559,0.808903123512159,159.996702862533,8.9983219522534,0.497596153846154,0.0421855745901491,0.76421799080757,0.667334452799873,-0.993995750144921,"algo dificil"
"L0358",68584,2787,24.6085396483674,5.10751778840546,2.14567537618103,14.9306786075734,8.13132400430571,19.3262999017995,52.9987669878032,48.5508844155542,44.427102044067,68584,7072,0.103114429021346,63.4036943058559,0.808903123512159,159.996702862533,8.9983219522534,0.497596153846154,0.0421855745901491,0.76421799080757,0.667334452799873,-0.993995750144921,"algo dificil"
"L0359",13283,1848,7.18777056277056,4.33463825942935,1.86358503350147,2.5800314832975,1.35768398268398,9.20353391479784,87.6933720158859,83.545881850088,75.2566417839335,13283,2799,0.210720469773395,81.6574655295669,0.865191562787186,90.6704447473357,9.07783168989099,0.569489103251161,0.0397782805575833,0.799395496448527,0.707553853155318,-0.940615309524838,"muy facil"
"L0360",3160,259,12.2007722007722,4.30506329113924,1.89272151898734,4.94723420165192,2.66023166023166,11.5024150823518,80.8319212159718,76.7176771663164,67.7155542965185,3160,939,0.297151898734177,63.8944871773135,0.804608217419488,151.910751482134,7.97624014804412,0.660276890308839,0.0430298562994834,0.768190292510448,0.660957203528278,-0.985966988300381,"bastante facil"
"L0361",813,99,8.21212121212121,4.32349323493235,1.91266912669127,3.03971374259197,1.77777777777778,10.1822229676842,83.7034887621603,79.4635921950129,66.0972552139832,813,372,0.457564575645756,88.79116364149,0.829003064600009,121.246230912494,7.49873580717995,0.741935483870968,0.0400947646379383,0.806047120418845,0.715896358543418,-0.786516184653963,"bastante facil"
"L0362",22487,2442,9.20843570843571,4.30880064036999,1.88864677369147,3.46866887036051,1.74856674856675,10.2873218558492,84.1285891559076,79.963870290586,72.1547055999076,22487,3271,0.145461822386268,68.5189639866968,0.860070310527298,93.3986813713088,8.9529371563912,0.532558850504433,0.0442070522222234,0.782661556288414,0.683173128461644,-1.00519989209412,"bastante facil"
"L0366",631,31,20.3548387096774,3.75435816164818,1.64025356576862,6.43044629620162,2.25806451612903,11.7033791728439,87.6628505700118,84.2923641429375,82.4021348585893,631,277,0.438985736925515,50.3479293234882,0.787329280316252,159.834840680026,7.03034108607029,0.75812274368231,0.0456048586945111,0.740103092783507,0.630357142857143,-0.805823202800032,"muy facil"
"L0368",25749,1754,14.6801596351197,4.29247737776224,1.85669346382384,6.12764826682003,3.07297605473204,12.044245130818,80.4646293427476,76.4828375686552,63.6125326801048,25749,5271,0.204706978911802,75.9237910502203,0.841442926310872,115.761035464327,9.35422722062086,0.624928856004553,0.0354085933835598,0.787243579766508,0.695244444444408,-0.927552613918615,"bastante facil"
"L0369",118,13,9.07692307692308,4.30508474576271,1.84745762711864,3.38541069100391,1.61538461538462,9.75,86.7340808344198,82.6614667535854,66.2306094488885,118,72,0.610169491525424,54.8798882681564,0.771437793155842,163.746049985636,5.78863102520398,0.75,0.0499801426064397,0.727826086956521,0.615789473684211,NA,"muy facil"
"L0371",1492,77,19.3766233766234,4.70911528150134,2.00469168900804,10.438244664183,5.09090909090909,15.622245047178,66.7943428153616,62.5660843981756,56.2180921272087,1492,617,0.413538873994638,70.1642912443153,0.822763186894594,135.135377958585,7.86277481247846,0.764991896272285,0.0380711752315383,0.782286902286899,0.684931801866478,-0.903184891029129,"normal"
"L0372",661,36,18.3611111111111,4.66414523449319,1.95158850226929,9.71867961001849,4.75,14.5995776601109,71.0163565305093,66.8899251975122,52.2237860228683,661,277,0.419062027231467,61.3754873882022,0.800785865220167,143.275328949627,7.09400916099683,0.711191335740072,0.0474910376340279,0.763169934640524,0.650249110320284,-0.731475230056154,"bastante facil"
"L0373",8724,570,15.3052631578947,4.28152223750573,1.85385144429161,6.38860131759936,3.00526315789474,12.2544996742199,79.9975449214508,76.034791862738,67.46064115403,8724,2210,0.253324163227877,77.3301913672696,0.835247516730101,125.07828331085,8.79504962025498,0.629864253393665,0.0384000368015258,0.786107204610957,0.69400579710144,-0.94562257407478,"bastante facil"
"L0375",3782,295,12.8203389830508,4.24748810153358,1.84584875727128,4.98583844974859,2.33559322033898,11.190947539191,83.0123288010111,79.0182834389481,69.8181277935733,3782,1195,0.315970386039133,88.5635161546677,0.842984850335302,109.100386729872,8.41906613185517,0.666108786610879,0.0390898476602093,0.807302437717676,0.713450991039922,-0.993298607849742,"bastante facil"
"L0378",3639,269,13.5278810408922,4.51057982962352,1.9510854630393,6.57877151797289,3.23420074349442,12.7086820698117,75.9764335559322,71.7544946117597,62.0019927235467,3639,1140,0.313272877164056,81.3746820557605,0.830011745924863,128.426127111705,8.30141272474122,0.668421052631579,0.0397518630470321,0.796378830083581,0.702567796610182,-0.980176535760052,"bastante facil"
"L0379",1847,123,15.0162601626016,4.32539252842447,1.89225771521386,6.45072889018008,3.02439024390244,12.5949825029382,77.9879517213147,73.9310841795749,68.1455325385744,1847,630,0.341093665403357,73.0940425531915,0.811893387008554,140.809853054852,7.76558048687242,0.653968253968254,0.0437802099593692,0.78479421579532,0.682397025171633,-0.98857758822405,"bastante facil"
"L0380",2519,195,12.9179487179487,4.39896784438269,1.93489479952362,5.74811290601684,2.83076923076923,12.2797586343787,77.5700043362751,73.3731052717297,63.9336264843939,2519,952,0.377927749106788,105.284047910353,0.85108091808607,105.314733078228,8.36784387430167,0.718487394957983,0.0365299379594274,0.827263157894726,0.738355371900831,-0.93028933925899,"bastante facil"
"L0381",527,38,13.8684210526316,4.41745730550285,1.94307400379507,6.31043443523419,2.84210526315789,12.7469574553081,76.1097702986118,71.9130685109358,65.1341964406115,527,250,0.47438330170778,67.0348063052772,0.796424904544046,159.724047542749,7.01213949937035,0.74,0.043717541159017,0.77163179916318,0.668481308411216,NA,"bastante facil"
"L0383",21002,1660,12.6518072289157,4.27287877345015,1.84577659270546,5.02116263740803,2.44397590361446,11.1243686132015,83.1885610641786,79.1913110455344,73.0005969479804,21002,3642,0.173412055994667,62.7268717150644,0.821689834359344,130.110726028505,8.816101888408,0.576331685886875,0.0407302896949,0.767384145468432,0.663868822657024,-0.96768190738756,"bastante facil"
"L0384",904,65,13.9076923076923,4.33185840707965,1.9070796460177,5.92689925119129,2.75384615384615,12.3375398230088,78.2293750850919,74.1162457454051,65.5239302393764,904,385,0.425884955752212,71.4649151221928,0.816242151417763,132.84125616728,7.45049813444858,0.732467532467532,0.0424202534020345,0.773497076023392,0.667639751552798,-0.845323522456395,"bastante facil"
"L0385",5494,278,19.7625899280576,4.2852202402621,1.84200946487077,8.63468229566329,3.97122302158273,13.8531217574175,76.1615903811352,72.3152204104936,64.0799173290603,5494,1514,0.275573352748453,89.3288057465496,0.830761335017445,121.91013819358,8.46758866070824,0.649273447820343,0.0400208835837548,0.80485583103769,0.709469879518067,-0.977772594907784,"bastante facil"
"L0387",4093,263,15.5627376425856,4.24529684827755,1.84632299047154,6.34671697668002,2.86311787072243,12.2660789681725,80.1866281762705,76.2463400510377,72.1902813241912,4093,1266,0.309308575616907,80.3546935201401,0.845230186324577,107.9077105955,8.48210544729781,0.65955766192733,0.0390598659593767,0.793907022749787,0.701134201301951,-0.974603874376631,"bastante facil"
"L0388",1660,93,17.8494623655914,4.51506024096386,1.90240963855422,8.76066491773545,4.09677419354839,13.8197240575204,74.4889700738438,70.4654171524809,64.5751971181806,1660,637,0.383734939759036,69.5394626890616,0.819413240470391,134.112353026564,7.8601666568243,0.712715855572998,0.0401161925539895,0.777380509000621,0.680550928891738,-0.967541172148659,"bastante facil"
"L0389",583,57,10.2280701754386,4.58319039451115,1.93653516295026,5.27086184586681,2.21052631578947,11.2500622912341,80.2152586440372,75.9607891727604,59.6732896432419,583,244,0.41852487135506,63.717806723026,0.803127822768571,151.402369597133,7.03303601732755,0.618852459016393,0.0494551651831995,0.783670411985019,0.671012396694215,-0.826502869471323,"bastante facil"
"L0390",2130,136,15.6617647058824,4.55305164319249,1.99718309859155,7.8457555923778,3.45588235294118,14.0848487986744,71.034014084507,66.7487282518642,57.972902568038,2130,786,0.369014084507042,73.133982187498,0.809842986426613,143.961735987128,7.9380390585396,0.720101781170484,0.0390822104795796,0.785852955309939,0.685593303791248,-1.06865033710558,"bastante facil"
"L0391",3608,240,15.0333333333333,4.3700110864745,1.88414634146341,6.66941888396157,3.15833333333333,12.5059268292683,78.4572195121951,74.419349593496,61.1526140268823,3608,937,0.25970066518847,76.6882765607677,0.822523105135678,133.384914528444,8.10673188729031,0.544290288153682,0.0462715521829523,0.782202865973595,0.686748361356523,-0.952435521142497,"bastante facil"
"L0392",1628,74,22,4.29115479115479,1.87407862407862,9.78133906633906,4.36486486486486,15.1041277641278,71.9552825552826,68.0799017199017,61.7138211036246,1628,627,0.385135135135135,83.8915885989169,0.82150081169647,131.995967376803,7.85748018137137,0.720893141945773,0.0401743042451499,0.797593413552876,0.701347285807719,-0.973390636830961,"bastante facil"
"L0394",2678,279,9.59856630824373,4.33644510828977,1.90216579536968,3.79393961416667,2.04301075268817,10.5989972455773,82.9195146434107,78.7315046402253,64.7257201080687,2678,899,0.335698282300224,68.3428810398226,0.818989401034653,144.76376817495,8.10373376018794,0.690767519466073,0.0403451495861959,0.771084062381121,0.680573865839487,-0.916193583033666,"bastante facil"
"L0395",351,29,12.1034482758621,4.37891737891738,1.87749287749288,5.24642499263189,2.62068965517241,11.2847607820022,81.8449101090481,77.7637454563317,50.9851378758295,351,198,0.564102564102564,83.6511391802707,0.847040445214694,103.732924245745,7.04408054300498,0.757575757575758,0.0383790285835573,0.813112582781457,0.713214285714286,NA,"bastante facil"
"L0396",212,13,16.3076923076923,4.27830188679245,1.83490566037736,6.8746480406386,3.07692307692308,12.4218867924528,80.1118142235124,76.2126850507983,74.9227526174491,212,126,0.594339622641509,75.6575716222965,0.809101779318583,141.064435742257,6.44793527971631,0.785714285714286,0.0417538908877439,0.796564417177915,0.69424778761062,NA,"bastante facil"
"L0397",433,45,9.62222222222222,4.15704387990762,1.82217090069284,2.96078778547601,1.68888888888889,9.66428329484219,87.6950792917629,83.6915306646138,72.4252516391858,433,224,0.517321016166282,92.9654040504418,0.853082949870649,96.6456698792996,7.18563471515921,0.723214285714286,0.0411792634470296,0.818489583333331,0.725898203592815,NA,"muy facil"
"L0398",1929,104,18.5480769230769,4.57439087610161,1.99740798341109,9.38941948797703,4.35576923076923,15.2131642042509,68.0764825337959,63.848405710412,57.7427395565218,1929,677,0.350959046137895,78.8752497953484,0.806060093485807,153.322685775298,7.7987890838835,0.68685376661743,0.0421316015708102,0.787265957446805,0.693207650273229,-0.988580873523587,"normal"
"L0401",12741,1150,11.0791304347826,4.41064280668707,1.92151322502158,4.88369283688742,2.31478260869565,11.4047169248199,80.2484934552267,76.0455956463727,52.7387052955699,12741,2573,0.201946472019465,91.8416772536636,0.851765967520508,101.263401758512,8.82272973235709,0.622230858919549,0.0412256729368358,0.812245508982018,0.717359595000758,-0.996148320089327,"bastante facil"
"L0403",738601,50401,14.6544909823218,4.50947805378005,1.91808297037237,7.13688712446493,2.77994484236424,12.7586305334994,76.8074409756898,72.6839399634798,14.8816303626428,738601,25611,0.0346750139791308,45.5165591681855,0.816558512896355,148.610090659412,9.24253616766818,0.403498496739682,0.0423942565553827,0.721555909401153,0.619407246019501,-1.21321734714097,"bastante facil"
"L0404",738601,50401,14.6544909823218,4.50947805378005,1.91808297037237,7.13688712446493,2.77994484236424,12.7586305334994,76.8074409756898,72.6839399634798,14.8816303626428,738601,25611,0.0346750139791308,45.5165591681855,0.816558512896355,148.610090659412,9.24253616766818,0.403498496739682,0.0423942565553827,0.721555909401153,0.619407246019501,-1.21321734714097,"bastante facil"
"L0405",738601,50401,14.6544909823218,4.50947805378005,1.91808297037237,7.13688712446493,2.77994484236424,12.7586305334994,76.8074409756898,72.6839399634798,14.8816303626428,738601,25611,0.0346750139791308,45.5165591681855,0.816558512896355,148.610090659412,9.24253616766818,0.403498496739682,0.0423942565553827,0.721555909401153,0.619407246019501,-1.21321734714097,"bastante facil"
"L0406",58509,5128,11.4097113884555,4.66675212360492,2.01880052641474,6.25525819640692,2.85842433697348,12.6816336531916,74.074062798891,69.6540158159062,57.635453474862,58509,8551,0.146148455793126,112.673509133904,0.86606719757848,92.7212789781028,9.66645636796286,0.580049117062332,0.0367504455900392,0.827941498460336,0.742141927752117,-1.0124799401325,"bastante facil"
"L0407",103991,7231,14.3812750656894,4.72482234039484,2.03654162379437,8.0145507561044,3.8061125708754,14.0498884363924,69.9786020053348,65.5771817719216,56.1445898090513,103991,11827,0.113730995951573,87.6746357719037,0.84607057183832,112.193089531801,9.58560712135539,0.526507144668978,0.0375094126079534,0.802470031363676,0.712773264543991,-1.02446016306784,"bastante facil"
"L0408",6747,272,24.8051470588235,4.36416184971098,1.86853416333185,11.5277758415505,5.51470588235294,16.132710480257,69.4267002000889,65.6201745656022,53.9302956816041,6747,2379,0.352601156069364,70.4346081496569,0.819085582262787,157.54664957779,8.87849435270768,0.757040773434216,0.0308766556626229,0.778796655718138,0.694189229843548,-1.02898844812498,"bastante facil"
"L0409",11809,2621,4.5055322396032,4.3272080616479,1.85976797357947,1.20391609016319,0.851583365127814,8.11241966168304,90.6582787008363,86.4659230063956,75.9110047934189,11809,2356,0.199508849182827,72.0295833983628,0.864065752942026,84.4287596432221,8.77854533178085,0.598471986417657,0.042214389774617,0.787255102040812,0.691249359521759,-1.03199807156844,"muy facil"
"L0410",33903,1526,22.2169069462647,4.64135917175471,2.01070701707813,11.5392551720971,5.64613368283093,16.8009365105652,63.5363338901219,59.3510458897675,57.9033523816747,33903,6292,0.185588296021001,84.8152051125204,0.829617726250287,129.085095787324,9.23882032806956,0.620311506675143,0.0356403725560756,0.796384474508105,0.706362856466647,-1.01122863115718,"normal"
"L0411",67719,3196,21.1886733416771,4.21438591827995,1.83108138041022,9.01409434593712,3.86795994993742,14.2803428920947,75.3626703668759,71.5699566587659,68.5003339909577,67719,9229,0.136283760835216,68.9658659422432,0.837930574390795,119.028620053001,9.44792354371902,0.563007909849388,0.0370913881252056,0.777333530367873,0.681198018337765,-0.986088153386409,"bastante facil"
"L0412",44913,1036,43.3523166023166,4.34491127290539,1.8777191459043,20.7106903965427,8.95656370656371,23.4744893965743,49.9574883113788,46.5007806078453,64.6335852532626,44913,6967,0.155122124997217,84.1054047047642,0.839885294327651,116.01616218448,9.26259496463193,0.615042342471652,0.0373916603747283,0.798332293152549,0.706462935689696,-1.04474627066603,"algo dificil"
"L0413",23332,772,30.2227979274611,4.49369963997943,1.88337905023144,14.8467242680337,6.97668393782383,18.4207639844409,63.0100031001031,59.27768724312,58.6418613219269,23332,5679,0.243399622835591,79.8781048828077,0.858687675906769,105.371772756489,9.61330851751346,0.664553618594823,0.0321652056074388,0.792307692307654,0.710639607454906,-0.982339136905246,"normal"
"L0414",206279,16085,12.8243083618278,4.38141061378037,1.93310031559199,5.61859817181941,2.76238731737644,12.2220639850983,77.7731865354163,73.5785419767913,66.1681803683208,206279,18011,0.0873137837588897,86.7102902151203,0.858787361091154,96.3653608569178,9.79043077274046,0.500582977069569,0.0374925110449356,0.804865247539033,0.711775729944837,-1.07705105342187,"bastante facil"
"L0415",210795,17131,12.3048858793999,4.56255603785669,1.9851941459712,6.21208187800495,2.92831708598447,12.6341964154262,75.1773676447398,70.8525188265941,57.6700204072998,210795,16568,0.0785976896985223,96.3106103616216,0.859232801921484,96.3195903040457,9.70584201614231,0.499577498792854,0.0389715689888238,0.814795535858106,0.723303147663123,-1.08672470144812,"bastante facil"
"L0416",94907,4636,20.4717428817947,4.66042546914348,2.01569957958844,10.7564754005631,5.46613459879206,16.1792347630435,65.0168474852631,60.7851733098456,58.8307046850408,94907,13684,0.14418325307933,101.616269766715,0.832190473920326,127.712502530113,9.78574584074291,0.538731365097925,0.0339510062734939,0.812450399544563,0.729554257024736,-0.928880009250247,"normal"
"L0417",44995,2289,19.6570554827436,4.33534837204134,1.88169796644072,8.81801857368648,4.33508082131935,14.2802876422704,73.8879254211586,69.9481612079999,64.9167683794668,44995,7350,0.163351483498166,73.2399546930836,0.811143632800681,149.977267170763,9.13036767467935,0.587619047619048,0.0363421016537212,0.78004182797124,0.686520402708426,-0.98724049858082,"bastante facil"
"L0418",30507,2187,13.9492455418381,4.54833316943652,1.97974235421379,6.96727199896509,3.28943758573388,13.2111655410396,73.8272282944979,69.5478057906429,60.377133143799,30507,6098,0.199888550168814,85.5895388791125,0.856643806018814,100.465892116353,9.488718055405,0.618891439816333,0.0347696511001101,0.804371265348948,0.713181399631631,-0.978759821705634,"bastante facil"
"L0419",27445,2155,12.7354988399072,4.63428675532884,1.98119876115868,6.76524003755243,3.20278422273782,12.7549899292362,74.9778655137738,70.670818339907,58.3880255063188,27445,4825,0.175806157770086,80.3128896819666,0.838971881938489,116.616452235696,9.14537969791119,0.58279792746114,0.0383232288271552,0.795246751350527,0.69926424339938,-0.977578505379427,"bastante facil"
"L0420",220720,20538,10.7469081702211,4.62640449438202,1.97357738310982,5.73381925364985,2.66705618852858,11.8895073070821,77.4635106797852,73.134220862037,61.8246494305152,220720,17753,0.0804322218194998,90.7098710502156,0.855747445753787,105.074202524251,9.81412692579738,0.482397341294429,0.0383297818586705,0.80838198041405,0.717526346086888,-1.06865046565772,"bastante facil"
"L0421",15465,1045,14.799043062201,4.62521823472357,1.99418040737148,7.75429941664849,3.86698564593301,13.7129556012419,72.094151634266,67.7985175585556,57.89582682016,15465,4613,0.298286453281604,81.8966509199037,0.833616181252228,129.776936521869,9.3776338838152,0.708432690223282,0.029934297946647,0.789920861442645,0.7080203045685,-1.00628923417058,"bastante facil"
"L0422",59463,3418,17.3970157987127,4.52641138186772,1.95445907539142,8.58790550795329,4.09303686366296,14.2574532511167,71.8274993618279,67.6751838044019,62.2226045097274,59463,9249,0.15554210181121,87.5361070964457,0.832632730285922,126.385725111393,9.4968055108996,0.574548599848632,0.0354554774074376,0.798957484767766,0.714354996294048,-0.980442413565826,"bastante facil"
"L0423",12944,1004,12.8924302788845,4.48508961681088,1.94174907292954,6.14098723462146,2.90737051792829,12.3506868693335,77.1847767397653,72.971602477605,65.5876628694375,12944,3212,0.24814585908529,109.848379418986,0.861609734884538,93.9532622031808,9.20851924467445,0.644769613947696,0.0357968610597186,0.82506552927489,0.73994316854805,-0.945323560254269,"bastante facil"
"L0424",15262,1649,9.25530624620983,3.80998558511335,1.73260385270607,1.14268522898881,1.70042449969679,8.46429489795343,93.4433564665019,89.6384737302022,46.3940793826118,15262,3853,0.25245708295112,54.6727659697053,0.830397502523857,121.306677936957,8.98486733427145,0.719958473916429,0.0341556270320913,0.758640636297892,0.668082833212406,-1.05337604331652,"muy facil"
"L0425",545,31,17.5806451612903,4.44036697247706,1.91192660550459,8.27445102101213,3.96774193548387,13.8271855578574,74.1921456052086,70.1413273157739,66.1145839077233,545,272,0.499082568807339,65.3797870567154,0.800893946574407,159.717195522262,7.11425511794815,0.779411764705882,0.0403088951634405,0.770201612903226,0.680605381165918,NA,"bastante facil"
"L0426",49060,2956,16.596752368065,4.51895637994293,1.96011006930289,8.15266073356366,3.87584573748309,14.0120322413195,72.3047084264001,68.1233903143647,59.7298222816968,49060,8575,0.174785976355483,89.4623245203184,0.839565608221095,118.802172236331,9.51732591602389,0.614810495626822,0.0344269418231508,0.803777519332303,0.716284798104598,-0.974897842910537,"bastante facil"
"L0427",489,25,19.56,4.39059304703476,1.92024539877301,9.02969325153374,4.36,14.6972957055215,71.6740760736196,67.6437116564417,67.3801846807877,489,227,0.464212678936605,60.8588726545917,0.797700867774419,160.086316132837,6.93418670457618,0.722466960352423,0.0460820509052251,0.755181818181819,0.654256410256409,NA,"bastante facil"
"L0428",29794,2288,13.0218531468531,4.37708934684836,1.93129489158891,5.69701739708234,2.7972027972028,12.2778024480219,77.6800162948752,73.4934751071577,65.2935152706896,29794,4562,0.153118077465261,80.1555107149604,0.833538847716931,118.929648395116,8.9819050513547,0.560499780797896,0.040712384304011,0.793736090099133,0.696656676208074,-1.00037759362279,"bastante facil"
"L0429",26248,2065,12.7108958837772,4.39500152392563,1.90505943309966,5.62590511957835,2.85181598062954,11.8469507052492,79.5713202125673,75.4389014341137,63.5282086134329,26248,5947,0.226569643401402,85.9452215473821,0.8350832971909,125.118486262979,9.39590633502797,0.654952076677316,0.033018470698054,0.799146532310342,0.712643313319769,-0.970005052468644,"bastante facil"
"L0430",39724,3293,12.0631642878834,4.14270969690867,1.81293424629947,4.11374481638153,2.05435772851503,10.5072581786082,85.759517648391,81.8260321676599,74.0716639313849,39724,5853,0.147341657436311,81.2252546986162,0.846280313239716,107.337547819254,9.19856845150767,0.578677601230138,0.0393202739831201,0.796391682419601,0.700763154574084,-1.02592189385839,"muy facil"
"L0431",334,20,16.7,4.51197604790419,2.0059880239521,8.17140718562874,3.75,14.5936586826347,69.4467185628743,65.1619461077844,59.296809193669,334,183,0.547904191616767,77.4710346388388,0.81940607913293,125.138943669547,6.84071277316793,0.792349726775956,0.0410242148735273,0.799368421052631,0.717106382978724,NA,"bastante facil"
"L0432",9420,450,20.9333333333333,4.57749469214437,1.9119957537155,10.5966666666667,5.09555555555556,15.1355498938429,70.7682547770701,66.7843312101911,48.7537774268084,9420,2022,0.214649681528662,62.0250464954104,0.827486223016269,123.652976681497,8.45559585334687,0.666666666666667,0.042314084844807,0.767979938106923,0.666969209312303,-1.0266066914616,"bastante facil"
"L0433",44441,1097,40.5113947128532,4.61976553182872,1.96937512657231,20.5847930113399,10.4357338195077,23.448070431566,47.3558697985511,43.6315349016919,58.2525735212046,44441,7760,0.174613532548773,71.3304568936486,0.839481083419505,119.942735403581,9.52619336196294,0.580670103092784,0.0350859089140298,0.78010091908446,0.693183437824134,-0.927145433456373,"algo dificil"
"L0434",8617,580,14.8568965517241,4.46094928629453,1.9223627712661,7.00951941430932,3.28275862068966,12.8880703561124,76.3441992412753,72.2149027983977,57.7844305934818,8617,1854,0.215156086805153,52.8887409100631,0.830980237441813,122.197325405953,8.51693128683734,0.581445523193096,0.0430842109477947,0.741865079365077,0.633074665414411,-0.970291760106812,"bastante facil"
"L0435",110532,2492,44.354735152488,4.4132830311584,1.89887996236384,21.533930653,9.23113964686998,24.1151302653636,47.6653724026319,44.1800431922448,65.5100934856737,110532,11174,0.101092896174863,83.6427011740131,0.83530695026595,121.150169893388,9.34182602014058,0.534007517451226,0.0391275819588789,0.798280097390591,0.708272165023174,-1.09093243524518,"algo dificil"
"L0436",9302,589,15.7928692699491,4.75564394753816,2.01042786497527,8.86551762787928,4.45161290322581,14.2922678219884,70.1056014461355,65.7924747420914,51.9082146547482,9302,3040,0.326811438400344,61.8693589795262,0.823955958070713,138.39878612049,8.98100853315095,0.739802631578947,0.0308390568201041,0.76919269426133,0.686007823535783,-1.15310979319911,"bastante facil"
"L0437",51112,4551,11.2309382553285,4.54699483487244,1.96147675692597,5.60181479991343,2.56449132058888,11.9354916513045,77.695837564007,73.4040597881838,64.8405179365739,51112,7980,0.156127719517921,88.5373152292918,0.858619567938057,98.7307272945574,9.61165952222829,0.57781954887218,0.0363785817215245,0.804677751013365,0.718132632858262,-0.978248050596436,"bastante facil"
"L0438",48953,1903,25.724119810825,4.45931812146344,1.92388617653668,12.4354482575053,5.97950604308986,17.1442636093546,65.1682272007578,61.25277139094,59.7015322070808,48953,9004,0.183931526157743,76.2500570033041,0.820239364519157,148.40005949951,9.49814370863555,0.601288316303865,0.0334337920694707,0.783066006870513,0.696267040569813,-0.955430170183569,"normal"
"L0439",29452,1439,20.4669909659486,4.43426592421567,1.90971750645117,9.68888798603011,4.68380820013899,14.9267930528438,71.380618827662,67.3926083821432,62.7055791314298,29452,6410,0.217642265380959,76.0333613658752,0.817621580248026,152.556009341465,9.29622691484529,0.635101404056162,0.033157622419998,0.78115362377983,0.694695601812371,-0.981688136761237,"bastante facil"
"L0440",9436,424,22.2547169811321,4.23113607460788,1.82481983891479,9.62600940196917,4.28066037735849,14.6222137218361,74.6509983443576,70.8940070544762,66.6384120675436,9436,2875,0.304684188215345,65.219281301991,0.856521821597563,98.9482075178247,9.14051871170876,0.714086956521739,0.0326699204119082,0.773761585170966,0.688819749384162,-1.0412505145066,"bastante facil"
"L0441",38095,878,43.3883826879271,4.55028218926368,1.97044231526447,21.6960204553955,10.2984054669704,24.5826885684123,44.3573107424462,40.6880610710964,53.4861620173972,38095,6310,0.165638535240845,71.4304077537146,0.842981056612882,113.605597159277,9.25070564572888,0.601584786053883,0.0372105195260009,0.779179940072498,0.689035424781508,-1.04616529525984,"algo dificil"
"L0442",2315,86,26.9186046511628,4.32224622030238,1.84838012958963,12.3870820232056,6.3953488372093,16.7191413431112,68.480215480436,64.7623132754031,47.0038800503336,2315,966,0.417278617710583,52.8649251796014,0.7936734065296,188.038382415368,8.0257041829728,0.826086956521739,0.033530658020435,0.742771403353936,0.659002707581222,-1.10833885514639,"normal"
"L0443",953,74,12.8783783783784,4.29275970619098,1.86568730325289,5.22808740534869,2.54054054054054,11.4476777459516,81.7628158588809,77.7243026289669,47.5735288375371,953,423,0.44386149003148,72.4046587043936,0.831572984087194,118.122590725263,7.61066827599191,0.75886524822695,0.0397467888955457,0.78066371681416,0.69158079625293,-0.747848922624533,"bastante facil"
"L0444",7497,338,22.1804733727811,4.42056822729092,1.90249433106576,10.4811130369307,3.98816568047337,15.5098177219606,70.0662572958177,66.1291298018221,25.2189760664462,7497,1672,0.223022542350273,34.2447532885645,0.8552957568871,91.554829214599,8.49492800676537,0.628588516746411,0.0434007291442415,0.692545649838872,0.590435252771028,-1.03776461960094,"bastante facil"
"L0445",99426,6417,15.4941561477326,4.36821354575262,1.91337275964034,6.89136387436113,3.27894654823126,13.0305194613717,76.2335951508926,72.1377209266745,65.4091583172829,99426,12691,0.127642668919598,84.3761453685328,0.845598887612207,110.467616595674,9.6053748676824,0.574974391300922,0.0357959524092116,0.799752256558358,0.71103909309657,-1.03605400842731,"bastante facil"
"L0447",121462,7637,15.9044127275108,4.57487938614546,1.99759595593684,8.06988827250052,3.92719654314521,14.1843532437839,70.7617416617288,66.4803592176243,59.5698715537278,121462,16690,0.13740923087056,92.7688425517183,0.846566629220132,110.803563149369,9.95714661770585,0.553205512282804,0.0333436335252564,0.80749886750199,0.71782067022077,-0.956905087780784,"bastante facil"
"L0448",70875,4701,15.0765794511806,4.61561904761905,2.00205996472663,7.84785543987601,3.68857689853223,13.9141735697347,71.3382910761979,67.0300847463503,62.414845064118,70875,9833,0.13873721340388,75.9268363336994,0.848586840119943,107.18738768667,9.55514397474356,0.567781958710465,0.0364600974647196,0.787928444356497,0.696840171809673,-1.01873717677292,"bastante facil"
"L0449",9114,366,24.9016393442623,3.92506034671933,1.74402018872065,9.5078539051792,3.5,14.701077571166,76.7991165456135,73.2809028984413,81.1955813333108,9114,1700,0.186526223392583,79.6158538912243,0.82828580434634,119.088430462333,8.34861695918777,0.587058823529412,0.0465110246969352,0.796416988416993,0.695945646145292,-0.972882934911055,"bastante facil"
"L0450",26988,1988,13.5754527162978,4.29413072476656,1.87394397510004,5.58308207179941,2.91800804828974,11.8169654655367,80.5563997233736,76.5128376349695,55.0647840730443,26988,7365,0.272899066251667,121.579105547788,0.871696486416655,88.7477582546939,9.91520730146409,0.728581126951799,0.0287237120531432,0.829067151713115,0.751819703224374,-1.00783457299711,"bastante facil"
"L0451",68956,3881,17.7675856737954,4.53294854689947,1.78651603921341,8.80398049279422,4.13527441381087,12.4202476754985,81.526100259924,77.7674650832091,68.1437250619159,68956,14410,0.208973838389698,109.117067109184,0.905431915544989,62.2747136099967,10.712273905276,0.587439278278973,0.0290412814446886,0.82249060327665,0.744364552623523,-0.934854508379686,"bastante facil"
"L0452",61499,3120,19.7112179487179,4.48051187824192,1.93964129498041,9.52881992087843,4.36730769230769,14.9851422807688,70.3560799934833,66.2841293740028,63.9668376723741,61499,10157,0.165157157026944,87.3669946355411,0.854669876471548,102.991433100213,9.73125932298956,0.588067342719307,0.0341034242725775,0.801536208299321,0.714378501628664,-0.996932701312899,"bastante facil"
"L0453",95310,5686,16.7622230038692,4.53597733711048,1.96838736753751,8.31556475972495,3.86387618712628,14.1742379084516,71.6392904838029,67.442243998544,59.6804408903195,95310,10766,0.112957716923723,91.7802940102653,0.849981212965839,105.879750432742,9.46417279894846,0.542819988853799,0.0382014752417737,0.808487628725319,0.717584837886423,-1.06983290888095,"bastante facil"
"L0454",75841,4103,18.4842797952718,4.62704869397819,1.96007436610804,9.60553924627316,4.47696807214234,14.7477466402309,70.3815726423403,66.2380871961973,58.1066422237844,75841,8403,0.110797589694229,95.8468156000631,0.850576391880481,107.604018973919,9.37766055671333,0.52862073069142,0.0401230877406661,0.816398300612025,0.722504686963661,-1.05601176594677,"bastante facil"
"L0455",255447,14845,17.2076119905692,4.30805215954777,1.89931766667841,7.46473166675462,3.53432132030987,13.5329171431272,75.3291757689148,71.2998973753658,63.7293813397247,255447,20115,0.0787443187823697,72.6928390925816,0.847390016700039,107.028725814278,9.64531534418067,0.518369376087497,0.0377504178927349,0.785123062827222,0.689068761063677,-1.11032498500849,"bastante facil"
"L0456",67861,2363,28.7181548878544,4.5801417603631,1.96142114027203,14.5015451352374,7.04824375793483,18.7548498614731,59.8622135980669,55.9203080731983,57.1016363950585,67861,11417,0.168240963145253,86.9130056915071,0.824471373306212,145.641473285485,9.63369909719872,0.60077078041517,0.033158407929365,0.796539550521919,0.714618222602637,-0.975765878971478,"normal"
"L0457",117771,7755,15.1864603481625,4.50277232935103,1.951881193163,7.37128784532458,3.50483558994197,13.3649176151068,74.2369388550941,70.0463413177825,61.8320152910284,117771,15047,0.127764899678189,97.2471327009634,0.837999384002349,120.688199082257,9.75460623478077,0.549544759752775,0.0347491151841651,0.810553507415879,0.725923669182179,-0.98798222032601,"bastante facil"
"L0458",60329,3820,15.7929319371728,4.67234663263107,2.00497273284822,8.47321860827874,4.2413612565445,14.2279217031063,70.4328454531909,66.1322668063834,54.8925914607672,60329,9394,0.155712841253792,78.8619769283741,0.833272378485606,129.543890346908,9.58830751663388,0.570896316797956,0.0353415469403613,0.790180159256723,0.702583098123843,-0.954863560002005,"bastante facil"
"L0459",45268,3363,13.4606006541778,4.43611381108068,1.92486966510559,6.19439637727889,3.02081474873625,12.3730963033754,77.618007426403,73.4550192097437,61.6065220611664,45268,6384,0.141026773880004,71.9207496535016,0.837036111089658,120.463841944355,9.16222278832445,0.573621553884712,0.0392453874032452,0.78336628408406,0.688320972348234,-1.05464285489342,"bastante facil"
"L0461",33900,3861,8.78010878010878,4.1669616519174,1.81238938053097,2.58644377058536,1.47966847966848,9.22043711450791,89.1409262124306,85.1430328128116,76.1119654329,33900,5245,0.154719764011799,93.0040132274687,0.85785563776541,96.9931170108161,9.24672555531977,0.584747378455672,0.0394906049491422,0.809263537266194,0.719119256826691,-1.01785419583688,"muy facil"
"L0462",4161,180,23.1166666666667,4.16462388848834,1.81494832972843,9.74371184811343,3.92777777777778,14.8418902907955,74.3641002162942,70.6470523912521,72.6880490820048,4161,1312,0.315308819995193,45.3417644144114,0.863413295964291,88.9261305974539,8.60105862683661,0.680640243902439,0.0382685312052477,0.734241245136186,0.656651895617927,-0.958975540362213,"bastante facil"
"L0463",29005,4170,6.95563549160671,4.5431822099638,1.97641785898983,3.44620595473285,1.59880095923261,10.4444285778066,81.1601802591714,76.7485318933269,66.6509316745838,29005,5544,0.191139458714015,98.3577570546203,0.849203241719232,108.258409458736,9.36159369343395,0.603354978354978,0.0360882680402475,0.816199751346795,0.726569570331389,-0.972798815088384,"bastante facil"
"L0464",143187,9073,15.7816598699438,4.29649339674691,1.86698513133175,6.69731383364985,3.19684779014659,12.5952718989928,78.723599052752,74.7401664480879,64.2529640607038,143187,18860,0.131715868060648,61.3953159648606,0.849923160345039,107.036812276178,9.87241150912566,0.608907741251326,0.0331170515450603,0.775846805181104,0.690764844012001,-1.04520417957663,"bastante facil"
"L0465",37356,4053,9.21687638786084,4.37137273798051,1.85721169290074,3.76760378981863,1.99333826794967,9.91967976749445,86.0060845103376,81.9138351444232,68.0815645952606,37356,4962,0.132830067459043,64.8729154550521,0.833600829946153,116.763279799799,8.90860654015891,0.563885530028214,0.0419345406387578,0.772389631972517,0.668809082856869,-1.05030831436407,"muy facil"
"L0466",110799,7359,15.0562576437016,4.60812823220426,1.98255399416962,7.80241279553287,3.66557956244055,13.6760776122452,72.529377553247,68.2656285195309,57.0636444629656,110799,14378,0.129766514138214,84.5548963722206,0.84645439394083,112.168813005578,9.81074207308711,0.545973014327445,0.0348499016812836,0.797384920993296,0.707759891598951,-0.99414171775513,"bastante facil"
"L0467",60298,4817,12.5177496367033,4.18416862914193,1.85419085210123,4.53630906161015,2.28876894332572,11.1713744131088,82.8204442444888,78.80116027739,66.9891268317716,60298,7269,0.120551262065077,89.9568223600553,0.828263335508243,122.879345122515,9.14798303397128,0.540789654698033,0.0402090211046156,0.806569735597128,0.711550524095077,-1.0043745809632,"bastante facil"
"L0468",23561,1456,16.1820054945055,4.70459657909257,2.03692542761343,8.81965263477874,4.29052197802198,14.7567021886956,68.1188287387987,63.7525403651779,55.6635252378056,23561,5087,0.215907643987946,102.303971965553,0.852759484105354,104.697082636913,9.39407734427084,0.621977589935129,0.0348257620872675,0.817407281388185,0.73179439092998,-0.992348782724364,"normal"
"L0469",3120,160,19.5,4.22596153846154,1.85512820512821,8.22427884615385,3.7,13.9055128205128,75.6423076923077,71.7605128205128,70.2462054605713,3120,979,0.313782051282051,78.4799823104553,0.81946351078835,131.778024326101,8.11485152124146,0.672114402451481,0.0412291838932055,0.791957017258229,0.688288646143681,-1.01394887955233,"bastante facil"
"L0470",2035,123,16.5447154471545,4.45257985257985,1.96511056511057,7.81400882922834,3.80487804878049,14.0507436926949,72.0577563372685,67.8638963464573,60.2453138284445,2035,795,0.390663390663391,70.2663252325302,0.811977815578385,144.976426057507,7.9986650754895,0.727044025157233,0.0372898746308861,0.772104733131916,0.68080061983472,-1.06882798339849,"bastante facil"
"L0473",1294,116,11.1551724137931,4.50695517774343,1.95054095826893,5.37534509406811,2.28448275862069,11.7769005489527,78.429266641795,74.1611258860524,66.9157465088862,1294,534,0.412673879443586,100.7369443085,0.857388389534629,99.2214691991811,7.95207278566187,0.707865168539326,0.0396930672359696,0.827807228915662,0.737046025104604,-0.755960357645171,"bastante facil"
"L0474",208,10,20.8,4.37980769230769,1.86538461538462,9.59889423076923,4.4,14.5335384615385,73.7009230769231,69.8215384615385,65.6815542730377,208,129,0.620192307692308,87.3492822966507,0.8308933169614,121.579142011834,6.55247920799485,0.767441860465116,0.0386111110556803,0.793333333333332,0.690275229357799,NA,"bastante facil"
"L0475",214,9,23.7777777777778,4.01401869158879,1.77102803738318,9.36491692627207,3.77777777777778,14.5814641744548,76.324984423676,72.7221754932503,59.1207752152393,214,100,0.467289719626168,45.1509311530725,0.725485308410504,230.587824264128,5.94821438665098,0.7,0.0608404007178829,0.71709090909091,0.582608695652174,NA,"bastante facil"
"L0476",479,28,17.1071428571429,4.41753653444676,1.78288100208768,7.93016850581569,3.64285714285714,12.1197815389204,82.4178541604533,78.6543707127945,70.7102812605518,479,230,0.480167014613779,55.2270117781795,0.810688808499296,129.880884410371,7.00123080600021,0.739130434782609,0.0443483958541249,0.778232558139535,0.665842105263157,NA,"bastante facil"
"L0477",228,14,16.2857142857143,4.10087719298246,1.73245614035088,6.02798872180451,2.57142857142857,11.2044110275689,86.2812030075188,82.6172681704261,74.2841810724827,228,104,0.456140350877193,65.7914402313229,0.775810666586352,160.049245921822,6.2018599997372,0.519230769230769,0.0613148006285108,0.769720670391061,0.612325581395349,NA,"muy facil"
"L0478",304,14,21.7142857142857,4.48026315789474,1.96052631578947,10.5291823308271,5.07142857142857,16.0127819548872,67.0598496240602,62.9799248120301,69.9221151183134,304,159,0.523026315789474,69.1429821283731,0.798819701387116,150.406855955679,6.63122481230573,0.748427672955975,0.0456596800192158,0.776784313725491,0.673170731707317,NA,"normal"
"L0479",161,15,10.7333333333333,3.92546583850932,1.73291925465839,2.42561076604555,1.4,9.04444720496895,91.9168447204969,88.1407971014493,86.444421789513,161,108,0.670807453416149,103.287234042553,0.851182820864692,97.9900466802978,6.42885135378407,0.796296296296296,0.0356055967509347,0.874464285714287,0.768709677419354,NA,"muy facil"
"L0480",2081,143,14.5524475524476,4.42623738587218,1.925516578568,6.69380186368173,3.41958041958042,12.8065501725569,76.4655087824237,72.3228696027663,66.4433976208052,2081,599,0.287842383469486,72.6223936469473,0.823927667369027,132.550955869228,7.81935913260004,0.459098497495826,0.0491189461337786,0.783139763779516,0.680030272452076,-0.899821732880258,"bastante facil"
"L0481",2498,170,14.6941176470588,4.35988791032826,1.91753402722178,6.45213088117553,3,12.7676074035699,76.7999583666934,72.6785124570245,61.8333906270508,2498,845,0.338270616493195,85.6153395180441,0.838205771477464,111.012749350802,8.13729238789804,0.672189349112426,0.0407788146180141,0.804148632094721,0.708132555231371,-0.961147687700764,"bastante facil"
"L0482",23005,1769,13.0045223289994,4.17152792871115,1.82829819604434,4.72015770872924,2.42340305257207,11.055682421633,83.8774954617603,79.9275000574383,71.0790018869467,23005,3312,0.143968702455988,68.9373216284639,0.8361420542373,114.644137962505,8.7570010517795,0.544685990338164,0.0442423173583347,0.77943544171457,0.675968305247496,-0.995343934528997,"bastante facil"
"L0483",1418,125,11.344,4.60084626234133,1.99717912552891,5.91198589562765,2.72,12.4008736812412,75.4383724682652,71.0667404795487,60.4517443708388,1418,581,0.409732016925247,98.2757707644121,0.849828132242526,103.674099478596,7.97420809334704,0.710843373493976,0.0390111384531276,0.82524470416362,0.729082638362399,-0.812722529985578,"bastante facil"
"L0484",465,19,24.4736842105263,4.27096774193548,1.78924731182796,10.9231001697793,4.89473684210526,15.0678551216752,74.5220033955857,70.891208262592,72.0124079463258,465,229,0.49247311827957,78.4656261351085,0.822357732703671,129.679731760897,7.06452119166864,0.724890829694323,0.0432332077806215,0.790961538461539,0.684999999999999,NA,"bastante facil"
"L0485",69381,4911,14.1276725717776,4.60836540263184,1.97742897911532,7.33923733228481,3.4257788637752,13.2534542565541,73.7840352298676,69.513502029338,55.998556370066,69381,8807,0.126936769432554,75.9538945955557,0.846445946737243,110.254017991709,9.45646493637617,0.539911434086522,0.0382467561524625,0.789637108405831,0.692545682861341,-1.01408524358097,"bastante facil"
"L0486",79973,7645,10.4608240680183,4.49369162092206,1.92493716629362,4.96569956855206,2.25572269457162,11.2039799487919,80.6737294730039,76.4505904718889,70.4331644915901,79973,8390,0.104910407262451,94.5928215133885,0.859036464544617,96.7604491565608,9.4700583868775,0.510846245530393,0.0407332825662487,0.814799809819154,0.719458772566831,-1.02603998171783,"bastante facil"
"L0487",26265,2116,12.4125708884688,4.30729107176851,1.8785836664763,5.0636263922641,2.41493383742911,11.4181899109232,81.4641577051839,77.3866666900578,67.6852150452148,26265,3986,0.151760898534171,82.2678083403356,0.835090083953352,120.61334038124,8.9381183795211,0.561716006021074,0.0419253721674017,0.7983002746414,0.702364518841199,-0.991361919585759,"bastante facil"
"L0488",3657,289,12.6539792387543,4.16106097894449,1.81596937380366,4.49558683020571,2.44290657439446,10.7734905139974,84.9747787482507,81.0461287732774,67.787368275646,3657,1106,0.302433688815969,85.3357688589721,0.829640615896967,127.833473123154,8.28834844356097,0.645569620253165,0.0409085996946852,0.797383592017763,0.705463743676225,-0.965504374014213,"muy facil"
"L0489",2055,112,18.3482142857143,4.1338199513382,1.81216545012165,7.21439911366006,3.34821428571429,12.9493558828641,79.3948944212722,75.5888781717067,73.855439475873,2055,615,0.299270072992701,80.5304853835314,0.819541535889455,130.456248779015,7.78505766827184,0.591869918699187,0.0477403164366978,0.790279162512451,0.689023517382425,-0.874671705461935,"bastante facil"
"L0490",1896,84,22.5714285714286,4.37130801687764,1.89293248945148,10.444575045208,5.30952380952381,15.5494605183846,70.2411934900543,66.3338773357444,56.3403292554064,1896,652,0.343881856540084,57.2380979927113,0.784372943174131,168.843134113123,7.61247165838095,0.70398773006135,0.0431479026634238,0.747774769897135,0.640406232609906,-1.05779982918996,"bastante facil"
"L0491",142,16,8.875,4.03521126760563,1.80985915492958,2.01334507042253,1.0625,9.22758802816902,89.1959507042254,85.2057746478873,62.4983677576446,142,79,0.556338028169014,44.7383040935673,0.745689205442305,194.405871850823,5.80713049058699,0.746835443037975,0.0549745855803927,0.654623655913978,0.561162790697674,NA,"muy facil"
"L0492",33443,3679,9.09024191356347,4.45770415333553,1.93439583769399,4.11090751899206,1.8401739603153,10.7810652310788,81.5042029865261,77.2318973981012,64.5685297981841,33443,5083,0.151989953054451,78.23816359018,0.851016426805223,104.636495265266,9.22327374680548,0.564823922880189,0.0399712549075323,0.795109301071996,0.701943378118972,-0.980044675362315,"bastante facil"
"L0493",9339,959,9.73826903023983,4.5307848806082,1.955455616233,4.77913130278455,2.15015641293014,11.282301193343,79.5796286151753,75.2718460784442,69.8304622348372,9339,2191,0.234607559695899,70.4256937113161,0.841437050146783,113.941880612823,8.73150720780935,0.633500684618896,0.0399445924506634,0.780068891280947,0.679256493506479,-0.964379839286666,"bastante facil"
"L0494",1536,125,12.288,4.2578125,1.83658854166667,4.768296875,2.408,10.8740647916667,84.1109275,80.1275338541667,67.9134337366992,1536,606,0.39453125,91.733122019556,0.83849165791407,110.702514648438,7.92013911378747,0.71947194719472,0.0397828279005818,0.809078681909881,0.720187891440505,-0.866702919388465,"muy facil"
"L0495",28851,2194,13.1499544211486,4.53204394994974,1.95660462375654,6.49090421483758,2.88468550592525,12.6264167845751,76.0307690650359,71.7885775188188,58.7755834966115,28851,4949,0.17153651519878,88.1199511909113,0.846758559774778,107.645256209067,9.16764419802091,0.595675894120024,0.0384880143839183,0.807286299562458,0.71050466054531,-1.01260919309838,"bastante facil"
"L0499",470,48,9.79166666666667,4.49574468085106,1.94468085106383,4.64079078014184,2.45833333333333,11.1759840425532,80.1716489361702,75.8897163120567,63.3489849019029,470,206,0.438297872340426,60.6101348280564,0.797592339344925,147.668628338615,6.84725097282566,0.684466019417476,0.0501716065955016,0.772256532066509,0.650080862533692,NA,"bastante facil"
"L0500",1952,183,10.6666666666667,4.50409836065574,1.92981557377049,5.11763661202186,2.30601092896175,11.3418237704918,80.1710655737705,75.9408230874317,65.641492622076,1952,745,0.381659836065574,112.304829858753,0.862605623510383,90.0243130206934,8.21816675625253,0.714093959731544,0.0386361499549789,0.837677351550172,0.745412844036702,-0.853029137717178,"bastante facil"
"L0501",7587,372,20.3951612903226,4.70449453011731,2.01410307104257,10.9257498820138,5.48655913978495,16.1305291415282,65.1907512213166,60.9612173837252,55.6854993632877,7587,2449,0.32278898115197,93.9064730901238,0.832418731231001,129.943818178094,8.94102826612679,0.706819109840751,0.0326192713566911,0.804078004775829,0.717187499999978,-1.02682822920404,"normal"
"L0502",7587,372,20.3951612903226,4.70449453011731,2.01410307104257,10.9257498820138,5.48655913978495,16.1305291415282,65.1907512213166,60.9612173837252,55.6854993632877,7587,2449,0.32278898115197,93.9064730901238,0.832418731231001,129.943818178094,8.94102826612679,0.706819109840751,0.0326192713566911,0.804078004775829,0.717187499999978,-1.02682822920404,"normal"
"L0503",350,20,17.5,4.10857142857143,1.78285714285714,6.67137142857143,2.3,12.2727142857143,82.0185714285714,78.263,86.6330668759768,350,145,0.414285714285714,69.9372909698997,0.783594003166907,155.755102040816,6.49237224787141,0.648275862068965,0.0591290721641722,0.775813953488372,0.653067729083665,NA,"bastante facil"
"L0504",2449,124,19.75,4.55655369538587,1.97754185381788,9.90636790526746,4.62903225806452,15.447493875051,68.0424887709269,63.8841425071458,61.1572113498355,2449,906,0.369946917109024,83.7288098716959,0.823139380640326,133.433351101549,8.13259778640223,0.732891832229581,0.0376013387599097,0.792491666666653,0.697923404255332,-1.02281672476062,"normal"
"L0505",203793,7300,27.9168493150685,4.22977236705873,1.79920801990255,12.4506525063809,5.41041095890411,16.5282258677268,70.4123325044772,66.8274910450028,67.5402689479158,203793,17740,0.0870491135613098,77.9438426284579,0.834962129609678,123.451092264813,9.49740109849634,0.552029312288613,0.0376136940008125,0.787272263232302,0.695889422368858,-1.10149455118776,"bastante facil"
"L0506",83910,4900,17.1244897959184,4.44695507090931,1.92924562030747,8.07740328194203,3.80224489795918,13.8536493400363,73.6182831897149,69.5185080589261,60.7580528404443,83910,9122,0.108711714932666,83.9470039050571,0.827478554544535,126.313258692465,9.26139793122845,0.495505371629029,0.0397511126976185,0.799535183219721,0.70362792473546,-1.00807164750506,"bastante facil"
"L0507",92046,6130,15.015660685155,4.40529735132434,1.9054820415879,6.82678086731512,3.4094616639478,12.7507957579477,77.1951036058678,73.1078081239188,63.6244409582513,92046,10652,0.115724746322491,85.2944690208992,0.843259042548392,113.243252538728,9.54290826180309,0.533233195644011,0.0380082243194288,0.7997073817624,0.7088142081852,-1.01132214802225,"bastante facil"
"L0509",13278,1003,13.2382851445663,4.26547672842296,1.85351709594819,5.27953796315527,2.51146560319043,11.4444329385694,82.1259233956513,78.1225997778618,68.83848810319,13278,2609,0.196490435306522,73.4331130606378,0.832278093272384,122.945379220739,8.79173967727229,0.559218091222691,0.0415676068814695,0.780931287323298,0.682016844980625,-0.950187392593726,"bastante facil"
"L0511",7828,598,13.0903010033445,4.32179356157384,1.85117526826776,5.47079817668502,2.39130434782609,11.3590855568639,82.4173768805232,78.4164797835743,73.3536537398486,7828,2106,0.269034236075626,85.9247746487963,0.844006395571792,117.425974235538,8.81660676339756,0.663817663817664,0.0376103573511524,0.806345288597509,0.714428774744449,-0.940249032570424,"bastante facil"
"L0512",2261,129,17.5271317829457,4.51260504201681,1.9765590446705,8.58793563937203,4.05426356589147,14.5689781224607,70.3687829011654,66.1682397340821,60.4697804742728,2261,868,0.38390092879257,87.7678139856513,0.829660033791078,125.853828577219,8.14299255114565,0.746543778801843,0.03695392043063,0.794421338155502,0.699158186864025,-1.00861570207242,"bastante facil"
"L0513",220,13,16.9230769230769,4.06363636363636,1.8,6.17126573426573,2.61538461538462,12.25,81.5784615384615,77.7719230769231,76.3378925959852,220,115,0.522727272727273,44.4817518248175,0.758373559112006,197.520661157025,6.18153806905084,0.739130434782609,0.0513445808205922,0.731578947368421,0.622479338842975,NA,"bastante facil"
"L0514",42097,3616,11.6418694690265,4.38311518635532,1.90476756063377,5.03540726224684,2.32688053097345,11.4265863083989,80.6792395035664,76.5261115034893,68.1768674468496,42097,5430,0.12898781385847,100.365163306594,0.85398240472453,99.1393874538151,9.19011430224665,0.531860036832413,0.0415948303121392,0.82052796803645,0.725808609933785,-1.01109195690474,"bastante facil"
"L0515",17543,588,29.8350340136054,4.50937695947101,1.93575785213475,14.7266824859112,7.02040816326531,18.8876059204962,60.2627941780372,56.4022517983994,62.9018395445979,17543,4143,0.236162571966026,88.0744711238719,0.825042743498487,138.487835895408,9.06755821105113,0.661115133960898,0.0347976015151563,0.798237109866225,0.709679545975643,-0.98618779027022,"normal"
"L0516",57332,3679,15.5835824952433,4.34366496895277,1.86667131793763,6.82045325138916,3.08562109268823,12.5143187248089,78.9444667785943,74.9577943972426,69.4248661272478,57332,7663,0.133660085118259,81.786685714402,0.841205834566589,116.438005571683,9.39760350743281,0.541563356387838,0.0386001692051984,0.797329050503531,0.703394370380707,-0.99253331589189,"bastante facil"
"L0517",6206,589,10.5365025466893,4.26007089912987,1.86835320657428,3.90318520824636,1.96943972835314,10.5658038307854,83.9915750079199,79.9000926837329,71.1689060820724,6206,1861,0.299871092491138,82.4847865277741,0.864903526862756,92.0823558210745,8.89494366292613,0.663084363245567,0.0363607984301221,0.798947539386095,0.711046340265259,-0.96532650817756,"bastante facil"
"L0518",15868,1522,10.4257555847569,4.52218300983111,1.94996218805142,5.08235976868296,2.26675427069645,11.485598497062,79.2079980204625,74.9266000996394,63.031208436445,15868,3502,0.220695739853794,82.5203477459118,0.847573473854883,108.77162542577,9.11439362023235,0.615648201027984,0.037190640956444,0.799888741386924,0.709005009829373,-0.96423613799954,"bastante facil"
"L0519",1045,69,15.1449275362319,4.32535885167464,1.93397129186603,6.5149039595035,3.26086956521739,13.1373829831496,75.3538964010818,71.2036609805145,62.2642877386782,1045,371,0.355023923444976,75.7158429637902,0.819451693100974,125.857924498066,7.39811874879587,0.676549865229111,0.0493405665090239,0.7825702811245,0.689439746300213,-0.744471610404388,"bastante facil"
"L0522",3639,272,13.3786764705882,4.38609508106623,1.90656773838967,5.91784606711605,2.94485294117647,12.1251831365275,78.79968569662,74.6771534277355,66.7027841811281,3639,1185,0.325638911788953,89.2159929524135,0.839969734911728,115.506941721168,8.41015417990662,0.686075949367089,0.0384259393505465,0.807086350974939,0.716223163841811,-0.987543102226268,"bastante facil"
"L0523",70309,4186,16.7962255136168,4.43601814845895,1.91187472443073,7.86175823605004,3.87553750597229,13.5206496985931,74.9953665102672,70.9289791543489,59.5368914002203,70309,10607,0.15086262071712,86.6215629236649,0.843403283594002,115.604168503859,9.65756967553551,0.584708211558405,0.0349636211005108,0.801063763165267,0.713327018943195,-0.985251200488568,"bastante facil"
"L0524",4397,302,14.5596026490066,4.36570388901524,1.89106208778713,6.41226664176508,3.24503311258278,12.4027776690007,78.5254800307856,74.4622292818553,60.9127104950009,4397,1558,0.354332499431431,95.3813230183903,0.833394424040085,122.099293515246,8.61035679670433,0.736842105263158,0.0339488408149534,0.807663293468302,0.721468124709163,-1.03369787652841,"bastante facil"
"L0525",1035,128,8.0859375,4.18357487922705,1.85990338164251,2.31760643115942,1.3984375,9.51037552838164,86.9981408514493,82.8770818236715,74.6407490806374,1035,400,0.386473429951691,66.2080546356532,0.823408361996008,126.005274335457,7.4935084094004,0.67,0.0454220545911872,0.79555780933063,0.687991452991451,-0.775189533117256,"muy facil"
"L0529",33593,3153,10.6542974944497,4.52183490608162,1.92772303753758,5.19499115486931,2.57913098636219,11.3123078657789,80.3092343034063,76.0835572669589,63.9953195047555,33593,5510,0.164022266543625,86.3716286292972,0.852403435149104,104.425840418143,9.3329138292096,0.569147005444646,0.0383218600142105,0.803629859289244,0.712741386516955,-0.969406001776685,"bastante facil"
"L0530",1104,77,14.3376623376623,4.30978260869565,1.91213768115942,6.03790725578769,2.72727272727273,12.5649129493695,77.4873235460192,73.3711601261058,61.077879403085,1104,450,0.407608695652174,82.2429758607044,0.832507351226865,114.012287334594,7.62880462491434,0.744444444444444,0.0420918831488056,0.798085308056874,0.699572139303488,-0.751432582415449,"bastante facil"
"L0531",9790,801,12.2222222222222,4.18243105209397,1.83033707865169,4.38036136647373,2.29088639200999,10.7746441947566,84.5531086142322,80.5827777777778,69.5412298209672,9790,1984,0.202655771195097,61.462081158539,0.828073129237011,123.462164076871,8.49225359731183,0.601310483870968,0.0435279380792804,0.766861718509402,0.657494582602401,-0.992929459849105,"muy facil"
"L0532",33974,2663,12.7577919639504,4.4339200565138,1.93562724436334,5.83265944815524,2.57453999248967,12.225940349428,77.6894175349704,73.4876307122137,65.8903681746875,33974,4799,0.141255077412139,64.2292039128605,0.830098702891411,124.30815985667,8.97780608688431,0.530527193165243,0.0414000251246543,0.769648341930714,0.666754538745356,-0.998210196705851,"bastante facil"
"L0534",243,25,9.72,4.31687242798354,1.88065843621399,3.76246913580247,2.16,10.3925695473251,84.0860938271605,79.9499794238683,65.9499218661065,243,148,0.609053497942387,84.9941352415113,0.828168381752218,119.900421683686,6.67498253813336,0.817567567567568,0.037838713758749,0.780824742268041,0.687152777777779,NA,"bastante facil"
"L0535",3104,222,13.981981981982,4.37789948453608,1.90431701030928,6.18089756315594,3.0045045045045,12.3339136946225,78.3193577598217,74.21406827575,66.954990439606,3104,1073,0.345682989690722,90.5987599467142,0.83359760836068,119.553917791476,8.29320164335685,0.706430568499534,0.0378333815651189,0.804602291325706,0.710000000000015,-1.02386201147526,"bastante facil"
"L0536",1589,83,19.144578313253,4.4040276903713,1.91567023285085,8.88525957827534,4.49397590361446,14.4812942898087,72.372316149431,68.3441661801391,60.7116700944922,1589,537,0.337948395217118,70.9279370959902,0.813006693201666,137.936988919653,7.65449014368985,0.655493482309125,0.0459784017038946,0.786597402597396,0.685107382550334,-0.875727765555324,"bastante facil"
"L0537",1294,64,20.21875,4.53632148377125,1.94822256568779,10.0454491885626,5.40625,15.2843387751159,69.3235210587326,65.2419841576507,60.0094488388041,1294,532,0.41112828438949,79.9998501973438,0.820482900318639,128.640330236569,7.70820289754717,0.757518796992481,0.0398613450164393,0.7929156626506,0.689004184100421,-0.854182875284651,"bastante facil"
"L0538",120887,10308,11.7274932091579,4.53086766980734,1.95358475270294,5.77413332937154,2.6674427629026,12.0360224334663,77.6628717644827,73.3991766974491,65.6257042414557,120887,10976,0.0907955363273139,93.838565822832,0.857698751701522,98.91840855893,9.52465953445577,0.501822157434402,0.0403372825890648,0.814265380095779,0.72067548100806,-1.06881093461394,"bastante facil"
"L0540",11511,859,13.4004656577416,4.35678915819651,1.89835809225958,5.79070976397633,2.88940628637951,12.0368070951822,79.2700394935289,75.1668251944868,65.9207912460473,11511,2723,0.236556337416384,83.9905837060498,0.833794043056375,121.790187870367,8.88328524116305,0.615497612926919,0.0379602926852821,0.796808584889193,0.705997195934081,-0.968828388484515,"bastante facil"
"L0541",8815,535,16.4766355140187,4.3838910947249,1.89733408961997,7.45644481316363,3.64485981308411,13.2244301079829,76.193786398503,72.1544507026574,64.4551019520712,8815,2254,0.255700510493477,84.7830820826265,0.825787464718717,129.480990255034,8.70979462271048,0.648624667258208,0.0380518348552774,0.798377823408637,0.706646397429986,-0.96998308541858,"bastante facil"
"L0543",945,75,12.6,4.26666666666667,1.87830687830688,4.966,2.44,11.4880211640212,81.2895873015873,77.2164814814815,73.4854560034993,945,392,0.414814814814815,82.7380331356768,0.82096234849282,127.208084880043,7.48292188065631,0.704081632653061,0.0431647292706274,0.801473214285713,0.701087470449176,-0.809762779904468,"bastante facil"
"L0544",30963,1345,23.0208178438662,4.48803410522236,1.92629913122113,11.2190495575304,5.39033457249071,16.1184487075172,67.7808179259884,63.8057462810571,59.5440921860575,30963,6124,0.197784452410942,86.5934470259086,0.832285703412767,130.504264435251,9.36707240468489,0.61152841280209,0.0348978246265931,0.800028466067075,0.710062856402232,-0.948444669545865,"normal"
"L0545",40084,3159,12.6888255777145,4.39786448458238,1.90427602035725,5.62835451124023,2.5954415954416,11.8290990155242,79.6408366892963,75.5097783540289,68.1652110837441,40084,5724,0.142800119748528,90.9974593746545,0.849675418121231,106.628589691216,9.27562303130611,0.555031446540881,0.0398951132079973,0.808913200949098,0.719422283356228,-0.998085635963976,"bastante facil"
"L0546",72322,8341,8.67066299004916,4.60306683996571,1.99513287796245,4.58577631126307,1.98285577268913,11.334126526076,78.2879510724031,73.8675587128905,63.1310871249908,72322,7681,0.106205580597882,91.6630116301484,0.859622970886685,95.689977928958,9.39448667494211,0.511131363103763,0.0412430825911605,0.812257136136451,0.717389889647349,-1.02836505819039,"bastante facil"
"L0547",10909,711,15.3431786216596,4.3490695755798,1.87753231276927,6.72570701181066,2.89170182841069,12.5487209531247,78.5380190397508,74.5215582928147,69.9034633534508,10909,2548,0.233568613071776,85.5621001476378,0.835373042222419,121.698282462923,8.82668880327106,0.638932496075353,0.0387387671376634,0.799235727440151,0.708162812210887,-0.941454510787128,"bastante facil"
"L0548",19886,1598,12.4443053817272,4.3815246907372,1.88529618827316,5.4291339842358,2.65331664580726,11.5097741204968,81.0290372142489,76.9367420888552,62.4092253751301,19886,3411,0.171527707935231,64.6207368010487,0.84644358756111,110.009028734227,8.97515206643864,0.56171210788625,0.0414377106835403,0.774548570852442,0.672806893414845,-0.965091297860178,"bastante facil"
"L0549",38768,3688,10.5119305856833,4.4866900536525,1.95073256293851,4.95827544554491,2.41784164859002,11.5282971710909,79.0738770262927,74.7924307432478,64.7456791494841,38768,5683,0.146589971110194,80.4063432922655,0.851003124008416,104.31089781532,9.25071289121958,0.563258842160831,0.0396073074392899,0.797513882073369,0.699788719646178,-1.00088258461987,"bastante facil"
"L0550",65526,5923,11.0629748438291,4.42714342398437,1.93036351982419,4.95333294888097,2.30609488434915,11.5028497230188,79.7339544698428,75.5103778711237,69.5147085552126,65526,7443,0.113588499221683,85.6624545265801,0.859091986783011,95.3078717931475,9.34613069942614,0.536611581351606,0.0407221369454817,0.806308780182223,0.709525425283155,-1.06839310478162,"bastante facil"
"L0551",81901,5422,15.1053116931022,4.41439054468199,1.91175931917803,6.91443531200328,3.22002950940612,12.8598315266106,76.7270229223539,72.6270827221064,65.6047165281693,81901,9658,0.117922858084761,109.623757049167,0.860601581567783,94.9417912549553,9.59026827107862,0.525471112031476,0.0384584177475969,0.82843937839007,0.738604679592204,-1.01131991653298,"bastante facil"
"L0553",67685,5156,13.127424359969,4.56068552855138,1.9687818571323,6.61454101946148,3.20810705973623,12.7613214145491,75.3231157248934,71.0524659406885,56.5953000632307,67685,10130,0.149663884169314,93.5024022055212,0.840044751300441,121.528438504809,9.60915297052333,0.573346495557749,0.0353516374509231,0.807768348216793,0.720762879886377,-0.992342031909017,"bastante facil"
"L0554",40171,2719,14.7741816844428,4.40905130566827,1.90381120708969,6.72372249191895,3.14674512688488,12.6369031005911,77.5416622564868,73.4533801138694,64.220287186091,40171,6736,0.167683154514451,102.650037841485,0.850494983525362,105.844668705098,9.41403611649794,0.60020783847981,0.0365875702589082,0.817497133742033,0.730400029946079,-0.995663290297503,"bastante facil"
"L0555",32150,1917,16.7709963484611,4.22124416796268,1.83144634525661,6.83755820533477,3.14814814814815,12.5617554499278,79.8468030091731,75.9648963420521,71.5501738961816,32150,6167,0.191819595645412,79.5144736887225,0.829610575162393,131.935382598579,9.3198914696501,0.613588454678126,0.0352999415232356,0.789014049406498,0.706202614582963,-0.95614743961864,"bastante facil"
"L0556",6127,411,14.9075425790754,4.28039823731027,1.87383711441162,6.18444698726907,2.75669099756691,12.3352195558965,79.2040797046458,75.1874051930806,67.1320709331627,6127,1594,0.260159947772156,79.9294785852051,0.827673975722212,126.116242168481,8.4567791854445,0.641781681304893,0.0407689823209314,0.796538334978638,0.70047279362971,-0.987066942460333,"bastante facil"
"L0557",15803,1253,12.6121308858739,4.48332595076884,1.87831424413086,5.99253067105819,2.94253790901836,11.492839126235,81.2767718485569,77.2038917047735,65.2548192381572,15803,3525,0.223058912864646,67.5042547914353,0.830084835427689,134.151182745214,9.00122326007539,0.629787234042553,0.0369598461365443,0.789429986035278,0.700203769740165,-0.972506244759732,"bastante facil"
"L0558",33525,2229,15.0403768506057,4.42609992542878,1.9165697240865,6.9371190740724,3.27456258411844,12.8912697159569,76.5046321671921,72.3923293388053,63.3587379058358,33525,7089,0.211454138702461,100.695713562573,0.853035884903163,106.586625783178,9.66419154868682,0.627592044011849,0.0329500972080931,0.817045644640878,0.730584874050125,-0.94351128360359,"bastante facil"
"L0559",73593,5523,13.3248234655079,4.28300245947305,1.86915875151169,5.40535331687199,2.65942422596415,11.6627544193861,81.0991549744804,77.0615863153137,63.8187838468104,73593,10340,0.14050249344367,81.3236548430607,0.841692193051379,112.806505917743,9.50932232569076,0.583172147001934,0.0359838071795745,0.793475198520511,0.703083925218399,-1.02766143835203,"bastante facil"
"L0560",36224,2599,13.9376683339746,4.65172261484099,1.99367822438163,7.44844768288836,3.68295498268565,13.3710936979533,73.0028848364484,68.6911782870501,60.0474383082481,36224,6104,0.168507067137809,93.0198312236287,0.839576591378708,123.785719783226,9.40653230550711,0.556192660550459,0.0372096421300641,0.808684450587361,0.723390173010344,-0.939112426240468,"bastante facil"
"L0561",3028,229,13.2227074235808,4.24768824306473,1.88738441215324,5.18796533662527,2.62445414847162,11.8379919586047,80.1097736987534,76.0282436992726,68.2687918019119,3028,974,0.321664464993395,69.8767186604102,0.823754312232008,128.503408958047,8.16335403042618,0.665297741273101,0.0406485209359055,0.778536421617993,0.681590986684896,-0.999334907411903,"bastante facil"
"L0564",54589,4552,11.9923110720562,4.51847441792302,1.93205590869955,5.84817004444557,2.75351493848858,11.8852610407567,78.6844881845294,74.4756058159615,59.0225158089401,54589,9156,0.167726098664566,82.815719576142,0.849704372752519,109.718277556082,9.72517252416975,0.575469637396243,0.0345540842229853,0.799389072240431,0.709988438245521,-0.937824077175422,"bastante facil"
"L0565",54589,4552,11.9923110720562,4.51847441792302,1.93205590869955,5.84817004444557,2.75351493848858,11.8852610407567,78.6844881845294,74.4756058159615,59.0225158089401,54589,9156,0.167726098664566,82.815719576142,0.849704372752519,109.718277556082,9.72517252416975,0.575469637396243,0.0345540842229853,0.799389072240431,0.709988438245521,-0.937824077175422,"bastante facil"
"L0566",1633,94,17.3723404255319,4.33619105939988,1.89773423147581,7.67963010253938,3.64893617021277,13.578476697372,75.2561588774088,71.2338169535251,65.8793821032455,1633,639,0.391304347826087,68.7793690084825,0.812307028192287,142.13880958747,7.82258298116127,0.719874804381847,0.039472465898796,0.774621212121202,0.678741851368976,-0.988753296821316,"bastante facil"
"L0567",1633,94,17.3723404255319,4.33619105939988,1.89773423147581,7.67963010253938,3.64893617021277,13.578476697372,75.2561588774088,71.2338169535251,65.8793821032455,1633,639,0.391304347826087,68.7793690084825,0.812307028192287,142.13880958747,7.82258298116127,0.719874804381847,0.039472465898796,0.774621212121202,0.678741851368976,-0.988753296821316,"bastante facil"
"L0568",32967,3568,9.23963004484305,4.30612430612431,1.87341887341887,3.47166050426701,1.79960762331839,10.1197984238315,85.0104449491277,80.8813741411611,73.5343656484433,32967,4850,0.14711681378348,94.6590932550828,0.861861872731961,93.3031521195443,9.25102082495305,0.549278350515464,0.0407747998056035,0.815468132936338,0.723664354387212,-0.991580173339168,"muy facil"
"L0569",162941,12108,13.4573009580443,4.76855426197212,2.05190835946754,7.75854105291084,3.86413941195904,13.8708660153542,69.9990514547426,65.5438082471282,56.6696589012881,162941,17086,0.104860041364666,88.3919748374379,0.834829779634958,128.321029018278,9.83988499200666,0.50872058995669,0.0360530306618575,0.801331802667073,0.714105144864316,-0.991707530971971,"bastante facil"
"L0571",68204,5979,11.4072587389196,4.48003049674506,1.944753973374,5.374573009129,2.49924736578023,11.8069277939918,78.5193576838623,74.2695687198805,63.9932242478564,68204,8798,0.128995366840655,92.1868238945309,0.867185740433438,91.6018826263983,9.59440307251807,0.560354626051375,0.0380654214167053,0.811607952461177,0.724265472432314,-1.031231548857,"bastante facil"
"L0572",35738,2727,13.1052438577191,4.22046561083441,1.86269517040685,5.00101495588961,2.51558489182252,11.5008481153113,81.7109410407155,77.6838470259342,70.8645930367666,35738,4669,0.130645251552969,79.7335512437226,0.830723688981797,120.303132878367,8.85873701088492,0.543799528807025,0.0426369486640821,0.796564767855556,0.693849154016616,-1.05429491414399,"bastante facil"
"L0573",225,20,11.25,4.13333333333333,1.76444444444444,3.663,1.7,9.61794444444445,89.4983333333333,85.6601111111111,33.6712527154236,225,128,0.568888888888889,70.3125,0.785236096540113,173.827160493827,6.3745870950803,0.765625,0.0442767142276308,0.768977272727273,0.697460317460317,NA,"muy facil"
"L0574",40536,3249,12.4764542936288,4.27945529899349,1.88161140714427,4.96446160507373,2.40227762388427,11.4788317788176,81.2173321918426,77.1341550412834,68.3104968460071,40536,6086,0.150138148806,94.1978793455939,0.847959069925607,106.0602778696,9.23874667510327,0.585113374958922,0.0387858551289007,0.812018672660291,0.721599525187297,-1.016487953707,"bastante facil"
"L0575",345,26,13.2692307692308,4.62028985507246,2.02608695652174,6.96618060200669,3,13.4928260869565,71.7401672240803,67.3405518394649,63.5754285529316,345,193,0.559420289855072,90.0700542782754,0.829991830136003,124.175593362739,6.94836072981332,0.756476683937824,0.0391678871403492,0.802500000000001,0.706382113821137,NA,"bastante facil"
"L0576",149427,12827,11.6494113978327,4.46450106071861,1.93932154162233,5.42250569490101,2.51539720901224,11.8372646362983,78.5983078768708,74.3658565590961,65.7111526900767,149427,13111,0.0877418404973666,101.812056633523,0.853484569788778,102.53056445655,9.556328393617,0.495004194950805,0.0394698210446651,0.823185743550201,0.730999209793214,-1.07198794983429,"bastante facil"
"L0577",69,4,17.25,4.47826086956522,1.91304347826087,8.28760869565217,1.75,13.7114130434783,74.4623913043478,70.4023913043478,14.8900062853551,69,53,0.768115942028985,63.1497002262443,0.834363985698108,109.220751942869,5.55251680494338,0.811320754716981,0.0338837090882172,0.832,NA,NA,"bastante facil"
"L0578",50472,3849,13.1130163678878,4.49589871611983,1.95791726105563,6.30219113686827,2.95765133800987,12.6275000639327,75.9896876414164,71.7437382683462,60.1504335736481,50472,8641,0.171203835790141,98.2381121571045,0.853823551968505,104.421967829899,9.66689588029196,0.607684295799097,0.0346533502796676,0.817332566487354,0.725449943422041,-0.977687021187915,"bastante facil"
"L0580",402,22,18.2727272727273,4.10199004975124,1.76616915422886,7.02673677069199,2.77272727272727,12.3771596562641,82.2316689280868,78.529934418815,84.4420553021338,402,203,0.504975124378109,75.9,0.82584858493464,125.615702581619,6.98060317391844,0.684729064039409,0.0437526255909516,0.819320113314447,0.718976897689769,NA,"bastante facil"
"L0581",2099,83,25.289156626506,4.70700333492139,2.03620771796093,13.3845640207328,6.8433734939759,18.3000221562764,58.8725971633078,54.6901025445278,55.8229714101256,2099,866,0.412577417818009,82.0538475572584,0.812916247231039,149.489275616398,8.09410960322894,0.772517321016166,0.0348407644919194,0.793941463414628,0.707610000000015,-1.0737134251669,"algo dificil"
"L0582",43213,2839,15.2212046495245,4.2038969754472,1.81443084257052,5.98095707911857,2.93342726312082,11.7565537556467,82.4485207032537,78.574753858332,68.6966069761771,43213,6013,0.139147941591651,83.9309381439513,0.845926826489987,106.243050117366,9.15192273779556,0.577082986861799,0.0398588283063239,0.798280974886396,0.704293037064491,-1.05187094369487,"bastante facil"
"L0583",54570,3019,18.0755216959258,4.53241707898113,1.96325820047645,8.955445289964,4.44286187479298,14.6259002270332,70.6074758415685,66.4484924143912,59.058749534715,54570,8621,0.157980575407733,97.8165144589989,0.833406937655462,128.757871064795,9.50544747270521,0.581023083169006,0.0357148648835186,0.812054070908346,0.727697306823791,-0.969153509543959,"bastante facil"
"L0584",54570,3019,18.0755216959258,4.53241707898113,1.96325820047645,8.955445289964,4.44286187479298,14.6259002270332,70.6074758415685,66.4484924143912,59.058749534715,54570,8621,0.157980575407733,97.8165144589989,0.833406937655462,128.757871064795,9.50544747270521,0.581023083169006,0.0357148648835186,0.812054070908346,0.727697306823791,-0.969153509543959,"bastante facil"
"L0586",59357,2138,27.7628624883068,4.27511498222619,1.81639907677275,12.5872228104388,5.33068288119738,16.6710254763581,69.5379356555622,65.910475028751,71.8565270495775,59357,6058,0.102060414104486,72.6086301062397,0.839271762229884,115.609133971219,8.99303898083303,0.5122152525586,0.0434978134824713,0.785706818641584,0.681226163555965,-1.08786111552445,"bastante facil"
"L0587",34439,3308,10.4108222490931,4.66717965097709,1.99300211968989,5.75782728064865,2.79111245465538,11.987645689487,76.6408341245318,72.260145694227,60.4465705005821,34439,6172,0.17921542437353,95.5230374275243,0.84217726943996,118.477151419318,9.41475711376156,0.577608554763448,0.0362706276652885,0.809306193660883,0.722004950495007,-0.941814094963204,"bastante facil"
"L0588",45635,4018,11.3576406172225,4.44213870932398,1.9432453160951,5.17129362952721,2.44673967147835,11.769774570639,78.6604876047269,74.4131761900526,64.0483974926806,45635,6074,0.133099594609401,84.4695209400378,0.848009439881145,105.448349345309,9.22233907547619,0.546427395456042,0.0403436783206165,0.803258017812399,0.706464335910003,-1.01927245011809,"bastante facil"
"L0590",26565,1753,15.1540216771249,4.5296066252588,1.96924524750612,7.48145804353141,3.58870507701084,13.5571623746509,73.2281830389656,68.996999403244,57.99771566931,26565,5171,0.194654620741577,96.5774173723401,0.845081515323213,112.347721509826,9.2654544307984,0.625797718042932,0.036309211025521,0.810874189168744,0.721260107307431,-1.00672403376759,"bastante facil"
"L0591",26565,1753,15.1540216771249,4.5296066252588,1.96924524750612,7.48145804353141,3.58870507701084,13.5571623746509,73.2281830389656,68.996999403244,57.99771566931,26565,5171,0.194654620741577,96.5774173723401,0.845081515323213,112.347721509826,9.2654544307984,0.625797718042932,0.036309211025521,0.810874189168744,0.721260107307431,-1.00672403376759,"bastante facil"
"L0592",11968,602,19.8803986710963,4.59625668449198,1.97317847593583,10.1585683195054,4.98837209302326,15.4468614977704,68.171284799332,64.0255822781015,58.347141377507,11968,3269,0.273145053475936,92.8856426624784,0.834002994656022,124.898710509666,9.06269998618269,0.672070969715509,0.0338904298285645,0.807237184327541,0.719679838234021,-1.00108013682489,"normal"
"L0593",89902,9264,9.70444732297064,4.51519432270695,1.95988965762719,4.68878892143504,2.15889464594128,11.3214324159594,79.3480842729383,75.0294270068552,64.5687752318128,89902,11326,0.125981624435496,110.937874537724,0.862146867209255,96.8054516602134,9.78817126728734,0.544146212254988,0.0366625509020314,0.825815053476158,0.740437290513696,-0.994201595361966,"bastante facil"
"L0594",131158,8378,15.655048937694,4.33582396803855,1.86898244864972,6.81925535830855,3.03807591310575,12.5694619797673,78.732903164569,74.7423445114285,70.2246475144448,131158,13050,0.099498315009378,85.0415186989023,0.841058390507537,117.537890988214,9.58771980653525,0.521992337164751,0.0382632494129186,0.800850284877643,0.709553178339536,-1.04152555590531,"bastante facil"
"L0595",75613,6316,11.9716592780241,4.3255657096002,1.87679367304564,4.92924413122898,2.40246991766941,11.2251124603679,82.021287153677,77.9390948912326,67.2972413071908,75613,8829,0.116765635538862,90.3899178325237,0.851059693598592,104.430274593996,9.4391422502705,0.55068524181674,0.0391872850358697,0.808014398390626,0.714618481341243,-1.02431755398986,"bastante facil"
"L0596",44231,3374,13.1093657379964,4.32653568763989,1.88245800456693,5.50266595778211,2.52341434499111,11.7356570917084,80.5209666732277,76.4485005774837,70.9037558238352,44231,5342,0.120775022043363,87.1172668797303,0.850903568775621,101.072768296528,9.09993615026576,0.530887308124298,0.0425349745212977,0.809488479471216,0.710964832774354,-1.02967615442431,"bastante facil"
"L0597",722,89,8.1123595505618,4.23961218836565,1.86565096952909,2.59475318248312,1.44943820224719,9.58850166516232,86.6263350866818,82.4925850477762,72.8541161958216,722,329,0.455678670360111,68.5516228592177,0.848173700985568,97.3365766069935,7.47874043175847,0.735562310030395,0.0417735266925877,0.788380386329865,0.694831460674159,-0.61384043492329,"muy facil"
"L0598",13802,1688,8.17654028436019,4.54151572235908,1.94399362411245,4.04880919449135,1.83530805687204,10.5379754754274,81.8603114632058,77.5476569334344,51.3623908628184,13802,2755,0.199608752354731,71.4363160798653,0.862936570866327,91.7425721647039,8.95874503858521,0.581488203266788,0.040831759258637,0.790051625099969,0.693090564110027,-1.00480389183493,"bastante facil"
"L0599",22611,1316,17.1816109422492,4.49962407677679,1.94688425987351,8.3540348727433,4.23860182370821,14.0840625339847,72.501701246495,68.3624996676309,59.5196772501293,22611,4581,0.202600504179382,77.810003967975,0.819124273699008,143.466581283439,9.10743428405235,0.609473913992578,0.0365693985845939,0.786429394557189,0.695004886282835,-0.915673712148813,"bastante facil"
"L0600",4339,242,17.9297520661157,4.74717676884075,2.04517169854805,9.89407861429777,4.74793388429752,15.5356293486521,65.8413509796789,61.4910511143406,53.3936059955779,4339,1479,0.340861949758009,72.9604205345685,0.836985111082205,122.308900111707,8.61520531817596,0.690331304935767,0.0353288100049907,0.780447552447559,0.689509433962272,-1.0141677969794,"normal"
"L0601",98962,7626,12.9769210595332,4.54306703583194,1.96912956488349,6.456306268535,2.99370574350905,12.7067280788431,75.4557666262667,71.1813070482254,59.5348391406353,98962,12384,0.125138942220246,88.1048333219191,0.848771247261214,108.801194069509,9.65843874892519,0.549903100775194,0.0361698330695304,0.804194190854577,0.71269301963324,-1.00710565716876,"bastante facil"
"L0602",167335,9846,16.9952264879139,4.60461349986554,2.01032061433651,8.75534282832363,4.18474507414178,14.7599215794572,68.8856321221372,64.5967992389215,53.1274532410918,167335,18009,0.107622434039502,68.8303296811959,0.825166493772091,137.608787322612,9.73438894825001,0.528513521017269,0.0354798136417221,0.774276986717546,0.679676265875685,-0.977942639242791,"normal"
"L0603",178291,13904,12.823000575374,4.52416554957906,1.94727720412135,6.29032002620436,2.9182249712313,12.3888412330278,76.9239071658374,72.6966296078658,63.4377707301101,178291,15305,0.0858428075449686,98.4108571860365,0.849241794694264,106.114642771537,9.66647119661753,0.491277360339758,0.0386698396408885,0.817851348167142,0.725202478225737,-1.05284661969863,"bastante facil"
"L0604",328,24,13.6666666666667,4.43292682926829,1.97560975609756,6.28241869918699,2.95833333333333,13.0521951219512,74.3634146341464,70.0878455284553,54.9399811072967,328,186,0.567073170731707,82.9440630761385,0.834979546740704,113.771564544914,6.9337234082228,0.763440860215054,0.0389219025606358,0.794551971326165,0.707903930131004,NA,"bastante facil"
"L0605",4087,408,10.0171568627451,4.4054318571079,1.91827746513335,4.32816247835077,2.07843137254902,10.9523652650441,81.525852091999,77.3091570594472,64.1450428821538,4087,1295,0.316858331294348,93.7891493287842,0.855746850566175,99.0518852587731,8.59140060446338,0.66023166023166,0.0382706296603848,0.817191679049073,0.725077733199601,-0.928253369761607,"bastante facil"
"L0606",20455,1069,19.1347053320861,4.66634074798338,1.99623563920802,10.1158175890447,5.09915809167446,15.4281156221682,67.5484622087912,63.3348143452545,56.9341650804816,20455,5027,0.245758983133708,68.0040711189309,0.81247177351735,159.272803796734,9.2324839687149,0.66719713546847,0.0327983024682095,0.769665784573149,0.68806690901941,-0.933041810918459,"normal"
"L0607",34049,1574,21.6321473951715,4.04164586331463,1.76915621604159,8.4222257137977,3.44472681067344,13.7225808334076,78.6258366944298,74.9844203454376,72.7143237598136,34049,4291,0.126024259155922,49.9992626917002,0.825637169172724,134.656419981451,8.77863495965882,0.546958750873922,0.043794895971664,0.731574705882334,0.623142562592039,-1.0800539866301,"bastante facil"
"L0608",66880,4759,14.0533725572599,4.58578050239234,1.97808014354067,7.1957124448979,3.48014288716117,13.2321609911113,73.8207513791547,69.5472345001563,59.1451301891908,66880,10020,0.149820574162679,85.6304560541062,0.839787197153179,118.106342002244,9.52601956433815,0.589321357285429,0.0354082980665606,0.800749652107424,0.707807310462576,-1.00223536601579,"bastante facil"
"L0609",14221,1035,13.7400966183575,4.42606005203572,1.91224245833626,6.28679115426699,2.77294685990338,12.3330986895273,78.0905539490996,73.9621982272933,62.6763109526678,14221,3106,0.218409394557345,78.1861782646195,0.83108795331575,124.635451559491,8.8888395911724,0.627817128139086,0.0383101552078553,0.787605136889643,0.690883019402324,-0.971514190275959,"bastante facil"
"L0610",16551,1565,10.5757188498403,4.6284212434294,1.98803697661773,5.6577234814726,2.44281150159744,11.9933666755269,76.7705481760993,72.4045775068754,59.9446961069583,16551,3642,0.220047127061809,83.8848690144673,0.8461571445124,113.506239738441,9.13268070856017,0.621636463481604,0.0369404787764667,0.801421645861088,0.70894055433986,-0.959563163390834,"bastante facil"
"L0611",239,16,14.9375,4.72803347280335,2.02510460251046,8.30778765690377,3.8125,14.1318593096234,70.0974738493724,65.7334832635983,50.9623730988414,239,143,0.598326359832636,81.6046895986503,0.82281491573312,122.8970081056,6.6260051633309,0.79020979020979,0.0394326805233294,0.768315789473684,0.664857142857143,NA,"bastante facil"
"L0612",42562,2880,14.7784722222222,4.57835628024999,1.97765612518209,7.52329419108855,3.66770833333333,13.5099464438153,73.1065908224081,68.8485511789338,63.4535292230399,42562,7324,0.172078379775387,87.9552350482063,0.837853618868933,122.660764712518,9.50677382629186,0.58205898416166,0.0356673148536401,0.799044057111855,0.71178720297667,-0.923391749991908,"bastante facil"
"L0613",8218,401,20.4937655860349,4.45595035288391,1.93538573862254,9.80440895510069,4.6359102244389,15.2401202942995,69.8132147848922,65.7667028977811,60.9376662258247,8218,2052,0.249695789729861,80.6039471784087,0.825802146685861,131.078867471288,8.62927682129768,0.647173489278752,0.0393196275508364,0.79383523075041,0.700870796896149,-0.957867468573104,"bastante facil"
"L0614",60730,4879,12.4472227915556,4.53909105878479,1.95549151984192,6.17273028265416,2.88194302111088,12.3392168228414,76.8143415620979,72.5606555222925,61.6383851918295,60730,7127,0.117355507986168,92.2014186198519,0.854756234425595,100.706403502976,9.33252903358349,0.542865160656658,0.0406668711904663,0.811964865443705,0.717302370074686,-1.04473035047191,"bastante facil"
"L0616",2325,147,15.8163265306122,4.67225806451613,2.00989247311828,8.48449874917709,4.12244897959184,14.2950985297345,70.1137985516788,65.802372394119,56.8378602703402,2325,922,0.396559139784946,122.263940868053,0.85282849052289,106.703665163603,8.40123090448783,0.698481561822126,0.035445071929247,0.834516695957817,0.746761006289307,-0.997993001505036,"bastante facil"
"L0617",41722,3381,12.3401360544218,4.34372752984037,1.89082498442069,5.19902469275904,2.49364093463472,11.5343878773886,80.8035621592484,76.6964674161693,70.4859632228036,41722,6069,0.145462825367911,88.4479415142371,0.843081644103234,113.596029090596,9.22526020217951,0.580820563519525,0.0392194515409194,0.804896215775131,0.712567330562385,-0.998312692404587,"bastante facil"
"L0618",86971,7975,10.9054545454545,4.69572616159409,1.99279070034839,6.13959749383546,2.81617554858934,12.1780575368383,76.1489943427328,71.7786848228406,59.5426902273002,86971,9926,0.11412999735544,103.665611570072,0.850837876702072,108.234919061437,9.58785089795631,0.523675196453758,0.0386352404981102,0.821781827385352,0.732607859839796,-1.00630007834362,"bastante facil"
"L0619",4324,185,23.372972972973,4.527289546716,1.96415356151711,11.5800202515189,5.95135135135135,16.7024714853614,65.1503538765407,61.0952601445109,61.6027932177023,4324,1472,0.340425531914894,81.9560461098834,0.81178354555002,151.716512873526,8.41775951366035,0.722146739130435,0.0354001319487364,0.792407017543895,0.699850887573968,-1.10535003758441,"normal"
"L0621",71240,5363,13.283609919821,4.4128439079169,1.91784110050533,5.9962997661991,2.88980048480328,12.2211328546931,78.2202518514625,74.0698895186967,63.4520133452364,71240,8359,0.117335766423358,81.1824421704624,0.843703560494449,113.625522192738,9.46816590627413,0.520038282091159,0.0395164286051786,0.797374668146143,0.700681463572366,-0.969824876592806,"bastante facil"
"L0622",41759,2901,14.3946914856946,4.69206638089993,2.00569937019565,7.86697839688594,3.76663219579455,13.6911822477295,71.8154524728527,67.4852377511166,61.2672808355852,41759,6958,0.166622763955076,108.936026340788,0.849899460985587,111.676836494131,9.46462714548976,0.582638689278528,0.0364504513223609,0.825334452169721,0.738068410945738,-0.998770802142096,"bastante facil"
"L0623",2090,151,13.841059602649,4.59665071770335,1.99090909090909,7.14075468170728,3.29801324503311,13.3007405177604,73.2675737507526,68.9603040337146,61.1561164812329,2090,862,0.41244019138756,102.557620817844,0.855002603442339,101.389620201003,8.33716965164709,0.74245939675174,0.0348930474791944,0.819206271435572,0.738508287292823,-0.967211601233482,"bastante facil"
"L0624",60197,4158,14.477392977393,4.47140222934698,1.94921673837567,6.86900098892075,3.16089466089466,13.0569407740161,75.1200548605192,70.921404221803,59.5935485166717,60197,6950,0.115454258517866,77.565292215454,0.838486163661589,118.078886831054,9.27841916967989,0.517122302158273,0.0410425610388217,0.794809469973952,0.695542613730898,-0.984297845303622,"bastante facil"
"L0625",3186,352,9.05113636363636,4.36440677966102,1.8954802259887,3.65192411402158,1.74147727272727,10.3066098484849,83.8790273497689,79.6954455572676,63.5397937422526,3186,1028,0.322661644695543,78.5702865486099,0.823160603249899,134.017746347111,8.18380471001448,0.690661478599222,0.0400279823126685,0.793433216448833,0.697207644962771,-0.987106909385049,"bastante facil"
"L0626",11622,634,18.3312302839117,4.94716916193426,2.07640681466185,11.0367818946662,5.12933753943218,16.0607802237354,63.5577362306992,59.1436251626552,46.7205719779775,11622,4590,0.394940629839959,137.833755626595,0.893798805935134,74.0846561720881,10.1521710880743,0.739869281045752,0.0244133952478468,0.836301736801154,0.772214701032703,-0.90569342050672,"normal"
"L0627",86046,4945,17.4006066734075,4.5403388885015,1.94638914069219,8.6552995015458,4.19049544994944,14.1636284627967,72.3080327515931,68.1743498614692,61.0026911605843,86046,10662,0.123910466494666,90.5731878276515,0.84471046917215,114.65523596033,9.63247242155995,0.53470268242356,0.0372416284356497,0.804224798539399,0.716601742934636,-0.993394065187539,"bastante facil"
"L0628",86046,4945,17.4006066734075,4.5403388885015,1.94638914069219,8.6552995015458,4.19049544994944,14.1636284627967,72.3080327515931,68.1743498614692,61.0026911605843,86046,10662,0.123910466494666,90.5731878276515,0.84471046917215,114.65523596033,9.63247242155995,0.53470268242356,0.0372416284356497,0.804224798539399,0.716601742934636,-0.993394065187539,"bastante facil"
"L0632",42953,2802,15.3294075660243,4.61334481875538,1.99736921751682,7.96355787934999,3.83904354032834,13.957425717448,71.361851231646,67.0694901826778,61.0317721267561,42953,7705,0.179382115335367,91.5728645697607,0.837419742501875,124.513698929319,9.51467452643929,0.594938351719663,0.0347651415851795,0.803929703524039,0.717601857469515,-0.955593953930022,"bastante facil"
"L0633",93424,6555,14.2523264683448,4.49723839698578,1.91098647028601,6.87815608397544,3.227765064836,12.5180476720294,77.6434387851279,73.5282164328369,61.205734393308,93424,13376,0.143175201233088,68.8510629664206,0.819838336750719,147.166443359507,9.76610789044878,0.540968899521531,0.0341678434924078,0.770559785809896,0.686614197696287,-0.905993785662086,"bastante facil"
"L0634",43081,5156,8.3555081458495,4.29927346161881,1.87660453564216,2.99733207714935,1.55391776570985,9.81258169745882,85.7211095527038,81.5670292836438,68.281640435773,43081,5799,0.134606903275226,96.7701479694957,0.863666655859766,91.7236512959418,9.34330482433035,0.529746508018624,0.0405526237067608,0.816610429447818,0.727457075054657,-1.00291150100788,"muy facil"
"L0635",93424,6555,14.2523264683448,4.49723839698578,1.91098647028601,6.87815608397544,3.227765064836,12.5180476720294,77.6434387851279,73.5282164328369,61.205734393308,93424,13376,0.143175201233088,68.8510629664206,0.819838336750719,147.166443359507,9.76610789044878,0.540968899521531,0.0341678434924078,0.770559785809896,0.686614197696287,-0.905993785662086,"bastante facil"
"L0636",165843,8954,18.5216662943936,4.52957315050982,1.98908606332495,9.16512268609804,4.51329014965379,15.1046654020479,68.6027365802214,64.3932719604619,57.4722673860339,165843,18459,0.111304064687687,73.891453399567,0.82372347218742,139.66432067299,9.76461201034331,0.542662116040956,0.0349965364728821,0.781990542480655,0.69103732261794,-0.973622528012072,"normal"
"L0637",88209,5411,16.3017926446128,4.59846500923942,1.96101304855514,8.37966651582408,4.05451857327666,13.9076531043496,72.5513885891868,68.3620944304022,57.3839600522346,88209,11821,0.134011268691403,80.2892015384433,0.836676070758888,123.099158504549,9.6409555676449,0.541240165806615,0.0356879217406182,0.791748865698653,0.703717966178698,-0.976386907201162,"bastante facil"
"L0638",7210,231,31.2121212121212,4.46061026352289,1.92163661581137,15.1855349472534,7.15584415584416,19.2580393393015,59.705439414954,55.9049176228303,55.7602255577409,7210,2131,0.295561719833564,62.8526733958969,0.814792069624737,140.751499016045,8.63746638420209,0.694040356640075,0.0355659598994989,0.764717218265613,0.668093095204597,-1.04091154387993,"normal"
"L0639",212659,20753,10.2471449910856,4.19623434700624,1.82217540757739,3.45783626994221,2.04992049342264,9.90805635593658,87.0573876544493,83.066327116843,58.9430437989925,212659,14199,0.0667688647082889,49.4771548101266,0.821474470466288,136.756876771246,9.13472574621291,0.507359673216424,0.0414112574933432,0.736843892573308,0.644254798644972,-1.16496964029257,"muy facil"
"L0640",5145,254,20.255905511811,4.38289601554908,1.89601554907677,9.34139298914166,4.47637795275591,14.6827866287122,72.4180434333464,68.457325780706,63.6507684055602,5145,1551,0.301457725947522,79.8922215843858,0.822940128298978,130.095453425018,8.43239690874272,0.697614442295293,0.0378074023758328,0.792083987441164,0.697116527942922,-1.06662238647257,"bastante facil"
"L0643",34233,3103,11.0322268772156,4.38784214062454,1.88867467063944,4.7528499209494,2.14147599097647,10.9989295956595,82.2666483468736,78.1383411419472,67.3143394291297,34233,5331,0.155726930155113,91.5034667006889,0.852636786732622,101.81310197305,9.24761005643298,0.570999812417933,0.0392796445395673,0.810699157500524,0.716932677096112,-0.981153962272129,"bastante facil"
"L0646",35572,2526,14.0823436262866,4.3852468233442,1.92856741257169,6.26568435109451,3.01900237529691,12.6592094825977,76.7619647468865,72.6029065704974,66.7595135032019,35572,5584,0.156977397953447,90.5237884138061,0.847295122509913,109.271254817052,9.27090618265764,0.565007163323782,0.0388248406242821,0.808722236297546,0.714746708764375,-0.961338482258474,"bastante facil"
"L0647",199,30,6.63333333333333,4.80402010050251,2.09045226130653,4.5136013400335,1.56666666666667,11.6643366834171,74.646864321608,69.9664907872697,58.3867859093895,199,114,0.57286432160804,55.4470596792147,0.821533241656745,125.754400141411,6.41230926227927,0.675438596491228,0.0457825532447798,0.760533333333334,0.6888,NA,"bastante facil"
"L0648",113419,6445,17.5979829325058,4.37640077941086,1.86706812791508,7.98183913727804,3.81799844840962,13.3046172530752,76.8659697339395,72.918672698385,66.9927833827979,113419,11164,0.098431479734436,88.1673899323558,0.843404825629472,115.681640966851,9.50365819037288,0.507345037620924,0.039407904084803,0.804537002734516,0.710956318390402,-1.04331004405223,"bastante facil"
"L0649",113419,6445,17.5979829325058,4.37640077941086,1.86706812791508,7.98183913727804,3.81799844840962,13.3046172530752,76.8659697339395,72.918672698385,66.9927833827979,113419,11164,0.098431479734436,88.1673899323558,0.843404825629472,115.681640966851,9.50365819037288,0.507345037620924,0.039407904084803,0.804537002734516,0.710956318390402,-1.04331004405223,"bastante facil"
"L0650",276,15,18.4,4.2536231884058,1.77536231884058,7.8045652173913,3.86666666666667,12.5352753623188,81.5502608695652,77.8299275362319,60.5702151204959,276,161,0.583333333333333,64.3039927404719,0.82629255854527,123.660995589162,6.75019089842062,0.807453416149068,0.0392886449448927,0.790396475770926,0.716440677966101,NA,"bastante facil"
"L0651",60412,4406,13.7113027689514,4.40410845527379,1.90760113884659,6.16900220881525,2.97684975034044,12.2671015182808,78.3984028448744,74.2801462809062,66.0024930854098,60412,8313,0.137605111567238,81.8374268114319,0.843190631118782,115.479733331181,9.46039267356759,0.561650427041982,0.0376814466309296,0.794426718353839,0.704831130933621,-0.997721738548002,"bastante facil"
"L0652",38414,3588,10.70624303233,4.56206070703389,1.9701150622169,5.41042744629464,2.47519509476031,11.8327925167681,77.7127283740094,73.3905885915571,60.3306526250836,38414,6443,0.167725308481283,109.086926661657,0.86708387762418,90.4511780903363,9.54840425269368,0.586683222101505,0.0368930542386821,0.826878665450264,0.741328983426847,-0.992938112265515,"bastante facil"
"L0653",9204,519,17.7341040462428,4.43405041286397,1.93187744458931,8.32142946771069,4.06743737957611,14.1224544241885,72.8385671974739,68.7449311558433,60.3383043982738,9204,2990,0.324858757062147,84.392456058056,0.826123634620125,136.179761232244,9.03621943625292,0.74180602006689,0.0310763053352575,0.791224467504104,0.709028006589758,-1.02396237603303,"bastante facil"
"L0654",27186,1991,13.6544450025113,4.57345692635916,1.97116162730817,6.93820462440727,3.38573581115018,12.9949407532159,74.6427684589481,70.3771856161895,58.9049034330523,27186,5908,0.217317737070551,85.1971777393552,0.828307075308471,132.250833035895,9.36761069777524,0.621191604603927,0.0337125933084564,0.796121899988896,0.706494628419485,-0.926888383565118,"bastante facil"
"L0655",10432,709,14.7136812411848,4.33435582822086,1.84614647239264,6.34165657151263,3.1311706629055,11.9328640582952,81.0632567904333,77.1063935287539,64.5649853204216,10432,2455,0.235333588957055,45.0021144503246,0.83404635765376,121.254887039407,8.80222438691913,0.603665987780041,0.0389115789126758,0.727136665703545,0.634477886383413,-0.976276967955428,"bastante facil"
"L0656",23954,1904,12.5808823529412,4.68836102529849,2.02817900976872,6.94262160562647,3.14390756302521,13.249056432918,72.3167594138766,67.8985653384674,59.2036753608552,23954,5160,0.215412874676463,92.454865256161,0.853469577666777,106.007256442483,9.41532284015147,0.62577519379845,0.0347635439832057,0.808435055427702,0.722360511423151,-0.969856564756753,"bastante facil"
"L0657",96446,6012,16.042248835662,4.59441552786015,1.98237355618688,8.23082155405231,4.04940119760479,14.0584850089134,71.5344928164118,67.2908786138953,61.1821785245213,96446,10854,0.11253965949858,88.447703918698,0.845554922886254,109.968105122241,9.52464449497175,0.522572323567348,0.0381874571205744,0.804236231417977,0.710636864666303,-1.00572260710079,"bastante facil"
"L0658",49582,2127,23.3107663375646,4.6581017304667,2.01772820781735,12.1650423192805,6.13446168312177,17.310391723895,61.9993258666429,57.8197663154143,55.8411601419004,49582,9104,0.183615021580412,88.3506281926598,0.819808968670657,143.834231839426,9.57185689818406,0.578207381370826,0.0333888018928873,0.797262834877652,0.71282824404335,-0.896549310307505,"normal"
"L0659",49582,2127,23.3107663375646,4.6581017304667,2.01772820781735,12.1650423192805,6.13446168312177,17.310391723895,61.9993258666429,57.8197663154143,55.8411601419004,49582,9104,0.183615021580412,88.3506281926598,0.819808968670657,143.834231839426,9.57185689818406,0.578207381370826,0.0333888018928873,0.797262834877652,0.71282824404335,-0.896549310307505,"normal"
"L0660",121628,5842,20.8195823348168,4.398164896241,1.89994902489558,9.69514782870352,4.61143444026018,14.9490356043465,71.6070845247518,67.6485934141883,62.7282457286391,121628,12042,0.099006807642977,95.7854285056157,0.835550933016782,121.478252308457,9.49719004219905,0.503404750041521,0.0388410466988402,0.808814515664885,0.720974746768245,-1.03162932966994,"bastante facil"
"L0661",121628,5842,20.8195823348168,4.398164896241,1.89994902489558,9.69514782870352,4.61143444026018,14.9490356043465,71.6070845247518,67.6485934141883,62.7282457286391,121628,12042,0.099006807642977,95.7854285056157,0.835550933016782,121.478252308457,9.49719004219905,0.503404750041521,0.0388410466988402,0.808814515664885,0.720974746768245,-1.03162932966994,"bastante facil"
"L0662",155,10,15.5,4.5741935483871,1.93548387096774,7.86445161290323,3.6,13.2937096774194,74.9009677419355,70.7543548387097,74.9553248666567,155,113,0.729032258064516,160.166666666667,0.855307933735608,109.053069719043,6.46473977048161,0.858407079646018,0.028609013006061,0.810943396226415,0.749107142857143,NA,"bastante facil"
"L0663",155,10,15.5,4.5741935483871,1.93548387096774,7.86445161290323,3.6,13.2937096774194,74.9009677419355,70.7543548387097,74.9553248666567,155,113,0.729032258064516,160.166666666667,0.855307933735608,109.053069719043,6.46473977048161,0.858407079646018,0.028609013006061,0.810943396226415,0.749107142857143,NA,"bastante facil"
"L0664",153894,7456,20.6402896995708,4.42657933382718,1.91383679675621,9.73933351211142,4.76649678111588,15.0429871845559,70.9566967010652,66.9626778625174,64.5037450688449,153894,13732,0.089230249392439,85.6500835791117,0.822071997921199,137.265787278828,9.44820206043961,0.495266530731139,0.0390038803059103,0.796295102213543,0.707395494001713,-1.05254622802148,"bastante facil"
"L0665",153894,7456,20.6402896995708,4.42657933382718,1.91383679675621,9.73933351211142,4.76649678111588,15.0429871845559,70.9566967010652,66.9626778625174,64.5037450688449,153894,13732,0.089230249392439,85.6500835791117,0.822071997921199,137.265787278828,9.44820206043961,0.495266530731139,0.0390038803059103,0.796295102213543,0.707395494001713,-1.05254622802148,"bastante facil"
"L0666",191482,7051,27.1567153595235,4.21567040243992,1.81405040682675,12.0041652752537,5.21032477662743,16.4069137907698,70.297125923681,66.6629442951699,68.4860635616052,191482,14580,0.0761429272725374,76.3544628217733,0.828859315276313,130.311626533206,9.34283853692536,0.507887517146776,0.0400837035261862,0.784593042996862,0.692557437180836,-1.11435308256304,"bastante facil"
"L0667",191482,7051,27.1567153595235,4.21567040243992,1.81405040682675,12.0041652752537,5.21032477662743,16.4069137907698,70.297125923681,66.6629442951699,68.4860635616052,191482,14580,0.0761429272725374,76.3544628217733,0.828859315276313,130.311626533206,9.34283853692536,0.507887517146776,0.0400837035261862,0.784593042996862,0.692557437180836,-1.11435308256304,"bastante facil"
"L0668",191482,7051,27.1567153595235,4.21567040243992,1.81405040682675,12.0041652752537,5.21032477662743,16.4069137907698,70.297125923681,66.6629442951699,68.4860635616052,191482,14580,0.0761429272725374,76.3544628217733,0.828859315276313,130.311626533206,9.34283853692536,0.507887517146776,0.0400837035261862,0.784593042996862,0.692557437180836,-1.11435308256304,"bastante facil"
"L0669",44978,2219,20.2694907616043,4.57623727155498,1.98594868602428,10.2588229298261,5.14240648940964,15.7492958921122,67.0081982617069,62.8409060990831,58.289118391305,44978,8933,0.198608208457468,89.8592333797907,0.824113322090147,139.168763849254,9.62110318586374,0.592298220082839,0.0324244573783669,0.796668076298051,0.712837184429203,-0.915015151177756,"normal"
"L0670",44978,2219,20.2694907616043,4.57623727155498,1.98594868602428,10.2588229298261,5.14240648940964,15.7492958921122,67.0081982617069,62.8409060990831,58.289118391305,44978,8933,0.198608208457468,89.8592333797907,0.824113322090147,139.168763849254,9.62110318586374,0.592298220082839,0.0324244573783669,0.796668076298051,0.712837184429203,-0.915015151177756,"normal"
"L0671",44978,2219,20.2694907616043,4.57623727155498,1.98594868602428,10.2588229298261,5.14240648940964,15.7492958921122,67.0081982617069,62.8409060990831,58.289118391305,44978,8933,0.198608208457468,89.8592333797907,0.824113322090147,139.168763849254,9.62110318586374,0.592298220082839,0.0324244573783669,0.796668076298051,0.712837184429203,-0.915015151177756,"normal"
"L0672",28000,2020,13.8613861386139,4.318,1.89253571428571,5.83847306930693,2.67524752475248,12.1478620226308,79.149243281471,75.0686388613861,68.3194923788935,28000,4221,0.15075,78.2644790402057,0.845117407952914,108.344056122449,9.06186834303175,0.548922056384743,0.0415499703900246,0.794757253765483,0.696611590982353,-0.961032241692809,"bastante facil"
"L0673",7774,560,13.8821428571429,4.46616928222279,1.92101878055055,6.54672874784079,3.28035714285714,12.4920573247822,77.4190874526811,73.2733871145577,67.2912523372401,7774,2094,0.269359403138667,88.5741651512039,0.827839585307791,130.500704590824,8.69353322709453,0.655205348615091,0.0376338465039152,0.804900970873802,0.712652768729623,-0.995287243083535,"bastante facil"
"L0674",19465,1606,12.1201743462017,3.64520935011559,1.64294888260981,1.79902321214531,1.62515566625156,8.52366480981447,95.9004892102855,92.3591102672069,66.1663265106562,19465,5504,0.282763935268431,192.982250823912,0.907452116926507,56.9709811962681,9.94902674934677,0.742005813953488,0.0298176338418504,0.87696435929123,0.801745326861561,-1.00220439918356,"muy facil"
"L0675",64475,6905,9.33743664011586,4.4937882900349,1.93228383094223,4.4044611661223,2.08616944243302,10.8525494947634,81.3787847705483,77.1162806921835,65.6948960264534,64475,8974,0.139185730903451,79.3415815473376,0.854294870628882,103.553698926261,9.64835241686638,0.556942277691108,0.0370253440676758,0.793029211808829,0.704750528147146,-0.983129261354565,"bastante facil"
"L0676",10695,876,12.208904109589,4.48302945301543,1.9312762973352,5.78952077849719,2.54223744292237,11.9605329112951,78.510339968107,74.3075825664278,64.3927699747305,10695,2405,0.224871435250117,73.0474372301295,0.842859140122232,110.905967034881,8.82544597133201,0.600831600831601,0.039919540407348,0.780832237460081,0.683909022272537,-0.952291784662096,"bastante facil"
"L0677",10695,876,12.208904109589,4.48302945301543,1.9312762973352,5.78952077849719,2.54223744292237,11.9605329112951,78.510339968107,74.3075825664278,64.3927699747305,10695,2405,0.224871435250117,73.0474372301295,0.842859140122232,110.905967034881,8.82544597133201,0.600831600831601,0.039919540407348,0.780832237460081,0.683909022272537,-0.952291784662096,"bastante facil"
"L0678",34770,7510,4.62982689747004,4.50189818809318,1.90077653149267,2.08885391465391,0.986151797603196,8.64479556162678,88.0709846750206,83.7867951905369,68.4233562405069,34770,5738,0.165027322404372,76.6322920927322,0.862488571065449,92.0389040797206,9.36952264462245,0.594806552805856,0.0379412111773724,0.789077503528066,0.695996365838854,-0.983424261572847,"muy facil"
"L0679",119160,5305,22.4618284637135,4.34785162806311,1.85576535750252,10.279295400034,4.58360037700283,15.068144319378,72.5830135168612,68.7589897638797,66.5573371809333,119160,13670,0.114719704598859,101.92735301069,0.84451182392281,113.671682250183,9.63732552826727,0.551499634235552,0.0364946754142281,0.814762364517197,0.730050058373456,-1.04974089140451,"bastante facil"
"L0680",3182,329,9.67173252279635,4.40006285355123,1.93117536140792,4.13016230162445,1.97872340425532,10.969844948504,81.1043111422726,76.8510424614903,75.2348773085117,3182,1106,0.347580138277813,78.0245706926159,0.843746455896963,111.69838512595,8.43972232993132,0.672694394213382,0.0374071619870701,0.792965209064799,0.699912422964656,-0.973992942623636,"bastante facil"
"L0681",20695,2077,9.96389022628792,4.29374244986712,1.85064025126842,3.77547205201808,1.9740009629273,10.1334721532197,85.638416893081,81.5762221196894,66.5623751265707,20695,3939,0.190335829910606,85.9923111828607,0.850080517165929,105.406559132247,9.04835213719896,0.627062706270627,0.0386799414768897,0.802451806645331,0.711073509419266,-1.02652670556403,"muy facil"
"L0682",1068,97,11.0103092783505,4.08333333333333,1.82022471910112,3.30765463917525,1.77319587628866,10.18267230395,86.3960013900151,82.4246907216495,73.8203721205795,1068,388,0.363295880149813,69.614848265896,0.82309870355724,126.1765489767,7.46239643907338,0.646907216494845,0.0479424157405954,0.781393523061827,0.672507739938082,-0.772454287765547,"muy facil"
"L0683",83043,5345,15.5365762394761,4.49188974386763,1.94548607348,7.49508881335463,3.57848456501403,13.4260004004597,74.2635278269341,70.0946413827196,62.1524639161552,83043,10730,0.1292101682261,84.1375554323725,0.841419806422891,118.147116769702,9.57477908889776,0.544547996272134,0.0367239717600278,0.796224305371377,0.706890552662073,-1.00281185257578,"bastante facil"
"L0684",33569,2839,11.8242338851708,4.51738210849295,1.87321636033245,5.75898667358723,2.81261007396971,11.1254042671395,82.3862998171788,78.3093868661176,63.3168817992563,33569,5398,0.160803121927969,109.107307300309,0.854755600266727,102.983379401344,9.33759783422178,0.57595405705817,0.0387473606089486,0.825810859188509,0.742302659097684,-0.983445407728769,"bastante facil"
"L0685",1929,126,15.3095238095238,4.55832037325039,1.98548470710213,7.69445086277124,3.5,13.8094338295194,72.0952032881582,67.8297789380138,63.8205727157776,1929,688,0.356661482633489,77.4515930232558,0.839387755578406,114.097103471851,8.0066409963677,0.690406976744186,0.0414830789123281,0.792893617021266,0.689868852459026,-0.861956686624512,"bastante facil"
"L0686",17008,1958,8.68641470888662,4.73635936030103,2.01575729068674,5.22145994146118,2.22216547497446,11.5836377665693,77.0344195557315,72.5669060813298,52.5850478940991,17008,4203,0.247119002822201,88.5391074562704,0.878616918311671,81.1552269354292,9.52206735013081,0.654532476802284,0.0339188388252208,0.811117400790115,0.723744751315849,-0.97151580693285,"bastante facil"
"L0687",76426,7024,10.88069476082,4.67389370109649,2.00308795436108,6.02438671257447,2.79328018223235,12.2899088181806,75.5564140822987,71.1619256824846,58.5253807352117,76426,10642,0.139245806400963,97.3419649172437,0.846748480629413,113.829380651553,9.71376826597977,0.550084570569442,0.0359060764033128,0.811981355643555,0.72611919766272,-0.954797381611224,"bastante facil"
"L0688",76426,7024,10.88069476082,4.67389370109649,2.00308795436108,6.02438671257447,2.79328018223235,12.2899088181806,75.5564140822987,71.1619256824846,58.5253807352117,76426,10642,0.139245806400963,97.3419649172437,0.846748480629413,113.829380651553,9.71376826597977,0.550084570569442,0.0359060764033128,0.811981355643555,0.72611919766272,-0.954797381611224,"bastante facil"
"L0689",26529,1393,19.0445082555635,4.33110935202985,1.85468732330657,8.49177917584237,3.97272074659009,13.7226686346873,76.133362180931,72.2434715024372,64.243946572053,26529,5197,0.195898827697991,80.9537510297353,0.833285050652644,123.003005958439,9.17970242692878,0.621897248412546,0.0361774785295001,0.792486404833765,0.699676125614798,-1.00535447080559,"bastante facil"
"L0690",2340,156,15,4.00384615384615,1.77521367521368,4.92811538461538,2.47435897435897,11.2075213675214,85.0271794871795,81.239188034188,67.758902545778,2340,703,0.30042735042735,54.9309507723666,0.804664482599145,147.289794725692,7.75602434049163,0.64153627311522,0.0460075953660044,0.742007856831081,0.642637215528786,-0.98688927869619,"muy facil"
"L0691",2811,312,9.00961538461539,4.10103166133049,1.79295624332978,2.39066681717429,1.47435897435897,9.08063367129136,90.0728177079058,86.1242106559396,73.7022807235327,2811,893,0.317680540732835,84.6016772289567,0.848582005606575,103.081341393856,8.23651739604953,0.655095184770437,0.041868382675612,0.799797248370747,0.701991150442494,-0.874796539154812,"muy facil"
"L0692",139,2,69.5,4.34532374100719,1.90647482014388,33.7864748201439,15,34.0114028776978,21.5615107913669,18.561618705036,68.9951020676506,139,88,0.633093525179856,46.5721649484536,0.803281678687183,149.060607629005,6.06442648721872,0.772727272727273,0.0432295243513005,0.764888888888889,0.69875,NA,"muy dificil"
"L0693",51265,3342,15.3396169958109,4.37427094508924,1.89214863942261,6.84262464927578,3.19359664871335,12.719804573553,77.6646722989164,73.6145227681607,64.7850836400305,51265,6672,0.130147273968595,81.6196728474411,0.843859916402893,111.432926801717,9.22088397193414,0.565647482014389,0.0399219374584777,0.793545376444758,0.701057733651215,-1.0523406387154,"bastante facil"
"L0694",5376,357,15.0588235294118,4.94903273809524,2.12220982142857,9.40935596113445,4.50420168067227,15.3250170693277,64.1474107142857,59.5625045955882,47.2524837063438,5376,1486,0.27641369047619,61.4613756677561,0.802338364395329,166.769914345947,8.30908292200717,0.642664872139973,0.0401284389967155,0.763138727238611,0.669880613985217,-1.01579946051007,"normal"
"L0695",89941,6117,14.7034494033023,4.53917568183587,1.9092293837071,7.30124216309809,3.49975478175576,12.6732519950316,77.2887185862059,73.1865599917456,66.1998618482406,89941,8129,0.0903814722985068,93.9826466268856,0.85064259909627,106.49211550217,9.27778407148787,0.52109730594169,0.0425366097494091,0.814410626084544,0.721510095501044,-1.10539612740405,"bastante facil"
"L0696",3511,176,19.9488636363636,4.51951011107946,1.87354030190829,9.83132444136609,4.54545454545455,14.2978323806996,74.0797409764118,70.16457555475,67.6546440232764,3511,1422,0.405012816861293,78.4536545940735,0.864405694016932,94.9159175122886,8.82301788025306,0.741912798874824,0.0312274257890545,0.791802426343168,0.70122801875734,-1.0304087003267,"bastante facil"
"L0697",1627,107,15.2056074766355,4.33374308543331,1.89244007375538,6.58473367070866,3.05607476635514,12.6709797862013,77.7838759485091,73.7303759284044,66.8102013418441,1627,672,0.413030116779348,105.247680812524,0.850438652204041,100.463558821652,8.09314215188162,0.729166666666667,0.037236294672323,0.827110266159688,0.737571989528807,-0.909037584454122,"bastante facil"
"L0698",119160,5305,22.4618284637135,4.34785162806311,1.85576535750252,10.279295400034,4.58360037700283,15.068144319378,72.5830135168612,68.7589897638797,66.5573371809333,119160,13670,0.114719704598859,101.92735301069,0.84451182392281,113.671682250183,9.63732552826727,0.551499634235552,0.0364946754142281,0.814762364517197,0.730050058373456,-1.04974089140451,"bastante facil"
"L0699",27282,2887,9.44994804295116,4.39835789165017,1.87383622901547,4.01123969114789,1.94319362660201,10.2067472391335,84.7708792552617,80.6450548893852,62.2416088227403,27282,4773,0.17495051682428,92.0482819455052,0.864429210835069,93.223375772297,9.27559733116822,0.611146029750681,0.0384756242629816,0.811023390739154,0.725550160026473,-1.02573865873271,"muy facil"
"L0700",2890,338,8.55029585798817,4.8522491349481,2.04982698961938,5.69924135459962,1.77810650887574,11.932573862124,75.1290788476895,70.5804826887247,41.0991700844673,2890,1083,0.374740484429066,66.3116438356164,0.83636784907237,112.886579423139,8.33787825470475,0.746075715604801,0.0355882459414633,0.784892643435407,0.694457183805106,-1.05209304525274,"bastante facil"
"L0702",218424,9458,23.0941002326073,4.64714958063217,1.96568142694942,12.0051246410812,6.09949249312751,16.61173992872,65.3431321457754,61.2789468684439,50.7103992804892,218424,27724,0.126927443870637,73.3511013588798,0.841952546345991,131.661659149829,10.3210485510552,0.576936949935074,0.0314452235063825,0.778538935317529,0.696065361273367,-0.961964026831935,"normal"
"L0703",8486,473,17.9408033826638,4.34173933537591,1.85328776808862,7.98999396095248,3.91966173361522,13.2757089826846,77.3431144643659,73.4343686654153,62.7955408375596,8486,2209,0.260311100636342,63.9288706007623,0.815161118219246,140.289292108242,8.6114325712928,0.655500226346763,0.0378696721270586,0.765810122081312,0.670852509836641,-1.03495818743584,"bastante facil"
"L0704",11073,724,15.2941988950276,4.58854872211686,1.99006592612661,7.82916392868423,3.98342541436464,13.8575154973548,71.835961559475,67.5596939072843,57.1765023656292,11073,3004,0.271290526505915,83.6526734357375,0.822438072181544,138.677071186464,8.93801432609975,0.676098535286285,0.0346394312496972,0.795649492017426,0.703879168944756,-0.982892555997677,"bastante facil"
"L0705",682527,48651,14.0290435962262,4.53511289663266,1.95143781857714,6.94490354125292,3.24168054099607,12.9082932617385,75.4441064172209,71.231380306418,60.043747609459,682527,33326,0.0488273723969894,100.956202459671,0.851541959413704,106.977320877194,9.90729290878566,0.442327312008642,0.0385268504375741,0.817024695303307,0.729028439629927,-1.13346805229891,"bastante facil"
"L0706",38548,2031,18.9798129000492,4.15671370758535,1.73910449309951,7.63802801275161,3.43820777941901,12.3335600495934,83.134321255979,79.5089771798512,77.7881858356434,38548,4495,0.116607865518315,81.074316552998,0.838779797198656,114.754974679119,8.90103773614932,0.524360400444939,0.0443751523269813,0.798282033299475,0.697810606257591,-1.03042326188134,"bastante facil"
"L0707",38548,2031,18.9798129000492,4.15671370758535,1.73910449309951,7.63802801275161,3.43820777941901,12.3335600495934,83.134321255979,79.5089771798512,77.7881858356434,38548,4495,0.116607865518315,81.074316552998,0.838779797198656,114.754974679119,8.90103773614932,0.524360400444939,0.0443751523269813,0.798282033299475,0.697810606257591,-1.03042326188134,"bastante facil"
"L0709",94162,8236,11.4329771733851,4.44664514347614,1.92991865083579,5.23018721246518,2.46818844099077,11.6419011774826,79.3832442329995,75.1680908795449,61.981295398716,94162,11676,0.123999065440411,98.0858423864687,0.857058665194057,100.041334949974,9.73013325479809,0.55686879068174,0.0366451955448846,0.81420802652128,0.726002679055545,-1.00951045625841,"bastante facil"
"L0710",831,107,7.76635514018692,4.45968712394705,1.87244283995187,3.45830392388407,1.61682242990654,9.53370401610491,86.5717473598974,82.4154559308119,71.4285780552747,831,408,0.490974729241877,60.8613199665831,0.867293142551128,86.5383362222888,7.80523971430886,0.745098039215686,0.0362433503818838,0.768056265984655,0.694139344262296,-0.684390118543366,"muy facil"
"L0711",104,8,13,4.48076923076923,1.79807692307692,6.17442307692308,2.5,10.6973076923077,85.6953846153846,81.8148076923077,80.6282025687097,104,62,0.596153846153846,48.0606060606061,0.773306161284318,142.381656804734,5.67987274230054,0.661290322580645,0.0552158963418961,0.722545454545454,0.6,NA,"muy facil"
"L0712",39652,2874,13.7967988865692,4.35960355089277,1.86727025118531,6.00213216798955,3.01356993736952,11.8245405297487,80.7310500645806,76.7072644645858,68.5182375419564,39652,6482,0.16347220821144,89.9354360521469,0.84746412871046,110.204797067891,9.39513748614317,0.583770441221845,0.0371998917837824,0.804246142968912,0.715953277880272,-0.981872621019857,"bastante facil"
"L0713",217996,10359,21.0441162274351,4.62148846767831,1.94909998348594,10.8592687964824,5.21411333140265,15.6165851338337,68.4290024388601,64.3619548013911,59.1106351009128,217996,16774,0.0769463659883668,83.9137061069762,0.829825858483375,136.297680771284,9.6114173568257,0.47704781209014,0.0390824453495116,0.795375572960221,0.706357728651793,-1.04294033709334,"normal"
"L0714",189972,11215,16.9390994204191,4.34157665340155,1.87825574295159,7.48837574773086,3.7393669193045,13.1796665407922,76.866774014077,72.8805677936967,62.2943595462971,189972,22126,0.116469795548818,73.8310104295163,0.823077403049949,143.938628092937,9.95886604774857,0.53593057940884,0.0335116204315425,0.778231704427651,0.696369257345616,-0.971397834285866,"bastante facil"
"L0715",189972,11215,16.9390994204191,4.34157665340155,1.87825574295159,7.48837574773086,3.7393669193045,13.1796665407922,76.866774014077,72.8805677936967,62.2943595462971,189972,22126,0.116469795548818,73.8310104295163,0.823077403049949,143.938628092937,9.95886604774857,0.53593057940884,0.0335116204315425,0.778231704427651,0.696369257345616,-0.971397834285866,"bastante facil"
"L0716",37858,3425,11.0534306569343,4.52271646679698,1.96420835754662,5.39870988708092,2.74978102189781,11.8984965752545,77.7129992771297,73.4113886679112,58.9038153084575,37858,6158,0.162660468064874,89.2888010403654,0.847653567086698,108.527870095637,9.38662582105167,0.562520298798311,0.0376305228111851,0.805053294189158,0.714554146031368,-0.95459836620233,"bastante facil"
"L0717",37858,3425,11.0534306569343,4.52271646679698,1.96420835754662,5.39870988708092,2.74978102189781,11.8984965752545,77.7129992771297,73.4113886679112,58.9038153084575,37858,6158,0.162660468064874,89.2888010403654,0.847653567086698,108.527870095637,9.38662582105167,0.562520298798311,0.0376305228111851,0.805053294189158,0.714554146031368,-0.95459836620233,"bastante facil"
"L0718",8558,736,11.6277173913043,4.23323206356625,1.82472540313157,4.32238171504923,2.17527173913043,10.4765695395613,85.4962040729752,81.5268899935987,74.1397602160536,8558,2721,0.317948118719327,85.7906152584085,0.846622046545338,116.492000121683,9.12319388664354,0.70856302829842,0.0321817230554675,0.795787989187933,0.709405367064634,-0.994403326871437,"muy facil"
"L0719",8558,736,11.6277173913043,4.23323206356625,1.82472540313157,4.32238171504923,2.17527173913043,10.4765695395613,85.4962040729752,81.5268899935987,74.1397602160536,8558,2721,0.317948118719327,85.7906152584085,0.846622046545338,116.492000121683,9.12319388664354,0.70856302829842,0.0321817230554675,0.795787989187933,0.709405367064634,-0.994403326871437,"muy facil"
"L0720",608796,49496,12.2999030224665,4.39482519596055,1.89294279200258,5.41957818420743,2.6692055923711,11.5436871243923,80.7175313969297,76.6047610357731,65.6094701601151,608796,28453,0.0467365094383012,92.4459798481484,0.845140913604707,111.151003331094,9.77204509581688,0.43018310898675,0.0397590913975529,0.808476920627366,0.719273497322589,-1.14425717849701,"bastante facil"
"L0721",608796,49496,12.2999030224665,4.39482519596055,1.89294279200258,5.41957818420743,2.6692055923711,11.5436871243923,80.7175313969297,76.6047610357731,65.6094701601151,608796,28453,0.0467365094383012,92.4459798481484,0.845140913604707,111.151003331094,9.77204509581688,0.43018310898675,0.0397590913975529,0.808476920627366,0.719273497322589,-1.14425717849701,"bastante facil"
