"id_libro","titulo","titulo_norm","nivel","etapa","n_palabras","n_oraciones","long_oracion_media","letras_por_palabra","silabas_por_palabra","ari","rix","flesch_kincaid","fernandez_huerta","szigriszt_pazos","perfil_mu","tokens","tipos","ttr","mtld","hdd","yule_k","entropia_shannon","hapax_ratio","maas","mattr_50","mattr_100","zipf_pendiente","inflesz","prop_ADJ","prop_ADP","prop_ADV","prop_AUX","prop_CCONJ","prop_DET","prop_NOUN","prop_NUM","prop_PRON","prop_PROPN","prop_SCONJ","prop_VERB","n_palabras_anot","razon_sust_verbo","nominalizaciones_x1000","dist_dependencia_media","profundidad_arbol_media","subordinadas_por_oracion","n_oraciones_af","polaridad_media","polaridad_sd","prop_oraciones_negativas","n_anger","n_anticipation","n_disgust","n_fear","n_joy","n_sadness","n_surprise","n_trust","prop_ira","prop_anticipacion","prop_asco","prop_miedo","prop_alegria","prop_tristeza","prop_sorpresa","prop_confianza","titulo_duplicado","contenido_duplicado"
"L0002","10 cuentos para abrir el apetito","10 cuentos para abrir el apetito",1,"Basica inicial",4092,293,13.9658703071672,4.25806451612903,1.87536656891496,5.60841902455136,2.72696245733788,11.9860149329917,80.072818151792,76.033792449431,70.3730339889309,4092,1120,0.273704789833822,58.3409793096018,0.825536562956908,128.221482634499,8.24463239429599,0.626785714285714,0.0431330826771537,0.75100173138759,0.637633358377169,-0.915608206440615,"bastante facil",0.0511753183153771,0.139079333986288,0.0548481880509305,0.0279138099902057,0.0472575905974535,0.167238001958864,0.205925563173359,0.00587659157688541,0.071743388834476,0.0345249755142018,0.0320763956904995,0.162340842311459,4092,1.2684766214178,3.66568914956012,2.58620689655172,4.59044368600683,1.01706484641638,293,0.0103819505402698,0.168416932134587,0.296928327645051,79,176,93,159,135,152,99,157,0.0752380952380952,0.167619047619048,0.0885714285714286,0.151428571428571,0.128571428571429,0.144761904761905,0.0942857142857143,0.14952380952381,FALSE,FALSE
"L0005","Donde viven los monstruos","donde viven los monstruos",1,"Basica inicial",360,24,15,4.17777777777778,1.74444444444444,5.74733333333333,2.95833333333333,10.8444444444444,86.8733333333333,83.1561111111111,62.5982722580884,360,155,0.430555555555556,61.7049071618037,0.783484160086543,164.814814814815,6.55501083904018,0.606451612903226,0.0560043741946261,0.750546623794213,0.644827586206896,NA,"muy facil",0.0361111111111111,0.136111111111111,0.05,0.00833333333333333,0.0888888888888889,0.152777777777778,0.177777777777778,0.00555555555555556,0.0916666666666667,0.0666666666666667,0.0305555555555556,0.155555555555556,360,1.14285714285714,5.55555555555556,2.48809523809524,5,0.75,24,-0.0586873307809596,0.149005751942845,0.458333333333333,22,10,21,35,6,12,12,6,0.17741935483871,0.0806451612903226,0.169354838709677,0.282258064516129,0.0483870967741935,0.0967741935483871,0.0967741935483871,0.0483870967741935,FALSE,FALSE
"L0006","El cuervo y la vasija","el cuervo y la vasija",1,"Basica inicial",210,27,7.77777777777778,4.07142857142857,1.84285714285714,1.63531746031746,0.777777777777778,9.18904761904762,88.3352380952381,84.2472222222222,96.2915292414126,210,113,0.538095238095238,64.205298013245,0.805981398162475,128.344671201814,6.35687013238992,0.690265486725664,0.049908344397721,0.79416149068323,0.676846846846847,NA,"muy facil",0.0380952380952381,0.104761904761905,0.0761904761904762,0.0571428571428571,0.0666666666666667,0.161904761904762,0.176190476190476,0,0.0761904761904762,0.0285714285714286,0.0238095238095238,0.19047619047619,210,0.925,4.76190476190476,1.99453551912568,3.62962962962963,0.444444444444444,27,-0.0227444064045371,0.12591133286644,0.259259259259259,3,8,1,7,4,7,5,3,0.0789473684210526,0.210526315789474,0.0263157894736842,0.184210526315789,0.105263157894737,0.184210526315789,0.131578947368421,0.0789473684210526,FALSE,FALSE
"L0008","El labrador y el diablo","el labrador y el diablo",1,"Basica inicial",500,57,8.7719298245614,4.334,1.884,3.3691049122807,1.64912280701754,10.062252631579,84.8526315789474,80.6898701754386,66.981493078373,500,265,0.53,85.8185513673318,0.828566454563709,131.12,7.2342163560547,0.762264150943396,0.0378511134773935,0.796186252771618,0.71209476309227,NA,"muy facil",0.0521042084168337,0.108216432865731,0.0661322645290581,0.0180360721442886,0.0420841683366733,0.192384769539078,0.216432865731463,0,0.0921843687374749,0.00601202404809619,0.0160320641282565,0.190380761523046,500,1.13684210526316,0,2.14446952595937,3.92982456140351,0.508771929824561,57,-0.0281841851333035,0.181998038950681,0.263157894736842,17,32,13,34,5,32,8,12,0.111111111111111,0.209150326797386,0.0849673202614379,0.222222222222222,0.0326797385620915,0.209150326797386,0.0522875816993464,0.0784313725490196,FALSE,FALSE
"L0009","El león que no sabía escribir","el leon que no sabia escribir",1,"Basica inicial",708,102,6.94117647058824,4.40112994350283,2,2.76991026919242,1.35294117647059,10.7170588235294,79.76,75.2938235294118,63.616775860478,708,265,0.374293785310734,75.3375652419241,0.804783934793016,149.861151010246,7.08055494292691,0.622641509433962,0.0525426190522546,0.776843702579665,0.655435139573071,-0.752980008522296,"bastante facil",0.0411347517730496,0.0765957446808511,0.0780141843971631,0.0382978723404255,0.0553191489361702,0.141843971631206,0.187234042553191,0.00141843971631206,0.100709219858156,0.0737588652482269,0.025531914893617,0.180141843971631,708,1.03937007874016,2.82485875706215,2.25822368421053,3.2952380952381,0.4,105,0.147790049974924,0.393666483070329,0.0761904761904762,4,22,11,44,18,12,8,11,0.0307692307692308,0.169230769230769,0.0846153846153846,0.338461538461538,0.138461538461538,0.0923076923076923,0.0615384615384615,0.0846153846153846,FALSE,FALSE
"L0011","El león y los cuatro bueyes","el leon y los cuatro bueyes",1,"Basica inicial",149,8,18.625,4.32885906040268,1.85234899328859,8.27142617449664,3.625,13.5314681208054,76.7015604026846,72.8086577181208,74.2329914107397,149,95,0.63758389261745,64.5006695765137,0.797683382133523,148.641953065177,6.12282397419062,0.821052631578947,0.0413875679873889,0.766399999999999,0.672,NA,"bastante facil",0.0680272108843537,0.122448979591837,0.0748299319727891,0.0340136054421769,0.0408163265306122,0.149659863945578,0.163265306122449,0.00680272108843537,0.122448979591837,0,0.054421768707483,0.163265306122449,149,1,6.71140939597315,2.78723404255319,4.875,2,8,0.0287741068991069,0.10262658378222,0.25,7,4,6,15,3,8,2,10,0.127272727272727,0.0727272727272727,0.109090909090909,0.272727272727273,0.0545454545454545,0.145454545454545,0.0363636363636364,0.181818181818182,FALSE,FALSE
"L0012","El lobo y los siete cabritos","el lobo y los siete cabritos",1,"Basica inicial",1186,152,7.80263157894737,4.31703204047218,1.8743676222597,2.80453670009763,1.63157894736842,9.57056425845389,86.4192584538919,82.2592655542736,69.1630572105066,1186,464,0.391231028667791,63.6211063564478,0.810219921600672,142.65645572716,7.56229479714833,0.702586206896552,0.0431287673928894,0.772295514511875,0.666200551977925,-0.892734235662862,"muy facil",0.0365335598980459,0.119796091758709,0.0492778249787596,0.0263381478334749,0.0501274426508071,0.169073916737468,0.203908241291419,0.00509770603228547,0.0679694137638063,0.0951571792693288,0.0254885301614274,0.151231945624469,1186,1.34831460674157,5.05902192242833,2.23404255319149,3.58552631578947,0.368421052631579,152,0.00332508629518569,0.26044257188099,0.256578947368421,33,53,30,51,42,42,28,81,0.0916666666666667,0.147222222222222,0.0833333333333333,0.141666666666667,0.116666666666667,0.116666666666667,0.0777777777777778,0.225,FALSE,FALSE
"L0013","El negrito zambo","el negrito zambo",1,"Basica inicial",1057,90,11.7444444444444,4.50520340586566,1.90633869441816,5.66173026384947,2.85555555555556,11.4851299274677,80.4803450015768,76.3256548933039,61.5705158315425,1057,484,0.457899716177862,67.9321933962264,0.847160945536957,107.048652538512,7.82397458972786,0.764462809917355,0.0370944264961122,0.772718253968252,0.669102296450936,-0.774866754268259,"bastante facil",0.050682261208577,0.132553606237817,0.037037037037037,0.0185185185185185,0.0428849902534113,0.128654970760234,0.158869395711501,0.0331384015594542,0.0692007797270955,0.192982456140351,0.0311890838206628,0.104288499025341,1057,1.52336448598131,7.5685903500473,2.40721649484536,4.08163265306122,0.714285714285714,98,0.0171650580688729,0.137253631675375,0.153061224489796,15,22,11,30,29,37,12,21,0.0847457627118644,0.124293785310734,0.0621468926553672,0.169491525423729,0.163841807909605,0.209039548022599,0.0677966101694915,0.11864406779661,FALSE,FALSE
"L0014","El pastorcito mentiroso","el pastorcito mentiroso",1,"Basica inicial",192,20,9.6,4.36979166666667,1.90104166666667,3.95171875,1.9,10.5862916666667,82.9855,78.8001041666667,71.0568452997975,192,111,0.578125,79.4150280862983,0.805526512390296,132.378472222222,6.32631417135858,0.738738738738739,0.0456468534256413,0.781818181818182,0.674408602150538,NA,"bastante facil",0.0104166666666667,0.114583333333333,0.046875,0.0208333333333333,0.0520833333333333,0.1875,0.21875,0,0.078125,0.03125,0.046875,0.192708333333333,192,1.13513513513514,5.20833333333333,2.33139534883721,3.85,0.95,20,-0.0419193817878028,0.172596352773491,0.35,14,8,11,17,10,10,17,12,0.141414141414141,0.0808080808080808,0.111111111111111,0.171717171717172,0.101010101010101,0.101010101010101,0.171717171717172,0.121212121212121,FALSE,FALSE
"L0018","El tonto Perico,","el tonto perico",1,"Basica inicial",903,89,10.1460674157303,3.99778516057586,1.79291251384275,2.47260181417746,1.42696629213483,9.52333395547924,88.9162604053903,84.9904829718666,76.3537094379043,903,332,0.36766334440753,65.6655163759568,0.801072683638479,139.463753772647,7.21076640337378,0.692771084337349,0.0497418940008367,0.767775175644028,0.656455223880597,-0.78620756279374,"muy facil",0.0491620111731844,0.113966480446927,0.0581005586592179,0.0245810055865922,0.0525139664804469,0.154189944134078,0.215642458100559,0.00446927374301676,0.0871508379888268,0.0346368715083799,0.0368715083798883,0.168715083798883,903,1.27814569536424,0,2.2948402948403,3.81052631578947,0.631578947368421,95,0.0115956177350828,0.363505792824269,0.252631578947368,17,23,9,21,24,20,8,17,0.122302158273381,0.165467625899281,0.0647482014388489,0.151079136690647,0.172661870503597,0.143884892086331,0.0575539568345324,0.122302158273381,FALSE,FALSE
"L0023","Fernando furioso","fernando furioso",1,"Basica inicial",951,24,39.625,1.45741324921136,1.13249211356467,5.24691640378549,1.54166666666667,13.2271569400631,98.4729731861199,96.6557413249211,51.2190345181334,951,103,0.108307045215563,12.1644838943067,0.460018991215098,571.317369175841,4.74394448229575,0.679611650485437,0.108837798067925,0.394279379157427,0.262194835680751,-1.03906910696358,"muy facil",0.0105448154657293,0.184534270650264,0.0070298769771529,0.00175746924428822,0.472759226713532,0.0123022847100176,0.0755711775043937,0.00527240773286467,0.015817223198594,0.0597539543057996,0,0.154657293497364,951,0.488636363636364,4.20609884332282,3.17152103559871,9.375,0.666666666666667,24,0.00741380590649491,0.0316475669130753,0.125,3,4,3,8,4,3,2,4,0.0967741935483871,0.129032258064516,0.0967741935483871,0.258064516129032,0.129032258064516,0.0967741935483871,0.0645161290322581,0.129032258064516,FALSE,FALSE
"L0024","Frederick","frederick",1,"Basica inicial",419,35,11.9714285714286,4.69928400954654,1.99761336515513,6.68934197067848,3.2,12.6506948516877,74.772340947835,70.4122587794068,61.2230343957553,419,201,0.479713603818616,78.2722955145119,0.803630993832048,147.071388292388,6.86425787793467,0.711442786069652,0.0463958216167085,0.773189189189189,0.676093749999999,NA,"bastante facil",0.0430622009569378,0.107655502392345,0.0430622009569378,0.0215311004784689,0.0717703349282297,0.162679425837321,0.215311004784689,0.00478468899521531,0.0956937799043062,0.0550239234449761,0.0263157894736842,0.15311004784689,419,1.40625,4.77326968973747,2.72916666666667,4.25714285714286,0.6,35,0.0383971863803797,0.129726730080081,0.171428571428571,11,16,2,6,16,8,8,15,0.134146341463415,0.195121951219512,0.024390243902439,0.0731707317073171,0.195121951219512,0.0975609756097561,0.0975609756097561,0.182926829268293,FALSE,FALSE
"L0026","Hansel y Gretel","hansel y gretel",1,"Basica inicial",850,47,18.0851063829787,4.53529411764706,1.92470588235294,8.97378848560701,3.74468085106383,14.1747209011264,72.9108385481852,68.8407171464331,59.698569365939,850,367,0.431764705882353,69.0903871391076,0.817282166216374,130.214532871972,7.41490764285872,0.73841961852861,0.042504581213639,0.787665418227214,0.681957390146471,-0.777656568914175,"bastante facil",0.0520710059171598,0.146745562130178,0.0686390532544379,0.029585798816568,0.0461538461538462,0.155029585798817,0.189349112426035,0.00236686390532544,0.0840236686390533,0.029585798816568,0.0331360946745562,0.163313609467456,850,1.15942028985507,4.70588235294118,2.47820672478207,5.34042553191489,1.51063829787234,47,-0.023618788340186,0.170970170582097,0.48936170212766,44,51,52,55,41,55,20,39,0.123249299719888,0.142857142857143,0.145658263305322,0.15406162464986,0.11484593837535,0.15406162464986,0.0560224089635854,0.109243697478992,FALSE,FALSE
"L0027","Historias de ratones","historias de ratones",1,"Basica inicial",143,33,4.33333333333333,4.08391608391608,1.81818181818182,-0.0280885780885747,0.363636363636364,7.55454545454546,93.3290909090909,89.2289393939394,104.101119393683,143,68,0.475524475524476,25.8599734042553,0.690499755168342,259.181378062497,5.52210959690809,0.661764705882353,0.0694928362669299,0.658085106382978,0.531363636363637,NA,"muy facil",0.0437956204379562,0.0583941605839416,0.0510948905109489,0.0218978102189781,0.0583941605839416,0.131386861313869,0.240875912408759,0.0072992700729927,0.0218978102189781,0.182481751824818,0.0364963503649635,0.145985401459854,143,1.65,0,1.89189189189189,2.86486486486486,0.108108108108108,37,-0.0241205491205491,0.265006503664343,0.27027027027027,0,8,0,3,11,17,0,8,0,0.170212765957447,0,0.0638297872340425,0.234042553191489,0.361702127659574,0,0.170212765957447,FALSE,FALSE
"L0028","Juanito y las semillas mágicas","juanito y las semillas magicas",1,"Basica inicial",1238,91,13.6043956043956,4.18578352180937,1.84571890145396,5.08723818991993,2.52747252747253,11.495197322871,82.220382396279,78.2423168350228,75.0441352417039,1238,463,0.373990306946688,76.7091916558018,0.818176108064207,133.077218192875,7.59319384595624,0.67170626349892,0.0446568930667463,0.789739276703112,0.685618964003516,-0.868149385684359,"bastante facil",0.054251012145749,0.14331983805668,0.0526315789473684,0.0226720647773279,0.0421052631578947,0.166801619433198,0.204858299595142,0.00323886639676113,0.0680161943319838,0.0307692307692308,0.0348178137651822,0.176518218623482,1238,1.1605504587156,3.23101777059774,2.44812554489974,4.50549450549451,1.13186813186813,91,-0.0530796857415343,0.367385258775612,0.351648351648352,42,61,45,72,48,40,44,37,0.107969151670951,0.15681233933162,0.115681233933162,0.185089974293059,0.123393316195373,0.102827763496144,0.113110539845758,0.0951156812339332,FALSE,FALSE
"L0030","La cigarra y la hormiga","la cigarra y la hormiga",1,"Basica inicial",457,25,18.28,4.39387308533917,1.91028446389497,8.40514223194749,4.28,14.0805566739606,73.577332166302,69.5442778993436,58.1842990602059,457,220,0.481400437636761,71.7086277483401,0.816340104397261,137.228332431565,7.00891336994789,0.690909090909091,0.0448744310949198,0.777401960784314,0.684106145251396,NA,"bastante facil",0.0592105263157895,0.129385964912281,0.0679824561403509,0.0175438596491228,0.0745614035087719,0.162280701754386,0.214912280701754,0,0.0855263157894737,0.0131578947368421,0.0263157894736842,0.149122807017544,457,1.44117647058824,2.18818380743982,2.65509259259259,5.76,1.52,25,0.0905790212606869,0.147876214780883,0.16,16,34,9,8,43,20,13,26,0.0946745562130177,0.201183431952663,0.0532544378698225,0.0473372781065089,0.254437869822485,0.118343195266272,0.0769230769230769,0.153846153846154,FALSE,FALSE
"L0031","La flor Lililá,","la flor lilila",1,"Basica inicial",1324,87,15.2183908045977,4.1631419939577,1.79078549848943,5.78759419383964,2.89655172413793,11.4764412959683,83.8701114699448,80.0506726395111,71.0605852880325,1324,497,0.375377643504532,72.8162795864755,0.816001102015578,135.906024954135,7.65507655882623,0.665995975855131,0.0436613520269208,0.792156862745099,0.689820408163268,-0.922285475606761,"muy facil",0.0402429764616553,0.12452543659833,0.082004555808656,0.0288534548215642,0.0637813211845103,0.141989369779803,0.176157934700076,0.00379650721336371,0.100227790432802,0.0129081245254366,0.0447987851176917,0.180713743356112,1324,0.974789915966387,5.28700906344411,2.45755860953921,5.36781609195402,1.35632183908046,87,0.0330121393700965,0.166627597401172,0.28735632183908,35,48,35,63,50,72,27,78,0.0857843137254902,0.117647058823529,0.0857843137254902,0.154411764705882,0.122549019607843,0.176470588235294,0.0661764705882353,0.191176470588235,FALSE,FALSE
"L0032","La gallina roja y el grano de trigo","la gallina roja y el grano de trigo",1,"Basica inicial",214,23,9.30434782608696,4.69158878504673,2.03738317757009,5.31955709061357,2.04347826086957,12.079817147501,75.1065745631857,70.6016802112962,77.133174416267,214,107,0.5,61.029915410414,0.795242767928724,143.243951436807,6.28275683358978,0.588785046728972,0.0554298490001008,0.776242424242425,0.645739130434782,NA,"bastante facil",0.0934579439252336,0.11214953271028,0.0373831775700935,0.0280373831775701,0.0186915887850467,0.191588785046729,0.205607476635514,0,0.0700934579439252,0.088785046728972,0.014018691588785,0.14018691588785,214,1.46666666666667,0,2.16753926701571,3.34782608695652,0.565217391304348,23,0.0790436235516327,0.151850003230932,0.173913043478261,2,12,2,0,15,4,5,18,0.0344827586206897,0.206896551724138,0.0344827586206897,0,0.258620689655172,0.0689655172413793,0.0862068965517241,0.310344827586207,FALSE,FALSE
"L0033","La hormiguita","la hormiguita",1,"Basica inicial",670,57,11.7543859649123,3.93880597014925,1.75223880597015,2.99896910185912,1.70175438596491,9.67062843676355,89.7161979575805,85.9161364231474,73.3770769103716,670,228,0.340298507462687,46.7280488672295,0.761151818698991,185.030073513032,6.71539640306816,0.675438596491228,0.0586149506801895,0.722962962962963,0.565429071803855,-0.726174509514647,"muy facil",0.0328849028400598,0.0926756352765321,0.038863976083707,0.0239162929745889,0.070254110612855,0.158445440956652,0.180866965620329,0,0.127055306427504,0.0328849028400598,0.0612855007473842,0.180866965620329,670,1,1.49253731343284,2.46655791190865,4.24561403508772,0.789473684210526,57,-0.0687632522798999,0.144255808277998,0.385964912280702,10,18,9,17,8,50,9,14,0.0740740740740741,0.133333333333333,0.0666666666666667,0.125925925925926,0.0592592592592593,0.37037037037037,0.0666666666666667,0.103703703703704,FALSE,FALSE
"L0034","La liebre y la tortuga","la liebre y la tortuga",1,"Basica inicial",288,28,10.2857142857143,4.32638888888889,1.84375,4.09014880952381,2.10714285714286,10.1776785714286,85.7235714285714,81.6836607142857,67.3761368671659,288,164,0.569444444444444,69.1477142842882,0.834991959470573,123.697916666667,6.81051642250702,0.731707317073171,0.0404305423479284,0.789205020920502,0.718201058201058,NA,"muy facil",0.0486111111111111,0.111111111111111,0.0833333333333333,0.0243055555555556,0.0625,0.159722222222222,0.184027777777778,0.00694444444444444,0.0902777777777778,0.0277777777777778,0.0347222222222222,0.166666666666667,288,1.10416666666667,10.4166666666667,2.32692307692308,4.17857142857143,0.857142857142857,28,-0.0959307207731577,0.585312434233762,0.285714285714286,11,13,7,14,8,15,6,5,0.139240506329114,0.164556962025316,0.0886075949367089,0.177215189873418,0.10126582278481,0.189873417721519,0.0759493670886076,0.0632911392405063,FALSE,FALSE
"L0036","La pequeña oruga glotona","la pequena oruga glotona",1,"Basica inicial",217,20,10.85,4.65898617511521,2.13364055299539,5.93882488479263,2.45,13.8184585253456,67.7545668202765,63.0591935483871,75.9713411086794,217,112,0.516129032258065,32.5517752338126,0.763090464936528,174.563061436854,6.18372257609548,0.758928571428571,0.0526175840593146,0.666666666666667,0.571186440677966,NA,"normal",0.0368663594470046,0.0967741935483871,0.0875576036866359,0.0184331797235023,0.0460829493087558,0.19815668202765,0.253456221198157,0.0230414746543779,0.032258064516129,0.0368663594470046,0.00921658986175115,0.161290322580645,217,1.57142857142857,4.60829493087558,2.35532994923858,4,0.6,20,0.00710885605622447,0.254211303506973,0.05,1,6,5,3,5,10,2,4,0.0277777777777778,0.166666666666667,0.138888888888889,0.0833333333333333,0.138888888888889,0.277777777777778,0.0555555555555556,0.111111111111111,FALSE,FALSE
"L0037","La sorpresa","la sorpresa",1,"Basica inicial",372,31,12,4.71236559139785,2.02150537634409,6.76524193548387,3.06451612903226,12.9437634408602,73.3096774193549,68.8952150537635,60.6947568872107,372,204,0.548387096774194,65.4647058823529,0.829809579065392,127.32685859637,7.00001167771274,0.75,0.039486224798935,0.794860681114552,0.706007326007325,NA,"bastante facil",0.0601092896174863,0.139344262295082,0.0136612021857923,0.0245901639344262,0.0546448087431694,0.169398907103825,0.273224043715847,0.0109289617486339,0.0273224043715847,0.0846994535519126,0.0245901639344262,0.117486338797814,372,2.32558139534884,26.8817204301075,2.3841642228739,4.51612903225806,0.548387096774194,31,0.0654360528690204,0.362555245207332,0.129032258064516,4,27,5,13,49,3,21,27,0.0268456375838926,0.181208053691275,0.0335570469798658,0.087248322147651,0.328859060402685,0.0201342281879195,0.140939597315436,0.181208053691275,FALSE,FALSE
"L0039","La tortilla corredora","la tortilla corredora",1,"Basica inicial",759,89,8.52808988764045,4.0368906455863,1.79183135704875,1.84779988453169,1.39325842696629,8.87956506935501,90.6314668916818,86.6758165682225,81.2954836075488,759,268,0.353096179183136,68.9166944213156,0.797084738610617,142.341094394712,7.02685188875864,0.652985074626866,0.0544983461968297,0.784422535211267,0.646818181818184,-0.730507933761236,"muy facil",0.0386666666666667,0.1,0.0653333333333333,0.016,0.0533333333333333,0.176,0.196,0.008,0.092,0.0226666666666667,0.04,0.192,759,1.02083333333333,1.31752305665349,2.13880597014925,3.82022471910112,0.640449438202247,89,-0.0317405745559118,0.214575578918758,0.370786516853933,8,17,28,26,10,38,25,19,0.0467836257309941,0.0994152046783626,0.16374269005848,0.152046783625731,0.0584795321637427,0.222222222222222,0.146198830409357,0.111111111111111,FALSE,FALSE
"L0040","Las tres plumas","las tres plumas",1,"Basica inicial",1037,61,17,4.2632594021215,1.824493731919,7.14995178399229,3.65573770491803,12.5690260366442,80.0303760848602,76.1690405014465,63.7662914609545,1037,408,0.39344262295082,74.3570510466397,0.801978873448895,156.764794224122,7.42411863032961,0.683823529411765,0.0445433853349526,0.77566801619433,0.676940298507465,-0.88029255545723,"bastante facil",0.0618357487922705,0.141062801932367,0.051207729468599,0.0270531400966184,0.051207729468599,0.171014492753623,0.194202898550725,0.0144927536231884,0.085024154589372,0.01256038647343,0.0367149758454106,0.153623188405797,1037,1.26415094339623,2.89296046287367,2.58299180327869,5.32258064516129,1.2258064516129,62,0.0135686625827699,0.134736190197463,0.290322580645161,17,31,25,19,21,28,18,38,0.0862944162436548,0.157360406091371,0.126903553299492,0.0964467005076142,0.106598984771574,0.142131979695431,0.0913705583756345,0.192893401015228,FALSE,FALSE
"L0043","Los duendes y el zapatero","los duendes y el zapatero",1,"Basica inicial",616,31,19.8709677419355,4.56331168831169,1.93668831168831,9.99868192291579,4.87096774193548,15.0125994972769,70.3703142019271,66.3083504398827,51.6203117831345,616,279,0.452922077922078,81.4704471549107,0.82526197385961,123.281750716816,7.23830525658106,0.709677419354839,0.0442029161260921,0.793897707231038,0.694584139264992,-0.70838755249415,"bastante facil",0.0603588907014682,0.141924959216966,0.0570962479608483,0.0375203915171289,0.0603588907014682,0.158238172920065,0.190864600326264,0.0114192495921697,0.065252854812398,0.00815660685154975,0.0309951060358891,0.177814029363785,616,1.07339449541284,3.24675324675325,2.62735042735043,5.7741935483871,1.7741935483871,31,0.0410669379988145,0.139722458576247,0.225806451612903,9,45,7,18,32,22,26,38,0.0456852791878173,0.228426395939086,0.0355329949238579,0.0913705583756345,0.16243654822335,0.111675126903553,0.131979695431472,0.192893401015228,FALSE,FALSE
"L0044","Los músicos de Bremen","los musicos de bremen",1,"Basica inicial",1602,143,11.2027972027972,4.47253433208489,1.90948813982522,5.23703530551845,2.42657342657343,11.3110509590285,80.8438584636338,76.6710916860917,63.9658381643949,1602,687,0.428838951310861,85.8907522963586,0.846593741146966,109.881374873169,8.13742293839236,0.723435225618632,0.0358043546584131,0.801944623309715,0.710864936793083,-0.912134277861422,"bastante facil",0.0425,0.125625,0.0575,0.03625,0.0475,0.15375,0.18125,0.005625,0.07,0.088125,0.03875,0.153125,1602,1.18367346938776,8.11485642946317,2.41957563312799,4.24475524475525,0.72027972027972,143,-0.0318087179622993,0.259479167526992,0.300699300699301,40,53,69,76,39,52,39,63,0.0928074245939675,0.122969837587007,0.160092807424594,0.176334106728538,0.0904872389791183,0.120649651972158,0.0904872389791183,0.146171693735499,FALSE,FALSE
"L0045","Los secretos del abuelo sapo","los secretos del abuelo sapo",1,"Basica inicial",632,160,3.95,4.17563291139241,1.85601265822785,0.212231012658229,0.75,7.85144936708861,91.4502405063291,87.2554113924051,66.1154168009511,632,320,0.506329113924051,132.429001876969,0.896035479175079,60.7374619452011,7.73748870599168,0.70625,0.0376805827796727,0.85897084048027,0.789681050656661,-0.510652920193287,"muy facil",0.0946843853820598,0.0863787375415282,0.0664451827242525,0.0481727574750831,0.0498338870431894,0.101328903654485,0.186046511627907,0.00332225913621262,0.0647840531561462,0.142857142857143,0.00830564784053156,0.147840531561462,632,1.25842696629213,1.58227848101266,2.02070393374741,2.24633431085044,0.0791788856304985,341,0.0255307660732881,0.263114860378152,0.0791788856304985,19,20,37,54,39,23,33,56,0.0676156583629893,0.0711743772241993,0.131672597864769,0.192170818505338,0.138790035587189,0.0818505338078292,0.117437722419929,0.199288256227758,FALSE,FALSE
"L0047","Los tres chanchitos","los tres chanchitos",1,"Basica inicial",604,40,15.1,4.10264900662252,1.77483443708609,5.44347682119205,2.725,11.2420463576159,84.9479337748345,81.1628145695365,57.3925207412077,604,215,0.355960264900662,33.4073308270677,0.745723370054011,205.802377088724,6.61483432596532,0.665116279069767,0.0580021753313774,0.704612612612612,0.603683168316833,-0.803662877762459,"muy facil",0.0415282392026578,0.142857142857143,0.0714285714285714,0.0332225913621262,0.0647840531561462,0.162790697674419,0.154485049833887,0.0116279069767442,0.0548172757475083,0.0730897009966777,0.0215946843853821,0.167774086378738,604,0.920792079207921,1.65562913907285,2.50886524822695,5,0.825,40,-0.0268889175039757,0.169214302397685,0.375,37,13,35,42,9,14,12,35,0.187817258883249,0.065989847715736,0.177664974619289,0.213197969543147,0.0456852791878173,0.0710659898477157,0.0609137055837563,0.177664974619289,FALSE,FALSE
"L0049","Madre Nieve","madre nieve",1,"Basica inicial",1060,64,16.5625,4.11415094339623,1.83018867924528,6.22890094339623,2.53125,12.4656014150943,80.134929245283,76.2517452830189,73.2302690265773,1060,379,0.357547169811321,69.8449612403101,0.810104461601611,139.426842292631,7.39685018134507,0.614775725593668,0.048802824052388,0.774381800197823,0.675702393340273,-0.847374574046211,"bastante facil",0.0472143531633617,0.118980169971671,0.072710103871577,0.0321057601510859,0.0585457979225685,0.149197355996223,0.169971671388102,0.00188857412653447,0.0991501416430595,0.0368271954674221,0.0424929178470255,0.170915958451369,1060,0.994475138121547,2.83018867924528,2.57429718875502,5,1.171875,64,0.00572015840571793,0.132449806801154,0.390625,26,47,23,35,42,51,25,46,0.088135593220339,0.159322033898305,0.0779661016949153,0.11864406779661,0.142372881355932,0.172881355932203,0.0847457627118644,0.155932203389831,FALSE,FALSE
"L0051","Mira lo que tengo","mira lo que tengo",1,"Basica inicial",2573,208,12.3701923076923,4.07462106490478,1.74854255732608,3.94656136954767,2.13461538461538,9.86717717644773,89.3098504065891,85.530606370893,64.1314525729555,2573,824,0.320248736883016,60.0193137750801,0.84606399455958,110.480914166048,8.21527349349109,0.554611650485437,0.0425164081013644,0.766450079239292,0.677586903799523,-0.934271842340131,"muy facil",0.0539137380191693,0.133386581469649,0.0471246006389776,0.0307507987220447,0.0555111821086262,0.159744408945687,0.206869009584665,0.00718849840255591,0.0654952076677316,0.088258785942492,0.0383386581469649,0.113418530351438,2573,1.82394366197183,11.2708900116595,2.66187658495351,4.33492822966507,0.717703349282297,209,0.0383584770554727,0.250392197887048,0.15311004784689,24,109,32,33,101,52,77,127,0.0432432432432432,0.196396396396396,0.0576576576576577,0.0594594594594595,0.181981981981982,0.0936936936936937,0.138738738738739,0.228828828828829,FALSE,FALSE
"L0055","Para ver y no creer","para ver y no creer",1,"Basica inicial",12406,1748,7.09725400457666,3.72086087377076,1.57915524746091,-0.356118282251408,0.90675057208238,5.81196098182359,104.851486067677,101.356374078609,73.6921273278053,12406,4891,0.394244720296631,293.024772981299,0.919010893013336,49.2514932670922,10.2329923571588,0.817215293396033,0.0241221165335375,0.894964797280836,0.832418136020183,-0.984713519285287,"muy facil",0.0728155339805825,0.0954104148278906,0.0556045895851721,0.0241835834068844,0.0525154457193292,0.0885260370697264,0.194439541041483,0.00979699911738747,0.0559576345984113,0.191615180935569,0.0376875551632833,0.121447484554281,12406,1.60101744186047,1.6121231662099,2.49957861222961,3.48222222222222,0.333888888888889,1800,0.016998896594397,0.214596810714031,0.112777777777778,231,292,241,365,316,379,111,366,0.100391134289439,0.12690134724033,0.104737070838766,0.158626684050413,0.137331594958714,0.16471099521947,0.0482398956975228,0.159061277705346,FALSE,FALSE
"L0056","Un paseo al campo","un paseo al campo",1,"Basica inicial",160,23,6.95652173913043,4.28125,1.85625,2.21294836956522,1.04347826086957,9.02679347826087,88.369347826087,84.2341032608696,52.2763587799003,160,84,0.525,33.9919678714859,0.697483040396621,296.875,5.66653379176292,0.75,0.0576023775479654,0.713153153153154,0.616065573770492,NA,"muy facil",0.0125,0.1375,0.05,0.01875,0.025,0.25,0.21875,0,0.05625,0.0875,0.01875,0.125,160,1.75,0,2.07299270072993,3.43478260869565,0.260869565217391,23,0.0698470209339775,0.129748870748745,0,2,7,2,2,5,1,3,3,0.08,0.28,0.08,0.08,0.2,0.04,0.12,0.12,FALSE,FALSE
"L0057","Una sopa de piedra","una sopa de piedra",1,"Basica inicial",434,30,14.4666666666667,4.56451612903226,1.97926267281106,7.30220430107527,3.7,13.4072995391705,73.3282396313364,69.0602688172043,61.6616546260549,434,215,0.495391705069124,65.3710674738225,0.819970049267522,130.603750345091,6.99726746159337,0.711627906976744,0.0438521895360158,0.782337662337662,0.683164179104477,NA,"bastante facil",0.0555555555555556,0.145833333333333,0.0532407407407407,0.0231481481481481,0.0324074074074074,0.173611111111111,0.226851851851852,0,0.0648148148148148,0.0185185185185185,0.037037037037037,0.168981481481481,434,1.34246575342466,9.21658986175115,2.41089108910891,4.9,1.2,30,0.0734906242122893,0.269626775726775,0.3,11,13,16,9,14,7,22,16,0.101851851851852,0.12037037037037,0.148148148148148,0.0833333333333333,0.12962962962963,0.0648148148148148,0.203703703703704,0.148148148148148,FALSE,FALSE
"L0059","Agamenón","agamenon",9,"Media",13827,1105,12.5131221719457,4.36443190858465,1.85897157734867,5.38303537540657,2.73574660633484,11.2259822597731,82.5383207436954,78.5079485592324,68.3875827733789,13827,3377,0.244232299124901,94.1712800467567,0.849971017357798,109.562037904997,9.14136414013523,0.640805448623038,0.0357057145987904,0.808811148207257,0.721674679487165,-1.00408859992228,"bastante facil",0.0637973581071273,0.150820148062128,0.0586442154158804,0.0349833067208593,0.0373784293801713,0.16141675134272,0.213601393525911,0.0015967484395413,0.0661924807664393,0.0388300188706634,0.0433299462911889,0.12940920307737,13827,1.65058889512058,7.66616041079048,2.71979878959365,4.31764705882353,0.848868778280543,1105,0.00944625590275428,0.343217084708009,0.304977375565611,722,686,549,915,549,905,361,725,0.133407243163341,0.126755358462676,0.101441241685144,0.169068736141907,0.101441241685144,0.167220990391722,0.0667036215816704,0.133961566888396,FALSE,FALSE
"L0060","Antiguo Testamento","antiguo testamento",9,"Media",890801,78622,11.3301747602452,4.13054094012018,1.80889334430473,3.68993520808868,2.09583831497545,10.1737096192915,86.7496210862659,82.8107698895699,61.8229208621564,890801,33132,0.0371934921492005,44.0743491396196,0.815000296880667,149.846301803154,9.34409382329481,0.450983943015816,0.0403824144626529,0.718957195717691,0.621768739713034,-1.2135535393025,"muy facil",0.0266467337138715,0.174173235480656,0.0393936305155386,0.0291406179215366,0.0706894989580502,0.139675636495424,0.181932363866993,0.00573525414514814,0.0747587659690133,0.100904910754734,0.0330003624173235,0.123948989761711,890801,1.46780029604722,10.1549055288443,2.62395232625964,4.22631996919671,0.527747027963614,83108,0.0269101600649068,0.259324401922577,0.173629494152188,21371,28680,19845,31430,23934,23671,11870,47378,0.102656848193141,0.137766057095096,0.0953266179585837,0.150975842904424,0.114968368567435,0.113705032688215,0.0570182391115338,0.227582993481571,TRUE,FALSE
"L0061","Canción del río indiferente","cancion del rio indiferente",9,"Media",10090,897,11.2486064659978,4.0201189296333,1.72289395441031,3.12906339157173,1.917502787068,9.12710518378076,91.9927841400638,88.2501001742401,65.6455717434039,10090,2645,0.262140733399405,56.071130869686,0.834570850491162,127.684143010232,8.91410613672537,0.66351606805293,0.0362709905655848,0.749750024897915,0.666243619257325,-0.967742576652835,"muy facil",0.058466289243438,0.136798764796706,0.0463201235203294,0.0158517756047349,0.0505404014410705,0.173648996397324,0.237159032424086,0.0356150283067422,0.0499227997941328,0.0420998455995883,0.0391147709727226,0.114462171899125,10090,2.07194244604317,3.07234886025768,2.77455138662316,3.99897435897436,0.53025641025641,975,-0.0219511595919784,0.154630639363269,0.287179487179487,317,403,235,406,251,496,189,293,0.122393822393822,0.155598455598456,0.0907335907335907,0.156756756756757,0.0969111969111969,0.191505791505792,0.072972972972973,0.113127413127413,FALSE,FALSE
"L0062","Carta de Dickens a su hijo","carta de dickens a su hijo",9,"Media",522,27,19.3333333333333,4.56513409961686,1.86590038314176,9.73844827586207,4.85185185185185,13.9676245210728,75.1659770114943,71.2560727969349,66.0424470076054,522,269,0.515325670498084,83.4851311232063,0.8421312821597,107.749445839022,7.29658162632647,0.769516728624535,0.0389830263897395,0.789767441860464,0.697470449172576,NA,"bastante facil",0.0614203454894434,0.130518234165067,0.0499040307101727,0.0422264875239923,0.0441458733205374,0.130518234165067,0.157389635316699,0.00191938579654511,0.09021113243762,0.109404990403071,0.053742802303263,0.128598848368522,522,1.22388059701493,15.3256704980843,2.89292929292929,5.53571428571429,1.60714285714286,28,0.00877763692889743,0.109135697415144,0.214285714285714,7,9,5,11,8,20,5,26,0.0769230769230769,0.0989010989010989,0.0549450549450549,0.120879120879121,0.0879120879120879,0.21978021978022,0.0549450549450549,0.285714285714286,FALSE,FALSE
"L0063","Creación del hombre. Popol Vuh","creacion del hombre popol vuh",9,"Media",4564,337,13.5430267062315,4.59991235758107,1.94916739702016,7.00710055732257,3.6973293768546,12.6919557002681,76.0760689384345,71.8588444594127,60.7862077250364,4564,1130,0.247589833479404,45.9388335427115,0.814439892133364,143.511580551525,8.14778873292447,0.602654867256637,0.0452748691413629,0.725426356589138,0.630067189249719,-0.901223189696614,"bastante facil",0.0296768520553968,0.123543635963948,0.0597933611782809,0.0393493075401187,0.0707847878654649,0.163552429105298,0.202462079577929,0.00417674214112992,0.08243570015388,0.0404484502088371,0.0334139371290393,0.150362717080677,4564,1.34649122807018,11.8317265556529,2.68961438372368,4.62611275964392,0.71513353115727,337,0.0496173400209825,0.160767518196672,0.169139465875371,46,161,82,99,129,93,86,168,0.0532407407407407,0.186342592592593,0.0949074074074074,0.114583333333333,0.149305555555556,0.107638888888889,0.099537037037037,0.194444444444444,FALSE,FALSE
"L0064","Crepúsculo","crepusculo",9,"Media",126534,11441,11.059697578883,4.48247111448306,1.94945232111527,5.21228773865671,2.51324184948868,11.7268194449246,78.591969202623,74.3244228156355,64.1523004356737,126534,12809,0.101229709011017,109.290812218079,0.857457896348436,99.5191739300217,9.68921453583242,0.518307440081193,0.0382095955962465,0.825954065699607,0.738578083600271,-1.04344135640688,"bastante facil",0.0577267468581119,0.146650501592735,0.0692562481180367,0.0378532147894578,0.0342002250431861,0.134376139083028,0.175517837049716,0.00313000206025452,0.0988288245455554,0.0342477693782786,0.0371717459864657,0.171040745495174,126534,1.02617558489692,13.5457663552879,2.313737586126,4.22054044809304,0.896015050453224,11694,0.0175894175373634,0.243911920615531,0.233538566786386,2559,4846,1841,3994,3205,4565,2772,5471,0.0874782073633474,0.16565822308823,0.0629337162000479,0.136533005161864,0.1095614125047,0.156052370697023,0.094759511844939,0.187023553139849,FALSE,FALSE
"L0065","Crónica de una muerte anunciada","cronica de una muerte anunciada",9,"Media",30216,1387,21.7851478010094,4.40266746094784,1.89763701350278,10.199137641569,4.78010093727469,15.2983244017265,70.7609284328036,66.8270662577674,69.4498444767761,30216,5053,0.167229282499338,84.3444677231518,0.824969124885815,134.370455235761,9.01026471011503,0.595092024539877,0.0386940725417323,0.800137236052571,0.704374605704365,-1.00641982283285,"bastante facil",0.0510653809192431,0.1670477515989,0.0491765251681744,0.0360870861914703,0.0384398714252576,0.148490572290155,0.191238360340657,0.00676011531961428,0.0777744639957584,0.0548099546011863,0.0409914835802101,0.138118434569374,30216,1.38459692898273,9.59756420439502,2.61667071351764,5.67194244604317,1.76618705035971,1390,0.00893456634995313,0.152573642531506,0.299280575539568,771,1280,587,1128,792,1291,648,1547,0.0958478368970661,0.159124813525609,0.0729736449527598,0.140228741919443,0.0984584783689707,0.160492292391845,0.0805569368473396,0.192317255096967,FALSE,FALSE
"L0066","Cuentos de amor, de locura y de muerte","cuentos de amor de locura y de muerte",9,"Media",50472,3849,13.1130163678878,4.49589871611983,1.95791726105563,6.30219113686827,2.95765133800987,12.6275000639327,75.9896876414164,71.7437382683462,60.1504335736481,50472,8641,0.171203835790141,98.2381121571045,0.853823551968505,104.421967829899,9.66689588029196,0.607684295799097,0.0346533502796676,0.817332566487354,0.725449943422041,-0.977687021187915,"bastante facil",0.0651080495417586,0.150136180195225,0.0697600445319179,0.0267787916741218,0.040695016003658,0.152382656408421,0.204051609311942,0.00926422933937695,0.0765591141329198,0.0297210791037952,0.0302777280769766,0.145265501679887,50472,1.40468044341043,10.540497701696,2.54362185811101,4.43855546895298,0.890101325019486,3849,-0.0134470578336956,0.273404813219446,0.319563522992985,1527,1997,1309,2267,1491,2431,1049,2035,0.108251807741387,0.141570962710903,0.0927973911810577,0.160711753863604,0.10569970225436,0.172338012193393,0.0743655182191975,0.144264851836098,TRUE,TRUE
"L0067","Cuentos de Pedro Urdemales","cuentos de pedro urdemales",9,"Media",9992,704,14.1931818181818,4.13851080864692,1.76030824659728,5.15897681781789,2.74431818181818,10.7169782189388,86.7444597496179,82.9746144188078,54.8651118928092,9992,3217,0.321957566052842,89.3051779738542,0.860756257441149,97.1109153135158,9.29439093601418,0.744793285669879,0.0307679321230654,0.80586141003721,0.717979379359131,-1.02087681378302,"muy facil",0.046964247937381,0.136767505817643,0.0463295959382272,0.0225301459699598,0.0565898032578803,0.110640998519145,0.172625343769833,0.055426274592765,0.0793314998942247,0.111064099851915,0.0468584726041887,0.114872011846837,9992,1.50276243093923,2.70216172938351,2.74127001181906,4.68859060402685,0.924832214765101,745,-0.00120674380990754,0.14923966148583,0.151677852348993,177,262,182,295,175,255,101,304,0.101085094231867,0.149628783552256,0.103940605368361,0.168475157053113,0.0999428897772701,0.145631067961165,0.0576813249571673,0.173615077098801,FALSE,FALSE
"L0068","Cumbres borrascosas","cumbres borrascosas",9,"Media",102472,7718,13.277014770666,4.3335252556796,1.89486884222031,5.61941133958391,2.80966571650687,11.9474880987594,79.6053144007019,75.5076563590085,62.3240281685146,102472,11484,0.112069638535405,93.5634361641023,0.843908312770846,108.994553078686,9.46007739537752,0.541884360849878,0.0378597067324923,0.809304160198417,0.718286657614806,-1.05472118125678,"bastante facil",0.0415126083299098,0.135131169669582,0.0691746385742512,0.0383434082594831,0.0481053269949332,0.124801924995598,0.157863333137704,0.00405931490502181,0.116693076667254,0.0366218674804859,0.0502279085235832,0.177465422462195,102472,0.889544176817505,9.91490358341791,2.43019365732679,4.64692925628401,1.25978232702773,7718,-0.0170595184129874,0.231632595906126,0.316403213267686,3135,3631,2854,4192,2460,4721,1878,4474,0.114646187602852,0.132784786981167,0.104370085938929,0.153300420552203,0.0899616017553483,0.172645821905284,0.0686780032912781,0.163613091972938,FALSE,FALSE
"L0069","Décimas de la Negra Ester","decimas de la negra ester",9,"Media",14974,1230,12.1739837398374,4.05516228128756,1.74014959262722,3.75680621478313,1.89512195121951,9.69161885153779,90.0135610277326,86.2496966394868,68.1975141951518,14974,3286,0.219447041538667,92.7120580411353,0.870262580023186,84.0349798963232,9.08348184352354,0.68746195982958,0.0377819893024606,0.814178894472351,0.721670588235274,-1.0247637033524,"muy facil",0.0432432432432432,0.118156618156618,0.0668052668052668,0.0443520443520444,0.0351351351351351,0.0995841995841996,0.149272349272349,0.0214137214137214,0.113998613998614,0.121136521136521,0.0435204435204435,0.143381843381843,14974,1.04108264862252,2.53773206891946,2.68097177771312,4.352,0.8304,1250,0.0112897044147507,0.130607540811444,0.1704,208,386,197,297,273,480,182,556,0.0806514152772392,0.149670414889492,0.0763861962000776,0.115160915083366,0.105854982551377,0.186118650639783,0.0705699883675843,0.215587436991082,FALSE,FALSE
"L0071","Domo y Lituche","domo y lituche",9,"Media",5185,498,10.4116465863454,4.79209257473481,2.03876567020251,6.34657932017366,2.74497991967871,12.5279770770643,73.8941802697773,69.4082521600384,28.4382128388063,5185,1620,0.312439729990357,69.6633970619826,0.827146212730861,135.736849397742,8.55874051301508,0.672222222222222,0.0366128433781904,0.77606308411218,0.685729453401489,-1.03593181858021,"bastante facil",0.0565453137103021,0.150271107668474,0.0344694035631294,0.0189775367931836,0.0495739736638265,0.178737412858249,0.257358636715724,0.0034856700232378,0.0470565453137103,0.0704879938032533,0.0201394268009295,0.11289697908598,5185,2.27958833619211,22.5650916104147,2.36654576488159,3.90459363957597,0.374558303886926,566,0.0687089895017791,0.237425760858379,0.134275618374558,105,249,69,143,238,133,143,308,0.0756484149855908,0.179394812680115,0.0497118155619597,0.103025936599424,0.171469740634006,0.095821325648415,0.103025936599424,0.221902017291066,FALSE,FALSE
"L0072","Don Juan Tenorio","don juan tenorio",9,"Media",21500,2695,7.97773654916512,4.07744186046512,1.72576744186047,1.76361943737326,1.35621521335807,7.88537306812789,95.1566622082237,91.3419518229279,74.5868904046824,21500,4006,0.186325581395349,90.6294832029811,0.861912204967046,91.4245105462412,9.13445183115761,0.614328507239141,0.0388772839868053,0.811138874644504,0.717991682631614,-1.02909176798682,"muy facil",0.0496115323411027,0.124450060844332,0.0738088551904896,0.0349152859683609,0.0464757090704858,0.117991200973509,0.173125526537489,0.00528877656089114,0.0970233080595338,0.0834971449967238,0.0473649723860339,0.146447627071047,21500,1.18216682646213,5.53488372093023,2.40335017282638,3.55749258160237,0.547848664688427,2696,0.0438389359579363,0.385914272360948,0.181379821958457,568,865,720,956,595,838,318,1359,0.0913330117382216,0.139089885833735,0.115774240231548,0.153722463418556,0.0956745457469046,0.134748351825052,0.0511336227689339,0.218523878437048,FALSE,FALSE
"L0073","Drácula","dracula",9,"Media",167573,10354,16.1843731891057,4.46798111867664,1.92190269315463,7.70637766351979,3.58663318524242,13.4003573229758,75.0177777578347,70.9160890273612,62.8986938483049,167573,13537,0.0807827036575105,92.0271343648979,0.851845524085662,104.817305029506,9.5344757131642,0.502622442195464,0.0400362483009203,0.808582889616075,0.717711644792617,-1.0947628415537,"bastante facil",0.0545188372023543,0.140455917062532,0.0685787696812166,0.049170924083535,0.0486331451106928,0.141411968569807,0.172662902213857,0.00277254937109737,0.094171073466583,0.0282871739714977,0.0489976397478414,0.150339099518987,167573,1.14848966613672,12.2215392694527,2.61332392252617,4.9953663481031,1.3326575924317,10359,0.0161004920579051,0.229870088345284,0.287479486436915,4489,8182,3991,7570,5132,7497,3613,8402,0.0918446681397823,0.167403224486456,0.0816556182993698,0.154881741550045,0.105000409198789,0.153388165971029,0.0739217611915869,0.171904411162943,TRUE,TRUE
"L0074","El baile","el baile",9,"Media",12944,1004,12.8924302788845,4.48508961681088,1.94174907292954,6.14098723462146,2.90737051792829,12.3506868693335,77.1847767397653,72.971602477605,65.5876628694375,12944,3212,0.24814585908529,109.848379418986,0.861609734884538,93.9532622031808,9.20851924467445,0.644769613947696,0.0357968610597186,0.82506552927489,0.73994316854805,-0.945323560254269,"bastante facil",0.0618308766485648,0.133747090768037,0.065244375484872,0.0292474786656323,0.03933281613654,0.151202482544608,0.198215671062839,0.00806826997672614,0.0798293250581846,0.0528316524437549,0.0307990690457719,0.149650892164469,12944,1.32452047693105,7.88009888751545,2.62973199329983,4.42388059701493,0.819900497512438,1005,-0.00481557486568517,0.244570212816428,0.285572139303483,349,553,284,462,391,531,238,527,0.104647676161919,0.165817091454273,0.0851574212893553,0.138530734632684,0.117241379310345,0.159220389805097,0.0713643178410795,0.158020989505247,TRUE,TRUE
"L0075","El barón de Münchhausen","el baron de munchhausen",9,"Media",30963,1345,23.0208178438662,4.48803410522236,1.92629913122113,11.2190495575304,5.39033457249071,16.1184487075172,67.7808179259884,63.8057462810571,59.5440921860575,30963,6124,0.197784452410942,86.5934470259086,0.832285703412767,130.504264435251,9.36707240468489,0.61152841280209,0.0348978246265931,0.800028466067075,0.710062856402232,-0.948444669545865,"normal",0.0577557755775578,0.170549407881965,0.0604413382514722,0.0279880929269398,0.0421924545395716,0.15951595159516,0.205558791173235,0.00721542742509545,0.0690804374555103,0.0281175176341164,0.0395068918656572,0.13207791367372,30963,1.55634492895639,15.728450085586,2.71419407117294,6.05497771173848,1.81054977711738,1346,0.00996841752595729,0.140942385582885,0.309063893016345,839,1343,646,1276,872,1115,672,1517,0.101328502415459,0.16219806763285,0.0780193236714976,0.154106280193237,0.105314009661836,0.134661835748792,0.0811594202898551,0.183212560386473,FALSE,TRUE
"L0076","El conde de Montecristo","el conde de montecristo",9,"Media",451306,31409,14.3686841351205,4.47653033640147,1.91690117126739,6.83879995201116,3.33420357222452,12.6332206336522,77.1698719061338,73.0433728949212,61.7587717485813,451306,25816,0.0572028734384209,84.9682323796194,0.848427086050799,110.438936913213,9.78544818390537,0.464595599628138,0.0388634305279487,0.800356781169744,0.709754281294555,-1.12597728608368,"bastante facil",0.0500045667288187,0.146852632774856,0.055700725552964,0.0371263914599943,0.0395590099331921,0.151804748952437,0.19160657519843,0.00913345763746411,0.0765517410375162,0.0516307677228062,0.0421475654880051,0.147881817513516,451306,1.29567365630272,11.7392633822728,2.61895530989679,4.70701994338242,1.11749737587073,31439,0.0294782989078512,0.253140360074326,0.230509876268329,12390,18508,11472,18243,13699,18346,9442,26828,0.0961001489203276,0.14355299081658,0.0889798957557707,0.141497580044676,0.106253102506826,0.142296475552246,0.073234673616282,0.208085132787292,TRUE,TRUE
"L0077","El conde Lucanor","el conde lucanor",9,"Media",59357,2138,27.7628624883068,4.27511498222619,1.81639907677275,12.5872228104388,5.33068288119738,16.6710254763581,69.5379356555622,65.910475028751,71.8565270495775,59357,6058,0.102060414104486,72.6086301062397,0.839271762229884,115.609133971219,8.99303898083303,0.5122152525586,0.0434978134824713,0.785706818641584,0.681226163555965,-1.08786111552445,"bastante facil",0.0420988716288013,0.122349845671204,0.0602978630100019,0.0361449847357857,0.0522693922987401,0.134780482045573,0.16557877515222,0.00392990268009243,0.111976926579973,0.0316078867918164,0.0737067584206176,0.165258310985174,59357,1.00193917125944,7.88449551021783,2.8673342770758,6.54189189189189,2.96891891891892,2220,0.0228477364494999,0.189136078231693,0.286036036036036,2300,2393,1836,3152,1724,3125,1062,3935,0.117785630153121,0.122548266502791,0.0940236595483177,0.161417524453321,0.0882880114712962,0.16003482357761,0.0543862344446151,0.201515849848927,TRUE,TRUE
"L0078","El delantal blanco","el delantal blanco",9,"Media",3594,478,7.51882845188284,4.22871452420701,1.87924318308292,2.24665963495645,1.418410041841,9.51741265661272,86.4162039941045,82.2393212420515,65.6728121715855,3594,942,0.262103505843072,48.3926289163042,0.801795731392121,159.783711738695,7.90050240047454,0.629511677282378,0.0459991251578628,0.74138787023979,0.636689556509298,-0.998853245188562,"muy facil",0.0445752733389403,0.115222876366695,0.063358564620129,0.0473787496495655,0.0339220633585646,0.172413793103448,0.15363050182226,0.00308382394168769,0.106532099803757,0.0972806279786936,0.0274740678441267,0.135127558172133,3594,1.13692946058091,7.23427935447969,2.20089858793325,3.55857740585774,0.384937238493724,478,0.0263619753635031,0.260306703348883,0.146443514644351,74,122,67,105,109,80,66,117,0.1,0.164864864864865,0.0905405405405405,0.141891891891892,0.147297297297297,0.108108108108108,0.0891891891891892,0.158108108108108,FALSE,FALSE
"L0079","El estudiante de Salamanca","el estudiante de salamanca",9,"Media",9721,618,15.7297734627832,4.30295237115523,1.84867811953503,6.70179239953272,3.29935275080906,12.3590134609988,79.8749438958595,75.9325796901846,71.0666820542636,9721,2778,0.28577306861434,81.4360654472624,0.846086226116553,113.17824710937,9.13145109197649,0.658387329013679,0.0342085413250973,0.788275434243185,0.70937850758676,-0.931025400081436,"bastante facil",0.0972638100154879,0.129994837377388,0.05018069179143,0.0164171399070728,0.059370160041301,0.146928239545689,0.235828600929272,0.00516262261228704,0.0579246257098606,0.0302529685080021,0.036241610738255,0.134434692823955,9721,1.7542242703533,9.77265713403971,2.865319125563,4.84887459807074,1.03054662379421,622,-0.0524211870143174,0.301114567714498,0.406752411575563,521,486,430,723,395,840,288,440,0.126364297841378,0.117875333495028,0.104292990540868,0.175357749211739,0.0958040261945186,0.203735144312394,0.069852049478535,0.10671840892554,FALSE,FALSE
"L0080","El gaucho Martín Fierro","el gaucho martin fierro",9,"Media",37007,2577,14.360496701591,4.14978247358608,1.76588213040776,5.29572380138593,2.50950717889018,10.8480028524321,86.2393655399115,82.4600465740055,74.8685814067425,37007,6769,0.18291134109763,98.5090539735911,0.853392049379064,100.888119072902,9.44437433540686,0.6189983749446,0.0353515584450763,0.814805454840569,0.725603121274485,-0.997559952336495,"muy facil",0.0435428823076076,0.110508642518992,0.0697181547946714,0.0301662446328306,0.0479742375867004,0.145684245293405,0.196108114059232,0.00806451612903226,0.102884509523285,0.014477595508092,0.0544698888032588,0.176400968842893,37007,1.11171789670775,8.80914421595914,2.49098289359235,4.61784975878704,1.18711233631978,2902,-0.0417959403948574,0.2544285208923,0.342866988283942,1301,1335,994,1868,926,2150,704,1294,0.123060915626182,0.12627695800227,0.0940219447597427,0.176693151721529,0.0875898600075672,0.203367385546727,0.066590995081347,0.122398789254635,FALSE,FALSE
"L0081","El guardián entre el centeno","el guardian entre el centeno",9,"Media",67893,6750,10.0582222222222,4.08996509213026,1.80757957374103,2.86284669504465,1.60696296296296,9.66214563681087,88.1258389088713,84.1645703337114,75.1415615515537,67893,6751,0.0994358770418158,83.5547655813436,0.84520785452215,105.97048209329,9.10965568995252,0.507776625685084,0.0429381484137663,0.802158776015459,0.702692421158215,-1.05580233506483,"muy facil",0.0367182763261021,0.127589725389291,0.0792333969211659,0.0444819070434615,0.0455170578057761,0.118051550507963,0.153749463939784,0.00532363249190364,0.125770817621224,0.0332727030743978,0.0544785058338139,0.175812963045118,67893,0.874505845739759,5.5675842870399,2.30433503815422,4.00132723787052,0.895148208228875,6781,0.00359602014711185,0.243603833094578,0.245981418669813,1512,1850,1380,2165,1201,2881,1043,2431,0.104542626011201,0.127912604577197,0.0954158888197469,0.149692318329531,0.0830394800525479,0.199197953398327,0.0721150522021711,0.168084076609279,FALSE,FALSE
"L0082","El ingenioso hidalgo don Quijote de la Mancha: segunda parte","el ingenioso hidalgo don quijote de la mancha segunda parte",9,"Media",203793,7300,27.9168493150685,4.22977236705873,1.79920801990255,12.4506525063809,5.41041095890411,16.5282258677268,70.4123325044772,66.8274910450028,67.5402689479158,203793,17740,0.0870491135613098,77.9438426284579,0.834962129609678,123.451092264813,9.49740109849634,0.552029312288613,0.0376136940008125,0.787272263232302,0.695889422368858,-1.10149455118776,"bastante facil",0.0518515933822173,0.11633459780371,0.0663024460273863,0.0280941723036125,0.0627532887030123,0.129384729650916,0.17664036368893,0.00820493392685346,0.0895663747252145,0.0605300806037555,0.0601761618256227,0.150161257358769,203793,1.17633780374452,7.41929310624016,2.86138094923086,7.05861051502146,2.62271995708155,7456,-0.00472184212039448,0.221660878523974,0.254828326180258,5020,6340,5284,6985,4802,6807,2890,10842,0.102511741882785,0.129467020624872,0.107902797631203,0.14263835001021,0.0980600367571983,0.139003471513171,0.0590157239125996,0.22140085766796,TRUE,TRUE
"L0083","El lazarillo de Tormes","el lazarillo de tormes",9,"Media",20420,834,24.484412470024,4.09906953966699,1.78932419196866,10.1188237668435,4.10071942446043,15.0729463285395,74.5064477624561,70.8756903703286,71.2762785420587,20420,3984,0.195102840352596,84.7677785541148,0.834090677567524,123.488235785047,9.00567536275047,0.629518072289157,0.0382059771135605,0.796523489273948,0.704525367846031,-1.00538258872961,"bastante facil",0.0446463654223969,0.144007858546169,0.0674361493123772,0.0275049115913556,0.0641453831041257,0.126080550098232,0.173084479371316,0.00589390962671906,0.103634577603143,0.0339390962671906,0.0528487229862475,0.156777996070727,20420,1.10401002506266,6.07247796278159,2.94582865311958,6.37889688249401,2.25779376498801,834,0.00594074997740287,0.133533285288598,0.334532374100719,486,694,501,743,456,772,290,931,0.0997332238867228,0.142417402011081,0.102811409809152,0.152472809357685,0.0935768520418633,0.158423968807716,0.0595115945003078,0.191052739585471,FALSE,FALSE
"L0084","El libro talonario","el libro talonario",9,"Media",2308,167,13.8203592814371,4.41247833622184,1.89644714038128,6.26295260432342,2.93413173652695,12.1780163762596,78.9564051100572,74.865983872809,62.2519738693263,2308,835,0.361785095320624,81.5524734179534,0.837057845274172,119.48493522643,8.1889056087094,0.669461077844311,0.0390359356603571,0.789446657813183,0.707347215934825,-0.943451511987309,"bastante facil",0.039147455415398,0.150065245759026,0.0526315789473684,0.0347977381470204,0.0434971726837756,0.15311004784689,0.194432361896477,0.0108742931709439,0.0930839495432797,0.0513266637668552,0.0413223140495868,0.13571117877338,2308,1.43269230769231,9.96533795493934,2.60802613159123,4.59302325581395,0.930232558139535,172,-0.034832216916437,0.242265288787331,0.25,61,80,63,107,56,76,40,80,0.108348134991119,0.142095914742451,0.11190053285968,0.190053285968028,0.0994671403197158,0.134991119005329,0.0710479573712256,0.142095914742451,FALSE,FALSE
"L0085","El retrato de Dorian Gray","el retrato de dorian gray",9,"Media",79771,6795,11.7396615158205,4.53016760476865,1.94830201451655,5.77692017637057,2.73230316409124,11.9784317624653,77.9674243828699,73.7161229797983,62.117268478884,79771,10506,0.131701996966316,95.5872587008691,0.854844456106903,102.765748104995,9.62922421456695,0.562630877593756,0.0366407746877379,0.811742806251553,0.725142835626102,-1.01413131008395,"bastante facil",0.0644306262169462,0.13967715595754,0.0604987123924377,0.0414295584448213,0.0365052446454368,0.144262295081967,0.185214496576848,0.00403241002449595,0.0924690660134414,0.0440675836944916,0.0385905407951762,0.148822310156397,79771,1.24453448130328,14.9051660377832,2.40394102170577,4.29899941141848,0.868893466745144,6796,0.00771791235513052,0.298438929420436,0.271483225426722,2570,3336,2583,3648,3167,4116,2097,3969,0.100839676685239,0.1308953935494,0.101349760652907,0.143137408773444,0.124264301969709,0.161500431609511,0.0822804677077611,0.155732559052029,TRUE,TRUE
"L0086","El verdadero final de la bella durmiente","el verdadero final de la bella durmiente",9,"Media",6840,312,21.9230769230769,4.7437134502924,2.04473684210526,11.8744288124157,5.69551282051282,17.0878947368421,61.7942510121458,57.5248178137652,54.1941917734945,6840,2177,0.31827485380117,106.526464257762,0.85185867315774,105.778701138812,8.95239498471232,0.716123105190629,0.0338053661460293,0.822865557355352,0.739114374721848,-0.978427546968585,"normal",0.0671062271062271,0.135824175824176,0.0662271062271062,0.0313553113553114,0.0605128205128205,0.149304029304029,0.202344322344322,0.00527472527472527,0.072967032967033,0.0317948717948718,0.0446886446886447,0.132600732600733,6840,1.52596685082873,5.70175438596491,2.80070465686275,6.04166666666667,1.64102564102564,312,0.020495509169099,0.131239988353919,0.266025641025641,111,288,117,214,262,252,144,241,0.0681399631675875,0.176795580110497,0.0718232044198895,0.131368937998772,0.160834868017188,0.154696132596685,0.0883977900552486,0.147943523634131,FALSE,FALSE
"L0087","Extractos de los diarios de Adán y de Eva","extractos de los diarios de adan y de eva",9,"Media",11497,747,15.3908969210174,4.26998347394973,1.87092284943898,6.37707062281191,2.91700133868809,12.4893394225768,78.8859141742232,74.8856095589339,64.9056251387599,11497,2522,0.219361572584152,84.6519714689366,0.847894514437111,104.459332732132,8.81763865262457,0.629659000793021,0.0399578841747819,0.802716631726059,0.709044569222646,-0.9921839154085,"bastante facil",0.0581061068037285,0.123529924209426,0.0769230769230769,0.0614164996950954,0.0589772628277725,0.115166826378604,0.149490373725934,0.00392020210819758,0.128234166739263,0.0093213694572698,0.054185904695531,0.160728286436101,11497,0.930081300813008,10.9593807080108,2.60055813953488,4.764,1.40266666666667,750,0.00149226753363858,0.206622317161895,0.281333333333333,240,469,254,413,377,452,271,478,0.0812457684495599,0.158767772511848,0.0859851049424509,0.139810426540284,0.12762356127285,0.153012863913338,0.0917400135409614,0.161814488828707,FALSE,FALSE
"L0088","Fedra","fedra",9,"Media",23779,2704,8.79400887573964,4.1814626350982,1.84557803103579,2.66169344918232,1.84060650887574,9.61748422776076,87.1354290845983,83.0614797907308,57.9691509837594,23779,5916,0.248790949997897,59.9464138153647,0.862580172799348,96.3624415661903,9.6363383212256,0.666159567275186,0.0315473449673211,0.764828487147042,0.680556165540511,-0.995923394032342,"muy facil",0.0643619140365632,0.142534637687575,0.04360143419946,0.021512991899429,0.0446638041698021,0.149218715417644,0.208755699172237,0.00637421982205303,0.0572794475676154,0.132353592138462,0.0222655039617547,0.107078039927405,23779,1.94956593633733,12.7423356743345,2.65059170213761,3.89731494920174,0.397677793904209,2756,-0.0178312941038128,0.197664590120334,0.172351233671988,897,658,636,1129,550,1027,386,831,0.146712463199215,0.107621851488387,0.104023552502453,0.184658161596336,0.0899574746483481,0.167975139025188,0.0631337912986588,0.135917566241413,FALSE,FALSE
"L0089","Frankestein o el moderno Prometeo","frankestein o el moderno prometeo",9,"Media",69377,4341,15.9818014282423,4.63744468627931,2.01027718119838,8.40326518649674,4.19258235429625,14.3641732951554,69.9219316712901,65.6129301830986,56.5076928353971,69377,9898,0.142669760871759,97.9802364627476,0.844845905932023,112.003587980211,9.62565371786301,0.55112143867448,0.0360820412277272,0.812920032310028,0.724231935102056,-0.967068693741216,"bastante facil",0.0614529976192194,0.142154245725417,0.0553783998268523,0.036808311088666,0.0527956135920929,0.158228122069115,0.197936656806868,0.00243849650097396,0.0816968472693168,0.0184113700310223,0.0427241901738691,0.149974749296588,69377,1.31979988454878,24.5182120875795,2.4931504743162,5.19046522339936,1.29686780285583,4342,-0.00141361657469908,0.245732111738318,0.340856748042377,2973,3681,2397,4065,3198,4213,2083,3885,0.112209850915267,0.138931873938479,0.0904698999811285,0.153425174561238,0.120702019248915,0.15901113417626,0.0786186072843933,0.14663143989432,FALSE,TRUE
"L0090","Himno a la noche","himno a la noche",9,"Media",4425,258,17.1511627906977,4.56158192090396,1.94779661016949,8.63063224280647,4.08139534883721,14.0829534883721,72.4780173433189,68.336108395743,56.5477933390713,4425,1510,0.341242937853107,71.6830287449861,0.8223717504844,146.705225190718,8.55297771770612,0.708609271523179,0.0351273182656766,0.779291590493631,0.698747110494677,-0.985534700764292,"bastante facil",0.086976320582878,0.158697632058288,0.040983606557377,0.0168488160291439,0.0396174863387978,0.186247723132969,0.21379781420765,0.00273224043715847,0.0573770491803279,0.0646630236794171,0.0204918032786885,0.111566484517304,4425,1.91632653061225,12.2033898305085,2.73243826420523,4.9618320610687,0.824427480916031,262,0.0275232117187259,0.236910522109782,0.225190839694656,135,357,98,253,345,292,181,253,0.0705329153605016,0.186520376175549,0.0512016718913271,0.132183908045977,0.18025078369906,0.152560083594566,0.0945663531870428,0.132183908045977,FALSE,FALSE
"L0091","Historia de cronopios y famas","historia de cronopios y famas",9,"Media",23403,969,24.1517027863777,4.50831090031193,1.93274366534205,11.879995733658,5.85758513931889,16.6355393377235,66.2406432373717,62.2733668628126,56.0696407721994,23403,5696,0.243387599880357,67.9505497603621,0.825490643748647,132.610015998728,9.36339789822618,0.663623595505618,0.0321469038429094,0.773225143444358,0.680582732578067,-0.944160311506758,"normal",0.0596848775475253,0.155292002055146,0.0481674944339784,0.0217074841582463,0.0565593423531427,0.170191813666724,0.224225038533996,0.00500941942113376,0.0622966261346121,0.0306131186847063,0.0336530227778729,0.132599760232917,23403,1.6909912818857,15.3826432508653,2.7644646518677,6.06385169927909,1.69412976313079,971,-0.000231149587699794,0.25592738847226,0.307929969104016,585,915,523,783,670,931,476,1130,0.097289206718776,0.152170297688342,0.0869782138699484,0.130217861300516,0.111425245301846,0.154831199068685,0.0791618160651921,0.187926159986695,FALSE,FALSE
"L0093","Inquietudes sentimentales","inquietudes sentimentales",9,"Media",7666,1041,7.3640730067243,4.43451604487347,1.90086094442995,3.13860707471618,1.66666666666667,9.7121476168959,85.2769888673442,81.0472901552898,61.849993935581,7666,2628,0.342812418471171,101.757697485303,0.850126948390663,111.418620165181,9.11355709505905,0.740867579908676,0.0308116175776579,0.809948798739678,0.726986916875885,-1.06725831363245,"muy facil",0.0690789473684211,0.149210526315789,0.0411842105263158,0.0289473684210526,0.0313157894736842,0.174868421052632,0.236842105263158,0.00842105263157895,0.0609210526315789,0.0280263157894737,0.0365789473684211,0.134605263157895,7666,1.75953079178886,10.9574745630055,2.26746987951807,3.05564516129032,0.386290322580645,1240,-0.0112209540647542,0.425415137776269,0.183870967741935,239,357,223,393,367,527,229,274,0.0916059793024147,0.13683403602913,0.0854733614411652,0.150632426216941,0.140666922192411,0.201993100804906,0.0877730931391338,0.105021080873898,FALSE,FALSE
"L0094","Iván el imbécil","ivan el imbecil",9,"Media",9790,801,12.2222222222222,4.18243105209397,1.83033707865169,4.38036136647373,2.29088639200999,10.7746441947566,84.5531086142322,80.5827777777778,69.5412298209672,9790,1984,0.202655771195097,61.462081158539,0.828073129237011,123.462164076871,8.49225359731183,0.601310483870968,0.0435279380792804,0.766861718509402,0.657494582602401,-0.992929459849105,"muy facil",0.0341862845445241,0.126816786079836,0.0560900716479017,0.0321392016376663,0.0631525076765609,0.147697031729785,0.174206755373593,0.00388945752302968,0.0973387922210849,0.0447287615148413,0.0348004094165814,0.184953940634596,9790,0.941892639734366,3.06435137895812,2.3055617352614,4.43071161048689,0.853932584269663,801,-0.00190023633098999,0.224418075123154,0.287141073657928,385,367,191,306,246,451,164,419,0.152234084618426,0.145116646896006,0.0755239224990115,0.120996441281139,0.0972716488730724,0.178331356267299,0.0648477659153816,0.165678133649664,TRUE,TRUE
"L0095","Jane Eyre","jane eyre",9,"Media",147112,11168,13.1726361031519,4.44092935994344,1.93428816140084,6.07309533690955,2.98209169054441,12.3719283847591,77.3466214907349,73.156211441576,60.9110443287933,147112,15396,0.104654956767633,98.0343682347479,0.856495198048504,99.1683890655087,9.8000323245034,0.5235126006755,0.0367068100193383,0.813682435419132,0.725874718562344,-1.02059160586466,"bastante facil",0.0586105067892436,0.136862421485518,0.0642301318293107,0.0376596716884109,0.0494922559657367,0.13765353374844,0.17880501128699,0.0049921911763703,0.100109800926147,0.0340792067053584,0.0415743134032149,0.15593095499526,147112,1.14669349195241,14.2680406764914,2.50218835281396,4.58834569666637,1.02341585485745,11189,0.0173590944272628,0.236690592110781,0.249352042184288,3498,5759,3045,5052,4616,5934,2754,7003,0.0928812299195454,0.152916810493614,0.0808528716709594,0.134144074772311,0.122567111866387,0.157563527256313,0.0731260455112716,0.185948328509599,FALSE,FALSE
"L0096","La balada del café triste","la balada del cafe triste",9,"Media",26175,1496,17.4966577540107,4.35377268385864,1.90800382043935,7.82459821797956,3.4879679144385,13.7481416052485,74.5131798645481,70.4697042326178,68.2787444606981,26175,4526,0.172913085004776,80.4474344088497,0.825647444519389,129.480243274777,8.95596154920941,0.602297834732656,0.0390502595102606,0.794619918854722,0.698030372756519,-1.00288970341849,"bastante facil",0.0568616939807015,0.147112880992495,0.05517690304794,0.0351891560729055,0.0551003216419053,0.164420278756318,0.204434063409404,0.00681574513708072,0.0683489048858937,0.0447618318272323,0.0291009342931536,0.13267728595497,26175,1.54083694083694,7.52626552053486,2.48125937031484,5.16978609625668,1.05414438502674,1496,-0.0107917725191169,0.178851669707488,0.362967914438503,638,935,626,881,630,1067,452,885,0.104350670592084,0.152927706902192,0.102387962054302,0.144095518482172,0.103042198233562,0.174517500817795,0.0739286882564606,0.144749754661433,FALSE,FALSE
"L0097","La casa de Asterión","la casa de asterion",9,"Media",953,74,12.8783783783784,4.29275970619098,1.86568730325289,5.22808740534869,2.54054054054054,11.4476777459516,81.7628158588809,77.7243026289669,47.5735288375371,953,423,0.44386149003148,72.4046587043936,0.831572984087194,118.122590725263,7.61066827599191,0.75886524822695,0.0397467888955457,0.78066371681416,0.69158079625293,-0.747848922624533,"bastante facil",0.0485232067510548,0.126582278481013,0.0559071729957806,0.0432489451476793,0.0485232067510548,0.172995780590717,0.209915611814346,0.0147679324894515,0.0727848101265823,0.0369198312236287,0.0443037974683544,0.125527426160338,953,1.67226890756303,8.39454354669465,2.38566552901024,4.52702702702703,0.675675675675676,74,0.00674325987981008,0.189659650398819,0.283783783783784,21,33,16,26,24,32,19,37,0.100961538461538,0.158653846153846,0.0769230769230769,0.125,0.115384615384615,0.153846153846154,0.0913461538461538,0.177884615384615,TRUE,TRUE
"L0098","La dama de las camelias","la dama de las camelias",9,"Media",64459,4465,14.4365061590146,4.30425541817279,1.87849640856979,6.06129609910113,2.85845464725644,12.2064950231392,79.4049792036178,75.3681675870876,64.7636296564281,64459,7403,0.114848198079399,89.5572017988167,0.846089146329846,107.589568022885,9.21543024937808,0.552613805214102,0.0406358833480912,0.806666356155738,0.713473741454329,-1.04803033186704,"bastante facil",0.0420546944232832,0.139472334074408,0.0673652461870929,0.0471852116727041,0.0422723527308344,0.130672719640553,0.159761197742572,0.00799116929152221,0.113648730585656,0.0303944279473267,0.0532951913061053,0.165886724397942,64459,0.963074039362699,11.5422206363735,2.54904509549045,4.77792702037161,1.33243787777032,4467,0.00675199646208823,0.225550647689457,0.247817327065144,1550,2857,1280,2246,2223,2950,1270,2994,0.0892343120322395,0.16447898675878,0.0736902705814623,0.12930339666091,0.127979274611399,0.169833045480714,0.0731145653425446,0.172366148531952,FALSE,FALSE
"L0099","La miseria del hombre","la miseria del hombre",9,"Media",18050,1215,14.8559670781893,4.24027700831025,1.81324099722992,5.96968824823593,2.86995884773663,11.6000709278068,82.8924537464519,79.0141187943869,69.6646399641343,18050,3914,0.216842105263158,64.0466475061011,0.830032622634818,131.265659410226,9.02590393779433,0.626469085334696,0.0366415226414427,0.763187600688843,0.676927190685734,-1.02078369808935,"bastante facil",0.0555925802510274,0.158724869487948,0.0372098189492391,0.0279906697767411,0.0369321337332,0.200488725980229,0.242530267688548,0.00366544485171609,0.0692546928801511,0.016327890703099,0.0331000777518605,0.11818282794624,18050,2.05216165413534,11.7451523545706,2.58283338283338,4.73026315789474,0.940789473684211,1216,-0.0250033538754678,0.202681961887139,0.387335526315789,825,887,696,1045,745,1062,533,748,0.126127503439841,0.135606176425623,0.10640574835652,0.159761504357132,0.113896957651735,0.162360495337104,0.0814860113132548,0.114355603118789,FALSE,FALSE
"L0100","La Nona","la nona",9,"Media",15801,2787,5.66953713670614,4.42712486551484,1.94082652996646,2.25652668492797,1.14388231072838,9.5228725369196,84.6074803225723,80.2519700463835,65.5479581002202,15801,2827,0.178912727042592,78.5982652190153,0.851264324775107,103.219829154698,8.86865262033772,0.572691899540149,0.0423938279754011,0.791742001015736,0.695825372563985,-0.977138683513463,"muy facil",0.0316205533596838,0.117557057248502,0.064388626800969,0.0279867397679459,0.0383781716180033,0.134323600663012,0.164860385056739,0.00835139614943261,0.0946066556164733,0.127438480173403,0.0243529261762081,0.166135407369629,15801,0.992325402916347,5.06297069805708,2.02950441797925,3.17467718794835,0.271520803443329,2788,0.0177439324162886,0.27797394082975,0.157819225251076,229,565,218,339,317,540,248,554,0.0760797342192691,0.187707641196013,0.0724252491694352,0.112624584717608,0.10531561461794,0.179401993355482,0.0823920265780731,0.184053156146179,FALSE,FALSE
"L0101","La Odisea","la odisea",9,"Media",52778,3173,16.6334699023007,4.38641100458524,1.90689302360832,7.54673078274683,3.60258430507406,13.3983909404755,75.460279283154,71.4020947269009,63.7934134182577,52778,7706,0.146007806282921,86.2436026402853,0.839426869904124,116.51246318384,9.38302187210855,0.566701271736309,0.0374693008803083,0.801326025526654,0.708266861557714,-0.99367301041361,"bastante facil",0.0439028097038318,0.146906286213644,0.0505518721860218,0.0241645927924163,0.0519006820038375,0.154144265658542,0.19151199680845,0.00478732498717681,0.0848420372727445,0.0558521248503961,0.0427249757784152,0.148711031744524,52778,1.28781297904957,9.03785668270871,2.52771395170718,5.12469660194175,1.20236650485437,3296,0.024038690593807,0.174751970598456,0.258191747572816,1442,2127,1109,2040,1749,1892,937,2512,0.104432213209733,0.154041135573581,0.0803157589803013,0.14774044032445,0.126665701042874,0.13702201622248,0.0678592120509849,0.181923522595597,TRUE,FALSE
"L0102","La ópera de dos centavos","la opera de dos centavos",9,"Media",24673,3093,7.97704494018752,4.51534065577757,1.91549467028736,3.82577695880612,1.79017135467184,10.123884636064,83.7737339437672,79.52263710091,66.5154367203651,24673,4645,0.188262473148786,82.07614277069,0.871656381794955,85.6834271860912,9.39814577529893,0.595048439181916,0.0375933423911276,0.802412280701722,0.70930577032634,-0.97328221794244,"bastante facil",0.0504325118328709,0.126244491594581,0.0717316794516076,0.0412518361351395,0.0371715358250367,0.131100048963604,0.176472988411947,0.00677329851477069,0.0944997551819814,0.0978864044393667,0.0331320385180349,0.133303411131059,24673,1.32384450566269,12.3211607830422,2.54121299170644,3.50806972240155,0.480632666236281,3098,0.0266136919052835,0.293865794172187,0.193027759845061,694,906,690,1012,781,1063,470,1405,0.0988463181882923,0.129041447087309,0.0982765987751033,0.144139011536818,0.111237715425153,0.151402934054978,0.066942031049708,0.200113943882638,FALSE,TRUE
"L0104","La vida simplemente","la vida simplemente",9,"Media",54080,3740,14.4598930481283,4.43337647928994,1.92731139053254,6.68114974151979,3.27513368983957,12.7916326970541,76.4522256589565,72.3036073216942,64.1335942029706,54080,9244,0.170931952662722,103.746905488451,0.849827565166957,105.759321879048,9.64319652376366,0.588273474686283,0.0342464602959819,0.821570209694325,0.730957559141157,-0.989339216653475,"bastante facil",0.054307948860478,0.152418010005559,0.0549193996664814,0.0269038354641467,0.0400407633870669,0.160867148415787,0.202390216787104,0.00605892162312396,0.0889568278673337,0.0282564387622753,0.0340188993885492,0.150861589772096,54080,1.3415622697126,10.262573964497,2.41012296140323,4.88995726495726,1.12019230769231,3744,-0.00740194449209974,0.207332042320639,0.311431623931624,1553,1923,1336,1981,1443,2340,1118,2271,0.111206587898317,0.137701396348013,0.0956677407805227,0.141854636591479,0.103329752953813,0.167561761546724,0.0800572860723237,0.162620837808808,FALSE,FALSE
"L0105","Los jefes","los jefes",9,"Media",25040,2506,9.99201915403033,4.52903354632588,1.97623801916933,4.89775758021005,2.33479648842777,11.6264960962699,78.0738593127293,73.7233522517205,65.2278345864179,25040,5422,0.216533546325879,104.645270121689,0.858553337947567,98.8017574436812,9.52743854285268,0.619881962375507,0.0343433617686886,0.821813452842971,0.73262138647205,-0.961893950569207,"bastante facil",0.0543486973947896,0.130460921843687,0.0595190380761523,0.0323847695390782,0.0396793587174349,0.155511022044088,0.194949899799599,0.00432865731462926,0.0796392785571142,0.0467334669338677,0.0292585170340681,0.173186372745491,25040,1.12566535524184,5.91054313099042,2.42458398047482,3.91845664280032,0.661893396976929,2514,-0.0168515958577682,0.3139575166162,0.281622911694511,871,803,595,1118,496,881,598,961,0.137751067531235,0.126996678791713,0.0941009014708208,0.176814803099794,0.0784437766882809,0.139332595287047,0.0945753597975644,0.151984817333544,FALSE,FALSE
"L0106","Los Miserables","los miserables",9,"Media",154746,13728,11.2722902097902,4.44479340338361,1.92992387525364,5.1411220348319,2.53044871794872,11.5792949098111,79.5468314707955,75.3284523619079,64.1011882710304,154746,13713,0.0886161839401342,78.4202292639934,0.84379958221597,112.237664623821,9.58021099079803,0.497775833151025,0.0390792031753167,0.792499143487184,0.700024378099758,-1.05257619325548,"bastante facil",0.0511740890688259,0.140625101214575,0.0557344129554656,0.0363271255060729,0.0400777327935223,0.157965991902834,0.19667044534413,0.00917246963562753,0.0777846153846154,0.0479222672064777,0.0326283400809717,0.153917408906883,154746,1.27776608728589,11.3540899280111,2.43196000567295,4.15585454545455,0.723781818181818,13750,-0.00814139032168275,0.2558615860668,0.278981818181818,4836,6360,4650,7501,4526,7438,3456,8034,0.103331125403303,0.135894532168116,0.0993568513493301,0.160274353112113,0.096707335313348,0.158928228029316,0.0738445759705989,0.171662998653875,FALSE,FALSE
"L0108","Más allá del horizonte","mas alla del horizonte",9,"Media",7609,1308,5.81727828746177,4.76803784991457,1.90248390064397,3.93609741682853,1.52981651376147,9.12804855970899,86.7573421081506,82.4929747024186,60.194200821888,7609,2910,0.382441845183336,66.1852356100144,0.889326748612118,78.1530873830664,9.6617365946732,0.724054982817869,0.0277094458834455,0.773785714285727,0.71932889480694,-0.93398925186908,"muy facil",0.081185368112363,0.137521222410866,0.0209908936564285,0.0197561352060503,0.0279364099398055,0.155888254360241,0.227041210063281,0.00802592992745794,0.0381231671554252,0.173483562278129,0.0152801358234295,0.0947677110665226,7609,2.3957654723127,10.5138651596793,2.13655828707375,3.24508320726172,0.139183055975794,1322,0.0216464985419298,0.214419733782509,0.0824508320726172,110,224,82,150,172,175,87,223,0.0899427636958299,0.183156173344235,0.0670482420278005,0.122649223221586,0.140637775960752,0.143090760425184,0.07113654946852,0.182338511856092,FALSE,FALSE
"L0109","Odio al árbol","odio al arbol",9,"Media",1323,75,17.64,4.7739984882842,2.01814058956916,9.87553287981859,5.05333333333333,15.1036589569161,67.7587646258504,63.4648412698413,54.781567162271,1323,562,0.424792139077853,81.3841030895334,0.838552309790041,117.109412001972,7.89975730740869,0.709964412811388,0.0381586970798083,0.787127158555732,0.699044117647057,-0.872004220776464,"normal",0.0665658093797277,0.151285930408472,0.0506807866868381,0.0257186081694402,0.0431164901664145,0.170196671709531,0.232980332829047,0.00151285930408472,0.0514372163388805,0.0703479576399395,0.0287443267776097,0.107413010590015,1323,2.16901408450704,18.140589569161,2.80288461538462,4.81609195402299,0.919540229885057,87,0.0661218515289993,0.169230643266208,0.183908045977011,73,75,58,48,58,40,43,104,0.146292585170341,0.150300601202405,0.11623246492986,0.0961923847695391,0.11623246492986,0.0801603206412826,0.0861723446893788,0.208416833667335,FALSE,FALSE
"L0110","Ópera de los dos centavos","opera de los dos centavos",9,"Media",24673,3093,7.97704494018752,4.51534065577757,1.91549467028736,3.82577695880612,1.79017135467184,10.123884636064,83.7737339437672,79.52263710091,66.5154367203651,24673,4645,0.188262473148786,82.07614277069,0.871656381794955,85.6834271860912,9.39814577529893,0.595048439181916,0.0375933423911276,0.802412280701722,0.70930577032634,-0.97328221794244,"bastante facil",0.0504325118328709,0.126244491594581,0.0717316794516076,0.0412518361351395,0.0371715358250367,0.131100048963604,0.176472988411947,0.00677329851477069,0.0944997551819814,0.0978864044393667,0.0331320385180349,0.133303411131059,24673,1.32384450566269,12.3211607830422,2.54121299170644,3.50806972240155,0.480632666236281,3098,0.0266136919052835,0.293865794172187,0.193027759845061,694,906,690,1012,781,1063,470,1405,0.0988463181882923,0.129041447087309,0.0982765987751033,0.144139011536818,0.111237715425153,0.151402934054978,0.066942031049708,0.200113943882638,FALSE,TRUE
"L0111","Orgullo y Prejuicio","orgullo y prejuicio",9,"Media",117912,7136,16.5235426008969,4.48329262500848,1.93607096817966,7.94807956423838,3.84963565022422,13.6998190388698,73.8217284563056,69.6942360815104,59.968661766516,117912,10341,0.0877009973539589,88.7447317953022,0.839370469084709,115.083290618685,9.26696147660721,0.508944976307901,0.0410951273794198,0.804693075859377,0.709782112330576,-1.08801632045545,"bastante facil",0.0486142971232434,0.142631391140337,0.0720038741907529,0.0481894955055989,0.0451479159232638,0.131552564952167,0.156165570678493,0.00477477018232485,0.0974240029906034,0.0492260114526516,0.0528283291702775,0.151441776690286,117912,1.03119214586255,18.0812809552887,2.55273206532042,5.14545964125561,1.50504484304933,7136,0.0436118582640617,0.206142074417907,0.205997757847534,2306,5053,2383,3110,4273,3966,2242,7018,0.075977727257751,0.166485453527067,0.0785147112121512,0.102467793482917,0.140786135547428,0.130671147573391,0.0738690652696781,0.231227966129617,FALSE,FALSE
"L0112","Pinocho","pinocho",9,"Media",44551,3079,14.4693082169536,4.31139592826199,1.88197795784606,6.11132893059076,3.03897369275739,12.2603701071954,79.1626281479435,75.1184650092367,65.1839851512776,44551,6380,0.143206662027788,79.2345664239908,0.840954571647542,114.541647538945,9.24658200633508,0.565673981191223,0.039054304751942,0.790558626578489,0.698924232880353,-1.00722980794916,"bastante facil",0.0472956257730799,0.143011357247273,0.0609243225008434,0.0280895086022715,0.0529854942089284,0.149240976048578,0.185651636118295,0.0092432250084336,0.0878893511750815,0.0424153828854155,0.0332396266726639,0.160013493759136,44551,1.16022487702038,6.46450135799421,2.65304301697531,4.67553536664504,1.11907852044127,3082,-0.00811617952649371,0.254329731418915,0.288124594419208,1225,1732,1255,1850,1387,2037,978,1898,0.0990939977349943,0.140106778838376,0.10152078951626,0.149652159844685,0.112198673353826,0.164779161947905,0.0791134120692445,0.15353502669471,FALSE,FALSE
"L0113","Poemas de amor","poemas de amor",9,"Media",4161,180,23.1166666666667,4.16462388848834,1.81494832972843,9.74371184811343,3.92777777777778,14.8418902907955,74.3641002162942,70.6470523912521,72.6880490820048,4161,1312,0.315308819995193,45.3417644144114,0.863413295964291,88.9261305974539,8.60105862683661,0.680640243902439,0.0382685312052477,0.734241245136186,0.656651895617927,-0.958975540362213,"bastante facil",0.0595065312046444,0.114417029511369,0.0761973875181422,0.0324141267537494,0.0537010159651669,0.133043057571359,0.183841315916788,0.00532172230285438,0.098451862602806,0.0478955007256894,0.0411223996129656,0.154088050314465,4161,1.19309262166405,5.76784426820476,2.66197890507283,6.7,2.28888888888889,180,-0.0302376447168274,0.137927907015886,0.383333333333333,111,149,74,163,147,252,79,132,0.100271002710027,0.134598012646793,0.0668473351400181,0.147244805781391,0.132791327913279,0.227642276422764,0.0713640469738031,0.119241192411924,TRUE,TRUE
"L0115","Prometeo","prometeo",9,"Media",8848,823,10.7509113001215,4.47185804701627,1.92359855334539,5.00790705150741,2.48116646415553,11.301318336523,80.4581572731528,76.2438988264608,63.5502235244946,8848,2491,0.281532549728752,97.5283165008733,0.852016543078593,107.592688573587,8.9551565469589,0.698916097952629,0.0353373991277592,0.810635299465848,0.726185849811391,-1.01557765522917,"bastante facil",0.0673393039337944,0.155651286702188,0.0603106223784151,0.0263008729169028,0.0428522843215055,0.148962702641424,0.196689717719079,0.00192721913615236,0.0794694479084004,0.0354835052715112,0.038771114386124,0.146241922684503,8848,1.34496124031008,9.15461121157324,2.48523364485981,4.01944106925881,0.735115431348724,823,-0.025786160852684,0.293046139064039,0.301336573511543,440,385,327,651,298,572,186,442,0.133292941532869,0.11663132384126,0.0990608906392002,0.197212965767949,0.0902756740381702,0.173280823992729,0.0563465616479855,0.133898818539836,FALSE,TRUE
"L0116","Prometeo encadenado","prometeo encadenado",9,"Media",8848,823,10.7509113001215,4.47185804701627,1.92359855334539,5.00790705150741,2.48116646415553,11.301318336523,80.4581572731528,76.2438988264608,63.5502235244946,8848,2491,0.281532549728752,97.5283165008733,0.852016543078593,107.592688573587,8.9551565469589,0.698916097952629,0.0353373991277592,0.810635299465848,0.726185849811391,-1.01557765522917,"bastante facil",0.0673393039337944,0.155651286702188,0.0603106223784151,0.0263008729169028,0.0428522843215055,0.148962702641424,0.196689717719079,0.00192721913615236,0.0794694479084004,0.0354835052715112,0.038771114386124,0.146241922684503,8848,1.34496124031008,9.15461121157324,2.48523364485981,4.01944106925881,0.735115431348724,823,-0.025786160852684,0.293046139064039,0.301336573511543,440,385,327,651,298,572,186,442,0.133292941532869,0.11663132384126,0.0990608906392002,0.197212965767949,0.0902756740381702,0.173280823992729,0.0563465616479855,0.133898818539836,FALSE,TRUE
"L0117","Prometeo liberado","prometeo liberado",9,"Media",51237,3767,13.6015396867534,4.54271327361087,1.80644846497648,6.76694936208388,2.84178391292806,11.0306923645563,84.5795216209226,80.6917209452118,72.1153461839304,51237,9874,0.192712297753577,98.5812615009114,0.904624639171862,60.6504381521147,10.35810430876,0.594996961717642,0.032240072743894,0.811184652652899,0.732284797997584,-0.947140029614317,"muy facil",0.0712477573791442,0.124210474575438,0.03595566369289,0.0215291602152916,0.0419769470864361,0.138120868047875,0.19179630858463,0.0067094300670943,0.0434515471011821,0.192902258595689,0.027452136941188,0.104647447713141,51237,1.8327853452325,8.43140699104163,3.09127652408218,4.86945101129498,0.5324402416601,3807,0.0115021432453731,0.241786154279933,0.154189650643551,1255,1444,968,1891,1421,1704,796,1334,0.116063997040599,0.133542957551096,0.0895218718209563,0.174882086377509,0.131415888282623,0.157588088412097,0.0736150929436789,0.123370017571442,FALSE,FALSE
"L0118","Rebelión de la granja","rebelion de la granja",9,"Media",29483,1752,16.828196347032,4.69867381202727,2.03296815113794,9.11485182816442,4.45776255707763,14.9620207587702,67.6971506577508,63.3528878370741,63.6306794114881,29483,4974,0.168707390699725,79.3418999969481,0.829956499157809,127.299655000707,9.07015189916425,0.580619219943707,0.0386876481551808,0.794812122035674,0.699601824121933,-1.00115092074922,"normal",0.0519701086956522,0.156759510869565,0.054585597826087,0.0373641304347826,0.0431725543478261,0.163654891304348,0.203770380434783,0.00832201086956522,0.0608695652173913,0.0440217391304348,0.0338994565217391,0.141610054347826,29483,1.43895418565603,14.0419902994946,2.57531282680033,5.11149032992036,1.19908987485779,1758,-0.00545921301772794,0.194910050785066,0.361774744027304,977,1344,1027,1092,731,1063,598,1292,0.120260955194485,0.165435745937962,0.126415558838011,0.134416543574594,0.0899803052683407,0.130846873461349,0.0736090595765633,0.159034958148695,FALSE,TRUE
"L0119","Rimas y leyendas","rimas y leyendas",9,"Media",22200,1207,18.3927091963546,4.3077027027027,1.85608108108108,8.05563432790703,3.88152444076222,13.4849133433351,76.7145717548535,72.8084394522941,65.5693608259061,22200,5000,0.225225225225225,75.8589353569428,0.82786727392138,131.461610258908,9.2738167913384,0.6264,0.0342697774743981,0.78205859780595,0.694183973575832,-0.929496940471284,"bastante facil",0.0642056750406651,0.154211097054039,0.0386318452918851,0.0226820892824869,0.0423368877643232,0.176757636002169,0.226775709380083,0.00727453461051871,0.0720675944333996,0.0214169528284836,0.0411621181998916,0.132477860112055,22200,1.71180081855389,9.36936936936937,2.83470680703092,5.14047619047619,1.30952380952381,1260,-0.00702828182130591,0.221090807793009,0.288095238095238,702,1026,506,1030,897,1120,570,954,0.103159441587068,0.150771491550331,0.0743570903747245,0.151359294636297,0.131814842027921,0.164584864070536,0.0837619397501837,0.140191036002939,FALSE,FALSE
"L0120","Satiricón","satiricon",9,"Media",93528,6215,15.0487530168946,4.98510606449406,2.08256351039261,9.57422607221431,4.41013676588898,14.8532630992217,66.5364612992109,62.0425402856458,63.9605517917426,93528,22759,0.243338893165683,236.20386859305,0.920306064948659,51.0580091206229,11.4158049613212,0.639878729293906,0.0248394169161549,0.867777361760484,0.810725149578849,-0.902964532939491,"normal",0.0695922426653406,0.134273993038289,0.0447041272998508,0.0204251616111387,0.0353804077573347,0.135206364992541,0.211437095972153,0.00667578319244157,0.0612257583291895,0.125683739433118,0.0299229239184485,0.125472401790154,93528,1.68512830674725,10.210845949876,2.77320486402029,5.09933184855234,0.719227913882702,6735,0.00197606951928823,0.135918183087135,0.190497401633259,2297,2712,1600,2914,2144,2996,1691,2965,0.118898493710855,0.140379936849733,0.0828200217402557,0.150835964594441,0.110978829131943,0.155080490708629,0.0875304104767328,0.153475852787411,FALSE,FALSE
"L0121","Un cuento de navidad","un cuento de navidad",9,"Media",30145,2058,14.6477162293489,4.53793332227567,1.94353955879914,7.26752406259283,3.64528668610301,13.0563761232759,75.2869559181159,71.1047692574649,59.5120029904149,30145,5954,0.197512025211478,87.17912807448,0.845802717193314,113.433118816636,9.37857810652894,0.62260665099093,0.0351090804786294,0.802945906432708,0.715163083272268,-0.97730965596077,"bastante facil",0.0577136514983352,0.134597921501362,0.0756734940974675,0.0291931523896008,0.0392829516025964,0.152221437460061,0.196347492684896,0.00454040964584805,0.0875121918407157,0.034069888675882,0.040392829516026,0.148454579087209,30145,1.32260987766198,12.9374689003151,2.63251084405888,4.77405247813411,1.17881438289602,2058,0.0287811326687559,0.224487544509085,0.243440233236152,623,1216,579,1095,1047,1153,708,1246,0.0812573366375375,0.158601799921743,0.0755184557193165,0.142819877396635,0.136559280031303,0.150384765879744,0.0923438111386461,0.162514673275075,FALSE,FALSE
"L0122","¡No funciona la tele!","no funciona la tele",2,"Basica inicial",35,35,1,49,16,209.86,1,173.6,-754.18,-790.965,NA,35,1,0.0285714285714286,2.05882352941176,NA,9714.28571428571,0,0,0.647639852180729,NA,NA,NA,"muy dificil",0,0,0,0,0,0,1,0,0,0,0,0,35,35,0,NA,2,0,35,0,0,0,0,0,0,0,0,0,0,0,0,0,0,0,0,0,0,0,FALSE,FALSE
"L0123","Abuela de arriba, abuela de abajo","abuela de arriba abuela de abajo",2,"Basica inicial",624,70,8.91428571428571,4.09615384615385,1.88942307692308,2.32002747252747,1.17142857142857,10.1817637362637,84.382043956044,80.2096565934066,86.6960628277715,624,221,0.354166666666667,43.5541257281975,0.734074418516343,230.21449704142,6.58500250679333,0.65158371040724,0.0576973036701316,0.7,0.582438095238096,-0.867804817857199,"muy facil",0.016025641025641,0.161858974358974,0.0913461538461538,0.0208333333333333,0.0432692307692308,0.165064102564103,0.181089743589744,0.00961538461538462,0.0512820512820513,0.0865384615384615,0.0192307692307692,0.153846153846154,624,1.17708333333333,11.2179487179487,2.13176895306859,3.91428571428571,0.328571428571429,70,0.0455797041123128,0.137983070407899,0.1,0,18,1,9,13,16,1,22,0,0.225,0.0125,0.1125,0.1625,0.2,0.0125,0.275,FALSE,FALSE
"L0125","Camilón comilón","camilon comilon",2,"Basica inicial",826,122,6.77049180327869,4.33050847457627,1.88135593220339,2.35194081689358,1.26229508196721,9.25049180327869,87.0527424284523,82.8560336204501,76.3537824505294,826,278,0.336561743341404,52.0255325151643,0.818930360973285,127.485064695226,7.18518826428261,0.557553956834532,0.0555820767379277,0.768674388674391,0.629092159559837,-0.675303952672115,"muy facil",0.0364520048602673,0.111786148238153,0.0522478736330498,0.0364520048602673,0.0741190765492102,0.128797083839611,0.228432563791009,0.0449574726609964,0.0753341433778858,0.0486026731470231,0.0364520048602673,0.12636695018226,826,1.80769230769231,2.42130750605327,2.1875,3.37704918032787,0.352459016393443,122,0.111742535929842,0.284325162161958,0.0573770491803279,4,24,14,3,36,24,9,46,0.025,0.15,0.0875,0.01875,0.225,0.15,0.05625,0.2875,FALSE,FALSE
"L0126","Caperucita roja","caperucita roja",2,"Basica inicial",1299,146,8.8972602739726,4.31100846805235,1.89838337182448,3.32348002151286,1.73287671232877,10.2808552943782,83.8617922110791,79.6684556613623,70.137183255085,1299,474,0.364896073903002,64.4292176203403,0.814580913673418,138.283668197423,7.58565391616507,0.683544303797468,0.0451625160428825,0.773983999999999,0.672416666666666,-0.8653395320932,"bastante facil",0.0309837335398916,0.122385747482572,0.0666150271107668,0.0302091402013943,0.0472501936483346,0.147947327652982,0.185127807900852,0.00464756003098373,0.0759101471727343,0.104570100697134,0.0224632068164214,0.161890007745933,1299,1.14354066985646,1.53964588144727,2.13703382480486,3.81632653061224,0.530612244897959,147,0.0230171223923016,0.188639125233929,0.210884353741497,24,51,27,52,28,43,12,42,0.0860215053763441,0.182795698924731,0.0967741935483871,0.186379928315412,0.100358422939068,0.154121863799283,0.043010752688172,0.150537634408602,FALSE,FALSE
"L0127","Caperucita roja tal como se la contaron a Jorge","caperucita roja tal como se la contaron a jorge",2,"Basica inicial",434,39,11.1282051282051,4.76497695852535,2.09447004608295,6.57714403875694,2.94871794871795,13.4647465437788,69.8210280042538,65.2213110008272,45.7316973748573,434,227,0.523041474654378,87.1655443090271,0.865241316403127,84.9455286797341,7.25339053101331,0.713656387665198,0.0404614184782792,0.820467532467532,0.737313432835821,NA,"bastante facil",0.0518867924528302,0.117924528301887,0.0377358490566038,0.0117924528301887,0.0471698113207547,0.113207547169811,0.158018867924528,0.00471698113207547,0.0683962264150943,0.25,0.0259433962264151,0.113207547169811,434,1.39583333333333,23.0414746543779,3.27272727272727,3.73170731707317,0.560975609756098,41,0.0326009409581863,0.181564172709555,0.170731707317073,3,11,6,6,9,4,7,22,0.0441176470588235,0.161764705882353,0.0882352941176471,0.0882352941176471,0.132352941176471,0.0588235294117647,0.102941176470588,0.323529411764706,FALSE,FALSE
"L0130","Días con Sapo y Sepo","dias con sapo y sepo",2,"Basica inicial",2572,395,6.51139240506329,4.35419906687403,1.87791601866252,2.33397380750831,1.09367088607595,9.10885205819242,87.5234186270843,83.3294396322618,84.6720483300261,2572,704,0.273716951788491,51.4605842336935,0.815317437397919,131.914698064332,7.78392857583706,0.623579545454545,0.0483835613632328,0.74513674197384,0.627205822887182,-0.963682549824953,"muy facil",0.0729898516783763,0.0964090554254489,0.055815768930523,0.0343481654957065,0.0370804059328649,0.115925058548009,0.20647931303669,0.0039032006245121,0.0655737704918033,0.131928181108509,0.0206869633099141,0.158860265417642,2572,1.2997542997543,3.49922239502333,2.20257234726688,3.50126582278481,0.324050632911392,395,-0.0607391768387038,0.262419246292518,0.440506329113924,44,106,207,65,79,84,50,97,0.0601092896174863,0.144808743169399,0.282786885245902,0.0887978142076503,0.10792349726776,0.114754098360656,0.0683060109289618,0.132513661202186,FALSE,FALSE
"L0132","El árbol generoso","el arbol generoso",2,"Basica inicial",566,45,12.5777777777778,3.91166077738516,1.74028268551237,3.28281115037299,1.26666666666667,9.85066902237927,89.5937055359246,85.8376109148017,91.6548909465923,566,183,0.323321554770318,48.6893380592011,0.766776809846184,190.78774862965,6.60559739170672,0.53551912568306,0.0647090856711653,0.726344294003871,0.617280513918628,-0.690979249391243,"muy facil",0.0409252669039146,0.0640569395017794,0.0925266903914591,0.0391459074733096,0.103202846975089,0.142348754448399,0.185053380782918,0.00533807829181495,0.096085409252669,0.0320284697508897,0.0106761565836299,0.188612099644128,566,0.981132075471698,0,2.71785028790787,4.53333333333333,0.533333333333333,45,0.0414302323732148,0.203098561327196,0.222222222222222,29,63,45,6,60,31,31,39,0.0953947368421053,0.207236842105263,0.148026315789474,0.0197368421052632,0.197368421052632,0.101973684210526,0.101973684210526,0.128289473684211,FALSE,FALSE
"L0133","El cóndor y la pastora","el condor y la pastora",2,"Basica inicial",918,63,14.5714285714286,4.53267973856209,1.93464052287582,7.20463585434173,3.49206349206349,12.9216153127918,75.8987114845939,71.735466853408,54.3600410368858,918,402,0.437908496732026,61.4403552455262,0.826637190399036,120.063033685999,7.52513002352688,0.761194029850746,0.0408519920100625,0.756800920598387,0.662124542124544,-0.744142142384735,"bastante facil",0.046943231441048,0.156113537117904,0.0534934497816594,0.0196506550218341,0.0622270742358079,0.147379912663755,0.235807860262009,0.00218340611353712,0.091703056768559,0,0.0425764192139738,0.141921397379913,918,1.66153846153846,13.0718954248366,2.66900584795322,4.41269841269841,1.04761904761905,63,0.0377190295127435,0.168583202325536,0.222222222222222,11,62,10,24,44,32,19,53,0.0431372549019608,0.243137254901961,0.0392156862745098,0.0941176470588235,0.172549019607843,0.125490196078431,0.0745098039215686,0.207843137254902,FALSE,FALSE
"L0134","El coyote y la tortuga (leyenda hopi)","el coyote y la tortuga leyenda hopi",2,"Basica inicial",667,33,20.2121212121212,4.40179910044978,1.92653673163418,9.40853436917905,4.24242424242424,15.0258607060106,70.6314324655854,66.5996404070692,63.9328570365215,667,306,0.458770614692654,77.3619316064107,0.842193885922926,104.925048720018,7.40299050256716,0.705882352941177,0.0424295009407161,0.791585760517799,0.681919014084507,-0.667723159065859,"bastante facil",0.0481203007518797,0.111278195488722,0.0842105263157895,0.0315789473684211,0.0571428571428571,0.141353383458647,0.174436090225564,0,0.0781954887218045,0.0466165413533835,0.0330827067669173,0.193984962406015,667,0.89922480620155,7.49625187406297,2.71135646687697,5.78787878787879,1.81818181818182,33,0.00165984438296713,0.166211303835271,0.393939393939394,11,41,7,29,35,34,14,31,0.0544554455445545,0.202970297029703,0.0346534653465347,0.143564356435644,0.173267326732673,0.168316831683168,0.0693069306930693,0.153465346534653,FALSE,FALSE
"L0137","El fantasma de palacio","el fantasma de palacio",2,"Basica inicial",4569,585,7.81025641025641,4.49069818340994,1.92405340337054,3.626316648989,1.88888888888889,10.1598301597724,83.430334259306,79.1562165597589,69.9226472758622,4569,1264,0.276646968702123,68.0760040976584,0.842673950880039,113.187730018561,8.46273883867977,0.591772151898734,0.0416650711786724,0.782336283185866,0.688666666666667,-0.912045018105271,"bastante facil",0.0619099890230516,0.119209659714599,0.0643249176728869,0.0302963776070252,0.0465422612513721,0.156531284302964,0.19231613611416,0.00636663007683864,0.0779363336992316,0.0531284302963776,0.0188803512623491,0.172557628979144,4569,1.11450381679389,5.03392427226964,2.06400602409639,3.58119658119658,0.372649572649573,585,-0.031146877092353,0.32022525722025,0.307692307692308,87,144,81,299,137,181,69,154,0.0755208333333333,0.125,0.0703125,0.259548611111111,0.118923611111111,0.157118055555556,0.0598958333333333,0.133680555555556,FALSE,FALSE
"L0140","El oso que no lo era","el oso que no lo era",2,"Basica inicial",1694,164,10.3292682926829,3.98583234946871,1.78099173553719,2.5079045123391,1.53658536585366,9.45411711348519,89.444642209232,85.5499465833501,70.7782040105484,1694,451,0.266233766233766,47.9537863867664,0.792072309350071,148.938750419914,7.32078957984088,0.596452328159645,0.0551259716977748,0.731331306990883,0.609203761755482,-0.889786789527451,"muy facil",0.0313609467455621,0.119526627218935,0.0698224852071006,0.0609467455621302,0.0627218934911243,0.163905325443787,0.191715976331361,0.000591715976331361,0.0881656804733728,0.0372781065088757,0.0343195266272189,0.139644970414201,1694,1.3728813559322,1.18063754427391,2.2797385620915,4.0969696969697,0.557575757575758,165,0.00217878878864245,0.17613720266307,0.224242424242424,21,38,19,21,33,40,17,62,0.0836653386454183,0.151394422310757,0.0756972111553785,0.0836653386454183,0.131474103585657,0.159362549800797,0.0677290836653386,0.247011952191235,FALSE,FALSE
"L0145","El sastrecillo valiente","el sastrecillo valiente",2,"Basica inicial",474,28,16.9285714285714,4.27215189873418,1.84388185654008,7.15612115732369,3.17857142857143,12.7699487643159,78.9399457504521,75.0325889089813,71.6587792363116,474,234,0.493670886075949,81.4031468531469,0.823238666129986,123.021595542025,7.07946993702776,0.735042735042735,0.0428172468275029,0.803482352941175,0.697413333333333,NA,"bastante facil",0.0527426160337553,0.137130801687764,0.0443037974683544,0.040084388185654,0.0485232067510548,0.156118143459916,0.191983122362869,0.00632911392405063,0.0822784810126582,0.040084388185654,0.0421940928270042,0.158227848101266,474,1.21333333333333,4.21940928270042,2.48878923766816,5.35714285714286,1.39285714285714,28,-0.0902453832103323,0.183242399899719,0.607142857142857,25,15,19,32,11,30,14,13,0.157232704402516,0.0943396226415094,0.119496855345912,0.20125786163522,0.0691823899371069,0.188679245283019,0.0880503144654088,0.0817610062893082,FALSE,FALSE
"L0147","Fábula de la ratoncita presumida","fabula de la ratoncita presumida",2,"Basica inicial",445,47,9.46808510638298,4.08988764044944,1.78202247191011,2.56741333970835,1.48936170212766,9.13041836002869,90.2612048768826,86.346914893617,81.6727844782381,445,164,0.368539325842697,38.964689864518,0.77014416703517,166.34263350587,6.53266251146557,0.615853658536585,0.0618089336202157,0.689090909090909,0.538005780346821,-0.582797331866984,"muy facil",0.0520361990950226,0.101809954751131,0.0542986425339367,0.00904977375565611,0.0656108597285068,0.167420814479638,0.233031674208145,0,0.113122171945701,0.0294117647058824,0.0135746606334842,0.160633484162896,445,1.45070422535211,6.74157303370786,2.4572864321608,3.72340425531915,0.404255319148936,47,-0.0593830799037966,0.229194018030645,0.297872340425532,3,5,17,6,5,18,3,7,0.046875,0.078125,0.265625,0.09375,0.078125,0.28125,0.046875,0.109375,FALSE,FALSE
"L0148","Flon Flon y Musina","flon flon y musina",2,"Basica inicial",395,82,4.81707317073171,4.42784810126582,1.91392405063291,1.83370114232788,0.865853658536585,8.87296233405372,87.091142327879,82.7804584748379,88.2133244122559,395,190,0.481012658227848,73.366610738255,0.834183840398043,108.059605832399,6.94924497870305,0.668421052631579,0.0471415863905446,0.795549132947977,0.690371621621621,NA,"muy facil",0.0532994923857868,0.114213197969543,0.0888324873096447,0.0583756345177665,0.0355329949238579,0.131979695431472,0.16497461928934,0,0.0583756345177665,0.083756345177665,0.032994923857868,0.177664974619289,395,0.928571428571429,0,1.96805111821086,2.75609756097561,0.195121951219512,82,-0.109940239834335,0.376783689712444,0.304878048780488,15,19,4,30,8,27,2,16,0.12396694214876,0.15702479338843,0.0330578512396694,0.247933884297521,0.0661157024793388,0.223140495867769,0.0165289256198347,0.132231404958678,FALSE,FALSE
"L0149","Franz se mete en problemas de amor","franz se mete en problemas de amor",2,"Basica inicial",5411,510,10.6098039215686,4.30031417482905,1.87007946775088,4.12938172422915,1.9921568627451,10.6147612488721,83.8132319349473,79.7192452375517,70.2036729380695,5411,1353,0.250046202180743,79.285390445259,0.843208136462758,106.581796508143,8.4050103452791,0.625277161862528,0.0431918015940285,0.798422230511044,0.691978539156615,-0.953501045102519,"bastante facil",0.0416512402813773,0.141614216956683,0.0653461680858941,0.0333209922251018,0.0472047389855609,0.116808589411329,0.159200296186598,0.00666419844502036,0.0981118104405776,0.0862643465383191,0.0288781932617549,0.174935209181785,5411,0.91005291005291,4.62021807429311,2.32034278718629,4.03725490196078,0.73921568627451,510,0.0265580569199601,0.269122301897868,0.23921568627451,95,212,102,163,200,208,109,259,0.0704747774480712,0.15727002967359,0.0756676557863502,0.120919881305638,0.148367952522255,0.154302670623145,0.0808605341246291,0.19213649851632,FALSE,FALSE
"L0150","Gazapito quiere comer torta","gazapito quiere comer torta",2,"Basica inicial",5894,350,16.84,5.21767899558873,2.20020359687818,11.5652680692229,5.65428571428571,16.9400024431625,57.6509841873091,52.9223159144893,42.1772485444113,5894,2085,0.353749575839837,89.6609419376143,0.837872761327258,135.273556390244,8.96358968460749,0.704556354916067,0.0317462231571229,0.796082121471379,0.720232959447801,-0.979910699592623,"algo dificil",0.088352716542267,0.166811317479604,0.0374934907134178,0.018920326332234,0.0397500433952439,0.156049296997049,0.223745877451831,0.00746398194757855,0.0345426141294914,0.121853844818608,0.025169241451137,0.0798472487415379,5894,2.80217391304348,34.1024770953512,3.01692778678192,4.82222222222222,0.819444444444444,360,0.00764168092654194,0.251871471590521,0.155555555555556,126,193,66,151,109,153,75,229,0.114337568058076,0.17513611615245,0.0598911070780399,0.137023593466425,0.0989110707803993,0.138838475499093,0.0680580762250454,0.207803992740472,FALSE,TRUE
"L0155","La hormiguita Cantora y el duende Melodía","la hormiguita cantora y el duende melodia",2,"Basica inicial",7664,567,13.5167548500882,4.33337682672234,1.8696503131524,5.7385822789063,2.79717813051146,11.7434080867327,80.873891263766,76.8390306405173,67.2543094626058,7664,1888,0.246346555323591,68.4403248760858,0.838725869966219,115.13444632825,8.66959518087678,0.601165254237288,0.0403243242000015,0.786891661195013,0.684712491738254,-0.952802837362238,"bastante facil",0.0491500856502833,0.128870733957043,0.0625905916458031,0.0281987086572671,0.0428251416523916,0.166952167611016,0.176044274607985,0.00830148899723284,0.080643035973119,0.0553432599815522,0.0329424166556859,0.168138094610621,7664,1.04702194357367,4.56680584551148,2.43344132976476,4.56822107081174,1.10017271157168,579,-0.0138516561615379,0.227136047562546,0.347150259067358,122,354,272,456,340,279,208,308,0.0521590423257802,0.151346729371526,0.116289012398461,0.194955109020949,0.145361265498076,0.119281744335186,0.0889268918341171,0.131680205215904,FALSE,FALSE
"L0156","La liebre y el erizo","la liebre y el erizo",2,"Basica inicial",1216,80,15.2,4.07401315789474,1.78125,5.35860197368421,2.2625,11.35675,84.461,80.663125,77.1490205098441,1216,461,0.379111842105263,66.4281912062174,0.808891399722913,140.546550380886,7.53747197490664,0.683297180043384,0.0442619345218683,0.775732647814908,0.670080572963293,-0.913420969275899,"muy facil",0.033800494641385,0.139323990107172,0.0634789777411377,0.0362737015663644,0.0527617477328937,0.169002473206925,0.200329760923331,0.0090684253915911,0.0741962077493817,0.0206100577081616,0.0387469084913438,0.162407254740313,1216,1.23350253807107,2.46710526315789,2.58978873239437,4.8,1.0875,80,0.0227661868364725,0.086569337174635,0.175,20,55,15,29,29,37,15,40,0.0833333333333333,0.229166666666667,0.0625,0.120833333333333,0.120833333333333,0.154166666666667,0.0625,0.166666666666667,FALSE,FALSE
"L0158","La princesa y el guisante","la princesa y el guisante",2,"Basica inicial",655,43,15.2325581395349,4.54351145038168,1.92977099236641,7.58621800106515,3.25581395348837,13.1219953843423,75.5165311556897,71.3777090360376,56.1667344758313,655,241,0.36793893129771,71.2410848348348,0.813187001201088,138.873026047433,7.07852808050893,0.473029045643154,0.0547487685233682,0.791815181518151,0.685323741007194,-0.775128136485994,"bastante facil",0.0585516178736518,0.149460708782743,0.0600924499229584,0.0585516178736518,0.0446841294298921,0.154083204930663,0.200308166409861,0.012326656394453,0.0585516178736518,0.049306625577812,0.0385208012326656,0.115562403697997,655,1.73333333333333,3.05343511450382,2.66557911908646,4.70454545454545,1.06818181818182,44,-0.0113136954271284,0.410896952241499,0.227272727272727,16,27,23,35,19,30,8,37,0.0820512820512821,0.138461538461538,0.117948717948718,0.179487179487179,0.0974358974358974,0.153846153846154,0.041025641025641,0.18974358974359,FALSE,FALSE
"L0159","La reina de las abejas","la reina de las abejas",2,"Basica inicial",1586,83,19.1084337349398,4.67528373266078,1.96343001261034,10.1448032483022,5.18072289156626,15.0307633054285,69.543596833741,65.404876479436,58.8409353576223,1586,608,0.383354350567465,61.4945043981978,0.809549617031378,144.955307235918,7.74844820767753,0.728618421052632,0.0406563194946358,0.765712426805465,0.655722932078011,-0.962501273424569,"bastante facil",0.0561514195583596,0.170347003154574,0.0422712933753943,0.0321766561514196,0.0435331230283912,0.172239747634069,0.198107255520505,0.016403785488959,0.0548895899053628,0.0687697160883281,0.0239747634069401,0.121135646687697,1586,1.63541666666667,16.3934426229508,2.53493013972056,5.42168674698795,1.24096385542169,83,0.066534572526565,0.135849237243403,0.108433734939759,32,72,25,30,38,35,21,92,0.0927536231884058,0.208695652173913,0.072463768115942,0.0869565217391304,0.110144927536232,0.101449275362319,0.0608695652173913,0.266666666666667,FALSE,FALSE
"L0160","La serpiente emplumada de Asososca (leyenda nicaragüense)","la serpiente emplumada de asososca leyenda nicaraguense",2,"Basica inicial",993,153,6.49019607843137,4.61832829808661,1.96978851963746,3.5674243232036,1.54901960784314,10.1846810023103,82.0326888217523,77.6269791481547,54.3342627078684,993,370,0.372608257804632,67.9613713244861,0.828070946291803,128.979391490687,7.49219078704177,0.608108108108108,0.0477356508667636,0.76811440677966,0.656778523489931,-0.785509344533357,"bastante facil",0.0497967479674797,0.119918699186992,0.040650406504065,0.0345528455284553,0.0355691056910569,0.188008130081301,0.192073170731707,0.00101626016260163,0.0548780487804878,0.117886178861789,0.0172764227642276,0.148373983739837,993,1.29452054794521,7.04934541792548,2.13776722090261,3.09375,0.2375,160,-0.0412018216497472,0.456808261114696,0.325,19,55,83,63,51,13,25,56,0.0520547945205479,0.150684931506849,0.227397260273973,0.172602739726027,0.13972602739726,0.0356164383561644,0.0684931506849315,0.153424657534247,FALSE,FALSE
"L0161","Las doce princesas bailarinas","las doce princesas bailarinas",2,"Basica inicial",1381,85,16.2470588235294,4.4373642288197,1.90586531498914,7.59351492950547,3.90588235294118,13.2355636580483,75.9160811006517,71.8525320526473,58.3850808265396,1381,554,0.401158580738595,86.9997135931928,0.816114248957432,136.747762774092,7.74602731500074,0.707581227436823,0.0402283036427616,0.805270270270271,0.703611544461782,-0.956580117774933,"bastante facil",0.0537010159651669,0.143686502177068,0.0507982583454282,0.0268505079825835,0.0493468795355588,0.176342525399129,0.194484760522496,0.00798258345428157,0.0986937590711176,0.00435413642960813,0.0261248185776488,0.167634252539913,1381,1.16017316017316,6.51701665459812,2.56867283950617,4.88372093023256,1.18604651162791,86,0.0575427231015153,0.183367774674951,0.151162790697674,40,54,18,33,50,42,47,46,0.121212121212121,0.163636363636364,0.0545454545454545,0.1,0.151515151515152,0.127272727272727,0.142424242424242,0.139393939393939,FALSE,FALSE
"L0162","Las tres hilanderas","las tres hilanderas",2,"Basica inicial",874,55,15.8909090909091,4.29862700228833,1.86384439359268,6.76198772623258,3.18181818181818,12.6008183898481,78.8006091117121,74.8265851882671,59.910142576819,874,371,0.424485125858124,76.1140203101419,0.820006598264397,139.394351962884,7.46965409132736,0.676549865229111,0.0430093006945073,0.774351515151514,0.678929032258065,-0.890022116789097,"bastante facil",0.0549828178694158,0.126002290950745,0.0618556701030928,0.0240549828178694,0.0515463917525773,0.169530355097365,0.200458190148912,0.0103092783505155,0.0801832760595647,0.0103092783505155,0.0274914089347079,0.183276059564719,874,1.09375,5.720823798627,2.3992673992674,4.81818181818182,1.34545454545455,55,0.0117707756820108,0.188054200978915,0.345454545454545,12,34,21,18,31,52,20,28,0.0555555555555556,0.157407407407407,0.0972222222222222,0.0833333333333333,0.143518518518519,0.240740740740741,0.0925925925925926,0.12962962962963,FALSE,FALSE
"L0167","Quiero ser famosa","quiero ser famosa",2,"Basica inicial",2007,336,5.97321428571429,4.55655206776283,1.96013951170902,3.01796738202007,0.982142857142857,9.86919980959499,83.1389507260303,78.7450941348139,49.8872658522678,2007,652,0.3248629795715,62.0592812689815,0.838187994277593,106.235053247863,7.89560544877821,0.659509202453988,0.0447701360177423,0.76030643513789,0.66140461215934,-0.880224812560506,"bastante facil",0.0426078028747433,0.115503080082136,0.0539014373716632,0.0431211498973306,0.0405544147843942,0.15041067761807,0.183778234086242,0.00205338809034908,0.0944558521560575,0.103182751540041,0.0205338809034908,0.149897330595483,2007,1.22602739726027,7.97209765819631,2.01375598086124,3.20238095238095,0.300595238095238,336,0.0289919614771066,0.213879094784623,0.116071428571429,32,76,43,66,41,55,57,80,0.0711111111111111,0.168888888888889,0.0955555555555556,0.146666666666667,0.0911111111111111,0.122222222222222,0.126666666666667,0.177777777777778,FALSE,FALSE
"L0168","Rapunzel","rapunzel",2,"Basica inicial",1603,136,11.7867647058824,4.37117903930131,1.87835308796007,5.05163562805035,2.625,11.171404673223,82.1163147223955,78.026837914205,60.8344302668733,1603,500,0.311915159076731,64.5128921568627,0.80128779237502,145.874333410258,7.49329352080053,0.632,0.0492584965394081,0.777863577863575,0.658723404255318,-0.923796679848161,"bastante facil",0.0337711069418387,0.135709818636648,0.0450281425891182,0.0218886804252658,0.0444027517198249,0.186366479049406,0.210131332082552,0.00250156347717323,0.0700437773608505,0.0787992495309568,0.0312695434646654,0.140087554721701,1603,1.5,3.11915159076731,2.35650988411725,3.69753086419753,0.561728395061728,162,0.000357064670902601,0.188813997463852,0.234567901234568,63,78,72,108,55,62,42,46,0.119771863117871,0.14828897338403,0.136882129277567,0.20532319391635,0.104562737642586,0.11787072243346,0.0798479087452472,0.0874524714828897,FALSE,FALSE
"L0170","Rosa Caramelo","rosa caramelo",2,"Basica inicial",564,32,17.625,4.46985815602837,1.94326241134752,8.43553191489362,4.03125,14.2142464539007,72.266755319149,68.1447517730497,66.1942553656051,564,244,0.432624113475177,77.0835850956697,0.822683069197212,126.251194607917,7.1050919421416,0.663934426229508,0.0480728598963382,0.789631067961165,0.690924731182795,-0.61636670470609,"bastante facil",0.104982206405694,0.126334519572954,0.0498220640569395,0.0213523131672598,0.0854092526690391,0.167259786476868,0.217081850533808,0.00177935943060498,0.0551601423487545,0.0302491103202847,0.0213523131672598,0.119217081850534,564,1.82089552238806,5.31914893617021,2.73308270676692,5.3125,0.9375,32,-0.021106589149467,0.178627985887525,0.34375,14,25,25,21,26,33,13,25,0.0769230769230769,0.137362637362637,0.137362637362637,0.115384615384615,0.142857142857143,0.181318681318681,0.0714285714285714,0.137362637362637,FALSE,FALSE
"L0173","Tanabata (leyenda japonesa)","tanabata leyenda japonesa",2,"Basica inicial",542,68,7.97058823529412,4.35239852398524,1.90959409594096,3.05509116561754,1.83823529411765,10.051739743868,84.1343542435424,79.8966995875841,65.862728502939,542,248,0.457564575645756,43.7048057682154,0.814976735568292,130.581010607154,7.09556235638312,0.673387096774194,0.0454259353654052,0.751521298174444,0.638713318284426,NA,"bastante facil",0.0387453874538745,0.134686346863469,0.040590405904059,0.0166051660516605,0.0553505535055351,0.186346863468635,0.214022140221402,0.003690036900369,0.0664206642066421,0.0387453874538745,0.0313653136531365,0.173431734317343,542,1.23404255319149,5.53505535055351,2.22784810126582,3.45714285714286,0.628571428571429,70,0.0248184274527707,0.226552945688879,0.1,6,25,7,13,29,14,10,32,0.0441176470588235,0.183823529411765,0.0514705882352941,0.0955882352941176,0.213235294117647,0.102941176470588,0.0735294117647059,0.235294117647059,FALSE,FALSE
"L0174","Tranquila Tragaleguas","tranquila tragaleguas",2,"Basica inicial",492,32,15.375,5.48983739837398,2.29674796747967,12.1146341463415,5.78125,17.5078760162602,53.3526219512195,48.3726016260163,37.6448659022825,492,277,0.563008130081301,91.187037037037,0.874285691017937,82.7054002247339,7.50817444742414,0.732851985559567,0.0344275540620778,0.830248306997743,0.746768447837149,NA,"algo dificil",0.0780287474332649,0.102669404517454,0.0472279260780287,0.0410677618069815,0.0616016427104723,0.108829568788501,0.158110882956879,0.00205338809034908,0.0492813141683778,0.256673511293634,0.0164271047227926,0.0780287474332649,492,2.02631578947368,24.390243902439,3.79782608695652,4.28125,0.65625,32,0.116191303121389,0.21705314507002,0.0625,2,34,6,5,42,9,19,23,0.0142857142857143,0.242857142857143,0.0428571428571429,0.0357142857142857,0.3,0.0642857142857143,0.135714285714286,0.164285714285714,FALSE,FALSE
"L0178","Vamos a buscar un tesoro. Historia de cómo el pequeño oso y el pequeño tigre fueron en busca de la felicidad.","vamos a buscar un tesoro historia de como el pequeno oso y el pequeno tigre fueron en busca de la felicidad",2,"Basica inicial",25607,3010,8.50730897009967,4.45366501347288,1.91865505525833,3.80041669850709,1.87009966777409,10.3679801503871,83.0432415349987,78.7954810873065,62.9544547860185,25607,4141,0.161713593939157,77.810344364055,0.870520898570683,83.7269106637565,9.19420048782974,0.576189326249698,0.0407156880050722,0.797191486031728,0.699032460404545,-1.01354861485677,"bastante facil",0.037695841677465,0.116621510189657,0.0753131503514352,0.0353398515726234,0.0385597047159069,0.115796913652963,0.16118898967291,0.00412298268347273,0.120430360859151,0.114540385597047,0.0320807319275926,0.148309577099776,25607,1.08684140852528,6.4435505916351,2.5002433736006,3.81505944517834,0.493394980184941,3028,0.0458241454178396,0.306396208478037,0.16776750330251,579,1056,578,881,768,852,422,1314,0.0897674418604651,0.163720930232558,0.0896124031007752,0.136589147286822,0.11906976744186,0.132093023255814,0.0654263565891473,0.203720930232558,FALSE,TRUE
"L0181","Yo sí, yo no","yo si yo no",2,"Basica inicial",5894,350,16.84,5.21767899558873,2.20020359687818,11.5652680692229,5.65428571428571,16.9400024431625,57.6509841873091,52.9223159144893,42.1772485444113,5894,2085,0.353749575839837,89.6609419376143,0.837872761327258,135.273556390244,8.96358968460749,0.704556354916067,0.0317462231571229,0.796082121471379,0.720232959447801,-0.979910699592623,"algo dificil",0.088352716542267,0.166811317479604,0.0374934907134178,0.018920326332234,0.0397500433952439,0.156049296997049,0.223745877451831,0.00746398194757855,0.0345426141294914,0.121853844818608,0.025169241451137,0.0798472487415379,5894,2.80217391304348,34.1024770953512,3.01692778678192,4.82222222222222,0.819444444444444,360,0.00764168092654194,0.251871471590521,0.155555555555556,126,193,66,151,109,153,75,229,0.114337568058076,0.17513611615245,0.0598911070780399,0.137023593466425,0.0989110707803993,0.138838475499093,0.0680580762250454,0.207803992740472,FALSE,TRUE
"L0183","A la felicidad de Eumelo","a la felicidad de eumelo",10,"Media",6175,300,20.5833333333333,4.32502024291498,1.86704453441296,9.23251201079622,4.20333333333333,14.4686255060729,73.8223279352227,69.9347921727396,71.3696193639054,6175,2008,0.325182186234818,112.044077234354,0.83584481445616,131.891884803881,8.97106787373903,0.61503984063745,0.0339533494678316,0.811730329742119,0.736899275839363,-0.895296910650748,"bastante facil",0.129530310417682,0.136193726637413,0.0367300503819275,0.00780107264748903,0.04534373476353,0.160897123354461,0.222168048106615,0.0172273687632049,0.0334796034454738,0.070859743214692,0.0308792458963107,0.108889972371201,6175,2.04029850746269,6.63967611336032,2.80765957446809,5.6,1.22333333333333,300,-0.0566775927401719,0.281491012573751,0.493333333333333,407,377,289,490,382,573,208,415,0.129576567971983,0.12002546959567,0.0920089143584846,0.156001273479784,0.121617319325056,0.182425978987584,0.0662209487424387,0.132123527539,FALSE,FALSE
"L0184","Al sur de la Alameda","al sur de la alameda",10,"Media",30842,4129,7.46960523129087,4.40178976720057,1.90775565786914,3.03723241916012,1.6020828287721,9.83466280305929,84.755663191935,80.5122172834618,65.1011504890731,30842,5729,0.185753193696907,96.2604067875822,0.851754457762709,103.489868081855,9.36015184149636,0.626461860708675,0.0362767554191672,0.814644886824885,0.725268191132916,-0.984569987208465,"muy facil",0.0454205303400033,0.13909224011713,0.0660810151293314,0.0385879290710916,0.0470798763624532,0.139612819261428,0.175565316414511,0.00497803806734993,0.0963071416951358,0.0488693671709777,0.0397266959492435,0.158679030421344,30842,1.10641787984417,9.07852927825692,2.19041736851956,3.54332609220372,0.494569152787835,4143,-0.000490990107152796,0.270490540596789,0.195993241612358,622,1016,449,854,644,1022,495,1315,0.0969300296088515,0.158329437431822,0.0699703911485118,0.13308399563659,0.100358422939068,0.159264453794608,0.0771388499298738,0.204924419510675,FALSE,FALSE
"L0185","Año nuevo en Gander","ano nuevo en gander",10,"Media",3885,307,12.6547231270358,4.48314028314028,1.96782496782497,6.01295229710865,3.09120521172638,12.5656766398786,75.8626843409254,71.5847813774687,46.2773211266975,3885,1307,0.336422136422136,68.8878438398498,0.863667657845953,96.490975255454,8.6778117250079,0.685539403213466,0.0367219362753693,0.776944734098019,0.686172741679875,-0.906229874538522,"bastante facil",0.07560706401766,0.158664459161148,0.033112582781457,0.0262141280353201,0.0455298013245033,0.146247240618102,0.219922737306843,0.00607064017660044,0.0441501103752759,0.0954746136865342,0.0226269315673289,0.126379690949227,3885,1.74017467248908,18.5328185328185,2.5646828723107,4.29787234042553,0.617021276595745,329,0.0542304772536733,0.276173824021041,0.185410334346505,93,132,59,137,78,102,60,157,0.113691931540342,0.161369193154034,0.0721271393643032,0.167481662591687,0.0953545232273839,0.124694376528117,0.0733496332518337,0.191931540342298,FALSE,FALSE
"L0186","Ayayema","ayayema",10,"Media",12154,2028,5.9930966469428,4.23440842520981,1.84877406615106,1.51061200620959,1.23668639053254,8.56284167289022,89.8005974510547,85.6632790318461,55.0279671042261,12154,3971,0.326723712358071,147.582637629999,0.894094462237376,68.1843986215083,9.72673395716336,0.75698816419038,0.0291172519081396,0.847747211895876,0.772525093322292,-0.979019973002434,"muy facil",0.0434859000263551,0.119476412193622,0.0619344636738997,0.0250373363788105,0.0526223315470438,0.112624088553106,0.174295001317755,0.00913643152068875,0.0901344109637178,0.118861460072037,0.0271457436528156,0.165246420100149,12154,1.05475810738969,5.18347869014316,2.17765297073603,3.02816342721142,0.252280840936136,2521,-0.0110694447387729,0.224296801750684,0.134470448234827,257,316,213,345,200,395,181,294,0.11676510676965,0.143571104043617,0.0967741935483871,0.156746933212176,0.0908677873693776,0.179463880054521,0.0822353475692867,0.133575647432985,FALSE,FALSE
"L0187","Bartelby, el escribiente","bartelby el escribiente",10,"Media",13006,968,13.4359504132231,4.71351683838228,2.0505151468553,7.48863951539213,3.61260330578512,13.8460993940495,70.1044217671946,65.6519559376918,54.9011216891329,13006,3434,0.264031985237583,100.593992208994,0.860285223608866,94.8567983704702,9.22406541787395,0.673558532323821,0.034168577912422,0.819004399166459,0.729617261950852,-1.01490255148213,"bastante facil",0.0700509180681994,0.145039345779972,0.0660391914827959,0.0396543743249499,0.0415830890294708,0.145887980249961,0.186776731985805,0.00370313223268014,0.0816232062953248,0.0322481098595896,0.0372627680913439,0.150131152599907,13006,1.24409044193217,17.6841457788713,2.58830370493437,4.55211558307534,1.01444788441692,969,0.0119168334031107,0.235166049140027,0.280701754385965,330,452,280,480,303,568,196,610,0.102516309412861,0.140416278347313,0.0869835352593973,0.149114631873253,0.0941286113699907,0.176452314383349,0.0608884746815781,0.189499844672258,FALSE,TRUE
"L0188","Cinema Utoppia","cinema utoppia",10,"Media",7192,613,11.7324632952692,4.4539766407119,1.94201890989989,5.41446162538764,2.53670473083197,11.9014838219737,78.3517528448321,74.1147586179678,65.7913569295007,7192,1937,0.26932703003337,73.5675676955926,0.851181716046464,105.130484248349,8.78736354215138,0.630356220960248,0.0382997628476427,0.783511129777424,0.694597490483553,-0.989097724684533,"bastante facil",0.0340479192938209,0.0979403110550651,0.0623511279248984,0.0329270001401149,0.0298444724674233,0.143197421885946,0.118677315398627,0.00294241277847835,0.100462379150904,0.239876698893092,0.0246602213815329,0.113072719630097,7192,1.04956629491945,3.61512791991101,2.8780969752242,4.23491027732463,0.584013050570963,613,0.0300587775629212,0.18285242679693,0.177814029363785,125,253,141,182,185,261,125,207,0.0845165652467884,0.1710615280595,0.0953346855983773,0.123056118999324,0.125084516565247,0.176470588235294,0.0845165652467884,0.139959432048682,FALSE,FALSE
"L0189","Comunicado","comunicado",10,"Media",492,18,27.3333333333333,4.39634146341463,1.91260162601626,12.9434349593496,6.77777777777778,17.6386991869919,64.2039024390244,60.3465853658537,56.3910742587715,492,241,0.489837398373984,58.9795081967213,0.790536028908766,177.143234846983,6.9390415268229,0.784232365145228,0.0427710656988757,0.747810383747179,0.658880407124682,NA,"normal",0.040650406504065,0.217479674796748,0.0426829268292683,0.00813008130081301,0.0386178861788618,0.160569105691057,0.195121951219512,0.0121951219512195,0.0528455284552846,0.0955284552845529,0.0264227642276423,0.109756097560976,492,1.77777777777778,8.13008130081301,2.77848101265823,6.77777777777778,1.83333333333333,18,-0.0246768313211718,0.0678121477071063,0.277777777777778,12,16,15,29,11,25,5,18,0.0916030534351145,0.122137404580153,0.114503816793893,0.221374045801527,0.083969465648855,0.190839694656489,0.0381679389312977,0.137404580152672,FALSE,FALSE
"L0191","Cuánta tierra necesita un hombre","cuanta tierra necesita un hombre",10,"Media",6025,423,14.2434988179669,4.31717842323651,1.86639004149378,6.02565978242744,2.67139479905437,11.9883670286337,80.3282287160472,76.3154015969709,71.0938064790026,6025,1526,0.253278008298755,79.6166955375592,0.838668498090534,114.001893906785,8.52710592269967,0.602228047182176,0.0417412775841861,0.793594377510062,0.696218359770495,-0.933209084538181,"bastante facil",0.0423728813559322,0.129611166500499,0.0638085742771685,0.0432037221668328,0.064473246925889,0.152874709205716,0.182951146560319,0.0108009305417082,0.0785975407111997,0.0270854104353606,0.0330674642738451,0.17115320704553,6025,1.06893203883495,3.65145228215768,2.54397859054416,4.62971698113208,1.00471698113208,424,0.0427711820409666,0.157663926897565,0.188679245283019,127,277,91,133,184,164,121,271,0.0928362573099415,0.202485380116959,0.0665204678362573,0.0972222222222222,0.134502923976608,0.119883040935673,0.0884502923976608,0.198099415204678,FALSE,FALSE
"L0192","De qué hablo cuando hablo de correr","de que hablo cuando hablo de correr",10,"Media",53877,3164,17.0281289506953,4.50975369823858,1.93952892700039,8.32500439405138,3.99336283185841,13.9374116293758,73.0995728502674,68.9742188971804,59.2065710629979,53877,7464,0.138537780500028,85.9624793064259,0.847908427055185,108.760724286841,9.35924290568428,0.563504823151125,0.0383465086105983,0.802708999033833,0.710535906876395,-1.03340782106306,"bastante facil",0.0563851747159355,0.157848734495007,0.0701467279117773,0.0421587041823964,0.0464173469957042,0.138024659215591,0.187250106930988,0.0084800922395998,0.0850240827180927,0.0206609264872706,0.0443717107098358,0.143231733397802,53877,1.30732277330563,16.7975202776695,2.67576145884672,5.16540404040404,1.42013888888889,3168,0.018755085454244,0.169659844254107,0.237058080808081,845,2037,714,1512,1238,1925,855,2142,0.0749911253106141,0.180777422790202,0.0633652822151225,0.134185303514377,0.109868654597089,0.170837770678026,0.0758785942492013,0.190095846645367,FALSE,FALSE
"L0193","De ratones y de hombres","de ratones y de hombres",10,"Media",30289,3444,8.79471544715447,4.2610848823005,1.84710621017531,3.03706751921262,1.49099883855981,9.63579230445892,87.0430176333838,82.9655676589237,74.6028900353637,30289,4334,0.143088249859685,80.8936321765813,0.859200251349751,93.2874926802754,9.12314964325851,0.540839870789109,0.0420475857049018,0.798057539682485,0.703797946339819,-0.996188658471738,"muy facil",0.0420679839804058,0.125376493562374,0.0798000860556714,0.0386588554595704,0.0458742925230861,0.127726475358289,0.16400225068679,0.00503094694336875,0.102439347300831,0.0590474299142753,0.032171581769437,0.177804256445901,30289,0.922375279225614,3.76374261282974,2.18562115850251,3.80923344947735,0.569396051103368,3444,-0.00382102192209327,0.272181308085662,0.270325203252033,761,943,557,1029,528,1200,587,1011,0.115024183796856,0.142533252720677,0.0841898428053204,0.155532043530834,0.0798065296251512,0.181378476420798,0.0887243047158404,0.152811366384522,FALSE,FALSE
"L0194","Don Quijote de la Mancha: segunda parte","don quijote de la mancha segunda parte",10,"Media",203793,7300,27.9168493150685,4.22977236705873,1.79920801990255,12.4506525063809,5.41041095890411,16.5282258677268,70.4123325044772,66.8274910450028,67.5402689479158,203793,17740,0.0870491135613098,77.9438426284579,0.834962129609678,123.451092264813,9.49740109849634,0.552029312288613,0.0376136940008125,0.787272263232302,0.695889422368858,-1.10149455118776,"bastante facil",0.0518515933822173,0.11633459780371,0.0663024460273863,0.0280941723036125,0.0627532887030123,0.129384729650916,0.17664036368893,0.00820493392685346,0.0895663747252145,0.0605300806037555,0.0601761618256227,0.150161257358769,203793,1.17633780374452,7.41929310624016,2.86138094923086,7.05861051502146,2.62271995708155,7456,-0.00472184212039448,0.221660878523974,0.254828326180258,5020,6340,5284,6985,4802,6807,2890,10842,0.102511741882785,0.129467020624872,0.107902797631203,0.14263835001021,0.0980600367571983,0.139003471513171,0.0590157239125996,0.22140085766796,FALSE,TRUE
"L0195","El conde de Montecristo","el conde de montecristo",10,"Media",451306,31409,14.3686841351205,4.47653033640147,1.91690117126739,6.83879995201116,3.33420357222452,12.6332206336522,77.1698719061338,73.0433728949212,61.7587717485813,451306,25816,0.0572028734384209,84.9682323796194,0.848427086050799,110.438936913213,9.78544818390537,0.464595599628138,0.0388634305279487,0.800356781169744,0.709754281294555,-1.12597728608368,"bastante facil",0.0500045667288187,0.146852632774856,0.055700725552964,0.0371263914599943,0.0395590099331921,0.151804748952437,0.19160657519843,0.00913345763746411,0.0765517410375162,0.0516307677228062,0.0421475654880051,0.147881817513516,451306,1.29567365630272,11.7392633822728,2.61895530989679,4.70701994338242,1.11749737587073,31439,0.0294782989078512,0.253140360074326,0.230509876268329,12390,18508,11472,18243,13699,18346,9442,26828,0.0961001489203276,0.14355299081658,0.0889798957557707,0.141497580044676,0.106253102506826,0.142296475552246,0.073234673616282,0.208085132787292,TRUE,TRUE
"L0196","El dador","el dador",10,"Media",45635,4018,11.3576406172225,4.44213870932398,1.9432453160951,5.17129362952721,2.44673967147835,11.769774570639,78.6604876047269,74.4131761900526,64.0483974926806,45635,6074,0.133099594609401,84.4695209400378,0.848009439881145,105.448349345309,9.22233907547619,0.546427395456042,0.0403436783206165,0.803258017812399,0.706464335910003,-1.01927245011809,"bastante facil",0.0493770189201661,0.132990528929615,0.074252312830993,0.043597688267739,0.0452018370800097,0.145911617992836,0.17634649614345,0.0022414134089261,0.0892170435317644,0.040103720306766,0.0402355681543499,0.160524754433384,45635,1.09856262833676,18.5384025419086,2.35508674131385,4.23882820258193,0.891261171797418,4028,0.0187245109975346,0.231338399440715,0.209285004965243,756,1809,677,1355,1339,1732,861,2091,0.0711864406779661,0.170338983050847,0.0637476459510358,0.12758945386064,0.12608286252354,0.163088512241055,0.0810734463276836,0.196892655367232,TRUE,TRUE
"L0197","El inspector","el inspector",10,"Media",25607,3010,8.50730897009967,4.45366501347288,1.91865505525833,3.80041669850709,1.87009966777409,10.3679801503871,83.0432415349987,78.7954810873065,62.9544547860185,25607,4141,0.161713593939157,77.810344364055,0.870520898570683,83.7269106637565,9.19420048782974,0.576189326249698,0.0407156880050722,0.797191486031728,0.699032460404545,-1.01354861485677,"bastante facil",0.037695841677465,0.116621510189657,0.0753131503514352,0.0353398515726234,0.0385597047159069,0.115796913652963,0.16118898967291,0.00412298268347273,0.120430360859151,0.114540385597047,0.0320807319275926,0.148309577099776,25607,1.08684140852528,6.4435505916351,2.5002433736006,3.81505944517834,0.493394980184941,3028,0.0458241454178396,0.306396208478037,0.16776750330251,579,1056,578,881,768,852,422,1314,0.0897674418604651,0.163720930232558,0.0896124031007752,0.136589147286822,0.11906976744186,0.132093023255814,0.0654263565891473,0.203720930232558,FALSE,TRUE
"L0198","El retrato de Dorian Gray","el retrato de dorian gray",10,"Media",79771,6795,11.7396615158205,4.53016760476865,1.94830201451655,5.77692017637057,2.73230316409124,11.9784317624653,77.9674243828699,73.7161229797983,62.117268478884,79771,10506,0.131701996966316,95.5872587008691,0.854844456106903,102.765748104995,9.62922421456695,0.562630877593756,0.0366407746877379,0.811742806251553,0.725142835626102,-1.01413131008395,"bastante facil",0.0644306262169462,0.13967715595754,0.0604987123924377,0.0414295584448213,0.0365052446454368,0.144262295081967,0.185214496576848,0.00403241002449595,0.0924690660134414,0.0440675836944916,0.0385905407951762,0.148822310156397,79771,1.24453448130328,14.9051660377832,2.40394102170577,4.29899941141848,0.868893466745144,6796,0.00771791235513052,0.298438929420436,0.271483225426722,2570,3336,2583,3648,3167,4116,2097,3969,0.100839676685239,0.1308953935494,0.101349760652907,0.143137408773444,0.124264301969709,0.161500431609511,0.0822804677077611,0.155732559052029,TRUE,TRUE
"L0199","El señor de las moscas","el senor de las moscas",10,"Media",65928,6093,10.8202855736091,4.39344436354811,1.89402074990899,4.67326573911614,2.26193993106844,10.9793562226336,82.1620637203793,78.0172217070608,67.6006885051967,65928,7867,0.119327144763985,85.4234218724982,0.842658185686057,112.050483683936,9.34050992011649,0.536926401423669,0.0397555642570842,0.802582006405567,0.707642376460242,-1.01902213752808,"bastante facil",0.0541099221789883,0.145944795719844,0.055204280155642,0.030034046692607,0.0455830496108949,0.154000486381323,0.19449173151751,0.00351106517509728,0.0866822714007782,0.0398984678988327,0.0280733219844358,0.162466561284047,65928,1.19711853307138,10.1322655017595,2.33015257607915,4.13334426767263,0.682794817123175,6097,-0.0205973135832207,0.245343259348204,0.311956700016402,2225,2568,1586,2995,1745,2484,1676,2248,0.126946996063217,0.146516802647344,0.0904889598904547,0.170879214925543,0.0995606778113767,0.141724196953272,0.0956238945626747,0.128259257146117,TRUE,TRUE
"L0200","El señor de los anillos","el senor de los anillos",10,"Media",95860,7197,13.3194386549951,4.45137700813687,1.9203630294179,6.19570503582221,2.92955398082534,12.2648648225793,78.0323908068309,73.8769446122696,66.4910160523902,95860,9980,0.104110160650949,85.4204175275055,0.843578358976339,113.228816330095,9.45597227438719,0.517434869739479,0.0395905350356673,0.80109862124391,0.709156441557671,-1.03861066058464,"bastante facil",0.0587140032845532,0.138693919392462,0.0719358989110765,0.0332011841128045,0.0560256906452996,0.14812916453101,0.182135796399544,0.00387033337168799,0.0772602223872635,0.0477829265996506,0.0350108264730803,0.147240033891568,95860,1.23699914748508,8.13686626330065,2.42284831327611,4.57045863932382,0.861438270749619,7217,0.00755325266070066,0.242001754924732,0.26922543993349,2310,4139,1878,3490,2804,3486,2337,4185,0.0937918713711478,0.168053920175403,0.0762515733484916,0.1417028705997,0.113849526980389,0.141540460432823,0.0948881399975638,0.169921637094482,FALSE,TRUE
"L0201","El señor de los anillos: La comunidad del anillo","el senor de los anillos la comunidad del anillo",10,"Media",95860,7197,13.3194386549951,4.45137700813687,1.9203630294179,6.19570503582221,2.92955398082534,12.2648648225793,78.0323908068309,73.8769446122696,66.4910160523902,95860,9980,0.104110160650949,85.4204175275055,0.843578358976339,113.228816330095,9.45597227438719,0.517434869739479,0.0395905350356673,0.80109862124391,0.709156441557671,-1.03861066058464,"bastante facil",0.0587140032845532,0.138693919392462,0.0719358989110765,0.0332011841128045,0.0560256906452996,0.14812916453101,0.182135796399544,0.00387033337168799,0.0772602223872635,0.0477829265996506,0.0350108264730803,0.147240033891568,95860,1.23699914748508,8.13686626330065,2.42284831327611,4.57045863932382,0.861438270749619,7217,0.00755325266070066,0.242001754924732,0.26922543993349,2310,4139,1878,3490,2804,3486,2337,4185,0.0937918713711478,0.168053920175403,0.0762515733484916,0.1417028705997,0.113849526980389,0.141540460432823,0.0948881399975638,0.169921637094482,FALSE,TRUE
"L0203","En la muerte de Laura","en la muerte de laura",10,"Media",1949,99,19.6868686868687,3.98358132375577,1.73576192919446,7.17610237832403,3.03030303030303,12.5698695523734,82.6136781877264,79.0101631243165,71.3244050775389,1949,699,0.358645459209851,59.2737586999371,0.814672251717068,144.374205134996,7.90086263103177,0.698140200286123,0.0411475879460101,0.753494736842105,0.665259459459466,-0.965022128071641,"bastante facil",0.0699228791773779,0.128020565552699,0.0519280205655527,0.0205655526992288,0.0740359897172237,0.157840616966581,0.22159383033419,0.0025706940874036,0.067866323907455,0.0298200514138817,0.0473007712082262,0.12853470437018,1949,1.724,9.74858902001026,3.08864864864865,5.47474747474747,1.48484848484848,99,-0.028737528149624,0.321183566959602,0.303030303030303,74,88,34,101,117,140,53,76,0.108345534407028,0.128843338213763,0.0497803806734993,0.14787701317716,0.171303074670571,0.20497803806735,0.0775988286969253,0.111273792093704,FALSE,FALSE
"L0204","Flores para Algernon","flores para algernon",10,"Media",12684,844,15.0284360189573,4.18227688426364,1.79478082623778,5.78274213436041,2.68838862559242,11.4495037969992,83.8241456863967,79.991718506429,67.1081033831259,12684,2389,0.18834752444024,69.9188976930089,0.840955630820021,111.438651743902,8.64312053174146,0.607785684386773,0.0430630455525199,0.77970399683418,0.67717520858162,-1.01294879995114,"bastante facil",0.0471436494731004,0.114729419221932,0.0687742651136994,0.0605340305839474,0.0492037081055384,0.124554314238174,0.145709531732826,0.00285238887568338,0.116551778781396,0.0474605815703985,0.0614055938515173,0.161080738451787,12684,0.904574520413183,12.7719962157048,2.49041627965887,4.97511848341232,1.45616113744076,844,-0.00599120278052967,0.204112590361675,0.280805687203791,217,444,237,385,282,501,204,443,0.0799852561739771,0.163656468853668,0.0873571691854036,0.141909325469959,0.103943973461113,0.184666420936233,0.0751935127165499,0.163287873203096,FALSE,FALSE
"L0205","Frankenstein o el moderno Prometeo","frankenstein o el moderno prometeo",10,"Media",69377,4341,15.9818014282423,4.63744468627931,2.01027718119838,8.40326518649674,4.19258235429625,14.3641732951554,69.9219316712901,65.6129301830986,56.5076928353971,69377,9898,0.142669760871759,97.9802364627476,0.844845905932023,112.003587980211,9.62565371786301,0.55112143867448,0.0360820412277272,0.812920032310028,0.724231935102056,-0.967068693741216,"bastante facil",0.0614529976192194,0.142154245725417,0.0553783998268523,0.036808311088666,0.0527956135920929,0.158228122069115,0.197936656806868,0.00243849650097396,0.0816968472693168,0.0184113700310223,0.0427241901738691,0.149974749296588,69377,1.31979988454878,24.5182120875795,2.4931504743162,5.19046522339936,1.29686780285583,4342,-0.00141361657469908,0.245732111738318,0.340856748042377,2973,3681,2397,4065,3198,4213,2083,3885,0.112209850915267,0.138931873938479,0.0904698999811285,0.153425174561238,0.120702019248915,0.15901113417626,0.0786186072843933,0.14663143989432,FALSE,TRUE
"L0206","Grandes esperanzas","grandes esperanzas",10,"Media",195460,10809,18.0830789157184,4.41567584160442,1.9172771922644,8.40937267181601,4.07669534647053,14.0862716458501,73.3586279701032,69.3055520062094,61.484488747998,195460,14642,0.0749104676148573,85.944061447066,0.843145163577246,112.72329437842,9.45867364756097,0.491872694987024,0.0402016676909626,0.80224746815684,0.707503442345235,-1.09849680691301,"bastante facil",0.052408665555698,0.149457761825407,0.066186386360723,0.0381848480963979,0.0471170362774003,0.136926035123702,0.172921420330727,0.00412767593898218,0.100423022689399,0.0298884758364312,0.0498089988463018,0.152549673118831,195460,1.13354172968976,14.0489102629694,2.68330697744947,5.25337650323774,1.58677150786309,10810,0.0222784968052189,0.217507521649044,0.277428307123034,4702,6779,4554,6605,4687,7506,3343,9969,0.0976633087548032,0.140803821788348,0.0945892616055665,0.13718973932911,0.0973517499221103,0.155904039879531,0.0694360785128258,0.207062000207706,FALSE,FALSE
"L0208","Inmóvil en la luz, pero danzante,","inmovil en la luz pero danzante",10,"Media",2894,274,10.5620437956204,4.60158949550795,1.9526606772633,5.52450842165265,2.63868613138686,11.570593071999,78.907074692669,74.6221960108758,59.4359471354796,2894,1109,0.383206634416033,62.3655676313437,0.837630241511709,128.633987149735,8.44547195849097,0.734896302975654,0.0347661452441661,0.762769771528983,0.685474060822904,-0.927217937675419,"bastante facil",0.0753138075313808,0.142956764295676,0.0202231520223152,0.0167364016736402,0.047768479776848,0.152022315202232,0.254532775453278,0.00941422594142259,0.047768479776848,0.143654114365411,0.0163877266387727,0.0732217573221757,2894,3.47619047619048,22.4602626123013,4.57077451354445,5.17993079584775,0.28719723183391,289,0.0572935739003292,0.252687535624602,0.131487889273356,74,149,40,75,123,97,58,153,0.0962288686605982,0.193758127438231,0.0520156046814044,0.0975292587776333,0.159947984395319,0.126137841352406,0.0754226267880364,0.198959687906372,FALSE,FALSE
"L0209","La perla","la perla",10,"Media",23676,1560,15.1769230769231,4.36767190403784,1.91789153573239,6.73019620647978,3.19615384615385,12.9601201216422,76.2860463175952,72.1734342469492,64.8615255141318,23676,4704,0.198682209832742,79.3712455862585,0.824449364341469,131.66876844839,9.0667429961848,0.616071428571429,0.0366792091150108,0.793057095695566,0.698563006319693,-0.991993267403515,"bastante facil",0.0568234746157429,0.149129864080959,0.0448829233179489,0.030528856332303,0.0504721175424482,0.175001058559512,0.211119109116315,0.00262522759029513,0.0695685311428209,0.0320108396494051,0.0260405640005081,0.151797434051742,23676,1.3907949790795,9.67224193275891,2.46697409466974,4.85192307692308,0.956410256410256,1560,-0.027354081646733,0.182842461801359,0.374358974358974,825,941,615,1158,612,1036,545,948,0.123502994011976,0.140868263473054,0.0920658682634731,0.173353293413174,0.0916167664670659,0.155089820359281,0.0815868263473054,0.141916167664671,FALSE,FALSE
"L0210","Laberinto de la soledad","laberinto de la soledad",10,"Media",64274,3344,19.2206937799043,4.8056757009055,2.05496779413137,10.8150794412171,5.6866028708134,16.1546905449129,63.9368246966151,59.589812645711,49.1766564302488,64274,8989,0.139854373463609,66.5100191569618,0.815291451433069,147.246062367013,9.33963887150989,0.543108243408611,0.0369561975739108,0.769864071623166,0.680356680950519,-0.943567295629826,"normal",0.085821999968843,0.150986898474864,0.0434640370145347,0.0324032964122696,0.0547584552351576,0.186443582433675,0.228785966880092,0.00197847050209531,0.0561916779610849,0.0298795781340063,0.0299730491813494,0.0993129878020283,64274,2.3036862745098,37.4490462706538,2.65338913507303,5.38684603886398,0.992526158445441,3345,0.00577997697402236,0.171157181182423,0.327952167414051,2396,2696,1439,3151,2125,2992,1772,3397,0.119991987179487,0.135016025641026,0.0720653044871795,0.157802483974359,0.106420272435897,0.149839743589744,0.0887419871794872,0.170122195512821,FALSE,FALSE
"L0211","Los actuales dilemas del Desarrollo Humano en Chile","los actuales dilemas del desarrollo humano en chile",10,"Media",114175,7895,14.461684610513,5.15812568425662,2.15534924458069,10.0956142781052,4.94388853704876,15.4831780841522,62.7681270224355,58.0950574521102,45.5656281791736,114175,9985,0.0874534705495949,60.2116163103942,0.824140541588973,142.699258956819,9.31616535056001,0.461592388582874,0.0413707311588092,0.7578532499168,0.660100809986357,-1.0146369054872,"normal",0.0843129808074474,0.174252126372316,0.0331387286810751,0.0232907322846468,0.0421476581199601,0.160809390484097,0.237394122998384,0.00393036627480768,0.038226124128916,0.0795523798588601,0.0276715450313988,0.0952738449580908,114175,2.49170297580421,53.3041383840596,2.64618667970366,4.3075454749607,0.661688749157871,8906,0.0418499685686002,0.184839963668998,0.124298225915113,2387,4084,1323,4058,2124,2892,1385,6309,0.0971826398501751,0.166273104796026,0.0538636918817686,0.165214559074994,0.0864750427489618,0.117742854816383,0.0563879162934614,0.25686019053823,FALSE,FALSE
"L0212","Mapurbe","mapurbe",10,"Media",2275,52,43.75,4.72,1.98945054945055,22.6762,11.25,24.9480164835165,42.847967032967,39.1422307692308,62.1029643784152,2275,1024,0.45010989010989,65.6253705303454,0.8613391106038,105.479048424103,8.62031511526617,0.755859375,0.0307632862856958,0.781105121293794,0.703658088235304,-0.908732217920962,"muy dificil",0.0752930568079351,0.156447249774572,0.0347159603246168,0.0189359783588819,0.036068530207394,0.16726780883679,0.248872858431019,0.0036068530207394,0.0432822362488729,0.0951307484220018,0.0139765554553652,0.106402164111812,2275,2.33898305084746,10.1098901098901,2.98200629779577,9.28846153846154,3.09615384615385,52,-0.0424689035982791,0.112964232567876,0.538461538461538,85,86,75,107,53,129,45,64,0.131987577639752,0.133540372670807,0.116459627329193,0.166149068322981,0.0822981366459627,0.200310559006211,0.0698757763975155,0.0993788819875776,FALSE,FALSE
"L0213","Matar a un ruiseñor","matar a un ruisenor",10,"Media",111772,8715,12.8252438324727,4.41714382850803,1.90508356296747,5.78736934850922,2.78164084911073,11.8918311376805,79.4532375128296,75.3230501946539,67.7276950677542,111772,12248,0.109580216870057,89.2675823374296,0.855071292864828,102.568396142561,9.6243754000686,0.539190071848465,0.0376787419648708,0.807717121810299,0.716508108495371,-1.06188760676584,"bastante facil",0.0431103405528257,0.137011651200604,0.060061624700186,0.0375407612357279,0.0349536018110116,0.136840970544112,0.176564647544444,0.00382683998239294,0.0952847222846055,0.0710929850250182,0.0426881305078199,0.161023724611252,111772,1.09651324965133,8.47260494578249,2.4297829398694,4.50017211703959,0.97934595524957,8715,0.00756528725288291,0.206002961021544,0.251635111876076,2475,3550,2004,3336,2016,3744,1707,4840,0.104553903345725,0.149966204798919,0.0846569787090233,0.140925988509632,0.085163906725245,0.158161541061169,0.0721105103075363,0.204460966542751,FALSE,FALSE
"L0214","Memorias de un emigrante","memorias de un emigrante",10,"Media",1702,129,13.1937984496124,4.54524089306698,1.9641598119859,6.57498383115168,3.36434108527132,12.7326671767824,75.5327368622414,71.2740452636661,56.4753300416951,1702,790,0.464159811985899,114.658992053534,0.852334066833851,104.404716370179,8.29592189430574,0.786075949367089,0.0319311507319439,0.830199637023587,0.741940112289465,-0.966754668688434,"bastante facil",0.0528189910979228,0.155489614243323,0.055786350148368,0.0249258160237389,0.0338278931750742,0.153709198813056,0.216023738872404,0.00949554896142433,0.0890207715133531,0.0166172106824926,0.0367952522255193,0.155489614243323,1702,1.38931297709924,11.1633372502938,2.39453621346887,4.67424242424242,1.12121212121212,132,-0.0122921844951534,0.2066071437678,0.310606060606061,51,47,50,76,45,69,40,57,0.117241379310345,0.108045977011494,0.114942528735632,0.174712643678161,0.103448275862069,0.158620689655172,0.0919540229885057,0.131034482758621,FALSE,FALSE
"L0215","Miltín 1934","miltin 1934",10,"Media",48128,3513,13.6999715343012,4.3257147606383,1.84102809175532,5.79410228975696,2.96754910333049,11.4771203810902,82.4043435296937,78.4389783493424,54.5391536151899,48128,12522,0.260181183510638,110.147952674815,0.879064813289683,83.1511010946651,10.2920853784748,0.750838524197413,0.0266694702110451,0.825300443020779,0.745878115305338,-1.03742493151564,"bastante facil",0.0661028801188759,0.14706525064464,0.0583890564223592,0.0254140990341331,0.0520956251912067,0.123027839692321,0.200406450767012,0.0296534242384511,0.0702110921725449,0.0578208994362134,0.0396180236877759,0.130195358594467,48128,1.5392749244713,7.18916223404255,2.66991552956465,4.71202443765621,0.870313801721744,3601,0.00706332610746644,0.15279260084101,0.189669536239933,656,1139,619,1042,874,1150,571,1276,0.0895318684318275,0.155452436194896,0.0844820526818616,0.14221373003958,0.119284836904599,0.15695373276921,0.0779309403575816,0.174150402620445,FALSE,FALSE
"L0216","Moradas","moradas",10,"Media",79867,3899,20.4839702487817,4.18425632614221,1.77148258980555,8.51983242052069,3.59451141318287,13.3022429567304,79.6573949579095,75.9876644063324,70.5928352580292,79867,7870,0.0985388207895627,82.4072096823926,0.841374925713367,114.817077564263,9.07369505822319,0.56569250317662,0.0418750892273662,0.79760404921183,0.702301298766466,-1.12111743683664,"bastante facil",0.0448702554444683,0.130932669337816,0.0757991329297117,0.0425572253750774,0.0517082295840338,0.1136291820974,0.160458561371134,0.00831679664294652,0.099156944777987,0.0383735480364523,0.0774928270788832,0.15670462732409,79867,1.02395547668979,15.4757283984624,2.98308270676692,5.56279415407481,2.18900173396086,4037,0.0247386011216135,0.180524299698896,0.185038394847659,2044,2956,2317,3359,2484,3232,1574,4446,0.0912011422452258,0.13189362841335,0.103382116723184,0.149875066928431,0.11083348206318,0.144208459753703,0.0702302338033196,0.198375870069606,FALSE,FALSE
"L0217","Muda, triste y pensativa","muda triste y pensativa",10,"Media",3352,188,17.8297872340426,4.40334128878282,1.868138424821,8.22463108718834,3.93617021276596,13.4076504341644,76.5653115320165,72.620188899609,63.0481403141336,3352,1361,0.406026252983294,74.8010663577777,0.863314108176305,93.3507441857816,8.74068591908459,0.765613519470977,0.0314976811067743,0.789663941871038,0.711660006148169,-1.01961147894425,"bastante facil",0.0632149307645996,0.126429861529199,0.0608067429259482,0.0258880192655027,0.0415412402167369,0.157435279951836,0.247140276941601,0.00391330523780855,0.067730282962071,0.0322095123419627,0.0340156532209512,0.139674894641782,3352,1.76939655172414,8.94988066825776,2.64380530973451,5.35106382978723,1.23404255319149,188,-0.00981534337998871,0.19495029251235,0.340425531914894,116,145,100,151,134,218,85,177,0.103019538188277,0.128774422735346,0.088809946714032,0.134103019538188,0.119005328596803,0.19360568383659,0.0754884547069272,0.157193605683837,FALSE,FALSE
"L0218","No pasó nada","no paso nada",10,"Media",21046,1448,14.5345303867403,4.19590420982609,1.84053977002756,5.59997402165107,2.70441988950276,11.7968361371539,81.5823928038713,77.6348419405428,68.5553277944921,21046,4192,0.199182742563908,80.5816735998642,0.835656487327778,116.205905439896,9.06225418652589,0.621660305343511,0.0374936316023008,0.794221079201771,0.698825607485496,-0.977725783117025,"bastante facil",0.0422568798588258,0.133972432870702,0.0608575380359613,0.0325749988076501,0.049410979157724,0.146086707683503,0.179520198407021,0.00438784756999094,0.105403729670434,0.0381075022654648,0.049744837125006,0.157676348547718,21046,1.13853599516031,6.4145205739808,2.53061224489796,4.67425810904072,1.18909592822636,1449,0.00352468611925397,0.229528097864822,0.253968253968254,407,653,325,601,505,744,373,866,0.0909700491729996,0.145954403218596,0.0726419311578006,0.134331694233348,0.112874385337506,0.16629414394278,0.083370585605722,0.193562807331247,FALSE,FALSE
"L0219","Panteísmo","panteismo",10,"Media",9018,726,12.4214876033058,4.15956974939011,1.79707252162342,4.3723173212803,2.10743801652893,10.4598359204456,86.3457313472229,82.4558942995552,76.7765292929624,9018,2410,0.267243291195387,68.5789382373352,0.842512429036919,119.669731284824,8.92735449197683,0.647717842323651,0.0366360010313814,0.773368268480335,0.688757708263233,-0.949103703219936,"muy facil",0.0836112964198354,0.149655325772737,0.0466977985323549,0.0231265287969758,0.0492550589281743,0.167556148543473,0.244385145652657,0.00411385368023127,0.055926173004225,0.0276851234156104,0.0355792750722704,0.112408272181454,9018,2.17408506429278,3.65934797072522,2.47636845912708,4.51101928374656,0.661157024793388,726,-0.00483758048562369,0.32602200254594,0.272727272727273,275,441,222,369,490,516,251,370,0.0937286980231766,0.150306748466258,0.0756646216768916,0.125766871165644,0.167007498295842,0.175869120654397,0.085548738922972,0.126107702794819,FALSE,FALSE
"L0221","Rebeldes","rebeldes",10,"Media",51345,4660,11.0182403433476,4.21262050832603,1.84216574155224,3.92056276588942,1.87145922746781,10.4446694842221,85.0714503566507,81.0498339579475,74.7439848475073,51345,6297,0.12264095822378,91.9007039807193,0.857867929825904,95.4582932476969,9.26088020830389,0.544068604097189,0.041073188120994,0.81102347161564,0.717212465363126,-1.02930619191613,"muy facil",0.0447980560073684,0.131533049834408,0.0757216484743969,0.046150228301554,0.0513041603793921,0.114327147308393,0.151070959650395,0.00482078817927061,0.11677673479786,0.0515197240784652,0.0422700817182387,0.169707421270258,51345,0.890184757505774,4.32369266725095,2.35655228548173,4.20728051391863,0.875802997858672,4670,-0.0129607666228015,0.237411703885615,0.28051391862955,1403,1501,886,1833,995,2133,974,1773,0.122021221081927,0.130544442511741,0.0770568794572969,0.159419029396417,0.0865367890067838,0.185510523569316,0.0847103844146808,0.154200730561837,FALSE,FALSE
"L0222","Rebelión en la granja","rebelion en la granja",10,"Media",29483,1752,16.828196347032,4.69867381202727,2.03296815113794,9.11485182816442,4.45776255707763,14.9620207587702,67.6971506577508,63.3528878370741,63.6306794114881,29483,4974,0.168707390699725,79.3418999969481,0.829956499157809,127.299655000707,9.07015189916425,0.580619219943707,0.0386876481551808,0.794812122035674,0.699601824121933,-1.00115092074922,"normal",0.0519701086956522,0.156759510869565,0.054585597826087,0.0373641304347826,0.0431725543478261,0.163654891304348,0.203770380434783,0.00832201086956522,0.0608695652173913,0.0440217391304348,0.0338994565217391,0.141610054347826,29483,1.43895418565603,14.0419902994946,2.57531282680033,5.11149032992036,1.19908987485779,1758,-0.00545921301772794,0.194910050785066,0.361774744027304,977,1344,1027,1092,731,1063,598,1292,0.120260955194485,0.165435745937962,0.126415558838011,0.134416543574594,0.0899803052683407,0.130846873461349,0.0736090595765633,0.159034958148695,FALSE,TRUE
"L0223","Si esto es un hombre","si esto es un hombre",10,"Media",70190,3303,21.2503784438389,4.60297763214133,1.9545804245619,10.8752138693051,5.26127762640024,15.7616966029276,67.8897885135701,63.8142611059545,56.0585671077917,70190,10749,0.153141473144323,78.2141365182016,0.837765665421612,121.986229102653,9.63296966542945,0.579123639408317,0.0346970052546432,0.786312142683913,0.700942203706612,-0.985701312565675,"normal",0.0679920647380365,0.155579659468794,0.0629825738221988,0.0443004552785191,0.053206216906675,0.153367491115646,0.196840167268472,0.00782108553241897,0.0748997388214138,0.0282729387586168,0.0313699744530235,0.123367633836185,70190,1.59555761221657,17.4526285795697,2.8121375186846,5.57177322074789,1.30850422195416,3316,-0.00948631282621593,0.181611255092482,0.369420989143546,2204,2432,1919,3142,1531,3166,1318,3085,0.117252753098899,0.129382348247061,0.102090759163696,0.167154333138267,0.081449167420333,0.168431132627547,0.0701175719529712,0.164121934351226,FALSE,FALSE
"L0224","Sonetos","sonetos",10,"Media",12135,596,20.3607382550336,4.29938195302843,1.82290894107952,9.00045812628068,3.8993288590604,13.8610134242014,76.6975105150945,72.9070347157122,74.6465914999531,12135,3509,0.289163576431809,99.5774819449742,0.852423192656464,114.065479194795,9.43306059188614,0.617269877457965,0.0323067393634984,0.805042197583965,0.732174310402126,-0.908024816317367,"bastante facil",0.0961761297798378,0.148568117861281,0.0528058268498593,0.016056944214534,0.0376593279258401,0.145505710975004,0.227031948352922,0.0215196159576229,0.0473431551067704,0.0712630359212051,0.0393146829995034,0.0967555040556199,12135,2.3464499572284,6.34528224145035,2.90129127307392,5.66275167785235,1.15604026845638,596,0.0110274816480584,0.22899624116371,0.300335570469799,427,483,350,525,544,596,262,668,0.110765239948119,0.125291828793774,0.0907911802853437,0.136186770428016,0.141115434500649,0.154604409857328,0.0679636835278859,0.173281452658885,FALSE,FALSE
"L0225","Yo tengo un sueño","yo tengo un sueno",10,"Media",1634,91,17.956043956044,4.69400244798042,1.96328029375765,9.65677350800974,5.04395604395604,14.5795646091974,70.7280175393762,66.5665937428545,56.9202174642086,1634,590,0.361077111383109,41.4376926563917,0.799071475447361,171.868000820987,7.65720996765499,0.722033898305085,0.0428475082371193,0.702889589905364,0.617622149837133,-0.933862150667167,"bastante facil",0.0619251992642551,0.172900061312078,0.0459840588595953,0.0478234212139792,0.0349478847332925,0.188841201716738,0.223789086450031,0.00367872470876763,0.0386266094420601,0.0374003678724709,0.0355610055180871,0.108522378908645,1634,2.06214689265537,27.5397796817625,2.63188593648736,5.31182795698925,1.02150537634409,93,0.0505240215505498,0.159244112833092,0.236559139784946,44,98,25,48,118,93,48,137,0.072013093289689,0.160392798690671,0.0409165302782324,0.0785597381342062,0.193126022913257,0.152209492635025,0.0785597381342062,0.224222585924714,FALSE,FALSE
"L0226","El coordinador","el coordinador",10,"Media",8808,1088,8.09558823529412,4.6019527702089,1.9522025431426,4.29299166533098,1.80147058823529,10.6032694208474,81.4503474114441,77.1171933269221,64.1681128825003,8808,2351,0.266916439600363,81.4545468403093,0.852612831835355,96.3036451875555,8.81626304937655,0.692896639727775,0.0368604663474807,0.800114168284062,0.705647031806166,-1.07284163316682,"bastante facil",0.0391573162354019,0.108770322876116,0.0678955804900389,0.0400732768490955,0.0291962445614839,0.110144263796657,0.13258529883215,0.00549576368216167,0.109342798259675,0.211243416533089,0.0204946187313946,0.125601099152736,8808,1.05560619872379,11.1262488646685,2.63678756476684,3.69209558823529,0.325367647058824,1088,0.0177929745465499,0.269657556960451,0.227941176470588,250,370,249,332,259,372,172,441,0.102249488752556,0.151329243353783,0.101840490797546,0.135787321063395,0.105930470347648,0.152147239263804,0.0703476482617587,0.180368098159509,TRUE,TRUE
"L0227","El coordinador","el coordinador",11,"Media",8808,1088,8.09558823529412,4.6019527702089,1.9522025431426,4.29299166533098,1.80147058823529,10.6032694208474,81.4503474114441,77.1171933269221,64.1681128825003,8808,2351,0.266916439600363,81.4545468403093,0.852612831835355,96.3036451875555,8.81626304937655,0.692896639727775,0.0368604663474807,0.800114168284062,0.705647031806166,-1.07284163316682,"bastante facil",0.0391573162354019,0.108770322876116,0.0678955804900389,0.0400732768490955,0.0291962445614839,0.110144263796657,0.13258529883215,0.00549576368216167,0.109342798259675,0.211243416533089,0.0204946187313946,0.125601099152736,8808,1.05560619872379,11.1262488646685,2.63678756476684,3.69209558823529,0.325367647058824,1088,0.0177929745465499,0.269657556960451,0.227941176470588,250,370,249,332,259,372,172,441,0.102249488752556,0.151329243353783,0.101840490797546,0.135787321063395,0.105930470347648,0.152147239263804,0.0703476482617587,0.180368098159509,TRUE,TRUE
"L0228","Hijo de ladrón","hijo de ladron",10,"Media",102285,6403,15.974543182883,4.37047465415261,1.91000635479298,7.14220721250032,3.44604091831954,13.1781468278816,75.9455846658805,71.8670609135143,63.3595377348552,102285,11962,0.116947744048492,76.4513555772425,0.850976233317197,104.209341071356,9.62799771949348,0.537702725296773,0.0371344385588624,0.789112054462228,0.701202219482164,-1.01511564808071,"bastante facil",0.0509566632996303,0.140277927605449,0.0667359687748237,0.0337259363139778,0.0644705743902559,0.138306740283812,0.196726456079789,0.00588414125861782,0.0970589100609009,0.0154654846080672,0.0367366552579706,0.153654542066707,102285,1.28031656880265,9.78638118981278,2.83038544969131,4.9416081186573,1.12334113973458,6405,-0.0100977945465831,0.239884716708133,0.307884465261514,2787,3759,2779,4564,2399,4489,2166,4549,0.101374945438673,0.136730685290266,0.101083951695039,0.166011930743489,0.0872617488723993,0.163283864396915,0.0787865560890441,0.165466317474174,TRUE,TRUE
"L0229","Hijo de ladrón","hijo de ladron",11,"Media",102285,6403,15.974543182883,4.37047465415261,1.91000635479298,7.14220721250032,3.44604091831954,13.1781468278816,75.9455846658805,71.8670609135143,63.3595377348552,102285,11962,0.116947744048492,76.4513555772425,0.850976233317197,104.209341071356,9.62799771949348,0.537702725296773,0.0371344385588624,0.789112054462228,0.701202219482164,-1.01511564808071,"bastante facil",0.0509566632996303,0.140277927605449,0.0667359687748237,0.0337259363139778,0.0644705743902559,0.138306740283812,0.196726456079789,0.00588414125861782,0.0970589100609009,0.0154654846080672,0.0367366552579706,0.153654542066707,102285,1.28031656880265,9.78638118981278,2.83038544969131,4.9416081186573,1.12334113973458,6405,-0.0100977945465831,0.239884716708133,0.307884465261514,2787,3759,2779,4564,2399,4489,2166,4549,0.101374945438673,0.136730685290266,0.101083951695039,0.166011930743489,0.0872617488723993,0.163283864396915,0.0787865560890441,0.165466317474174,TRUE,TRUE
"L0230","Hijo de ladrón","hijo de ladron",12,"Media",102285,6403,15.974543182883,4.37047465415261,1.91000635479298,7.14220721250032,3.44604091831954,13.1781468278816,75.9455846658805,71.8670609135143,63.3595377348552,102285,11962,0.116947744048492,76.4513555772425,0.850976233317197,104.209341071356,9.62799771949348,0.537702725296773,0.0371344385588624,0.789112054462228,0.701202219482164,-1.01511564808071,"bastante facil",0.0509566632996303,0.140277927605449,0.0667359687748237,0.0337259363139778,0.0644705743902559,0.138306740283812,0.196726456079789,0.00588414125861782,0.0970589100609009,0.0154654846080672,0.0367366552579706,0.153654542066707,102285,1.28031656880265,9.78638118981278,2.83038544969131,4.9416081186573,1.12334113973458,6405,-0.0100977945465831,0.239884716708133,0.307884465261514,2787,3759,2779,4564,2399,4489,2166,4549,0.101374945438673,0.136730685290266,0.101083951695039,0.166011930743489,0.0872617488723993,0.163283864396915,0.0787865560890441,0.165466317474174,TRUE,TRUE
"L0232","Abuelita Opalina","abuelita opalina",3,"Basica inicial",8259,687,12.0218340611354,4.29943092384066,1.89005932921661,4.83123668185719,2.37845705967977,11.4012153685988,81.1741695046452,77.0624697286697,70.0450638017132,8259,1919,0.232352585058724,71.2889188523019,0.849163460666458,104.354305717571,8.71638514383848,0.609171443460136,0.0413139902809901,0.785483556638254,0.692678921568607,-0.934941160033738,"bastante facil",0.0459239460575872,0.126959057222695,0.0681569675616572,0.0393633823350747,0.0504191471267161,0.138014822014336,0.181994897339327,0.00522415259385251,0.0963430931843032,0.0432511238002673,0.0402138257805856,0.164135584983599,8259,1.10880829015544,6.4172417968277,2.44519281563656,4.35703918722787,0.876632801161103,689,0.0142751094751584,0.234484008529434,0.238026124818578,150,273,178,216,227,297,135,366,0.0814332247557003,0.148208469055375,0.0966340933767644,0.117263843648208,0.123235613463626,0.161237785016287,0.0732899022801303,0.198697068403909,FALSE,FALSE
"L0237","Blancanieve y Rojaflor","blancanieve y rojaflor",3,"Basica inicial",2465,156,15.8012820512821,4.37119675456389,1.8868154158215,7.05897773963697,3.33333333333333,12.8369219066937,77.5137673584023,73.4851175430385,60.651757414664,2465,917,0.372008113590264,80.3329407537528,0.830822521727231,122.286452526034,8.20270817172094,0.707742639040349,0.0373289145970602,0.798675496688728,0.700900253592574,-1.00653187704916,"bastante facil",0.057747051647011,0.141927612850752,0.0500203334688898,0.024806832045547,0.0512403416022773,0.167547783651891,0.204554697031314,0.00650671004473363,0.076860512403416,0.0284668564457096,0.0325335502236682,0.157787718584791,2465,1.29639175257732,3.65111561866126,2.58207016024253,4.75796178343949,1.10191082802548,157,-0.0243831751697958,0.14564588314933,0.343949044585987,78,123,63,102,104,108,62,123,0.102228047182176,0.161205766710354,0.0825688073394495,0.133682830930537,0.136304062909568,0.141546526867628,0.0812581913499345,0.161205766710354,FALSE,FALSE
"L0238","Bolita","bolita",3,"Basica inicial",808,81,9.97530864197531,4.92326732673267,2.1299504950495,6.74624342989854,2.79012345679012,13.4337862119545,68.8681554822149,64.1637755164406,43.1208173441467,808,382,0.472772277227723,91.3955178679588,0.862216882152252,88.0428389373591,7.69978390119735,0.732984293193717,0.038488871018321,0.80835309617918,0.708589562764456,-0.617912501405196,"normal",0.0643939393939394,0.127525252525253,0.0606060606060606,0.029040404040404,0.0416666666666667,0.127525252525253,0.196969696969697,0.00252525252525253,0.0808080808080808,0.077020202020202,0.0340909090909091,0.157828282828283,808,1.248,17.3267326732673,2.41758241758242,3.91011235955056,0.651685393258427,89,0.0285927012759378,0.212510306859788,0.258426966292135,15,30,8,18,19,35,15,48,0.0797872340425532,0.159574468085106,0.0425531914893617,0.0957446808510638,0.101063829787234,0.186170212765957,0.0797872340425532,0.25531914893617,FALSE,FALSE
"L0239","Carlota y la Mona Lisa","carlota y la mona lisa",3,"Basica inicial",2522,215,11.7302325581395,3.69429024583664,1.7426645519429,1.83522333696033,2.22325581395349,9.54823241060067,90.3152896741235,86.5367658558176,46.116233605364,2522,752,0.29817605075337,50.6693235750721,0.814084055792106,130.059284796566,7.81574958650562,0.6875,0.0454142035475378,0.75478366356651,0.646099876186548,-0.977289172477624,"muy facil",0.0390153274500697,0.153738968880632,0.0250812819321876,0.0260102183000464,0.109614491407339,0.11611704598235,0.148629818857408,0.00557361820715281,0.0538783093358105,0.17045982350209,0.0171853228053878,0.134695773339526,2522,1.10344827586207,5.94766058683584,2.68487212830516,4.37614678899083,0.422018348623853,218,0.0602674018878478,0.1375570482071,0.0596330275229358,16,78,14,51,75,30,38,82,0.0416666666666667,0.203125,0.0364583333333333,0.1328125,0.1953125,0.078125,0.0989583333333333,0.213541666666667,FALSE,TRUE
"L0240","Carlota y Monna Lisa","carlota y monna lisa",3,"Basica inicial",2522,215,11.7302325581395,3.69429024583664,1.7426645519429,1.83522333696033,2.22325581395349,9.54823241060067,90.3152896741235,86.5367658558176,46.116233605364,2522,752,0.29817605075337,50.6693235750721,0.814084055792106,130.059284796566,7.81574958650562,0.6875,0.0454142035475378,0.75478366356651,0.646099876186548,-0.977289172477624,"muy facil",0.0390153274500697,0.153738968880632,0.0250812819321876,0.0260102183000464,0.109614491407339,0.11611704598235,0.148629818857408,0.00557361820715281,0.0538783093358105,0.17045982350209,0.0171853228053878,0.134695773339526,2522,1.10344827586207,5.94766058683584,2.68487212830516,4.37614678899083,0.422018348623853,218,0.0602674018878478,0.1375570482071,0.0596330275229358,16,78,14,51,75,30,38,82,0.0416666666666667,0.203125,0.0364583333333333,0.1328125,0.1953125,0.078125,0.0989583333333333,0.213541666666667,FALSE,TRUE
"L0241","Cenicienta","cenicienta",3,"Basica inicial",1589,83,19.144578313253,4.4040276903713,1.91567023285085,8.88525957827534,4.49397590361446,14.4812942898087,72.372316149431,68.3441661801391,60.7116700944922,1589,537,0.337948395217118,70.9279370959902,0.813006693201666,137.936988919653,7.65449014368985,0.655493482309125,0.0459784017038946,0.786597402597396,0.685107382550334,-0.875727765555324,"bastante facil",0.0441361916771753,0.128625472887768,0.0586380832282472,0.0258511979823455,0.0611601513240857,0.165195460277427,0.201134930643127,0.00756620428751576,0.0725094577553594,0.0302648171500631,0.0390920554854981,0.165825977301387,1589,1.21292775665399,1.88797986154814,2.55179282868526,5.54216867469879,1.51807228915663,83,0.0283663653687408,0.123568474436273,0.240963855421687,29,60,32,33,70,63,27,71,0.0753246753246753,0.155844155844156,0.0831168831168831,0.0857142857142857,0.181818181818182,0.163636363636364,0.0701298701298701,0.184415584415584,FALSE,TRUE
"L0245","Cuentos por teléfono","cuentos por telefono",3,"Basica inicial",7843,600,13.0716666666667,4.4213948744103,1.93051128394747,5.93060319180585,2.89,12.2879831505801,77.6762229631519,73.492480343406,63.3343373180442,7843,2201,0.280632411067194,77.6073076923077,0.846035054041239,110.48004126761,8.90909413812899,0.649250340754203,0.0363857370356959,0.787911213754176,0.692334710743784,-0.927894871563988,"bastante facil",0.044592516658124,0.133393131727319,0.0681701691440287,0.0349820604818042,0.0526652998462327,0.162480779087647,0.204126089185033,0.0129420809841107,0.0741927216811891,0.037288569964121,0.0265248590466427,0.148641722193747,7843,1.37327586206897,7.52263164605381,2.53969349716968,4.3936877076412,0.779069767441861,602,0.00457986103801992,0.256864472147846,0.23421926910299,180,275,170,248,186,266,132,301,0.102389078498294,0.156427758816837,0.0967007963594994,0.141069397042093,0.10580204778157,0.151308304891923,0.0750853242320819,0.171217292377702,FALSE,FALSE
"L0246","El amigo del duende Melodía","el amigo del duende melodia",3,"Basica inicial",6706,628,10.6783439490446,4.42379958246347,1.89531762600656,4.74526800792522,2.32802547770701,10.9393021270048,82.2290316115808,78.0783679507467,67.2247784328363,6706,2025,0.301968386519535,86.9080679146181,0.85035932556447,106.177756426466,8.89591226026892,0.671604938271605,0.0355173335418697,0.804380351509712,0.712117451188119,-0.962120575889325,"bastante facil",0.0503910950661853,0.127105896510229,0.0544524669073406,0.0332430806257521,0.0312876052948255,0.163507821901324,0.184115523465704,0.00466305655836342,0.0836341756919374,0.0685920577617329,0.0373044524669073,0.161702767749699,6706,1.13860465116279,6.56128839844915,2.34939957229808,4.0015455950541,0.792890262751159,647,-0.0325717473373234,0.251902723255859,0.329211746522411,176,313,287,524,220,276,186,257,0.0786065207682001,0.139794551138901,0.128182224207235,0.234033050468959,0.0982581509602501,0.123269316659223,0.0830728003573024,0.114783385439929,FALSE,FALSE
"L0247","El diablo y el boxeador","el diablo y el boxeador",3,"Basica inicial",997,56,17.8035714285714,4.44834503510532,1.94583751253761,8.42349082963175,4.25,14.3142755050867,71.9301063906004,67.8057515403353,54.7085781593537,997,462,0.463390170511535,94.5714270202774,0.825073963855055,140.863915719073,7.67663497590917,0.770562770562771,0.0371493292739808,0.802383966244729,0.712594654788419,-0.885145680334805,"bastante facil",0.0492462311557789,0.147738693467337,0.0442211055276382,0.0271356783919598,0.0341708542713568,0.182914572864322,0.220100502512563,0.00301507537688442,0.0763819095477387,0.0361809045226131,0.0311557788944724,0.147738693467337,997,1.48979591836735,13.0391173520562,2.56854410201913,5.01785714285714,1.42857142857143,56,0.0285275427425939,0.125043710940206,0.232142857142857,46,56,42,48,44,33,35,59,0.126721763085399,0.154269972451791,0.115702479338843,0.132231404958678,0.121212121212121,0.0909090909090909,0.0964187327823691,0.162534435261708,FALSE,FALSE
"L0250","El flojo, el sabio y el lobo","el flojo el sabio y el lobo",3,"Basica inicial",1157,77,15.025974025974,4.20829732065687,1.83405358686258,5.90406739328088,2.58441558441558,11.9119621951083,81.470291281752,77.5474875124875,72.7933223947149,1157,429,0.370786516853933,87.7034288121576,0.824815913163815,134.658151614053,7.55167720010993,0.675990675990676,0.0459159792607324,0.813519855595668,0.714026465028358,-0.786122905004716,"bastante facil",0.0711188204683434,0.13009540329575,0.0477016478751084,0.0268863833477884,0.0407632263660017,0.168256721595837,0.202081526452732,0.00607111882046834,0.0780572419774501,0.0216825672159584,0.0364267129228101,0.170858629661752,1157,1.18274111675127,6.05012964563526,2.34907407407407,4.97402597402597,1.38961038961039,77,0.0385652040639458,0.125276675274521,0.220779220779221,22,50,18,39,35,45,25,41,0.08,0.181818181818182,0.0654545454545455,0.141818181818182,0.127272727272727,0.163636363636364,0.0909090909090909,0.149090909090909,FALSE,FALSE
"L0252","El loro pelado","el loro pelado",3,"Basica inicial",1950,148,13.1756756756757,4.04666666666667,1.78512820512821,4.21763783783784,1.93918918918919,10.6130263340263,86.2931185031185,82.4458371448372,86.4032971436872,1950,590,0.302564102564103,66.521461480173,0.818007379903641,129.43063773833,7.6949881180856,0.642372881355932,0.0479644197774702,0.781893740136768,0.673133441383045,-0.901215196658834,"muy facil",0.0473494595985589,0.14668039114771,0.0597014925373134,0.0257334019557386,0.0504374678332476,0.152341739577972,0.193515182707154,0.00566134843026248,0.0694801852804941,0.0452907874420998,0.0406587750900669,0.163149768399382,1950,1.18611987381703,1.53846153846154,2.53662597114317,4.35761589403973,1.08609271523179,151,-0.0147385495459284,0.169364331273273,0.350993377483444,64,70,69,86,55,86,46,55,0.120527306967985,0.131826741996234,0.129943502824859,0.16195856873823,0.103578154425612,0.16195856873823,0.0866290018832392,0.103578154425612,FALSE,FALSE
"L0253","El pájaro del alma","el pajaro del alma",3,"Basica inicial",803,61,13.1639344262295,4.16189290161893,1.79327521793275,4.75448277973991,1.98360655737705,10.704581997836,85.8162738092808,81.95001949656,80.62815805081,803,244,0.303860523038605,31.7988,0.754336452238272,204.246528817061,6.72167679228572,0.618852459016393,0.0613136050510546,0.668010610079577,0.565127840909091,-0.773068363550689,"muy facil",0.0460772104607721,0.123287671232877,0.0697384806973848,0.0286425902864259,0.0585305105853051,0.188044831880448,0.189290161892902,0,0.0846824408468244,0.024906600249066,0.0448318804483188,0.141967621419676,803,1.33333333333333,8.7173100871731,2.46091644204852,4.45901639344262,0.934426229508197,61,0.0434663772223255,0.193534016041121,0.229508196721311,11,25,18,21,37,44,15,37,0.0528846153846154,0.120192307692308,0.0865384615384615,0.100961538461538,0.177884615384615,0.211538461538462,0.0721153846153846,0.177884615384615,FALSE,FALSE
"L0254","El pato y la serpiente","el pato y la serpiente",3,"Basica inicial",501,80,6.2625,4.12574850299401,1.82634730538922,1.1335254491018,1,8.40327320359281,90.8714116766467,86.7910628742515,69.9000874791427,501,210,0.419161676646707,50.3712996389892,0.800304995225593,148.684666594954,6.86768441230453,0.666666666666667,0.0518057374646328,0.72566371681416,0.629626865671643,-0.625249295382829,"muy facil",0.0387755102040816,0.136734693877551,0.0591836734693878,0.0224489795918367,0.0346938775510204,0.173469387755102,0.206122448979592,0,0.1,0.0244897959183673,0.0530612244897959,0.151020408163265,501,1.36486486486486,3.99201596806387,2.34588235294118,3.025,0.3875,80,0.0057008902932816,0.304949407730784,0.15,5,13,10,22,6,11,0,15,0.0609756097560976,0.158536585365854,0.121951219512195,0.268292682926829,0.0731707317073171,0.134146341463415,0,0.182926829268293,FALSE,FALSE
"L0255","El pescador y el pececito dorado","el pescador y el pececito dorado",3,"Basica inicial",838,77,10.8831168831169,4.07040572792363,1.78878281622912,3.18316942007873,1.93506493506494,9.76205281591917,88.4122518054738,84.5107136658091,72.9337667894724,838,294,0.350835322195704,67.6889777101045,0.801971462124611,137.473584679969,7.11366818132439,0.642857142857143,0.0532332075940316,0.775538656527247,0.654952638700948,-0.714398622356296,"muy facil",0.0838323353293413,0.125748502994012,0.0467065868263473,0.0323353293413174,0.0467065868263473,0.153293413173653,0.202395209580838,0.00359281437125748,0.0910179640718563,0.0191616766467066,0.0275449101796407,0.167664670658683,838,1.20714285714286,3.5799522673031,2.1957950065703,4.14285714285714,0.727272727272727,77,-0.0988456418288176,0.512107285595817,0.337662337662338,34,22,16,41,23,48,16,48,0.137096774193548,0.0887096774193548,0.0645161290322581,0.165322580645161,0.092741935483871,0.193548387096774,0.0645161290322581,0.193548387096774,FALSE,FALSE
"L0256","El rey pico de tordo","el rey pico de tordo",3,"Basica inicial",1714,80,21.425,4.19194865810968,1.83780630105018,9.02657817969661,3.95,14.4518643523921,74.7181219369895,70.9146674445741,66.1489592774083,1714,615,0.358809801633606,74.5273574081458,0.820641765876876,130.628539217835,7.79995546550757,0.702439024390244,0.0425607714634681,0.782234234234232,0.673139318885447,-0.894197435836288,"bastante facil",0.0488235294117647,0.128823529411765,0.0647058823529412,0.0294117647058824,0.07,0.141764705882353,0.168823529411765,0.00117647058823529,0.108823529411765,0.0264705882352941,0.0447058823529412,0.166470588235294,1714,1.01413427561837,5.8343057176196,2.62239902080783,5.87654320987654,1.76543209876543,81,-0.0145802037194837,0.204157953546573,0.382716049382716,60,76,49,65,70,91,36,57,0.119047619047619,0.150793650793651,0.0972222222222222,0.128968253968254,0.138888888888889,0.180555555555556,0.0714285714285714,0.113095238095238,FALSE,FALSE
"L0258","El tesoro que la tierra oculta","el tesoro que la tierra oculta",3,"Basica inicial",351,27,13,4.63817663817664,1.96011396011396,6.91581196581197,2.92592592592593,12.6093447293447,75.9731623931624,71.7199002849003,59.0486543683943,351,187,0.532763532763533,81.8528225806452,0.817344463584512,127.596366912606,6.84900119116241,0.79144385026738,0.0422106632715325,0.797086092715232,0.708095238095237,NA,"bastante facil",0.0315186246418338,0.114613180515759,0.0802292263610315,0.0143266475644699,0.0315186246418338,0.169054441260745,0.209169054441261,0,0.0687679083094556,0.0372492836676218,0.0601719197707736,0.183381088825215,351,1.140625,0,2.45426829268293,5.03703703703704,1.37037037037037,27,0.0682043015591347,0.135489632820958,0.148148148148148,4,21,4,10,17,12,7,26,0.0396039603960396,0.207920792079208,0.0396039603960396,0.099009900990099,0.168316831683168,0.118811881188119,0.0693069306930693,0.257425742574257,FALSE,FALSE
"L0260","El zorro y las uvas","el zorro y las uvas",3,"Basica inicial",444,32,13.875,4.25225225225225,1.86711711711712,5.53560810810811,2.3125,11.853231981982,80.660472972973,76.6386036036036,73.9885046108655,444,234,0.527027027027027,95.2399426916377,0.838232193105414,111.800990179369,7.16165754161708,0.739316239316239,0.0396891904886884,0.829822784810125,0.732028985507246,NA,"bastante facil",0.0630630630630631,0.123873873873874,0.0540540540540541,0.0518018018018018,0.0608108108108108,0.141891891891892,0.184684684684685,0,0.103603603603604,0.0135135135135135,0.036036036036036,0.166666666666667,444,1.10810810810811,13.5135135135135,2.3495145631068,4.70588235294118,1.23529411764706,34,0.040642380470053,0.166374456904884,0.235294117647059,7,14,6,6,15,16,12,20,0.0729166666666667,0.145833333333333,0.0625,0.0625,0.15625,0.166666666666667,0.125,0.208333333333333,FALSE,FALSE
"L0261","La abeja haragana","la abeja haragana",3,"Basica inicial",2062,177,11.6497175141243,4.27594568380213,1.87778855480116,4.5345629277702,2.35028248587571,11.1112947771622,82.2899748475234,78.1990555217632,71.1967807054736,2062,686,0.332686711930165,75.7103462788152,0.831869854649624,124.501275211414,7.95039989009314,0.653061224489796,0.0435125986027148,0.784659711872821,0.687030056036685,-0.869190608190412,"bastante facil",0.0466926070038911,0.127918287937743,0.0802529182879377,0.0423151750972763,0.0428015564202335,0.148346303501946,0.180933852140078,0.00389105058365759,0.0894941634241245,0.0238326848249027,0.0476653696498054,0.165856031128405,2062,1.09090909090909,3.87972841901067,2.44379639448568,4.27683615819209,0.96045197740113,177,-0.00848666011502194,0.175687318670547,0.271186440677966,52,58,28,78,33,83,30,64,0.122065727699531,0.136150234741784,0.0657276995305164,0.183098591549296,0.0774647887323944,0.194835680751174,0.0704225352112676,0.150234741784038,FALSE,FALSE
"L0262","La astuta hija del campesino","la astuta hija del campesino",3,"Basica inicial",108239,4173,25.9379343398035,4.13958924232486,1.82334463548259,11.0364325012518,4.51785286364726,16.0412610912179,70.9826288444451,67.3026948696312,70.1838672280512,108239,8432,0.0779016805402858,72.049701097278,0.835899773483087,118.843845749973,9.08833016256122,0.492884250474383,0.0437345551627728,0.783407523800771,0.678029961161478,-1.10389284290328,"bastante facil",0.0434746274200288,0.124945447792377,0.0714517851339431,0.038079762291657,0.065434792701611,0.152430474952412,0.176795580110497,0.00480059427085751,0.106225915780677,0.0214680347277032,0.034987696736153,0.159905288082084,108239,1.10562685093781,3.91725718086826,2.96928901573025,6.09597741707833,1.73088685015291,4251,0.0205476579728401,0.167027204247703,0.296400846859562,2689,4599,2265,3817,3692,3826,2495,5289,0.0937848772321429,0.160400390625,0.0789969308035714,0.133126395089286,0.128766741071429,0.133440290178571,0.0870186941964286,0.184465680803571,FALSE,FALSE
"L0263","La bella durmiente","la bella durmiente",3,"Basica inicial",1427,66,21.6212121212121,4.18360196215837,1.82690960056062,9.085371302372,4.04545454545455,14.399806013888,75.1717876027267,71.3973197638615,66.3783504969889,1427,520,0.364400840925018,66.7658957422891,0.79687480438473,159.325924248979,7.57508272692299,0.665384615384615,0.0440606451554434,0.764716981132079,0.670263554216866,-0.978807654099082,"bastante facil",0.0464461646727657,0.12807881773399,0.0520760028149191,0.0302603800140746,0.0619282195636875,0.195636875439831,0.20478536242083,0.00562983814215341,0.0605207600281492,0.0309641097818438,0.0365939479239972,0.147079521463758,1427,1.39234449760766,4.20462508759636,2.6781778104335,5.54545454545455,1.5,66,0.0592899624858684,0.14844714238875,0.242424242424242,42,79,27,42,79,40,40,64,0.101694915254237,0.191283292978208,0.0653753026634383,0.101694915254237,0.191283292978208,0.0968523002421307,0.0968523002421307,0.154963680387409,FALSE,FALSE
"L0264","La gallina de los huevos de oro","la gallina de los huevos de oro",3,"Basica inicial",120,10,12,4.575,1.925,6.11825,3.1,11.805,79.1,74.9075,67.0063772007445,120,85,0.708333333333333,101.744421906694,0.828468683298183,137.5,6.06786610987434,0.847058823529412,0.0346431888824252,0.832957746478874,0.735714285714286,NA,"bastante facil",0.0333333333333333,0.158333333333333,0.0666666666666667,0.00833333333333333,0.025,0.15,0.233333333333333,0,0.0583333333333333,0.075,0.0416666666666667,0.15,120,1.55555555555556,8.33333333333333,2.63636363636364,4.4,0.8,10,0.0578627255097843,0.129952346506084,0.1,3,6,2,3,4,6,4,5,0.0909090909090909,0.181818181818182,0.0606060606060606,0.0909090909090909,0.121212121212121,0.181818181818182,0.121212121212121,0.151515151515152,FALSE,FALSE
"L0266","La lechera","la lechera",3,"Basica inicial",534,37,14.4324324324324,4.17415730337079,1.82584269662921,5.44649711509262,2.78378378378378,11.5835924688734,82.5683571211661,78.6525675675676,79.5275195981552,534,255,0.47752808988764,79.3105008766526,0.822360527249885,126.597371263449,7.15183422083774,0.733333333333333,0.043148314145934,0.796536082474227,0.700252873563219,-0.715958165066291,"bastante facil",0.0581613508442777,0.138836772983114,0.0562851782363977,0.0206378986866792,0.0562851782363977,0.163227016885553,0.221388367729831,0.00562851782363977,0.0675422138836773,0.00562851782363977,0.0337711069418387,0.172607879924953,534,1.28260869565217,0,2.4748490945674,4.7027027027027,1.02702702702703,37,0.121613083839517,0.515940926670261,0.27027027027027,10,32,18,14,30,6,16,24,0.0666666666666667,0.213333333333333,0.12,0.0933333333333333,0.2,0.04,0.106666666666667,0.16,FALSE,FALSE
"L0267","La zorra y la liebre","la zorra y la liebre",3,"Basica inicial",111,8,13.875,4.07207207207207,1.72072072072072,4.68695945945946,2,10.1257545045045,89.4442567567568,85.7590990990991,79.3785400120242,111,75,0.675675675675676,63.3587950273214,0.805438517854835,146.09203798393,5.89101108279303,0.8,0.0406998875616723,0.767096774193548,0.701666666666667,NA,"muy facil",0.055045871559633,0.119266055045872,0.0642201834862385,0.00917431192660551,0.055045871559633,0.18348623853211,0.211009174311927,0,0.073394495412844,0.018348623853211,0.0458715596330275,0.165137614678899,111,1.27777777777778,18.018018018018,2.36893203883495,4.875,1,8,0.00924378253325622,0.0841545824102038,0.125,3,7,3,3,3,4,4,5,0.09375,0.21875,0.09375,0.09375,0.09375,0.125,0.125,0.15625,FALSE,FALSE
"L0268","Las hadas","las hadas",3,"Basica inicial",1169,69,16.9420289855072,4.3327630453379,1.86655260906758,7.44832843629511,3.40579710144928,13.0427120913453,77.5659738907279,73.6067434695826,65.629592337335,1169,496,0.424294268605646,76.0850739641863,0.824851164758015,135.156791390944,7.72000071463091,0.73991935483871,0.039561535725706,0.779696428571429,0.683747663551405,-0.895281797471411,"bastante facil",0.0668380462724936,0.140531276778063,0.0565552699228792,0.0265638389031705,0.0402742073693231,0.149100257069409,0.199657240788346,0.00856898029134533,0.0805484147386461,0.0394173093401885,0.0411311053984576,0.150814053127678,1169,1.32386363636364,10.2651839178785,2.55,5.1304347826087,1.42028985507246,69,0.0645492110985668,0.136700129655909,0.130434782608696,31,65,40,42,67,57,28,68,0.0778894472361809,0.163316582914573,0.100502512562814,0.105527638190955,0.168341708542714,0.14321608040201,0.0703517587939698,0.170854271356784,FALSE,FALSE
"L0269","Las medias de los flamencos","las medias de los flamencos",3,"Basica inicial",1464,111,13.1891891891892,4.57991803278689,1.90300546448087,6.73600852902082,3.2972972972973,12.0092482646581,79.2066991581746,75.0885703736524,66.7121059176299,1464,465,0.317622950819672,60.7752394988946,0.803552586615932,143.48928006211,7.45508649824908,0.632258064516129,0.0497061676140979,0.766954063604235,0.645538461538458,-0.901146764816858,"bastante facil",0.0527758738862234,0.147361206305689,0.0589444825222755,0.043865661411926,0.0555174777244688,0.156271418779986,0.209732693625771,0.000685400959561343,0.0753941055517478,0.00891021247429746,0.0335846470185058,0.156956819739548,1464,1.33624454148472,2.04918032786885,2.52919438285292,4.55855855855856,0.972972972972973,111,-0.147354847133257,0.375772460735284,0.531531531531532,84,38,68,135,47,139,30,29,0.147368421052632,0.0666666666666667,0.119298245614035,0.236842105263158,0.0824561403508772,0.243859649122807,0.0526315789473684,0.0508771929824561,FALSE,FALSE
"L0270","Los dos amigos y el oso","los dos amigos y el oso",3,"Basica inicial",144,11,13.0909090909091,3.97916666666667,1.84722222222222,3.85732954545455,2.09090909090909,11.3126767676768,82.6539393939394,78.6621464646465,63.3192900062159,144,86,0.597222222222222,55.737966108703,0.765746731432009,202.546296296296,5.9150617003145,0.790697674418605,0.0480546665699302,0.727157894736842,0.646666666666667,NA,"bastante facil",0.028169014084507,0.112676056338028,0.0422535211267606,0.028169014084507,0.0563380281690141,0.176056338028169,0.190140845070423,0.0140845070422535,0.133802816901408,0.00704225352112676,0.0422535211267606,0.169014084507042,144,1.125,6.94444444444444,2.29323308270677,4.72727272727273,0.909090909090909,11,0.0371540076085531,0.187616583262369,0.272727272727273,2,10,5,10,10,7,5,15,0.03125,0.15625,0.078125,0.15625,0.15625,0.109375,0.078125,0.234375,FALSE,FALSE
"L0271","Los dos conejos","los dos conejos",3,"Basica inicial",124,21,5.90476190476191,4.44354838709677,1.81451612903226,2.45149385560676,1.19047619047619,8.12414746543779,91.9461751152074,87.8858832565284,82.9064081251289,124,86,0.693548387096774,90.3504273504274,0.841952106673351,100.156087408949,6.15156899236002,0.802325581395349,0.0362638539300818,0.804266666666667,0.7204,NA,"muy facil",0.0573770491803279,0.122950819672131,0.0573770491803279,0.0573770491803279,0.0245901639344262,0.10655737704918,0.180327868852459,0.0245901639344262,0.0983606557377049,0.0737704918032787,0.0327868852459016,0.163934426229508,124,1.1,8.06451612903226,2.27184466019417,3.47619047619048,0.523809523809524,21,0.0326835862550148,0.186376824420794,0.19047619047619,2,5,3,2,4,4,1,8,0.0689655172413793,0.172413793103448,0.103448275862069,0.0689655172413793,0.137931034482759,0.137931034482759,0.0344827586206897,0.275862068965517,FALSE,FALSE
"L0272","Los tres deseos","los tres deseos",3,"Basica inicial",852,56,15.2142857142857,4.26173708920188,1.85915492957746,6.2499245472837,2.89285714285714,12.2815995975855,79.7721327967807,75.7953621730383,65.486755261983,852,386,0.453051643192488,79.380979020979,0.824946095038433,129.218188631004,7.52658463996139,0.738341968911917,0.0400411344780349,0.78557907845579,0.699322709163348,-0.885425110234886,"bastante facil",0.0529411764705882,0.145882352941176,0.0458823529411765,0.0317647058823529,0.0611764705882353,0.152941176470588,0.194117647058824,0.00352941176470588,0.0941176470588235,0.0176470588235294,0.0470588235294118,0.152941176470588,852,1.26923076923077,9.38967136150235,2.52638190954774,4.82142857142857,1.125,56,0.0252226916690824,0.144463086070747,0.232142857142857,15,33,14,20,40,28,11,33,0.077319587628866,0.170103092783505,0.0721649484536082,0.103092783505155,0.206185567010309,0.144329896907216,0.0567010309278351,0.170103092783505,FALSE,FALSE
"L0274","Papelucho","papelucho",3,"Basica inicial",21079,1226,17.1933115823817,3.94406755538688,1.73836519759002,5.74321397706306,2.56688417618271,11.6281008486911,85.0009103305695,81.3415366077601,74.1599025303465,21079,3248,0.154087006024954,67.563673720978,0.820574054537375,130.301646090023,8.63522782433452,0.557573891625616,0.0434450115207858,0.772066571564421,0.670262631077185,-1.03393538279279,"muy facil",0.0334014348838314,0.115028270062242,0.0652824630588682,0.0455171758445384,0.0748800304081342,0.119161875801777,0.152848386943507,0.00593908870622892,0.130945027794935,0.0271297572100537,0.0592958616429895,0.170570627642894,21079,0.896100278551532,2.60923193699891,2.5258147383267,5.20423108218063,1.52563059397884,1229,-0.0178984318385616,0.1771106014976,0.391375101708706,619,777,479,958,510,962,394,815,0.112259702575263,0.140914036996736,0.0868697859992746,0.173739571998549,0.0924918389553863,0.174464998186435,0.0714544795067102,0.147805585781647,FALSE,FALSE
"L0275","Papelucho y el marciano","papelucho y el marciano",3,"Basica inicial",20193,1669,12.0988615937687,4.11746644876938,1.81003317981479,4.01269777058812,2.11503894547633,10.4869475433843,85.8971703854687,81.97107130377,69.8106130122669,20193,3744,0.185410785915911,81.3955583320833,0.844202461634902,108.060862456917,9.03001756705025,0.58974358974359,0.0394860915147351,0.797780976965824,0.703696625858422,-0.973746595169377,"muy facil",0.0492765153398638,0.127542141116802,0.0585749092536423,0.0379394361294814,0.0592213216647606,0.129779722539904,0.176072795982298,0.0031326139923425,0.118890159614142,0.0255581522549848,0.0437074237979215,0.170304808313858,20193,1.03386861313869,3.71415837171297,2.31989203778677,4.37739234449761,0.989832535885168,1672,-0.0154039569629272,0.233630594988123,0.30322966507177,516,671,446,903,462,805,430,790,0.102727453712921,0.133585506669321,0.0887915588293848,0.179773043997611,0.0919769062313359,0.160262791160661,0.0856062114274338,0.157276527971332,FALSE,FALSE
"L0277","Piedras de fuego","piedras de fuego",3,"Basica inicial",1763,136,12.9632352941176,4.79466817923993,2.04537719795803,7.6345047712789,3.44852941176471,13.6011127006106,70.8948681225184,66.4447652730973,64.9847365239637,1763,707,0.401020986954056,80.3022774327122,0.854978794247824,100.50933523885,8.18091471854758,0.71004243281471,0.0376567751499998,0.792415402567094,0.702992788461536,-0.874953912311164,"bastante facil",0.0591245025582717,0.128482092097783,0.0392268334280841,0.0352472996020466,0.0557134735645253,0.150653780557135,0.227970437748721,0.00170551449687322,0.0557134735645253,0.0801591813530415,0.0289937464468448,0.137009664582149,1763,1.66390041493776,11.3442994895065,2.63736939151813,4.71532846715328,0.795620437956204,137,0.00159211246796838,0.157181355782004,0.284671532846715,55,99,40,75,77,47,47,65,0.108910891089109,0.196039603960396,0.0792079207920792,0.148514851485149,0.152475247524752,0.0930693069306931,0.0930693069306931,0.128712871287129,FALSE,FALSE
"L0278","Pulgarcita","pulgarcita",3,"Basica inicial",4390,259,16.9498069498069,4.24487471526196,1.87289293849658,7.0382633837873,3.11583011583012,13.1205613846844,77.1776206014019,73.2039629818559,67.4161132105714,4390,1216,0.276993166287016,77.8054471216404,0.819978390286316,134.120308632687,8.24788810272402,0.634868421052632,0.0420221546964745,0.794752361207124,0.694907946865526,-0.992375877244102,"bastante facil",0.0633577310155535,0.15096065873742,0.0647301006404392,0.0324794144556267,0.0530649588289113,0.161482159194876,0.195333943275389,0.00343092406221409,0.0802836230558097,0.0203568161024703,0.035224153705398,0.139295516925892,4390,1.40229885057471,4.1002277904328,2.41733236504478,5.2046332046332,1.16602316602317,259,0.042750193605138,0.267795628967452,0.274131274131274,51,188,117,127,193,142,89,154,0.0480678605089538,0.177191328934967,0.110273327049953,0.119698397737983,0.181903864278982,0.133836003770028,0.0838831291234684,0.145146088595664,FALSE,FALSE
"L0280","Ratón de campo y ratón de ciudad","raton de campo y raton de ciudad",3,"Basica inicial",1353,59,22.9322033898305,4.41832963784183,1.88470066518847,10.8464342891503,4.84745762711864,15.5930271712578,70.3671126310647,66.4859451689278,59.570161574233,1353,572,0.422764227642276,69.872349921218,0.81640604375777,143.515081593065,7.7777783514505,0.748251748251748,0.0381336849042565,0.780383435582823,0.691435406698571,-0.93418927412886,"bastante facil",0.0529850746268657,0.166417910447761,0.0507462686567164,0.0291044776119403,0.0514925373134328,0.159701492537313,0.214179104477612,0.00298507462686567,0.0634328358208955,0.0537313432835821,0.0373134328358209,0.117910447761194,1353,1.81645569620253,17.7383592017738,2.72123552123552,6.08474576271186,1.74576271186441,59,0.0441555382057297,0.0777208761469282,0.135593220338983,16,53,16,29,37,25,10,46,0.0689655172413793,0.228448275862069,0.0689655172413793,0.125,0.15948275862069,0.107758620689655,0.0431034482758621,0.198275862068966,FALSE,FALSE
"L0286","El gato con botas","el gato con botas",3,"Basica inicial",1754,76,23.0789473684211,4.20980615735462,1.83067274800456,9.93766068535078,4.81578947368421,15.012727900138,73.4591088039369,69.7051404308948,65.5028535627,1754,640,0.364880273660205,71.3451291877464,0.803274296770095,160.337212613229,7.7498009925597,0.703125,0.0416059419349294,0.781794721407619,0.680900302114803,-0.995191747918094,"bastante facil",0.0428816466552316,0.148084619782733,0.0526014865637507,0.0297312750142939,0.039451114922813,0.171526586620926,0.189251000571755,0.00628930817610063,0.0800457404230989,0.039451114922813,0.0474556889651229,0.153230417381361,1754,1.23507462686567,6.27137970353478,2.71275327771156,6.05263157894737,2.15789473684211,76,0.0513340483754282,0.169973260874959,0.157894736842105,28,52,48,68,44,28,36,89,0.0712468193384224,0.132315521628499,0.122137404580153,0.173027989821883,0.111959287531807,0.0712468193384224,0.0916030534351145,0.2264631043257,TRUE,TRUE
"L0287","El gato con botas","el gato con botas",5,"Basica superior",1754,76,23.0789473684211,4.20980615735462,1.83067274800456,9.93766068535078,4.81578947368421,15.012727900138,73.4591088039369,69.7051404308948,65.5028535627,1754,640,0.364880273660205,71.3451291877464,0.803274296770095,160.337212613229,7.7498009925597,0.703125,0.0416059419349294,0.781794721407619,0.680900302114803,-0.995191747918094,"bastante facil",0.0428816466552316,0.148084619782733,0.0526014865637507,0.0297312750142939,0.039451114922813,0.171526586620926,0.189251000571755,0.00628930817610063,0.0800457404230989,0.039451114922813,0.0474556889651229,0.153230417381361,1754,1.23507462686567,6.27137970353478,2.71275327771156,6.05263157894737,2.15789473684211,76,0.0513340483754282,0.169973260874959,0.157894736842105,28,52,48,68,44,28,36,89,0.0712468193384224,0.132315521628499,0.122137404580153,0.173027989821883,0.111959287531807,0.0712468193384224,0.0916030534351145,0.2264631043257,TRUE,TRUE
"L0288","Bartleby, el escribano","bartleby el escribano",11,"Media",13006,968,13.4359504132231,4.71351683838228,2.0505151468553,7.48863951539213,3.61260330578512,13.8460993940495,70.1044217671946,65.6519559376918,54.9011216891329,13006,3434,0.264031985237583,100.593992208994,0.860285223608866,94.8567983704702,9.22406541787395,0.673558532323821,0.034168577912422,0.819004399166459,0.729617261950852,-1.01490255148213,"bastante facil",0.0700509180681994,0.145039345779972,0.0660391914827959,0.0396543743249499,0.0415830890294708,0.145887980249961,0.186776731985805,0.00370313223268014,0.0816232062953248,0.0322481098595896,0.0372627680913439,0.150131152599907,13006,1.24409044193217,17.6841457788713,2.58830370493437,4.55211558307534,1.01444788441692,969,0.0119168334031107,0.235166049140027,0.280701754385965,330,452,280,480,303,568,196,610,0.102516309412861,0.140416278347313,0.0869835352593973,0.149114631873253,0.0941286113699907,0.176452314383349,0.0608884746815781,0.189499844672258,FALSE,TRUE
"L0289","Canto a su amor desaparecido","canto a su amor desaparecido",11,"Media",3535,391,9.04092071611253,4.08826025459689,1.77114568599717,2.34616615720761,1.70332480818414,8.83547817405051,91.349519709735,87.4517030462637,50.1902053186283,3535,1099,0.310891089108911,43.8408083792131,0.855904691623384,99.8461535383686,8.42774017684328,0.667879890809827,0.0402977529277658,0.756844520940881,0.668882421420271,-0.900308531190694,"muy facil",0.066923304708321,0.11222978975422,0.0355344980752147,0.0257625111045306,0.0835060704767545,0.116079360379035,0.217352679893397,0.0509327805744744,0.0639620965353864,0.0666271838910275,0.0210245780278354,0.140065146579805,3535,1.55179704016913,2.26308345120226,2.36594663278272,3.91022443890274,0.389027431421446,401,-0.0152198740144888,0.184694631688978,0.224438902743142,121,99,75,177,130,234,68,104,0.120039682539683,0.0982142857142857,0.0744047619047619,0.175595238095238,0.128968253968254,0.232142857142857,0.0674603174603175,0.103174603174603,FALSE,FALSE
"L0290","Canto del macho anciano y otros poemas","canto del macho anciano y otros poemas",11,"Media",13340,462,28.8744588744589,4.77001499250375,2.04512743628186,15.4740000519221,8.44805194805195,19.8035427091649,54.6804057711404,50.5491018451813,51.1164426502808,13340,3996,0.299550224887556,67.975535314035,0.814591541522555,160.910024747746,9.19459586863475,0.694694694694695,0.030765299399463,0.765927319238585,0.694078241824611,-0.994441320156438,"algo dificil",0.0933333333333333,0.16391713747646,0.0259887005649717,0.015743879472693,0.0595856873822976,0.173483992467043,0.259359698681733,0.00293785310734463,0.0451224105461394,0.0462523540489642,0.0187570621468927,0.0955178907721281,13340,2.71529968454259,14.8425787106447,3.39967386240099,6.13207547169811,1.34591194968553,477,-0.0406009782054257,0.146606746940857,0.515723270440252,656,440,581,890,423,1022,331,550,0.134069078275087,0.0899243817698753,0.118741058655222,0.181892499489066,0.0864500306560392,0.208869814020029,0.067647659922338,0.112405477212344,FALSE,FALSE
"L0291","Carol","carol",11,"Media",87165,10312,8.4527734678045,4.4685022658177,1.95336430906901,3.84303240590362,1.87209076803724,10.756280499458,81.016312518699,76.6876300771964,69.6178333865629,87165,9550,0.109562324327425,87.6667045410857,0.852471822156506,101.685477810138,9.45644242318326,0.536858638743456,0.0393468895759054,0.806225033288872,0.71274297659252,-1.04022787817554,"bastante facil",0.0518553538894398,0.132515394017666,0.0630405202832038,0.0375337284656719,0.0438412398238048,0.130059269850788,0.17603376305897,0.00644588455063306,0.0912686515532391,0.0608611425013261,0.0396439196512996,0.166901132353959,87165,1.05471880613514,9.65984053232375,2.40878514644079,3.47563805104408,0.646268368136118,10344,0.0344399516972515,0.442106899706464,0.166473317865429,1466,3371,1297,2046,2288,2772,1713,3256,0.0805096380910539,0.18512823329123,0.0712285133725081,0.112362018781921,0.125652150035697,0.152232412543248,0.0940743588335439,0.178812675050799,FALSE,FALSE
"L0292","Cómo me hice monja","como me hice monja",11,"Media",25463,2005,12.6997506234414,4.40702195342261,1.96559714094961,5.67694871234121,2.72319201995012,12.5569490063476,75.950425907113,71.6785474953977,60.9314478155733,25463,4883,0.191768448336802,74.8362987365811,0.845641096651119,105.889656006066,9.13935329980188,0.631988531640385,0.0369473212272636,0.78997953883682,0.694378646901084,-1.03175934475007,"bastante facil",0.0576960919359282,0.134204415758196,0.072690778857885,0.0513203982840726,0.0376638199063324,0.146208036522492,0.187689401393207,0.00503758510763903,0.114605061198788,0.0101932386162383,0.0366405604313432,0.146050611987878,25463,1.28509835623821,17.3192475356399,2.59860175633046,4.28029925187032,0.885286783042394,2005,-0.027421980065867,0.266585497407167,0.313715710723192,709,953,678,1144,625,1251,549,1063,0.101692484222605,0.136689615605278,0.0972461273666093,0.164084911072863,0.0896442914515204,0.179432013769363,0.0787435456110155,0.152467010900746,FALSE,FALSE
"L0293","Cuentos de buenas noches para niñas rebeldes","cuentos de buenas noches para ninas rebeldes",11,"Media",29077,2040,14.253431372549,4.67035801492589,2.01341266292946,7.69410193657544,3.59607843137255,13.7271076578618,71.4967402242322,67.1459597269454,65.0640588610782,29077,6029,0.207346012312137,86.7153544506571,0.861550836495504,98.2104516446932,9.67397712197518,0.592469729640073,0.0342967866773873,0.80349042303977,0.71351853129956,-0.884082746592888,"bastante facil",0.0533714640113014,0.145195190021707,0.0402783998897426,0.0303207800709782,0.043827309375323,0.140026875236881,0.185094580160562,0.00637425490128519,0.0578851255900493,0.127071632842918,0.0316989973469317,0.138855390552321,29077,1.33300248138958,10.2142586924373,2.72053610988037,4.73382352941176,0.991666666666667,2040,0.036642277690545,0.170446373783667,0.193627450980392,695,1175,428,984,1081,879,586,1561,0.0940587359588578,0.159020165110299,0.0579239409933685,0.133170929760455,0.146298551901475,0.118960617133577,0.0793070780890513,0.211259981052916,FALSE,FALSE
"L0294","Daisy Miller","daisy miller",11,"Media",22191,1820,12.1928571428571,4.66499932405029,2.00991392907034,6.63857538770544,2.96593406593407,12.8821986487443,73.8084499700651,69.4245050760605,56.6798567140142,22191,4078,0.18376819431301,92.1647826586937,0.853528575406412,99.7472423474462,9.11330122790119,0.602501226091221,0.0389496416725868,0.814352813657252,0.720162049610686,-0.992947850465328,"bastante facil",0.0646270818247647,0.134956553222303,0.0684739319333816,0.0465695148443157,0.0336712527154236,0.136223750905141,0.164102099927589,0.00316799420709631,0.0887943519188994,0.0580648081100652,0.0424511223750905,0.15889753801593,22191,1.03275420108231,12.3473480239737,2.41406901968485,4.4141524958859,1.02029621503017,1823,0.0340815063835099,0.247091486045157,0.206253428414701,399,999,422,659,839,759,500,1162,0.0695243073706221,0.174072138003136,0.0735319742115351,0.114828367311378,0.146192716501133,0.132253005750131,0.087123192193762,0.202474298658303,FALSE,FALSE
"L0295","Don Quijote de la Mancha","don quijote de la mancha",11,"Media",244794,7823,31.2915761216924,4.22775068016373,1.81488516875414,14.1284937644174,6.07426818356129,18.0293596787589,66.0294822306255,62.4760778649249,67.5037080863914,244794,17518,0.0715622114921117,74.7415911466988,0.828539310571303,130.021060696259,9.41080953587466,0.498801233017468,0.039440386894195,0.781773355941671,0.690175238562579,-1.11355782020145,"normal",0.0517670972395253,0.141482525736017,0.0572462461477936,0.0327683430594715,0.0618484033833847,0.129475116385811,0.176599075470461,0.00515130155399646,0.0933832207724084,0.041275981902826,0.0631393023408301,0.145863386007475,244794,1.21071559014413,8.12111407959345,2.94623460801607,7.54371165644172,3.05304192229039,7824,0.0196700777870856,0.147657049941177,0.275178936605317,6530,7904,6167,8877,6081,8537,3707,13151,0.107129966860255,0.129671555599304,0.101174656298192,0.145634412835909,0.0997637562752239,0.140056436000919,0.0608163533156151,0.215752862814581,FALSE,FALSE
"L0296","Drácula","dracula",11,"Media",167573,10354,16.1843731891057,4.46798111867664,1.92190269315463,7.70637766351979,3.58663318524242,13.4003573229758,75.0177777578347,70.9160890273612,62.8986938483049,167573,13537,0.0807827036575105,92.0271343648979,0.851845524085662,104.817305029506,9.5344757131642,0.502622442195464,0.0400362483009203,0.808582889616075,0.717711644792617,-1.0947628415537,"bastante facil",0.0545188372023543,0.140455917062532,0.0685787696812166,0.049170924083535,0.0486331451106928,0.141411968569807,0.172662902213857,0.00277254937109737,0.094171073466583,0.0282871739714977,0.0489976397478414,0.150339099518987,167573,1.14848966613672,12.2215392694527,2.61332392252617,4.9953663481031,1.3326575924317,10359,0.0161004920579051,0.229870088345284,0.287479486436915,4489,8182,3991,7570,5132,7497,3613,8402,0.0918446681397823,0.167403224486456,0.0816556182993698,0.154881741550045,0.105000409198789,0.153388165971029,0.0739217611915869,0.171904411162943,TRUE,TRUE
"L0297","El consumo me consume","el consumo me consume",11,"Media",13789,703,19.6145092460882,5.02436724925665,2.14576836608891,12.0420243670429,6.33428165007112,17.3797253258236,58.0870986036554,53.5391215465726,46.0731295314864,13789,3384,0.245413010370585,59.093963607279,0.801380108887637,180.245750893906,8.84964097807901,0.640366430260047,0.0356041068244289,0.75419359534205,0.66513221329435,-0.962491465316284,"algo dificil",0.0835820895522388,0.177065890061886,0.0343647615580633,0.0309428467419003,0.0331998543866036,0.189151801965781,0.249217327994175,0.00167455405897343,0.0502366217692028,0.0254095376774663,0.0273025118310885,0.097852202402621,13789,2.546875,57.0019580825296,2.61893482081455,5.58781869688385,1.08923512747875,706,0.0414051734084456,0.127634132025127,0.21671388101983,367,563,226,428,401,402,266,752,0.107782672540382,0.165345080763583,0.0663729809104258,0.125697503671072,0.11776798825257,0.118061674008811,0.0781204111600587,0.220851688693098,FALSE,FALSE
"L0299","El ingenioso hidalgo don Quijote de La Mancha: primera parte","el ingenioso hidalgo don quijote de la mancha primera parte",11,"Media",191482,7051,27.1567153595235,4.21567040243992,1.81405040682675,12.0041652752537,5.21032477662743,16.4069137907698,70.297125923681,66.6629442951699,68.4860635616052,191482,14580,0.0761429272725374,76.3544628217733,0.828859315276313,130.311626533206,9.34283853692536,0.507887517146776,0.0400837035261862,0.784593042996862,0.692557437180836,-1.11435308256304,"bastante facil",0.0490008642589634,0.141083728360789,0.0616138071916822,0.033931330696907,0.0595657753450488,0.12620276039075,0.171929916454967,0.00477175706466228,0.0988712254144515,0.0355917554932823,0.0670979231595212,0.150339156168976,191482,1.14361368545746,8.40810102255042,2.91565997223909,6.89419940433981,2.73890228336406,7051,0.0089295211710427,0.156985297339883,0.302368458374699,5499,6063,4840,7215,4652,7183,2948,9571,0.114631756686331,0.126388859936211,0.10089429030039,0.150403368701924,0.0969752558837631,0.149736299013988,0.0614537950011465,0.199516374476246,FALSE,TRUE
"L0300","El ingenioso hidalgo don Quijote de La Mancha: segunda parte","el ingenioso hidalgo don quijote de la mancha segunda parte",11,"Media",200858,8298,24.2055917088455,4.23979627398461,1.81508329267443,10.6422363048902,4.73583996143649,15.268163620008,73.245298896512,69.5497191575377,66.9129835580389,200858,16000,0.079658266038694,75.0609739140074,0.830230509170309,127.797707170693,9.41388451805664,0.50825,0.0390734143427923,0.782803957989943,0.691035420578894,-1.099144413403,"bastante facil",0.0525219632306302,0.140165117545113,0.0555236463707603,0.0325640167614786,0.0633450037708332,0.129576817616534,0.179321849356461,0.00622312344858931,0.0899805714685273,0.0453448938922491,0.0602684034142273,0.145164593124597,200858,1.23530018923103,7.67208674785172,2.84065911238978,6.41667670803711,2.18448005783829,8299,0.0244977845980437,0.156239313583768,0.252681045909146,5073,6605,5176,7108,5019,6749,3016,11363,0.101239298329641,0.13181264842643,0.10329481729829,0.141850765331577,0.100161647608214,0.13468638368357,0.0601887884411982,0.226765650881079,TRUE,FALSE
"L0301","El lugar sin límites","el lugar sin limites",11,"Media",33477,2269,14.7540766857647,4.13244914418855,1.81094482779222,5.41087381201039,2.51432349052446,11.5332388753964,83.1341521129871,79.2590605427803,71.506132694878,33477,5279,0.157690354571796,70.5651368881158,0.834685512831518,118.085406231966,9.03510278367917,0.609774578518659,0.0391824302154827,0.778042359698401,0.684375337048308,-1.04154566654759,"bastante facil",0.0413900819992191,0.139038236265882,0.0709758808157871,0.032709578590094,0.0495599675607485,0.142762742918932,0.164539092301685,0.00387468837293125,0.103565314029976,0.0524434565824648,0.047787823266152,0.151353137296128,33477,1.08712046040881,5.04824207664964,2.86075422126814,4.55506607929515,1.21850220264317,2270,-0.00010880597246633,0.274587997017797,0.256828193832599,754,1004,600,1005,721,1207,571,1197,0.106813996316759,0.142229777588894,0.0849978750531237,0.142371440713982,0.102139113188837,0.170987391981867,0.080889644425556,0.169570760730982,FALSE,FALSE
"L0302","El señor de las moscas","el senor de las moscas",11,"Media",65928,6093,10.8202855736091,4.39344436354811,1.89402074990899,4.67326573911614,2.26193993106844,10.9793562226336,82.1620637203793,78.0172217070608,67.6006885051967,65928,7867,0.119327144763985,85.4234218724982,0.842658185686057,112.050483683936,9.34050992011649,0.536926401423669,0.0397555642570842,0.802582006405567,0.707642376460242,-1.01902213752808,"bastante facil",0.0541099221789883,0.145944795719844,0.055204280155642,0.030034046692607,0.0455830496108949,0.154000486381323,0.19449173151751,0.00351106517509728,0.0866822714007782,0.0398984678988327,0.0280733219844358,0.162466561284047,65928,1.19711853307138,10.1322655017595,2.33015257607915,4.13334426767263,0.682794817123175,6097,-0.0205973135832207,0.245343259348204,0.311956700016402,2225,2568,1586,2995,1745,2484,1676,2248,0.126946996063217,0.146516802647344,0.0904889598904547,0.170879214925543,0.0995606778113767,0.141724196953272,0.0956238945626747,0.128259257146117,TRUE,TRUE
"L0303","El túnel","el tunel",11,"Media",32593,2399,13.5860775323051,4.5694474273617,1.99680913079496,6.88513614902619,3.22551062942893,13.2709179809795,73.1736530693514,68.8477136191691,60.0389288553924,32593,5150,0.158009388519007,86.5411817225753,0.855093034865275,100.669653258435,9.2904356309724,0.543689320388349,0.0393414006438675,0.804036381514171,0.71157198251982,-0.974249117450526,"bastante facil",0.0578036462182804,0.142060852426706,0.0730475486573048,0.0428061098792806,0.0417282581916728,0.135408967726041,0.177753141167775,0.00465016013796502,0.0907859078590786,0.0261763981276176,0.0496119733924612,0.158167036215817,32593,1.12383177570093,19.2986224035836,2.5380870371597,4.62645590682196,1.14351081530782,2404,-0.0228614429872501,0.21974058859239,0.332362728785358,1051,1329,985,1421,768,1634,693,1210,0.115608843911561,0.146188538114619,0.108348916510835,0.156308436915631,0.0844791552084479,0.179738202617974,0.0762292377076229,0.13309866901331,FALSE,FALSE
"L0304","Eloy","eloy",11,"Media",45491,943,48.2407211028632,4.30777516431822,1.85671891143303,22.9799815753704,10.2237539766702,25.1331643850264,46.2313297890977,42.920690714859,60.9211606677419,45491,6895,0.151568442109428,70.5136162950606,0.839272481271769,121.585474534583,9.32602073553411,0.579840464104423,0.0377664557242508,0.776539324853608,0.69454419280923,-0.985200108891377,"algo dificil",0.0702378554966324,0.133114049808686,0.0469669508402139,0.0217940972455304,0.0795685932290618,0.129847172808843,0.201785594414983,0.0402989416213555,0.0790091964825133,0.0172294197936945,0.0375914613680607,0.142556666890425,45491,1.4154763773348,5.01198039172584,3.51163886955936,8.25478927203065,3.75,1044,-0.0291576358483142,0.132396763777979,0.46264367816092,1580,1281,1298,2189,1027,2154,991,1397,0.132583703952337,0.107493496685407,0.108920030208945,0.183687169589662,0.0861794075690191,0.180750188805908,0.0831585130485861,0.117227490140136,FALSE,FALSE
"L0305","Emma Zunz","emma zunz",11,"Media",9172,541,16.9537892791128,4.45682511993022,1.95835150457915,8.03854095442772,3.86691312384473,14.130525572888,72.0460446605558,67.875911985606,59.4468876353745,9172,2644,0.288268643698212,81.1198314448555,0.829649421233017,127.868116790726,8.89798542853017,0.67624810892587,0.034405351335222,0.793245642880634,0.703855395128377,-1.01649781422415,"bastante facil",0.0639388979814512,0.152100381887616,0.0566284779050737,0.031860338243317,0.0438625204582651,0.171303873431533,0.209819967266776,0.00283687943262411,0.07746863066012,0.0169121658483361,0.0330605564648118,0.140207310420076,9172,1.49649805447471,14.5006541648495,2.5939056887962,5.13493530499076,1.181146025878,541,-0.043177011776641,0.208714455760112,0.451016635859519,460,351,353,571,242,574,263,397,0.143257552164435,0.109311740890688,0.109934599813142,0.177826222360635,0.0753659296169418,0.178760510744316,0.0819059483027094,0.123637496107132,FALSE,FALSE
"L0306","Ética para Amador","etica para amador",11,"Media",288,17,16.9411764705882,5.77083333333333,2.42361111111111,14.2212132352941,6.35294117647059,19.6156699346405,44.1433333333333,38.9028513071896,33.3274846471989,288,165,0.572916666666667,86.8235294117647,0.864550451738411,92.5925925925926,6.94997358980494,0.648484848484848,0.0399940626358499,0.839414225941422,0.742804232804233,NA,"muy dificil",0.0709219858156028,0.152482269503546,0.0460992907801418,0.0319148936170213,0.0390070921985816,0.127659574468085,0.195035460992908,0,0.049645390070922,0.134751773049645,0.0354609929078014,0.117021276595745,288,1.66666666666667,38.1944444444444,2.52767527675277,4.94117647058824,1.05882352941176,17,-0.0062414264745352,0.126725814463482,0.411764705882353,10,6,6,11,0,11,0,9,0.188679245283019,0.113207547169811,0.113207547169811,0.207547169811321,0,0.207547169811321,0,0.169811320754717,FALSE,FALSE
"L0307","Facundo","facundo",11,"Media",95365,4313,22.1110595872942,4.62530278404027,1.9778744822524,11.4107059064768,5.909111987016,16.3722321296231,65.614250285816,61.5023601683814,55.3630772425871,95365,12637,0.132511927856132,73.4036892141149,0.820383695554356,140.985807360154,9.55167410745256,0.550288834375247,0.0354010598642394,0.780116035083285,0.690082715764353,-0.971066380451309,"normal",0.0618242248306618,0.163542849930582,0.0413458706718835,0.0320585636753755,0.0418086583364887,0.172714460010939,0.212082965206782,0.00678404644705288,0.0570385796625857,0.0500862467920401,0.0393159156885018,0.121397618747108,95365,1.74701091665223,23.5725895244587,2.82699277351901,5.75551470588235,1.53975183823529,4352,-0.0101170744000698,0.188647479037081,0.370634191176471,3791,3524,2643,4965,2298,3927,1885,5366,0.133490615866756,0.124088876368886,0.0930666572766647,0.174830099651396,0.0809183421951477,0.138279516884397,0.06637557660481,0.188950315151942,FALSE,FALSE
"L0308","Hechos consumados","hechos consumados",11,"Media",11049,1332,8.29504504504505,4.05548013394877,1.76124536157118,1.81883395342125,1.07882882882883,8.42776283410753,92.7043323597831,88.8143689290703,85.4628139210353,11049,2059,0.186351706036745,65.4298118023449,0.843384942989913,105.953944237126,8.54935373273975,0.588149587178242,0.0446321303115949,0.770861818181822,0.672842009132399,-1.00233827570843,"muy facil",0.0369794050343249,0.0882379862700229,0.0991304347826087,0.048695652173913,0.0398169336384439,0.0812814645308925,0.142425629290618,0.00302059496567506,0.142517162471396,0.0816475972540046,0.0538215102974828,0.182425629290618,11049,0.780732563973909,1.62910670648928,2.55284552845528,3.86196549137284,0.687921980495124,1333,-0.0126059922917168,0.218090113809832,0.204801200300075,296,269,209,395,193,434,193,229,0.133453561767358,0.121280432822362,0.094229035166817,0.178088367899008,0.0870153291253381,0.195671776375113,0.0870153291253381,0.103246167718665,FALSE,FALSE
"L0309","Inés del alma mía","ines del alma mia",11,"Media",114253,5521,20.6942582865423,4.54804687841895,1.95738405118465,10.3384299406244,5.24596993298316,15.5778925357304,68.2888134766478,64.1957153246539,61.8774559049999,114253,14015,0.122666363246479,96.0656934635803,0.837465717708744,121.549708091964,9.72983310285792,0.517088833392793,0.0356216725598893,0.808692164898012,0.722400353907924,-0.971092727876071,"normal",0.0544407837089482,0.164855770915846,0.0470190319301812,0.030168939048754,0.0529862255090954,0.147514983701938,0.208001822578949,0.00598471837650275,0.0704847359013003,0.0410781255476499,0.0363201430023483,0.141144719778487,114253,1.4736776756891,11.0456618206962,2.66839259109386,5.72802593659942,1.57420749279539,5552,-0.00537378076155693,0.184138136345728,0.349063400576369,4203,4389,2977,5547,3199,5290,2385,5628,0.125022309477066,0.130555059789399,0.088553750966744,0.165000892379083,0.0951573561782379,0.157356178237849,0.0709441370694271,0.167410315902195,FALSE,FALSE
"L0310","La cucaracha soñadora","la cucaracha sonadora",11,"Media",11431,501,22.8163672654691,4.58210130347301,1.96430758463826,11.5598807720924,5.60878243512974,16.4872127322645,65.7088503109257,61.6422702115671,56.1497481999964,11431,3275,0.286501618406089,86.7288653632963,0.846644315857871,111.928909534158,9.21062453557795,0.67236641221374,0.0329652266272034,0.800797750834641,0.714999999999982,-0.973139401267582,"normal",0.0644933920704846,0.153480176211454,0.0578854625550661,0.03215859030837,0.0509251101321586,0.136211453744493,0.178502202643172,0.0039647577092511,0.0807929515418502,0.0702202643171806,0.0470484581497797,0.12431718061674,11431,1.43586109142452,16.0965794768612,2.93871203805342,5.90196078431373,1.84509803921569,510,0.00448499989343159,0.243203009841596,0.247058823529412,312,427,248,403,346,458,208,523,0.106666666666667,0.145982905982906,0.0847863247863248,0.137777777777778,0.118290598290598,0.156581196581197,0.0711111111111111,0.178803418803419,FALSE,FALSE
"L0311","La hora de la estrella","la hora de la estrella",11,"Media",31926,2151,14.8423988842399,4.46316481864311,1.9526718035457,7.012705737929,3.2975360297536,13.2400628466928,74.5404449253333,70.3411477548631,60.0072817240774,31926,5951,0.186399799536428,76.887926442775,0.845757814051396,111.021513608046,9.29494997242892,0.62090404973954,0.0359611146060751,0.789765661762334,0.69788795676621,-1.04664463433807,"bastante facil",0.0652475122811437,0.143342990301045,0.0696246378637108,0.0422597304446404,0.0411890666330772,0.135911323844313,0.185508250409371,0.00176344627786875,0.0918881471218038,0.0380085653104925,0.0476760297266658,0.137580299785867,31926,1.34836346990158,14.8468333020109,2.55790604747994,4.8784222737819,1.15406032482599,2155,0.0153392495679184,0.248285872260899,0.282598607888631,905,1239,740,1277,1043,1454,756,1370,0.103028233151184,0.141051912568306,0.0842440801457195,0.14537795992714,0.118738615664845,0.165528233151184,0.0860655737704918,0.155965391621129,FALSE,FALSE
"L0312","La isla a mediodía","la isla a mediodia",11,"Media",2935,136,21.5808823529412,4.35536626916525,1.91413969335605,9.8742163042389,4.27941176470588,15.4133924992484,69.9791183986371,66.0032147509771,65.8837616878024,2935,985,0.335604770017036,81.4703476772869,0.813758665616854,143.091224108959,8.1111382024212,0.70253807106599,0.0394344485340687,0.791753291753288,0.701424541607918,-1.00823878375883,"bastante facil",0.0514655760054533,0.15507839127471,0.0565780504430811,0.0235173824130879,0.0446489434219496,0.176891615541922,0.215746421267894,0.00715746421267894,0.0647580095432856,0.0357873210633947,0.0303340149965917,0.138036809815951,2935,1.56296296296296,8.17717206132879,2.60485887817078,5.91911764705882,1.66176470588235,136,0.00952718576017762,0.164945559286908,0.316176470588235,62,142,61,80,93,117,60,104,0.086230876216968,0.19749652294854,0.0848400556328234,0.111265646731572,0.129346314325452,0.162726008344924,0.0834492350486787,0.144645340751043,FALSE,FALSE
"L0313","La metamorfosis","la metamorfosis",11,"Media",21948,978,22.441717791411,4.57426644796792,1.99699289229087,11.3356538656344,5.4079754601227,16.7267860676826,64.1298743153086,59.9806250188678,59.3806379824784,21948,3728,0.169856023327866,80.8064365590357,0.829798895847065,123.335201326966,8.85476544860789,0.588251072961373,0.0408494741658841,0.795311201424695,0.696969655361761,-1.00872319057903,"normal",0.0502418545222232,0.156520945514283,0.0805421191932098,0.0382860271972255,0.0485990690882541,0.151866386784704,0.18280551245779,0.00392443187003742,0.0797207264762252,0.0301633658848225,0.0376927991238478,0.139636761887378,21948,1.30915032679739,21.140878439949,2.89520858164482,5.45837512537613,1.63289869608826,997,0.00531298201377064,0.200455060317674,0.296890672016048,454,876,426,679,490,938,407,1207,0.0828920942121599,0.1599415738543,0.0777798064633924,0.123972977907614,0.0894650356034325,0.171261639583714,0.0743107540624429,0.220376118312945,TRUE,FALSE
"L0316","La tía Julia y el escribidor","la tia julia y el escribidor",11,"Media",129064,5984,21.5681818181818,4.60807816277196,2.00915824707122,11.0581390557468,5.54428475935829,16.5296582245313,64.2909597211813,60.0962593892812,56.3194493922799,129064,18682,0.144749891526684,95.0056909983488,0.83957258891217,118.904613904327,9.98943394587032,0.579702387324698,0.0321351907017563,0.808553889082803,0.722828286744493,-0.962692185946136,"normal",0.0548657457706038,0.150884681049201,0.0448316001862486,0.0324615862176005,0.0462362253608567,0.156976563712556,0.205781468260127,0.00624708986496973,0.0728232189973615,0.0509157224895235,0.0374902995498991,0.140485798541052,129064,1.46478484229133,13.3732101902932,2.87394480057848,5.7735628342246,1.67028743315508,5984,0.0113193676675979,0.171464186877028,0.292446524064171,3239,4879,2764,4630,3588,4695,2616,6167,0.0994229234452698,0.149763644177052,0.0848425317699061,0.142120449383019,0.110135674381484,0.144115660875437,0.080299588679477,0.189299527288354,FALSE,FALSE
"L0317","Lagar","lagar",11,"Media",15008,1066,14.078799249531,4.33748667377399,1.855210554371,6.03896185824096,2.89024390243902,11.7922162488949,81.1669915032183,77.1765832131556,49.5857645897005,15008,4178,0.278384861407249,67.2166028860719,0.846702797266331,112.598085569715,9.27272245680184,0.718764959310675,0.0318406615869999,0.769365599304765,0.693549533838604,-1.06483457936262,"bastante facil",0.0575444913787134,0.131846825012118,0.039678692611315,0.0182120351776193,0.0718786787618586,0.130808115781456,0.199432172287238,0.00948687764005263,0.0602451353784364,0.126653278858805,0.0301225676892182,0.12409112942317,15008,1.60714285714286,10.7276119402985,2.57430495844081,4.75483304042179,0.682776801405975,1138,0.0102188160195502,0.146283454477631,0.210896309314587,298,500,200,408,374,447,254,588,0.0971000325839036,0.162919517758227,0.065167807103291,0.132942326490714,0.121863799283154,0.145650048875855,0.0827631150211795,0.191593352883675,FALSE,FALSE
"L0318","Las babas del diablo","las babas del diablo",11,"Media",13371,590,22.6627118644068,4.26452770922145,1.87510283449256,9.98728144263642,4.41016949152542,15.3746710741308,71.2178638287516,67.3533815467068,63.9009855621808,13371,3132,0.234238276867848,72.4037620161713,0.830386722558581,123.480760748127,8.90119136817298,0.643039591315453,0.0370240045672151,0.781354151028373,0.687498493068089,-1.00747156020623,"bastante facil",0.0525014979029359,0.147917914919113,0.0607399640503295,0.0289095266626723,0.0531755542240863,0.151662672258838,0.193154583582984,0.00456860395446375,0.0841072498502097,0.0405182744158179,0.0369982025164769,0.145745955662073,13371,1.32528263103803,7.4040834642136,2.86354745325092,5.87309644670051,1.79526226734349,591,-0.0163116890456404,0.178404020846941,0.309644670050761,347,521,297,469,338,545,283,476,0.105921855921856,0.159035409035409,0.0906593406593407,0.143162393162393,0.103174603174603,0.166361416361416,0.0863858363858364,0.145299145299145,FALSE,FALSE
"L0319","Las batallas en el desierto","las batallas en el desierto",11,"Media",11423,1038,11.004816955684,4.42108027663486,1.89906329335551,4.89569658079219,2.48554913294798,11.1108254743118,81.6712891038717,77.5185398682677,64.3103245334631,11423,3288,0.287840322157052,108.651063934452,0.858748465652883,99.2643372630413,9.27244474303753,0.684306569343066,0.0328472103099782,0.818786706523639,0.737877958318599,-1.00276570549734,"bastante facil",0.0499251562912741,0.149863520295853,0.0601391212468081,0.030994100554724,0.0368935458307652,0.143259663643568,0.202782424936163,0.00616359954213261,0.0847935194153386,0.0670951835872149,0.0319626661970591,0.1361274984591,11423,1.48965071151358,8.49163967434124,2.49773712084738,4.15028901734104,0.657996146435453,1038,-0.0175743746712996,0.303816918456448,0.283236994219653,402,458,351,552,325,535,235,605,0.116084319953797,0.132255269997112,0.101357204735778,0.159399364712677,0.0938492636442391,0.154490326306671,0.0678602367889113,0.174704013860814,FALSE,FALSE
"L0320","Las relaciones peligrosas","las relaciones peligrosas",11,"Media",129492,8334,15.5377969762419,4.29904550088036,1.86535075525901,6.58740279726746,3.19306455483561,12.4808797327907,79.0704017686925,75.0858509711217,64.2171616723565,129492,10432,0.0805609612949063,88.9726035588261,0.838450778636381,114.621709804381,9.20094933674805,0.50191717791411,0.0418547615838414,0.805059833285853,0.711351464144104,-1.09338378690571,"bastante facil",0.0504830020434702,0.136881540652672,0.0777602328317543,0.0475571242801412,0.0449176419592544,0.124705864140194,0.154932193943897,0.00359929407393647,0.122995231902904,0.018089355378042,0.0575964456003468,0.160482073193387,129492,0.965417450441325,15.9778210236926,2.5690996543161,5.01547690461908,1.48602279544091,8335,0.00758361322286943,0.218619666990742,0.289502099580084,3915,6360,3163,5411,4840,6217,2730,7139,0.0984286612193589,0.159899434318039,0.0795223130106851,0.136040226272784,0.121684475172847,0.156304211187932,0.0686360779384035,0.17948460087995,FALSE,FALSE
"L0321","Los dones previsibles","los dones previsibles",11,"Media",4040,269,15.0185873605948,4.41460396039604,1.88415841584158,6.87207833376274,3.41635687732342,12.5003183775627,78.4715359416983,74.4333433324745,56.6108913979744,4040,1516,0.375247524752475,76.0289111690296,0.839891890769476,125.150720517596,8.7030783032378,0.736807387862797,0.0327297096731485,0.784439989977458,0.702603400152252,-0.996611229062258,"bastante facil",0.0689308176100629,0.150440251572327,0.0352201257861635,0.0231446540880503,0.040251572327044,0.172578616352201,0.234465408805031,0.0349685534591195,0.0437735849056604,0.0752201257861635,0.0238993710691824,0.0971069182389937,4040,2.41450777202073,6.93069306930693,2.52001060164325,4.79487179487179,0.78021978021978,273,0.00861300381023863,0.191993940572168,0.26007326007326,92,138,61,132,123,159,83,147,0.0983957219251337,0.147593582887701,0.06524064171123,0.141176470588235,0.131550802139037,0.170053475935829,0.0887700534759358,0.157219251336898,FALSE,FALSE
"L0323","Los pasos perdidos","los pasos perdidos",11,"Media",94595,3585,26.3863319386332,4.63118558063323,1.98696548443364,13.5760500540991,6.75509065550907,18.1468621723839,60.7080123565759,56.6607183811512,58.9394774781049,94595,15871,0.167778423806755,86.4305180476419,0.820854066865411,154.005978863475,9.87941085055973,0.578413458509231,0.0313120731248111,0.793128212721845,0.713269133085051,-0.921854126136028,"normal",0.0646721927567991,0.18851166089709,0.0437323339791025,0.0244862959316543,0.0274504822095891,0.168185812134108,0.228676384963106,0.00380051026349499,0.0597706990186426,0.0273128592752565,0.0366923915690073,0.126708377002149,94595,1.80474559278135,17.3370685554205,2.82572627785347,6.57043235704324,2.24769874476987,3585,-0.0102988733913952,0.18552358915205,0.374058577405858,2435,3638,2028,3530,2528,3654,2117,3367,0.104519895265485,0.156157445164613,0.0870498347426707,0.151521655148732,0.108511825556939,0.15684422887067,0.0908700691076104,0.14452504614328,FALSE,FALSE
"L0324","Los siete locos","los siete locos",11,"Media",81810,5366,15.2459932910921,4.54361325021391,1.9692947072485,7.59341505405355,3.70909429742825,13.5936149290582,73.1314044081759,68.9019464473262,57.9430044411501,81810,11624,0.142085319643075,83.6694614622817,0.841767954507509,114.788884258593,9.61781342664036,0.569167240192705,0.0351119695013293,0.79782047675528,0.705019642398262,-0.998616275888243,"bastante facil",0.0554704259883543,0.143683726631934,0.0561569108182654,0.0340913269996935,0.0387863928899785,0.160784554091327,0.199840637450199,0.00538155072019614,0.0923444682807233,0.0300827459393196,0.0385779957094698,0.144799264480539,81810,1.38012190992211,14.313653587581,2.63308740810507,4.83084947839046,1.11847988077496,5368,-0.00759999076201965,0.261683050354185,0.329545454545455,3041,3211,2365,3877,2136,4107,1955,3152,0.127537325952021,0.134667002180842,0.0991863781244758,0.162598557289045,0.089582284851535,0.17224458983392,0.0819912766314377,0.132192585136722,FALSE,FALSE
"L0325","Los vagabundos del Dharma","los vagabundos del dharma",11,"Media",79017,4306,18.3504412447747,4.41702418466912,1.91990331194553,8.54940453217893,3.93172317696238,14.2215311664194,72.9283512135979,68.8745824210187,61.7299432913097,79017,9901,0.125302150170217,84.2063790520263,0.83788132316839,124.417410491714,9.54153127252375,0.540753459246541,0.0376043863230312,0.793862830513538,0.710028257178365,-0.976324483127903,"bastante facil",0.0627582086516583,0.152884945402774,0.0615251630289702,0.0297329248604879,0.064334473159012,0.145016334676548,0.19241867619205,0.00573302655497222,0.0716310524107949,0.0438811699950424,0.0324532523167275,0.137630772750963,79017,1.39807887688187,8.23873343710847,2.75330933037089,5.18979118329466,1.22761020881671,4310,0.0174310233055822,0.229853767726598,0.246867749419954,1721,3322,1454,2383,2714,2768,1643,3228,0.0894816201320647,0.172723964020174,0.0755992304892632,0.12390162741122,0.141111631050798,0.143919305360578,0.0854260905734935,0.167836530962408,FALSE,FALSE
"L0326","Naciste pintada","naciste pintada",11,"Media",71288,6973,10.2234332425068,4.28419930423073,1.86443721243407,3.86029534418013,2.00501936039008,10.3974980712997,84.5458653465988,80.4571284228506,65.5289139857426,71288,11769,0.165090898889014,72.6525089455226,0.850086770593482,107.243317220639,9.78220185758056,0.606933469283711,0.0332152071127639,0.784240093207282,0.696188175139434,-0.994839686444354,"muy facil",0.0563707110010612,0.13938450654404,0.0545596038203042,0.0362221436151397,0.0441032897064025,0.153717721966749,0.201839405730456,0.0043579766536965,0.0868340997523877,0.0376087725504068,0.0401839405730456,0.144817828086311,71288,1.39374694675134,11.7972169229043,2.49633118801107,3.97861420017109,0.670373538637012,7014,-0.0104102018358654,0.271594058012768,0.238950670088395,1846,2388,1453,2741,1678,3032,1263,2542,0.1089535501387,0.14094316236794,0.0857581302012631,0.161777725314289,0.0990379507761317,0.178952959924453,0.0745440594935962,0.150032461783627,FALSE,FALSE
"L0327","Poesía completa","poesia completa",11,"Media",28208,1996,14.1322645290581,4.32898468519569,1.85940158820193,6.02565013180075,2.874749498998,11.8625219071154,80.860994888245,76.8620165259617,66.8531647903747,28208,5591,0.198206182643222,60.2550386383342,0.836687734061352,123.510593173988,9.25516481368438,0.640672509390091,0.035488711455137,0.760311090592687,0.678740261126299,-1.0045437400213,"bastante facil",0.0663225347098612,0.152118191527234,0.0486650053399786,0.0278034887860449,0.0358490566037736,0.170950516197935,0.229761480954076,0.00359558561765753,0.0715557137771449,0.0321466714133143,0.0314702741189035,0.129761480954076,28208,1.77064471879287,10.8834373227453,2.59806203029031,4.67149276085871,0.968047928107838,2003,-0.0112559191685296,0.270579136637118,0.338492261607589,1059,1264,779,1455,1210,1830,812,1012,0.112408449209213,0.134168347309203,0.0826876127799597,0.15444220358773,0.128436471712132,0.194246895234052,0.086190425644836,0.107419594522874,FALSE,FALSE
"L0328","Poesías completas","poesias completas",11,"Media",3288,197,16.6903553299492,4.41575425790754,1.90754257907543,7.71338021971914,3.39086294416244,13.4282410117702,75.3632828189262,71.3047419936517,64.693746008262,3288,1235,0.375608272506083,62.6488233670217,0.863776446623256,92.9835544426093,8.65539587730037,0.74251012145749,0.0343820362412867,0.764186477307811,0.687914706804655,-0.963399805293439,"bastante facil",0.063908613769682,0.124421117628898,0.0555727076258104,0.0355047854276011,0.0416795307193578,0.162704538437789,0.186168570546465,0.00463105896881754,0.0710095708552022,0.0926211793763507,0.0358135226921889,0.125964803951837,3288,1.47794117647059,11.5571776155718,2.73748789150791,4.865,1.165,200,-0.00850552481436718,0.232729887431638,0.29,64,141,51,133,119,151,68,130,0.0746791131855309,0.164527421236873,0.05950991831972,0.155192532088681,0.138856476079347,0.176196032672112,0.0793465577596266,0.15169194865811,FALSE,FALSE
"L0329","Primer amor","primer amor",11,"Media",23176,1856,12.4870689655172,4.34691059716949,1.91193476009665,5.2874833954269,2.609375,11.8407870656922,79.3871040493733,75.2343954804614,63.3550936258832,23176,4357,0.187996202968588,87.2169699911025,0.849486102742545,103.425637665236,9.15201463445334,0.608905210006885,0.0380952895957212,0.806462576209584,0.714565584781336,-0.990931749805826,"bastante facil",0.0540751670861904,0.14000520788126,0.0671816682579637,0.0317680756878743,0.0493446749414113,0.142652547521917,0.177675548997483,0.00438330006075861,0.108367329224894,0.0263865983855568,0.0328530509504383,0.165306831004253,23176,1.07482278813337,12.5560925094926,2.51613508442777,4.34248788368336,0.856219709208401,1857,0.00862190504265086,0.220653235189928,0.27571351642434,574,1022,436,855,831,1011,613,1041,0.0899263669121103,0.160112799624001,0.0683064389785367,0.133949553501488,0.13018956603478,0.158389472035093,0.0960363465455115,0.163089456368479,FALSE,FALSE
"L0330","Qué vergüenza","que verguenza",11,"Media",4670,363,12.8650137741047,4.4254817987152,1.93683083511777,5.84652615900095,2.68044077134986,12.2819592262905,77.5078358433468,73.3054251980581,66.8844309519975,4670,1455,0.311563169164882,95.5209599306854,0.848095964795744,102.509525927488,8.57860980819137,0.681099656357388,0.0376157279797294,0.815247781865451,0.719011157295989,-1.02274907786751,"bastante facil",0.0547327752736639,0.119338913930028,0.0631036703155183,0.0382056235243615,0.0525863919295986,0.143593045717965,0.17729126421979,0.0025756600128783,0.0998068254990341,0.0253273234599699,0.0463618802318094,0.177076625885383,4670,1.00121212121212,8.77944325481799,2.40352913861156,4.57851239669422,1.10192837465565,363,-0.0138433880977261,0.24575664895849,0.300275482093664,139,214,95,171,161,228,141,257,0.0988620199146515,0.152204836415363,0.0675675675675676,0.121621621621622,0.114509246088193,0.162162162162162,0.100284495021337,0.182788051209104,FALSE,FALSE
"L0331","Recado confidencial a los chilenos","recado confidencial a los chilenos",11,"Media",13886,1274,10.8995290423862,4.5763358778626,1.92099956791013,5.57430650592592,2.74568288854003,11.3286112278701,80.4625063021586,76.257197876813,58.3971943779669,13886,4081,0.293893129770992,78.0023361738208,0.849835468583949,115.949509979712,9.43922803709794,0.704239157069346,0.0309895841746031,0.781306641613078,0.702846159425511,-0.950734244487585,"bastante facil",0.0613524406627855,0.156889087923571,0.0400059710404538,0.0264964920137334,0.0403045230631438,0.174205105239588,0.220182116733841,0.00395581430064189,0.0619495447081654,0.0684430512016719,0.0300044782803403,0.116211374832064,13886,1.8946692357097,26.5015123145614,2.59492667459374,4.27691107644306,0.585803432137285,1282,0.0518822367401965,0.202526527731302,0.108424336973479,185,412,118,236,309,256,195,516,0.0830713964975303,0.185002245172878,0.0529860799281545,0.105972159856309,0.138751683879659,0.114952851369555,0.0875617422541536,0.23170184104176,FALSE,FALSE
"L0332","Reducciones","reducciones",11,"Media",18977,1119,16.9588918677391,4.45871317911156,1.89102597881646,8.04998500748496,3.90169794459339,13.3380743784525,76.0803715659184,72.0651896519954,64.59998736662,18977,5068,0.267060125414976,68.466818312639,0.827010269339386,140.630072826432,9.42495549270625,0.664759273875296,0.031327307746953,0.767945900253579,0.687483843627472,-0.941740491929836,"bastante facil",0.0552761158468788,0.159315931593159,0.037591994493567,0.0176311748821941,0.0464340551702229,0.179435590617885,0.247207073648541,0.0040239318049452,0.0446868216233388,0.0728543442579552,0.0233493937629057,0.112193572298406,18977,2.2033978291647,7.37735153080044,2.98493756649308,5.30899376669635,0.901157613535174,1123,0.00260268117062061,0.174573672868909,0.292965271593945,623,773,502,839,677,780,432,751,0.115863864608518,0.143760461223731,0.0933606100055793,0.156034963734424,0.125906639389994,0.145062302399107,0.0803421982518133,0.139668960386833,FALSE,FALSE
"L0333","Residencia en la Tierra","residencia en la tierra",11,"Media",26522,1258,21.0826709062003,4.67027373501244,2.00769172762235,11.1083247450088,5.41017488076312,16.3230040393619,64.8741720183346,60.6731344629272,54.9418272229725,26522,5697,0.214802805218309,69.2362097192508,0.832982360226916,135.952173676954,9.44475076179176,0.598736176935229,0.0341348154606966,0.767020738110495,0.690753131741264,-0.907210054651314,"normal",0.0920142846288276,0.171149608692349,0.0379530430818327,0.0149684674416838,0.054023250512879,0.167350505280754,0.26650710432338,0.00360914824101512,0.0378770610136008,0.0278474280069903,0.0237064052883519,0.102993693488337,26522,2.58760604942826,22.0571600935073,2.95801707779886,5.42313432835821,1.08507462686567,1340,-0.0374439836743418,0.163938018322629,0.437313432835821,970,1137,740,1326,689,1719,580,1043,0.118235007313506,0.138590931253047,0.0901999024865919,0.161628473915163,0.0839834227206241,0.209531935641151,0.0706972208678693,0.127133105802048,FALSE,FALSE
"L0334","Rosaura a las diez","rosaura a las diez",11,"Media",84783,6632,12.7839264173703,4.34956300201691,1.91219937959261,5.44840494818483,2.66571170084439,11.9596839819672,79.0684322787259,74.9210522340103,62.9469428011838,84783,11240,0.132573747095526,69.3677466961591,0.844874134677141,109.131977819524,9.50355125489985,0.57864768683274,0.0361303627905765,0.781798097575885,0.691063010722257,-1.04857617437885,"bastante facil",0.0479325534031166,0.137071946194288,0.0640482167385023,0.032337896082982,0.0488087907924028,0.139913797186568,0.175756642826694,0.0046890541372614,0.111246625301947,0.042012030502534,0.0456117084260882,0.150570738407616,84783,1.16726958162944,11.924560348183,2.68702016583069,4.38978454120838,0.95118276329667,6637,0.00664148352472216,0.26438880554691,0.252373060117523,2113,2859,1913,3067,1835,3422,1592,3145,0.105936027273639,0.143337009926802,0.0959089541762759,0.15376516594806,0.0919983956683044,0.171563220695879,0.0798155018550085,0.157675724456031,FALSE,FALSE
"L0335","Sensatez y sentimientos","sensatez y sentimientos",11,"Media",123950,6894,17.9794023788802,4.56237999193223,1.97244050020169,9.0485109514409,4.30127647229475,14.6967648301433,70.1545795614406,65.9725544585543,59.5446541628253,123950,10459,0.0843807987091569,95.8351583174214,0.848770993108582,106.426453040555,9.33208256871289,0.510851897886987,0.0413919947576304,0.815045399149499,0.721699057738759,-1.11037660172286,"bastante facil",0.0585052609444629,0.150881137431559,0.0720923273512499,0.0486546377995422,0.0440932655058352,0.13504573503603,0.165260782712076,0.00490913649340461,0.0937992834439978,0.0393297047239318,0.0463739516526887,0.141054776905222,123950,1.17160713261854,21.0084711577249,2.69589988895533,5.26630907509423,1.57857349956509,6898,0.0409973187243896,0.214384315081306,0.222528269063497,2401,5860,2193,3474,4946,4854,2663,6964,0.0719832109129066,0.175685804227252,0.0657472642782192,0.104152301004347,0.148283615649828,0.145525408484485,0.0798381052315995,0.208784290211363,FALSE,FALSE
"L0337","Tlön, Uqbar, Orbis Terti","tlon uqbar orbis terti",11,"Media",5749,351,16.3789173789174,4.77839624282484,2.05287876152374,9.26570499316368,4.80626780626781,15.021747163758,66.9607785820797,62.5617357781534,52.0642261098924,5749,2021,0.351539398156201,76.9122972972973,0.822678588719599,148.54678682803,8.79293803810121,0.720435428005938,0.0321217512101546,0.781536842105289,0.700012389380516,-1.04857734693486,"normal",0.0805181165762296,0.146683003675827,0.0414843339751444,0.0362331524593033,0.0402590582881148,0.183966392438299,0.215298442149484,0.0122527568702958,0.0439348853492036,0.0575879572903903,0.0353579555399965,0.106423945387712,5749,2.02302631578947,23.1344581666377,2.58351851851852,5.13390313390313,0.871794871794872,351,0.00598593278582482,0.133637629258297,0.307692307692308,119,144,102,137,86,171,99,245,0.107887579329102,0.130553037171351,0.0924750679963735,0.124206708975521,0.0779691749773345,0.155031731640979,0.0897552130553037,0.222121486854034,FALSE,FALSE
"L0338","Todos los fuegos el fuego","todos los fuegos el fuego",11,"Media",51969,1985,26.1808564231738,4.28572803017183,1.88108295329908,11.8462072336962,5.2352644836272,16.817312853967,67.2705492504178,63.4626755862934,63.8839079260605,51969,7539,0.14506725163078,76.8121146716306,0.827971893958017,126.899060881022,9.25090191001433,0.579387186629526,0.0377021937521974,0.790130585516091,0.694858106805451,-0.993955017261688,"normal",0.043825315723513,0.148925093994023,0.0625469970114721,0.0337607249590282,0.0504386387737395,0.151778656126482,0.182627976477393,0.00580352839101514,0.0909476525595296,0.0360744239853466,0.0442302130531187,0.149040778945339,51969,1.22535575679172,8.58203929265524,2.83336667733675,6.33047858942065,2.28765743073048,1985,-0.0159082464212482,0.18054247422938,0.405541561712846,1364,1893,962,1818,1195,2042,989,2016,0.111083964492222,0.154165648668458,0.0783451421125499,0.148057659418519,0.0973206287156935,0.16630018731167,0.0805440182425279,0.164182751038358,FALSE,FALSE
"L0339","Tokio blues","tokio blues",11,"Media",114568,11217,10.2137826513328,4.37041756860554,1.91831052300817,4.26155807379851,2.13934207007221,11.0294394055162,81.3233103151504,77.1104717652582,66.5531356716025,114568,11919,0.104034285315271,92.2422193181427,0.857773825326394,97.7010588921824,9.65667120004372,0.514892188942025,0.0384003608269549,0.809544442407049,0.719036595060699,-1.02661667847602,"bastante facil",0.0489890590809628,0.133925601750547,0.0666695842450766,0.0399824945295405,0.042144420131291,0.138958424507659,0.18180306345733,0.00743107221006565,0.106573304157549,0.0306083150984683,0.0356061269146608,0.167308533916849,114568,1.08663353387392,10.2297325605754,2.32796988989299,4.00311998573721,0.733374933143163,11218,0.0135050863934356,0.243895561006399,0.214833303619183,1938,3819,1803,2768,2722,4152,1787,4055,0.0840999826419025,0.165726436382572,0.0782416247179309,0.120118035063357,0.118121853844819,0.180177052595036,0.0775473008158306,0.175967713938552,FALSE,FALSE
"L0341","La Metamorfosis","la metamorfosis",11,"Media",18973,1036,18.3137065637066,4.53296790175513,1.96437042112476,9.07713209911992,4.36776061776062,14.7319165291177,70.2977940375339,66.1410162002211,59.4358164477259,18973,3601,0.189796025931587,83.0888980683485,0.828762298244504,123.283876407891,8.8743590927288,0.61066370452652,0.03943258833415,0.799694567744637,0.702218925505953,-0.985397168040483,"bastante facil",0.0492600422832981,0.155708245243129,0.0743128964059197,0.0375792811839323,0.0445031712473573,0.150105708245243,0.185095137420719,0.00428118393234672,0.0819238900634249,0.0201902748414376,0.0403805496828753,0.156659619450317,18973,1.18151147098516,16.6025404522216,2.70797792272955,5.18629343629344,1.68339768339768,1036,-0.0011633137466152,0.217368426405358,0.317567567567568,401,731,368,640,427,911,346,970,0.0836462244472257,0.152482269503546,0.0767626199415937,0.133500208594076,0.08906967042136,0.19002920317063,0.0721735502711723,0.202336253650396,TRUE,TRUE
"L0342","La Metamorfosis","la metamorfosis",12,"Media",18973,1036,18.3137065637066,4.53296790175513,1.96437042112476,9.07713209911992,4.36776061776062,14.7319165291177,70.2977940375339,66.1410162002211,59.4358164477259,18973,3601,0.189796025931587,83.0888980683485,0.828762298244504,123.283876407891,8.8743590927288,0.61066370452652,0.03943258833415,0.799694567744637,0.702218925505953,-0.985397168040483,"bastante facil",0.0492600422832981,0.155708245243129,0.0743128964059197,0.0375792811839323,0.0445031712473573,0.150105708245243,0.185095137420719,0.00428118393234672,0.0819238900634249,0.0201902748414376,0.0403805496828753,0.156659619450317,18973,1.18151147098516,16.6025404522216,2.70797792272955,5.18629343629344,1.68339768339768,1036,-0.0011633137466152,0.217368426405358,0.317567567567568,401,731,368,640,427,911,346,970,0.0836462244472257,0.152482269503546,0.0767626199415937,0.133500208594076,0.08906967042136,0.19002920317063,0.0721735502711723,0.202336253650396,TRUE,TRUE
"L0343","La noche boca arriba","la noche boca arriba",11,"Media",3264,182,17.9340659340659,4.32751225490196,1.91053921568627,7.9196156876212,3.7032967032967,13.9486484593838,73.9148998060763,69.8743409286792,65.6156109592018,3264,1097,0.33609068627451,79.9586922318186,0.814843235090735,140.732380574779,8.20583721608175,0.699179580674567,0.0383546607776772,0.791838258164868,0.70078041074252,-1.04530615867868,"bastante facil",0.0597792765174739,0.153893316983446,0.0545677498467198,0.0315757204169221,0.0441446965052115,0.175965665236052,0.219497240956468,0.00429184549356223,0.0775597792765175,0.00735744941753525,0.029429797670141,0.141937461679951,3264,1.54643628509719,9.49754901960784,2.56878650227125,5.42307692307692,1.35164835164835,182,-0.040336453527962,0.171089681190046,0.401098901098901,145,125,90,184,88,173,109,113,0.141187925998053,0.121713729308666,0.0876338851022395,0.179162609542356,0.0856864654333009,0.168451801363194,0.106134371957157,0.110029211295034,TRUE,TRUE
"L0344","La noche boca arriba","la noche boca arriba",12,"Media",3264,182,17.9340659340659,4.32751225490196,1.91053921568627,7.9196156876212,3.7032967032967,13.9486484593838,73.9148998060763,69.8743409286792,65.6156109592018,3264,1097,0.33609068627451,79.9586922318186,0.814843235090735,140.732380574779,8.20583721608175,0.699179580674567,0.0383546607776772,0.791838258164868,0.70078041074252,-1.04530615867868,"bastante facil",0.0597792765174739,0.153893316983446,0.0545677498467198,0.0315757204169221,0.0441446965052115,0.175965665236052,0.219497240956468,0.00429184549356223,0.0775597792765175,0.00735744941753525,0.029429797670141,0.141937461679951,3264,1.54643628509719,9.49754901960784,2.56878650227125,5.42307692307692,1.35164835164835,182,-0.040336453527962,0.171089681190046,0.401098901098901,145,125,90,184,88,173,109,113,0.141187925998053,0.121713729308666,0.0876338851022395,0.179162609542356,0.0856864654333009,0.168451801363194,0.106134371957157,0.110029211295034,TRUE,TRUE
"L0345","Pantaleón y las visitadoras","pantaleon y las visitadoras",11,"Media",83485,4185,19.9486260454002,4.66940168892615,2.01252919686171,10.5371949775423,5.30848267622461,15.9378086806743,65.7406496219891,61.5058049901151,54.6342601706537,83485,13553,0.162340540216805,92.9750571780162,0.841881733366554,120.215002550542,9.88113773566453,0.60274477975356,0.0325970408722674,0.80770698499438,0.723567985033473,-0.973328860836476,"normal",0.0544681157852997,0.147351092846929,0.0489768453432344,0.0296192158417745,0.0401691839996155,0.158886365547986,0.211492015428427,0.00665681362123451,0.07008879756798,0.0707376566574144,0.0332480203789818,0.128305876981123,83485,1.64834238621465,16.7455231478709,2.87864267429984,5.38281803162615,1.30611281567147,4237,0.0207902272436356,0.200017616191734,0.242152466367713,2070,2726,1807,3011,2026,2934,1406,4551,0.100823145487312,0.132774828308412,0.0880132482587307,0.146656275875505,0.0986800448102869,0.142905849690712,0.0684818079976621,0.22166479957138,TRUE,TRUE
"L0346","Pantaleón y las visitadoras","pantaleon y las visitadoras",12,"Media",83485,4185,19.9486260454002,4.66940168892615,2.01252919686171,10.5371949775423,5.30848267622461,15.9378086806743,65.7406496219891,61.5058049901151,54.6342601706537,83485,13553,0.162340540216805,92.9750571780162,0.841881733366554,120.215002550542,9.88113773566453,0.60274477975356,0.0325970408722674,0.80770698499438,0.723567985033473,-0.973328860836476,"normal",0.0544681157852997,0.147351092846929,0.0489768453432344,0.0296192158417745,0.0401691839996155,0.158886365547986,0.211492015428427,0.00665681362123451,0.07008879756798,0.0707376566574144,0.0332480203789818,0.128305876981123,83485,1.64834238621465,16.7455231478709,2.87864267429984,5.38281803162615,1.30611281567147,4237,0.0207902272436356,0.200017616191734,0.242152466367713,2070,2726,1807,3011,2026,2934,1406,4551,0.100823145487312,0.132774828308412,0.0880132482587307,0.146656275875505,0.0986800448102869,0.142905849690712,0.0684818079976621,0.22166479957138,TRUE,TRUE
"L0347","Un mundo feliz","un mundo feliz",11,"Media",67214,5906,11.3806298679309,4.72007319903592,2.02695866932484,6.49185970142462,2.99221131053166,12.7665579465262,73.6142373752199,69.1748450331314,55.4852901381906,67214,10274,0.152855059957747,81.4141446526666,0.849776728206804,111.849029846724,9.77622173323011,0.556550515865291,0.0350028885467926,0.794980719124421,0.708178648588259,-0.937269784212663,"bastante facil",0.0687654726041698,0.150669609568408,0.0597130670802637,0.0315864825364632,0.0435171652697826,0.155486622721985,0.198183553553852,0.00984281325498852,0.0681092850538372,0.0531362782235213,0.0264264622543025,0.134563187878426,67214,1.47279175440541,17.5707441901985,2.47840553235908,4.1725768321513,0.683721715636609,5922,-0.0156276245433169,0.343382040732412,0.286220871327254,2311,2599,1812,2986,2219,2911,1591,3018,0.118835810150666,0.133645292333008,0.0931763253972335,0.153545534015529,0.114105003342418,0.149688898030545,0.0818121046948115,0.15519103203579,TRUE,TRUE
"L0348","Un mundo feliz","un mundo feliz",12,"Media",67214,5906,11.3806298679309,4.72007319903592,2.02695866932484,6.49185970142462,2.99221131053166,12.7665579465262,73.6142373752199,69.1748450331314,55.4852901381906,67214,10274,0.152855059957747,81.4141446526666,0.849776728206804,111.849029846724,9.77622173323011,0.556550515865291,0.0350028885467926,0.794980719124421,0.708178648588259,-0.937269784212663,"bastante facil",0.0687654726041698,0.150669609568408,0.0597130670802637,0.0315864825364632,0.0435171652697826,0.155486622721985,0.198183553553852,0.00984281325498852,0.0681092850538372,0.0531362782235213,0.0264264622543025,0.134563187878426,67214,1.47279175440541,17.5707441901985,2.47840553235908,4.1725768321513,0.683721715636609,5922,-0.0156276245433169,0.343382040732412,0.286220871327254,2311,2599,1812,2986,2219,2911,1591,3018,0.118835810150666,0.133645292333008,0.0931763253972335,0.153545534015529,0.114105003342418,0.149688898030545,0.0818121046948115,0.15519103203579,TRUE,TRUE
"L0349","¿Es lógico? Análisis y evaluación de argumentos","es logico analisis y evaluacion de argumentos",11,"Media",82470,4490,18.3674832962138,4.97521522978053,2.10785740269189,11.1870053803732,5.76236080178174,16.4460358372877,61.6337228763486,57.1480005160816,44.2164224214112,82470,9294,0.112695525645689,55.2350347429555,0.823100672508148,138.993809257873,9.40796798392091,0.440822035721971,0.0392260921844458,0.746501013091318,0.641823457284706,-0.910565875442734,"normal",0.074835264434265,0.157362271268648,0.0381035200744678,0.0422433432133846,0.0349680327266492,0.170136932611518,0.224897729221272,0.00498493496313353,0.0478896700389486,0.0518825172084364,0.0421576072312177,0.110538177008059,82470,2.03457063711911,45.7378440645083,2.67563098457949,5.2409948542024,1.28430531732419,4664,0.021058098356365,0.171360937571771,0.220197255574614,3171,2361,1368,2433,1095,2111,904,4616,0.175591118002104,0.130738136109419,0.0757517027520904,0.134725067833213,0.0606345866327039,0.116894623179578,0.0500581427543053,0.255606622736586,TRUE,TRUE
"L0350","¿Es lógico? Análisis y evaluación de argumentos","es logico analisis y evaluacion de argumentos",12,"Media",82470,4490,18.3674832962138,4.97521522978053,2.10785740269189,11.1870053803732,5.76236080178174,16.4460358372877,61.6337228763486,57.1480005160816,44.2164224214112,82470,9294,0.112695525645689,55.2350347429555,0.823100672508148,138.993809257873,9.40796798392091,0.440822035721971,0.0392260921844458,0.746501013091318,0.641823457284706,-0.910565875442734,"normal",0.074835264434265,0.157362271268648,0.0381035200744678,0.0422433432133846,0.0349680327266492,0.170136932611518,0.224897729221272,0.00498493496313353,0.0478896700389486,0.0518825172084364,0.0421576072312177,0.110538177008059,82470,2.03457063711911,45.7378440645083,2.67563098457949,5.2409948542024,1.28430531732419,4664,0.021058098356365,0.171360937571771,0.220197255574614,3171,2361,1368,2433,1095,2111,904,4616,0.175591118002104,0.130738136109419,0.0757517027520904,0.134725067833213,0.0606345866327039,0.116894623179578,0.0500581427543053,0.255606622736586,TRUE,TRUE
"L0353","El problema de los géneros discursivos","el problema de los generos discursivos",11,"Media",19515,706,27.6416430594901,5.1419933384576,2.19036638483218,16.6096101538803,9.39943342776204,21.0365641342209,47.2235409893893,42.7335311654651,45.5522820822936,19515,2760,0.141429669485012,53.4920647840199,0.804670044834798,164.725046114104,8.43138360378636,0.531159420289855,0.0461480614402027,0.742712421658285,0.641640399670362,-1.01032423063365,"algo dificil",0.108453608247423,0.172835051546392,0.0507731958762887,0.0288659793814433,0.0452577319587629,0.192989690721649,0.243453608247423,0.00123711340206186,0.0454639175257732,0.00742268041237113,0.0219072164948454,0.081340206185567,19515,2.99302915082383,56.5206251601332,2.93689526847422,6.08413793103448,1.00965517241379,725,0.0659710585203579,0.138864669351222,0.107586206896552,215,505,146,310,319,379,177,1128,0.0676313306071092,0.158854985844605,0.0459263919471532,0.0975149418055992,0.100346020761246,0.119219880465555,0.0556778861277131,0.354828562441019,TRUE,TRUE
"L0354","El problema de los géneros discursivos","el problema de los generos discursivos",12,"Media",19515,706,27.6416430594901,5.1419933384576,2.19036638483218,16.6096101538803,9.39943342776204,21.0365641342209,47.2235409893893,42.7335311654651,45.5522820822936,19515,2760,0.141429669485012,53.4920647840199,0.804670044834798,164.725046114104,8.43138360378636,0.531159420289855,0.0461480614402027,0.742712421658285,0.641640399670362,-1.01032423063365,"algo dificil",0.108453608247423,0.172835051546392,0.0507731958762887,0.0288659793814433,0.0452577319587629,0.192989690721649,0.243453608247423,0.00123711340206186,0.0454639175257732,0.00742268041237113,0.0219072164948454,0.081340206185567,19515,2.99302915082383,56.5206251601332,2.93689526847422,6.08413793103448,1.00965517241379,725,0.0659710585203579,0.138864669351222,0.107586206896552,215,505,146,310,319,379,177,1128,0.0676313306071092,0.158854985844605,0.0459263919471532,0.0975149418055992,0.100346020761246,0.119219880465555,0.0556778861277131,0.354828562441019,TRUE,TRUE
"L0355","Las consignas de enseñanza de la lengua. Un análisis desde el interaccionismo socio-discursivo","las consignas de ensenanza de la lengua un analisis desde el interaccionismo socio discursivo",11,"Media",7112,383,18.5691906005222,5.04471316085489,2.12584364454443,11.6151942878876,5.96605744125326,16.736939339828,60.3488069148015,55.8257503443597,43.3718900549497,7112,1726,0.242688413948256,54.5175142060258,0.804466522717723,170.774359405862,8.38695995048945,0.599073001158749,0.0414447749074136,0.742486195667563,0.651591330386429,-0.981140947930755,"normal",0.0742784380305603,0.178692699490662,0.0299943406904358,0.029003961516695,0.0287209960384833,0.178692699490662,0.241935483870968,0.00311262026032824,0.0543293718166384,0.0387662705149972,0.033106960950764,0.109366157328806,7112,2.21216041397154,54.6962879640045,2.73752228163993,5.19794344473008,1.18508997429306,389,0.0749550489433269,0.129759257123506,0.06426735218509,90,206,80,139,150,153,72,382,0.0707547169811321,0.161949685534591,0.0628930817610063,0.109276729559748,0.117924528301887,0.120283018867925,0.0566037735849057,0.300314465408805,TRUE,TRUE
"L0356","Las consignas de enseñanza de la lengua. Un análisis desde el interaccionismo socio-discursivo","las consignas de ensenanza de la lengua un analisis desde el interaccionismo socio discursivo",12,"Media",7112,383,18.5691906005222,5.04471316085489,2.12584364454443,11.6151942878876,5.96605744125326,16.736939339828,60.3488069148015,55.8257503443597,43.3718900549497,7112,1726,0.242688413948256,54.5175142060258,0.804466522717723,170.774359405862,8.38695995048945,0.599073001158749,0.0414447749074136,0.742486195667563,0.651591330386429,-0.981140947930755,"normal",0.0742784380305603,0.178692699490662,0.0299943406904358,0.029003961516695,0.0287209960384833,0.178692699490662,0.241935483870968,0.00311262026032824,0.0543293718166384,0.0387662705149972,0.033106960950764,0.109366157328806,7112,2.21216041397154,54.6962879640045,2.73752228163993,5.19794344473008,1.18508997429306,389,0.0749550489433269,0.129759257123506,0.06426735218509,90,206,80,139,150,153,72,382,0.0707547169811321,0.161949685534591,0.0628930817610063,0.109276729559748,0.117924528301887,0.120283018867925,0.0566037735849057,0.300314465408805,TRUE,TRUE
"L0357","Pensamiento y lenguaje. Teoría del desarrollo cultural de las funciones psíquicas","pensamiento y lenguaje teoria del desarrollo cultural de las funciones psiquicas",11,"Media",68584,2787,24.6085396483674,5.10751778840546,2.14567537618103,14.9306786075734,8.13132400430571,19.3262999017995,52.9987669878032,48.5508844155542,44.427102044067,68584,7072,0.103114429021346,63.4036943058559,0.808903123512159,159.996702862533,8.9983219522534,0.497596153846154,0.0421855745901491,0.76421799080757,0.667334452799873,-0.993995750144921,"algo dificil",0.089746029422528,0.168367122886628,0.0469735782770987,0.0330381321818049,0.0363902510429627,0.189738710385713,0.234458025323867,0.00402547024811535,0.0461099319329576,0.0182390397423699,0.0326429041938081,0.100270804362146,68584,2.33824817518248,52.3883121427738,2.72507750288736,6.08377706780263,1.43911963081292,2817,0.0533719687651456,0.122078698019627,0.152289669861555,777,3120,1024,1276,1419,1151,791,3509,0.0594627688069182,0.238769419147471,0.0783653478227596,0.0976505701385169,0.108594168516109,0.0880844876406214,0.0605341700466825,0.268539067880921,TRUE,TRUE
"L0358","Pensamiento y lenguaje. Teoría del desarrollo cultural de las funciones psíquicas","pensamiento y lenguaje teoria del desarrollo cultural de las funciones psiquicas",12,"Media",68584,2787,24.6085396483674,5.10751778840546,2.14567537618103,14.9306786075734,8.13132400430571,19.3262999017995,52.9987669878032,48.5508844155542,44.427102044067,68584,7072,0.103114429021346,63.4036943058559,0.808903123512159,159.996702862533,8.9983219522534,0.497596153846154,0.0421855745901491,0.76421799080757,0.667334452799873,-0.993995750144921,"algo dificil",0.089746029422528,0.168367122886628,0.0469735782770987,0.0330381321818049,0.0363902510429627,0.189738710385713,0.234458025323867,0.00402547024811535,0.0461099319329576,0.0182390397423699,0.0326429041938081,0.100270804362146,68584,2.33824817518248,52.3883121427738,2.72507750288736,6.08377706780263,1.43911963081292,2817,0.0533719687651456,0.122078698019627,0.152289669861555,777,3120,1024,1276,1419,1151,791,3509,0.0594627688069182,0.238769419147471,0.0783653478227596,0.0976505701385169,0.108594168516109,0.0880844876406214,0.0605341700466825,0.268539067880921,TRUE,TRUE
"L0359","¡Judy Moody es doctora!","judy moody es doctora",4,"Basica inicial",13283,1848,7.18777056277056,4.33463825942935,1.86358503350147,2.5800314832975,1.35768398268398,9.20353391479784,87.6933720158859,83.545881850088,75.2566417839335,13283,2799,0.210720469773395,81.6574655295669,0.865191562787186,90.6704447473357,9.07783168989099,0.569489103251161,0.0397782805575833,0.799395496448527,0.707553853155318,-0.940615309524838,"muy facil",0.0462458371177717,0.128216772630942,0.0554041780199818,0.0389040266424463,0.0343627005752346,0.131017257039055,0.190811383590675,0.00643354526188314,0.0867393278837421,0.098698153194066,0.0289131092945807,0.154253708749622,13283,1.23699705593719,6.62500941052473,2.09112374289462,3.45405405405405,0.405945945945946,1850,0.00697621907672882,0.279984430771416,0.193513513513514,253,485,303,478,340,492,253,738,0.0757031717534411,0.145122681029324,0.0906642728904847,0.143028126870138,0.101735487731897,0.14721723518851,0.0757031717534411,0.220825852782765,FALSE,FALSE
"L0360","Aladino y la lámpara maravillosa","aladino y la lampara maravillosa",4,"Basica inicial",3160,259,12.2007722007722,4.30506329113924,1.89272151898734,4.94723420165192,2.66023166023166,11.5024150823518,80.8319212159718,76.7176771663164,67.7155542965185,3160,939,0.297151898734177,63.8944871773135,0.804608217419488,151.910751482134,7.97624014804412,0.660276890308839,0.0430298562994834,0.768190292510448,0.660957203528278,-0.985966988300381,"bastante facil",0.0447476991431292,0.152649952396065,0.0323706759758807,0.0184068549666772,0.0463344969850841,0.175182481751825,0.206601079022533,0.00317359568390987,0.0631545541098064,0.0860044430339575,0.023484608060933,0.1478895588702,3160,1.39699570815451,3.16455696202532,2.31851085832472,4.40613026819923,0.662835249042146,261,0.0456017819941024,0.191897079925929,0.21455938697318,67,191,54,144,140,112,130,139,0.0685772773797339,0.195496417604913,0.0552712384851586,0.147389969293756,0.143295803480041,0.114636642784033,0.133060388945752,0.142272262026612,FALSE,FALSE
"L0361","Androcles y el león (leyenda romana)","androcles y el leon leyenda romana",4,"Basica inicial",813,99,8.21212121212121,4.32349323493235,1.91266912669127,3.03971374259197,1.77777777777778,10.1822229676842,83.7034887621603,79.4635921950129,66.0972552139832,813,372,0.457564575645756,88.79116364149,0.829003064600009,121.246230912494,7.49873580717995,0.741935483870968,0.0400947646379383,0.806047120418845,0.715896358543418,-0.786516184653963,"bastante facil",0.0456226880394575,0.134401972872996,0.0579531442663379,0.0332922318125771,0.0345252774352651,0.157829839704069,0.205918618988903,0.00123304562268804,0.093711467324291,0.0295930949445129,0.0332922318125771,0.172626387176326,813,1.19285714285714,2.460024600246,2.16946778711485,3.68,0.62,100,0.033824721130943,0.375668289713464,0.21,23,46,6,55,41,49,22,45,0.0801393728222996,0.160278745644599,0.0209059233449477,0.191637630662021,0.142857142857143,0.170731707317073,0.0766550522648084,0.156794425087108,FALSE,FALSE
"L0362","Angélica","angelica",4,"Basica inicial",22487,2442,9.20843570843571,4.30880064036999,1.88864677369147,3.46866887036051,1.74856674856675,10.2873218558492,84.1285891559076,79.963870290586,72.1547055999076,22487,3271,0.145461822386268,68.5189639866968,0.860070310527298,93.3986813713088,8.9529371563912,0.532558850504433,0.0442070522222234,0.782661556288414,0.683173128461644,-1.00519989209412,"bastante facil",0.0348712446351931,0.111230329041488,0.0841827610872675,0.0449749642346209,0.0438572961373391,0.124195278969957,0.164431330472103,0.00456008583690987,0.0988912732474964,0.0650929899856938,0.0450643776824034,0.178648068669528,22487,0.92042042042042,2.62373815982568,2.48383717449865,3.90441176470588,0.757761437908497,2448,0.0162579841678021,0.263144285092999,0.199754901960784,487,874,343,682,636,778,490,1158,0.0893906020558003,0.160425844346549,0.0629588839941263,0.125183553597651,0.116740088105727,0.1428046989721,0.0899412628487518,0.212555066079295,FALSE,FALSE
"L0366","Canción del pirata","cancion del pirata",4,"Basica inicial",631,31,20.3548387096774,3.75435816164818,1.64025356576862,6.43044629620162,2.25806451612903,11.7033791728439,87.6628505700118,84.2923641429375,82.4021348585893,631,277,0.438985736925515,50.3479293234882,0.787329280316252,159.834840680026,7.03034108607029,0.75812274368231,0.0456048586945111,0.740103092783507,0.630357142857143,-0.805823202800032,"muy facil",0.0588235294117647,0.130365659777424,0.0286168521462639,0.027027027027027,0.0699523052464229,0.187599364069952,0.254372019077901,0.00794912559618442,0.0588235294117647,0.027027027027027,0.0461049284578696,0.103338632750397,631,2.46153846153846,9.50871632329635,2.95833333333333,5.19354838709677,1.2258064516129,31,-0.0144973437764286,0.126802689433356,0.32258064516129,29,21,8,27,25,27,18,26,0.160220994475138,0.116022099447514,0.0441988950276243,0.149171270718232,0.138121546961326,0.149171270718232,0.0994475138121547,0.143646408839779,FALSE,FALSE
"L0368","Cuentos para niños","cuentos para ninos",4,"Basica inicial",25749,1754,14.6801596351197,4.29247737776224,1.85669346382384,6.12764826682003,3.07297605473204,12.044245130818,80.4646293427476,76.4828375686552,63.6125326801048,25749,5271,0.204706978911802,75.9237910502203,0.841442926310872,115.761035464327,9.35422722062086,0.624928856004553,0.0354085933835598,0.787243579766508,0.695244444444408,-0.927552613918615,"bastante facil",0.0539186915522166,0.143131040419455,0.0556403333724616,0.0320460147904684,0.0496537152247916,0.152365301091677,0.190945729154439,0.00309112963180342,0.0840865516296905,0.0408889932308174,0.0365066322338303,0.157725867668349,25749,1.21061771272637,9.08773156239077,2.55364359818341,4.67085152838428,1.03220524017467,1832,0.0160648047161058,0.211012863379001,0.239628820960699,538,981,542,865,793,926,465,1126,0.0862732520846697,0.157312379730597,0.086914688903143,0.138710711994869,0.127164849262348,0.148492623476588,0.0745670301475305,0.180564464400257,FALSE,FALSE
"L0369","El burro flautista","el burro flautista",4,"Basica inicial",118,13,9.07692307692308,4.30508474576271,1.84745762711864,3.38541069100391,1.61538461538462,9.75,86.7340808344198,82.6614667535854,66.2306094488885,118,72,0.610169491525424,54.8798882681564,0.771437793155842,163.746049985636,5.78863102520398,0.75,0.0499801426064397,0.727826086956521,0.615789473684211,NA,"muy facil",0.0341880341880342,0.170940170940171,0.0427350427350427,0.0170940170940171,0.0341880341880342,0.162393162393162,0.230769230769231,0,0.0512820512820513,0.0683760683760684,0.0427350427350427,0.145299145299145,118,1.58823529411765,67.7966101694915,2.12380952380952,3.69230769230769,0.461538461538462,13,-0.00781910397295013,0.173113926838335,0.230769230769231,2,4,3,5,4,9,3,3,0.0606060606060606,0.121212121212121,0.0909090909090909,0.151515151515152,0.121212121212121,0.272727272727273,0.0909090909090909,0.0909090909090909,FALSE,FALSE
"L0371","El enano saltarín (Rumpelstilzchen","el enano saltarin rumpelstilzchen",4,"Basica inicial",1492,77,19.3766233766234,4.70911528150134,2.00469168900804,10.438244664183,5.09090909090909,15.622245047178,66.7943428153616,62.5660843981756,56.2180921272087,1492,617,0.413538873994638,70.1642912443153,0.822763186894594,135.135377958585,7.86277481247846,0.764991896272285,0.0380711752315383,0.782286902286899,0.684931801866478,-0.903184891029129,"normal",0.0570469798657718,0.157046979865772,0.0389261744966443,0.0308724832214765,0.0429530201342282,0.171812080536913,0.220805369127517,0.00536912751677852,0.0496644295302013,0.074496644295302,0.0261744966442953,0.124832214765101,1492,1.76881720430108,19.4369973190349,2.58374558303887,5.5974025974026,1.23376623376623,77,0.033474724220839,0.162077768639841,0.246753246753247,34,57,26,49,42,38,26,73,0.0985507246376812,0.165217391304348,0.0753623188405797,0.142028985507246,0.121739130434783,0.110144927536232,0.0753623188405797,0.211594202898551,FALSE,FALSE
"L0372","El flautista de Hamelin","el flautista de hamelin",4,"Basica inicial",661,36,18.3611111111111,4.66414523449319,1.95158850226929,9.71867961001849,4.75,14.5995776601109,71.0163565305093,66.8899251975122,52.2237860228683,661,277,0.419062027231467,61.3754873882022,0.800785865220167,143.275328949627,7.09400916099683,0.711191335740072,0.0474910376340279,0.763169934640524,0.650249110320284,-0.731475230056154,"bastante facil",0.0440060698027314,0.156297420333839,0.0455235204855842,0.0364188163884674,0.0485584218512898,0.182094081942337,0.198786039453718,0.00303490136570561,0.0698027314112291,0.0227617602427921,0.0379362670713202,0.154779969650986,661,1.2843137254902,4.53857791225416,2.3936,5.55555555555556,1.61111111111111,36,0.0562961707013593,0.129884016654295,0.138888888888889,8,53,17,14,51,23,24,24,0.0373831775700935,0.247663551401869,0.0794392523364486,0.0654205607476635,0.238317757009346,0.107476635514019,0.11214953271028,0.11214953271028,FALSE,FALSE
"L0373","El gallito de oro","el gallito de oro",4,"Basica inicial",8724,570,15.3052631578947,4.28152223750573,1.85385144429161,6.38860131759936,3.00526315789474,12.2544996742199,79.9975449214508,76.034791862738,67.46064115403,8724,2210,0.253324163227877,77.3301913672696,0.835247516730101,125.07828331085,8.79504962025498,0.629864253393665,0.0384000368015258,0.786107204610957,0.69400579710144,-0.94562257407478,"bastante facil",0.0500689021589343,0.139526871841984,0.0498392282958199,0.029168580615526,0.0546623794212219,0.172485071198898,0.198782728525494,0.00953146531924667,0.0676389526871842,0.0427193385392742,0.0336472209462563,0.151929260450161,8724,1.30839002267574,6.1898211829436,2.72688251165072,4.76140350877193,1.07894736842105,570,0.000532606724183591,0.219552347007412,0.308771929824561,303,379,293,459,320,318,207,359,0.114859742228961,0.143669446550417,0.111068991660349,0.173995451099318,0.121304018195603,0.12054586808188,0.0784685367702805,0.136087945413192,FALSE,FALSE
"L0375","El patito feo","el patito feo",4,"Basica inicial",3782,295,12.8203389830508,4.24748810153358,1.84584875727128,4.98583844974859,2.33559322033898,11.190947539191,83.0123288010111,79.0182834389481,69.8181277935733,3782,1195,0.315970386039133,88.5635161546677,0.842984850335302,109.100386729872,8.41906613185517,0.666108786610879,0.0390898476602093,0.807302437717676,0.713450991039922,-0.993298607849742,"bastante facil",0.0637958532695375,0.125465178096757,0.0768208399787347,0.0311004784688995,0.0590111642743222,0.147262094630516,0.188197767145136,0.00239234449760766,0.099946836788942,0.0156831472620946,0.0366826156299841,0.153641679957469,3782,1.22491349480969,4.23056583818086,2.41066819615716,4.4271186440678,0.91864406779661,295,0.0036041263453473,0.201627374025591,0.315254237288136,81,143,122,148,134,136,102,142,0.0803571428571429,0.141865079365079,0.121031746031746,0.146825396825397,0.132936507936508,0.134920634920635,0.101190476190476,0.140873015873016,FALSE,FALSE
"L0378","El ruiseñor","el ruisenor",4,"Basica inicial",3639,269,13.5278810408922,4.51057982962352,1.9510854630393,6.57877151797289,3.23420074349442,12.7086820698117,75.9764335559322,71.7544946117597,62.0019927235467,3639,1140,0.313272877164056,81.3746820557605,0.830011745924863,128.426127111705,8.30141272474122,0.668421052631579,0.0397518630470321,0.796378830083581,0.702567796610182,-0.980176535760052,"bastante facil",0.0678433535576393,0.133480419194705,0.0551571980143409,0.0372311086596801,0.0540540540540541,0.163816878102592,0.194429123000552,0.00358521787093216,0.0788747931605075,0.0231660231660232,0.0397131825703254,0.148648648648649,3639,1.30797773654917,6.0456169277274,2.486646884273,4.48888888888889,0.97037037037037,270,0.0771465533888104,0.236319024479582,0.148148148148148,90,177,75,111,179,153,67,208,0.0849056603773585,0.166981132075472,0.0707547169811321,0.104716981132075,0.168867924528302,0.144339622641509,0.0632075471698113,0.19622641509434,FALSE,FALSE
"L0379","El soldadito de plomo","el soldadito de plomo",4,"Basica inicial",1847,123,15.0162601626016,4.32539252842447,1.89225771521386,6.45072889018008,3.02439024390244,12.5949825029382,77.9879517213147,73.9310841795749,68.1455325385744,1847,630,0.341093665403357,73.0940425531915,0.811893387008554,140.809853054852,7.76558048687242,0.653968253968254,0.0437802099593692,0.78479421579532,0.682397025171633,-0.98857758822405,"bastante facil",0.0509209100758397,0.157096424702059,0.0655471289274106,0.0346695557963164,0.0449620801733478,0.164680390032503,0.213434452871073,0.00541711809317443,0.0747562296858072,0.0178764897074756,0.0346695557963164,0.135969664138678,1847,1.56972111553785,3.78992961559285,2.56090487238979,4.66935483870968,1.01612903225806,124,-0.0190130581177184,0.162823852489274,0.290322580645161,48,75,49,76,39,66,39,65,0.105032822757112,0.164113785557987,0.107221006564551,0.166301969365427,0.0853391684901532,0.144420131291028,0.0853391684901532,0.142231947483589,FALSE,FALSE
"L0380","El terror del sexto B","el terror del sexto b",4,"Basica inicial",2519,195,12.9179487179487,4.39896784438269,1.93489479952362,5.74811290601684,2.83076923076923,12.2797586343787,77.5700043362751,73.3731052717297,63.9336264843939,2519,952,0.377927749106788,105.284047910353,0.85108091808607,105.314733078228,8.36784387430167,0.718487394957983,0.0365299379594274,0.827263157894726,0.738355371900831,-0.93028933925899,"bastante facil",0.0554890219560878,0.144510978043912,0.0578842315369262,0.0327345309381238,0.0439121756487026,0.145309381237525,0.188423153692615,0.00399201596806387,0.0798403193612774,0.0622754491017964,0.0355289421157685,0.150099800399202,2519,1.25531914893617,10.3215561730846,2.46795698924731,4.59487179487179,0.943589743589744,195,0.00904137538643798,0.229681663840746,0.317948717948718,69,119,59,116,68,107,47,115,0.0985714285714286,0.17,0.0842857142857143,0.165714285714286,0.0971428571428571,0.152857142857143,0.0671428571428571,0.164285714285714,FALSE,FALSE
"L0381","El tigre negro y el venado blanco","el tigre negro y el venado blanco",4,"Basica inicial",527,38,13.8684210526316,4.41745730550285,1.94307400379507,6.31043443523419,2.84210526315789,12.7469574553081,76.1097702986118,71.9130685109358,65.1341964406115,527,250,0.47438330170778,67.0348063052772,0.796424904544046,159.724047542749,7.01213949937035,0.74,0.043717541159017,0.77163179916318,0.668481308411216,NA,"bastante facil",0.0702087286527514,0.138519924098672,0.0550284629981025,0.0398481973434535,0.047438330170778,0.163187855787476,0.189753320683112,0.00379506641366224,0.0702087286527514,0.0132827324478178,0.0284629981024668,0.180265654648956,527,1.05263157894737,7.59013282732448,2.43967280163599,4.73684210526316,1.13157894736842,38,0.0491908648310053,0.255051529759006,0.263157894736842,8,31,10,17,16,37,12,26,0.0509554140127389,0.197452229299363,0.0636942675159236,0.10828025477707,0.101910828025478,0.235668789808917,0.0764331210191083,0.165605095541401,FALSE,FALSE
"L0383","Fray Perico y su borrico","fray perico y su borrico",4,"Basica inicial",21002,1660,12.6518072289157,4.27287877345015,1.84577659270546,5.02116263740803,2.44397590361446,11.1243686132015,83.1885610641786,79.1913110455344,73.0005969479804,21002,3642,0.173412055994667,62.7268717150644,0.821689834359344,130.110726028505,8.816101888408,0.576331685886875,0.0407302896949,0.767384145468432,0.663868822657024,-0.96768190738756,"bastante facil",0.0482923334129448,0.131550035825173,0.0441366133269644,0.0227848101265823,0.049629806544065,0.168330546930977,0.228134702651063,0.00640076427036064,0.0748984953427275,0.0391210890852639,0.0289945068067829,0.157726295677096,21002,1.44639612356148,2.52356918388725,2.45153285426252,4.29094076655052,0.756678281068525,1722,-0.00582354823669891,0.226121347239045,0.253193960511034,399,655,502,581,453,688,369,877,0.0881962864721485,0.144783377541998,0.110963748894783,0.12842617152962,0.100132625994695,0.152077807250221,0.0815649867374005,0.193854995579134,FALSE,FALSE
"L0384","Ícaro y Dédalo (mito griego","icaro y dedalo mito griego",4,"Basica inicial",904,65,13.9076923076923,4.33185840707965,1.9070796460177,5.92689925119129,2.75384615384615,12.3375398230088,78.2293750850919,74.1162457454051,65.5239302393764,904,385,0.425884955752212,71.4649151221928,0.816242151417763,132.84125616728,7.45049813444858,0.732467532467532,0.0424202534020345,0.773497076023392,0.667639751552798,-0.845323522456395,"bastante facil",0.040929203539823,0.142699115044248,0.0553097345132743,0.0188053097345133,0.0630530973451327,0.15929203539823,0.191371681415929,0.00221238938053097,0.0763274336283186,0.043141592920354,0.0331858407079646,0.173672566371681,904,1.10191082802548,3.31858407079646,2.37902264600715,4.66153846153846,1.03076923076923,65,0.0365873112549534,0.168396356508035,0.246153846153846,9,33,7,24,36,23,24,40,0.0459183673469388,0.168367346938776,0.0357142857142857,0.122448979591837,0.183673469387755,0.11734693877551,0.122448979591837,0.204081632653061,FALSE,FALSE
"L0385","La bella y la bestia","la bella y la bestia",4,"Basica inicial",5494,278,19.7625899280576,4.2852202402621,1.84200946487077,8.63468229566329,3.97122302158273,13.8531217574175,76.1615903811352,72.3152204104936,64.0799173290603,5494,1514,0.275573352748453,89.3288057465496,0.830761335017445,121.91013819358,8.46758866070824,0.649273447820343,0.0400208835837548,0.80485583103769,0.709469879518067,-0.977772594907784,"bastante facil",0.0522469857508221,0.136097917427841,0.0637559371574717,0.0305078553160395,0.0493240774570698,0.15893313847278,0.172268907563025,0.00694190719766167,0.0922542930215565,0.0241139934234563,0.0473145780051151,0.166240409207161,5494,1.03626373626374,7.64470331270477,2.54524539877301,5.67025089605735,1.85304659498208,279,-0.000335599999003466,0.159452580367986,0.362007168458781,171,260,136,286,260,326,112,277,0.0935448577680525,0.142231947483589,0.074398249452954,0.156455142231947,0.142231947483589,0.178336980306346,0.0612691466083151,0.151531728665208,FALSE,FALSE
"L0387","La caperucita roja","la caperucita roja",4,"Basica inicial",4093,263,15.5627376425856,4.24529684827755,1.84632299047154,6.34671697668002,2.86311787072243,12.2660789681725,80.1866281762705,76.2463400510377,72.1902813241912,4093,1266,0.309308575616907,80.3546935201401,0.845230186324577,107.9077105955,8.48210544729781,0.65955766192733,0.0390598659593767,0.793907022749787,0.701134201301951,-0.974603874376631,"bastante facil",0.049558390578999,0.127085377821394,0.0689401373895976,0.0336113837095191,0.0468596663395486,0.146712463199215,0.185230618253189,0.00343473994111874,0.0870951913640824,0.0721295387634936,0.0336113837095191,0.145731108930324,4093,1.27104377104377,5.37503053994625,2.76977290524667,4.84410646387833,1.04562737642586,263,0.0331939258803353,0.187777553811801,0.247148288973384,86,166,95,139,158,164,85,208,0.07811080835604,0.150772025431426,0.0862851952770209,0.126248864668483,0.143505903723887,0.148955495004541,0.0772025431425976,0.188919164396004,FALSE,FALSE
"L0388","La creación del mundo (mito mapuche)","la creacion del mundo mito mapuche",4,"Basica inicial",1660,93,17.8494623655914,4.51506024096386,1.90240963855422,8.76066491773545,4.09677419354839,13.8197240575204,74.4889700738438,70.4654171524809,64.5751971181806,1660,637,0.383734939759036,69.5394626890616,0.819413240470391,134.112353026564,7.8601666568243,0.712715855572998,0.0401161925539895,0.777380509000621,0.680550928891738,-0.967541172148659,"bastante facil",0.05666063893912,0.148282097649186,0.0325497287522604,0.0210970464135021,0.0464135021097046,0.189873417721519,0.219409282700422,0.00361663652802893,0.0596745027124774,0.0506329113924051,0.0313441832429174,0.140446051838457,1660,1.56223175965665,15.6626506024096,2.46458200382897,5.34408602150538,1.2258064516129,93,0.0408594081071153,0.169082247966118,0.258064516129032,50,85,32,80,71,65,35,83,0.0998003992015968,0.169660678642715,0.063872255489022,0.159680638722555,0.141716566866267,0.129740518962076,0.0698602794411178,0.165668662674651,FALSE,FALSE
"L0389","La leyenda del Pehuén (leyenda mapuche)","la leyenda del pehuen leyenda mapuche",4,"Basica inicial",583,57,10.2280701754386,4.58319039451115,1.93653516295026,5.27086184586681,2.21052631578947,11.2500622912341,80.2152586440372,75.9607891727604,59.6732896432419,583,244,0.41852487135506,63.717806723026,0.803127822768571,151.402369597133,7.03303601732755,0.618852459016393,0.0494551651831995,0.783670411985019,0.671012396694215,-0.826502869471323,"bastante facil",0.0548885077186964,0.097770154373928,0.0686106346483705,0.0514579759862779,0.0463121783876501,0.164665523156089,0.195540308747856,0,0.0909090909090909,0.0154373927958834,0.0617495711835334,0.152658662092624,583,1.28089887640449,3.43053173241852,2.22433460076046,4.01754385964912,0.631578947368421,57,0.00775494619663866,0.283995463155652,0.298245614035088,22,36,30,34,24,22,20,37,0.0977777777777778,0.16,0.133333333333333,0.151111111111111,0.106666666666667,0.0977777777777778,0.0888888888888889,0.164444444444444,FALSE,FALSE
"L0390","La nariz","la nariz",4,"Basica inicial",2130,136,15.6617647058824,4.55305164319249,1.99718309859155,7.8457555923778,3.45588235294118,14.0848487986744,71.034014084507,66.7487282518642,57.972902568038,2130,786,0.369014084507042,73.133982187498,0.809842986426613,143.961735987128,7.9380390585396,0.720101781170484,0.0390822104795796,0.785852955309939,0.685593303791248,-1.06865033710558,"bastante facil",0.0474847202632816,0.155618241654913,0.0662905500705219,0.0258580159849553,0.0343206393982134,0.166431593794076,0.195110484250118,0.00564174894217207,0.0719322990126939,0.0267983074753173,0.0451339915373766,0.159379407616361,2130,1.22418879056047,16.4319248826291,2.55867602808425,4.97794117647059,1.46323529411765,136,0.00564136617866631,0.118505368311127,0.25,40,64,97,59,41,58,29,102,0.0816326530612245,0.130612244897959,0.197959183673469,0.120408163265306,0.0836734693877551,0.118367346938776,0.0591836734693878,0.208163265306122,FALSE,FALSE
"L0391","La pluma del halcón altanero","la pluma del halcon altanero",4,"Basica inicial",3608,240,15.0333333333333,4.3700110864745,1.88414634146341,6.66941888396157,3.15833333333333,12.5059268292683,78.4572195121951,74.419349593496,61.1526140268823,3608,937,0.25970066518847,76.6882765607677,0.822523105135678,133.384914528444,8.10673188729031,0.544290288153682,0.0462715521829523,0.782202865973595,0.686748361356523,-0.952435521142497,"bastante facil",0.0626907073509015,0.14119278779473,0.0466019417475728,0.0246879334257975,0.0485436893203883,0.165880721220527,0.221914008321775,0.0058252427184466,0.0773925104022191,0.0257975034674064,0.0244105409153953,0.15506241331484,3608,1.43112701252236,4.98891352549889,2.41169486494509,4.73061224489796,0.857142857142857,245,0.0464889791538812,0.134738678616173,0.191836734693878,57,164,47,97,140,110,72,124,0.0702836004932182,0.202219482120838,0.0579531442663379,0.11960542540074,0.172626387176326,0.135635018495684,0.0887792848335388,0.152897657213317,FALSE,FALSE
"L0392","La serpiente blanca","la serpiente blanca",4,"Basica inicial",1628,74,22,4.29115479115479,1.87407862407862,9.78133906633906,4.36486486486486,15.1041277641278,71.9552825552826,68.0799017199017,61.7138211036246,1628,627,0.385135135135135,83.8915885989169,0.82150081169647,131.995967376803,7.85748018137137,0.720893141945773,0.0401743042451499,0.797593413552876,0.701347285807719,-0.973390636830961,"bastante facil",0.046740467404674,0.138991389913899,0.0541205412054121,0.0375153751537515,0.050430504305043,0.169741697416974,0.199876998769988,0.00615006150061501,0.0848708487084871,0.00615006150061501,0.0387453874538745,0.166666666666667,1628,1.19926199261993,8.5995085995086,2.501287001287,6.06756756756757,1.82432432432432,74,0.027709796298135,0.126028778579021,0.283783783783784,39,87,43,60,66,43,43,64,0.0876404494382022,0.195505617977528,0.0966292134831461,0.134831460674157,0.148314606741573,0.0966292134831461,0.0966292134831461,0.143820224719101,FALSE,FALSE
"L0394","La zarevna muerta y los siete guerreros","la zarevna muerta y los siete guerreros",4,"Basica inicial",2678,279,9.59856630824373,4.33644510828977,1.90216579536968,3.79393961416667,2.04301075268817,10.5989972455773,82.9195146434107,78.7315046402253,64.7257201080687,2678,899,0.335698282300224,68.3428810398226,0.818989401034653,144.76376817495,8.10373376018794,0.690767519466073,0.0403451495861959,0.771084062381121,0.680573865839487,-0.916193583033666,"bastante facil",0.063390847711928,0.122280570142536,0.0652663165791448,0.0367591897974494,0.0397599399849963,0.174043510877719,0.192423105776444,0.00750187546886722,0.0858964741185296,0.0262565641410353,0.027006751687922,0.159414853713428,2678,1.20705882352941,5.22778192681105,2.26052521884118,3.8932384341637,0.537366548042705,281,0.0377016156578544,0.250590334312667,0.220640569395018,66,138,50,120,103,92,63,122,0.0875331564986737,0.183023872679045,0.0663129973474801,0.159151193633952,0.136604774535809,0.122015915119363,0.0835543766578249,0.161803713527851,FALSE,FALSE
"L0395","Las tres mentiras","las tres mentiras",4,"Basica inicial",351,29,12.1034482758621,4.37891737891738,1.87749287749288,5.24642499263189,2.62068965517241,11.2847607820022,81.8449101090481,77.7637454563317,50.9851378758295,351,198,0.564102564102564,83.6511391802707,0.847040445214694,103.732924245745,7.04408054300498,0.757575757575758,0.0383790285835573,0.813112582781457,0.713214285714286,NA,"bastante facil",0.0712250712250712,0.133903133903134,0.0598290598290598,0.0256410256410256,0.0398860398860399,0.168091168091168,0.193732193732194,0.0199430199430199,0.0826210826210826,0.0113960113960114,0.037037037037037,0.156695156695157,351,1.23636363636364,0,2.34782608695652,4.17241379310345,0.931034482758621,29,0.0467084018861071,0.179880744569249,0.172413793103448,7,19,9,4,16,11,12,25,0.0679611650485437,0.184466019417476,0.087378640776699,0.0388349514563107,0.155339805825243,0.106796116504854,0.116504854368932,0.242718446601942,FALSE,FALSE
"L0396","Leyenda del copihue (leyenda mapuche)","leyenda del copihue leyenda mapuche",4,"Basica inicial",212,13,16.3076923076923,4.27830188679245,1.83490566037736,6.8746480406386,3.07692307692308,12.4218867924528,80.1118142235124,76.2126850507983,74.9227526174491,212,126,0.594339622641509,75.6575716222965,0.809101779318583,141.064435742257,6.44793527971631,0.785714285714286,0.0417538908877439,0.796564417177915,0.69424778761062,NA,"bastante facil",0.0424528301886792,0.155660377358491,0.0424528301886792,0.0330188679245283,0.0330188679245283,0.183962264150943,0.207547169811321,0,0.0471698113207547,0.0518867924528302,0.0471698113207547,0.155660377358491,212,1.33333333333333,0,2.31155778894472,5.23076923076923,1.38461538461538,13,-0.124373160528767,0.453885335964424,0.538461538461538,15,11,5,16,14,24,3,9,0.154639175257732,0.11340206185567,0.0515463917525773,0.164948453608247,0.144329896907216,0.247422680412371,0.0309278350515464,0.0927835051546392,FALSE,FALSE
"L0397","Los duraznos","los duraznos",4,"Basica inicial",433,45,9.62222222222222,4.15704387990762,1.82217090069284,2.96078778547601,1.68888888888889,9.66428329484219,87.6950792917629,83.6915306646138,72.4252516391858,433,224,0.517321016166282,92.9654040504418,0.853082949870649,96.6456698792996,7.18563471515921,0.723214285714286,0.0411792634470296,0.818489583333331,0.725898203592815,NA,"muy facil",0.0511627906976744,0.0883720930232558,0.072093023255814,0.0534883720930233,0.0465116279069767,0.144186046511628,0.169767441860465,0.00697674418604651,0.116279069767442,0.0674418604651163,0.0186046511627907,0.165116279069767,433,1.02816901408451,2.3094688221709,2.30927835051546,4,0.533333333333333,45,-0.00661457805670329,0.31668215852522,0.0666666666666667,3,13,8,6,12,10,6,21,0.0379746835443038,0.164556962025316,0.10126582278481,0.0759493670886076,0.151898734177215,0.126582278481013,0.0759493670886076,0.265822784810127,FALSE,FALSE
"L0398","Medusa (mito griego)","medusa mito griego",4,"Basica inicial",1929,104,18.5480769230769,4.57439087610161,1.99740798341109,9.38941948797703,4.35576923076923,15.2131642042509,68.0764825337959,63.848405710412,57.7427395565218,1929,677,0.350959046137895,78.8752497953484,0.806060093485807,153.322685775298,7.7987890838835,0.68685376661743,0.0421316015708102,0.787265957446805,0.693207650273229,-0.988580873523587,"normal",0.0570835495588998,0.182667358588479,0.0394395433316035,0.0295796574987026,0.0399584846912299,0.161390762843799,0.206538661131292,0.00570835495588998,0.0539699014011417,0.0648676699532953,0.035806953814219,0.122989102231448,1929,1.67932489451477,14.5152928978745,2.56383561643836,5.50961538461539,1.44230769230769,104,-0.0346144512986723,0.198078613882312,0.403846153846154,86,61,64,133,39,93,26,59,0.153297682709447,0.10873440285205,0.114081996434938,0.237076648841355,0.0695187165775401,0.165775401069519,0.0463458110516934,0.105169340463458,FALSE,FALSE
"L0401","Un ladrón entre nosotros","un ladron entre nosotros",4,"Basica inicial",12741,1150,11.0791304347826,4.41064280668707,1.92151322502158,4.88369283688742,2.31478260869565,11.4047169248199,80.2484934552267,76.0455956463727,52.7387052955699,12741,2573,0.201946472019465,91.8416772536636,0.851765967520508,101.263401758512,8.82272973235709,0.622230858919549,0.0412256729368358,0.812245508982018,0.717359595000758,-0.996148320089327,"bastante facil",0.040785736825497,0.128589460397602,0.0620069422530767,0.0381035026822341,0.0482802145787315,0.126696118649416,0.16132849479331,0.00591669296307984,0.108709372041654,0.0748658882928369,0.0494635531713474,0.155254023351215,12741,1.03912601626016,6.74986264814379,2.54908557625949,4.08785529715762,0.831180017226529,1161,-0.000363204939325579,0.258183781563301,0.242894056847545,297,359,225,445,271,504,254,559,0.101921757035003,0.123198352779684,0.077213452299245,0.152711050102951,0.0929993136582018,0.172958133150309,0.0871654083733699,0.191832532601235,FALSE,FALSE
"L0403","Antiguo Testamento","antiguo testamento",4,"Basica inicial",738601,50401,14.6544909823218,4.50947805378005,1.91808297037237,7.13688712446493,2.77994484236424,12.7586305334994,76.8074409756898,72.6839399634798,14.8816303626428,738601,25611,0.0346750139791308,45.5165591681855,0.816558512896355,148.610090659412,9.24253616766818,0.403498496739682,0.0423942565553827,0.721555909401153,0.619407246019501,-1.21321734714097,"bastante facil",0.0259579509004582,0.167531159219762,0.0441988573703159,0.0292268914665383,0.0701936145240202,0.147167758812712,0.187518317926963,0.00655969224519508,0.0810037474218583,0.0749634323058027,0.0354934968803292,0.130185080926045,738601,1.44039790575916,9.32438488439631,2.60478643985881,4.95832098179878,0.748226319637952,50601,0.0248350519216962,0.176377818832026,0.218454180747416,18099,24115,16096,26942,20236,20241,10045,40336,0.102770995400602,0.136931463289989,0.0913974220657544,0.152983930497984,0.114905456816762,0.11493384816308,0.0570382147521435,0.229038669013685,TRUE,TRUE
"L0404","Antiguo Testamento","antiguo testamento",6,"Basica superior",738601,50401,14.6544909823218,4.50947805378005,1.91808297037237,7.13688712446493,2.77994484236424,12.7586305334994,76.8074409756898,72.6839399634798,14.8816303626428,738601,25611,0.0346750139791308,45.5165591681855,0.816558512896355,148.610090659412,9.24253616766818,0.403498496739682,0.0423942565553827,0.721555909401153,0.619407246019501,-1.21321734714097,"bastante facil",0.0259579509004582,0.167531159219762,0.0441988573703159,0.0292268914665383,0.0701936145240202,0.147167758812712,0.187518317926963,0.00655969224519508,0.0810037474218583,0.0749634323058027,0.0354934968803292,0.130185080926045,738601,1.44039790575916,9.32438488439631,2.60478643985881,4.95832098179878,0.748226319637952,50601,0.0248350519216962,0.176377818832026,0.218454180747416,18099,24115,16096,26942,20236,20241,10045,40336,0.102770995400602,0.136931463289989,0.0913974220657544,0.152983930497984,0.114905456816762,0.11493384816308,0.0570382147521435,0.229038669013685,TRUE,TRUE
"L0405","Antiguo Testamento","antiguo testamento",7,"Basica superior",738601,50401,14.6544909823218,4.50947805378005,1.91808297037237,7.13688712446493,2.77994484236424,12.7586305334994,76.8074409756898,72.6839399634798,14.8816303626428,738601,25611,0.0346750139791308,45.5165591681855,0.816558512896355,148.610090659412,9.24253616766818,0.403498496739682,0.0423942565553827,0.721555909401153,0.619407246019501,-1.21321734714097,"bastante facil",0.0259579509004582,0.167531159219762,0.0441988573703159,0.0292268914665383,0.0701936145240202,0.147167758812712,0.187518317926963,0.00655969224519508,0.0810037474218583,0.0749634323058027,0.0354934968803292,0.130185080926045,738601,1.44039790575916,9.32438488439631,2.60478643985881,4.95832098179878,0.748226319637952,50601,0.0248350519216962,0.176377818832026,0.218454180747416,18099,24115,16096,26942,20236,20241,10045,40336,0.102770995400602,0.136931463289989,0.0913974220657544,0.152983930497984,0.114905456816762,0.11493384816308,0.0570382147521435,0.229038669013685,TRUE,TRUE
"L0406","¿Sueñan los androides con ovejas eléctricas?","suenan los androides con ovejas electricas",12,"Media",58509,5128,11.4097113884555,4.66675212360492,2.01880052641474,6.25525819640692,2.85842433697348,12.6816336531916,74.074062798891,69.6540158159062,57.635453474862,58509,8551,0.146148455793126,112.673509133904,0.86606719757848,92.7212789781028,9.66645636796286,0.580049117062332,0.0367504455900392,0.827941498460336,0.742141927752117,-1.0124799401325,"bastante facil",0.0585247842424034,0.129643292212137,0.0649760650618534,0.0451074927508879,0.0374551756086681,0.136969613781034,0.174939519242318,0.00459825335003346,0.0821851998009711,0.0739152068356124,0.0329941835526654,0.158691213561416,58509,1.10238944750784,13.9465723222068,2.36356143341513,4.19771428571429,0.753714285714286,5250,0.0141840871516507,0.208027611717267,0.235619047619048,1266,2154,1165,2203,1315,2226,995,2769,0.0898318314056624,0.152841836372667,0.0826651529127936,0.156318739799901,0.0933087348328958,0.157950755694316,0.0706024267366778,0.196480522245086,FALSE,FALSE
"L0407","1984","1984",12,"Media",103991,7231,14.3812750656894,4.72482234039484,2.03654162379437,8.0145507561044,3.8061125708754,14.0498884363924,69.9786020053348,65.5771817719216,56.1445898090513,103991,11827,0.113730995951573,87.6746357719037,0.84607057183832,112.193089531801,9.58560712135539,0.526507144668978,0.0375094126079534,0.802470031363676,0.712773264543991,-1.02446016306784,"bastante facil",0.0607750773054359,0.147896617826971,0.0642526177884384,0.0451694939745109,0.0404589197468428,0.150391584544693,0.190060592048859,0.00774499320868133,0.0811682994730707,0.041431860435993,0.0351703609513626,0.135479582695142,103991,1.40287258248009,18.5112173168832,2.49301393080071,4.64538626609442,0.989672746781116,7456,-0.00380966419063622,0.202308333382124,0.295064377682403,3314,3772,2429,4508,2315,4464,2022,4842,0.119786018940215,0.136340634714089,0.0877972963203933,0.162943685390009,0.0836767151015687,0.16135328562134,0.0730860984602039,0.17501626545218,FALSE,FALSE
"L0408","A partir de Manhattan","a partir de manhattan",12,"Media",6747,272,24.8051470588235,4.36416184971098,1.86853416333185,11.5277758415505,5.51470588235294,16.132710480257,69.4267002000889,65.6201745656022,53.9302956816041,6747,2379,0.352601156069364,70.4346081496569,0.819085582262787,157.54664957779,8.87849435270768,0.757040773434216,0.0308766556626229,0.778796655718138,0.694189229843548,-1.02898844812498,"bastante facil",0.0646492434662999,0.186764481124866,0.032859544551429,0.0140608283661929,0.0368332569157879,0.166895919303072,0.219012685312548,0.0247592847317744,0.0476845483723063,0.0892556931071374,0.027815986550512,0.0894085281980743,6747,2.44957264957265,9.04105528382985,2.86504014823965,5.8758865248227,1.43262411347518,282,0.0161143858623421,0.12328910080388,0.195035460992908,112,187,103,188,141,194,101,207,0.0908353609083536,0.151662611516626,0.0835360908353609,0.152473641524736,0.114355231143552,0.157339821573398,0.0819140308191403,0.167883211678832,FALSE,FALSE
"L0409","A puerta cerrada","a puerta cerrada",12,"Media",11809,2621,4.5055322396032,4.3272080616479,1.85976797357947,1.20391609016319,0.851583365127814,8.11241966168304,90.6582787008363,86.4659230063956,75.9110047934189,11809,2356,0.199508849182827,72.0295833983628,0.864065752942026,84.4287596432221,8.77854533178085,0.598471986417657,0.042214389774617,0.787255102040812,0.691249359521759,-1.03199807156844,"muy facil",0.0409067666609852,0.100051133458326,0.0787455258223965,0.047639338673939,0.0344298619396625,0.112919720470428,0.149821032895858,0.00477245611044827,0.13405488324527,0.110107380262485,0.0279529572183399,0.158598943241861,11809,0.944653412144009,6.35108815310357,2.02470613844145,2.83905415713196,0.215865751334859,2622,-0.00376938991810936,0.376448900150872,0.179252479023646,313,348,281,565,234,563,218,428,0.106101694915254,0.117966101694915,0.0952542372881356,0.191525423728814,0.0793220338983051,0.190847457627119,0.0738983050847458,0.145084745762712,FALSE,FALSE
"L0410","Benito Cereno","benito cereno",12,"Media",33903,1526,22.2169069462647,4.64135917175471,2.01070701707813,11.5392551720971,5.64613368283093,16.8009365105652,63.5363338901219,59.3510458897675,57.9033523816747,33903,6292,0.185588296021001,84.8152051125204,0.829617726250287,129.085095787324,9.23882032806956,0.620311506675143,0.0356403725560756,0.796384474508105,0.706362856466647,-1.01122863115718,"normal",0.0691927999290633,0.170395767445985,0.0556261638045695,0.0265716903614814,0.0381875683504271,0.170041084148612,0.212159725711583,0.00534980640203352,0.0605917299677829,0.0350840894984187,0.0374190878727869,0.119380486507256,33903,1.77717256746719,16.5177122968469,2.9518369867243,5.55701179554391,1.60091743119266,1526,0.00089459546111085,0.215190106270696,0.377457404980341,860,1343,679,1358,770,1749,651,1697,0.0944328538486878,0.147468979905567,0.0745580322828593,0.149116064565719,0.0845503458877786,0.192050071373669,0.0714834742505765,0.186340177885143,FALSE,FALSE
"L0411","Boquitas pintadas","boquitas pintadas",12,"Media",67719,3196,21.1886733416771,4.21438591827995,1.83108138041022,9.01409434593712,3.86795994993742,14.2803428920947,75.3626703668759,71.5699566587659,68.5003339909577,67719,9229,0.136283760835216,68.9658659422432,0.837930574390795,119.028620053001,9.44792354371902,0.563007909849388,0.0370913881252056,0.777333530367873,0.681198018337765,-0.986088153386409,"bastante facil",0.0503072935949648,0.145812661977046,0.0605109218807849,0.0320325805257312,0.0401036653091448,0.147027027027027,0.19394298407997,0.0060422065901518,0.0924398370973713,0.0494483524620511,0.0406368011847464,0.141695668271011,67719,1.36872909698997,7.95936147905315,3.36535242700391,5.5162703379224,1.64486858573217,3196,0.00889923963933647,0.20765417831183,0.301001251564456,1356,2681,1556,2251,1843,2861,1185,2814,0.0819483894361516,0.162023327491388,0.0940351725388288,0.136036743820632,0.111379706291171,0.172901432283798,0.0716141898833625,0.170061038254669,FALSE,FALSE
"L0412","Caín","cain",12,"Media",44913,1036,43.3523166023166,4.34491127290539,1.8777191459043,20.7106903965427,8.95656370656371,23.4744893965743,49.9574883113788,46.5007806078453,64.6335852532626,44913,6967,0.155122124997217,84.1054047047642,0.839885294327651,116.01616218448,9.26259496463193,0.615042342471652,0.0373916603747283,0.798332293152549,0.706462935689696,-1.04474627066603,"algo dificil",0.0491000558971492,0.147434320849637,0.0694019005030743,0.0429290106204584,0.0426159865846842,0.14387926215763,0.200290665176076,0.0058133035215204,0.0910676355505869,0.0117607602012297,0.0468865287870319,0.148820570150922,44913,1.34585336538462,12.2013670874802,3.56343870364884,8.09459459459459,4.0530888030888,1036,0.00878974598093368,0.133484873303131,0.335907335907336,1298,1808,1294,1746,1148,1722,892,2469,0.104871939888503,0.146077401632059,0.104548759796397,0.141068110204411,0.0927526864345156,0.139129029651773,0.0720691605397108,0.19948291185263,FALSE,FALSE
"L0413","Cipango","cipango",12,"Media",23332,772,30.2227979274611,4.49369963997943,1.88337905023144,14.8467242680337,6.97668393782383,18.4207639844409,63.0100031001031,59.27768724312,58.6418613219269,23332,5679,0.243399622835591,79.8781048828077,0.858687675906769,105.371772756489,9.61330851751346,0.664553618594823,0.0321652056074388,0.792307692307654,0.710639607454906,-0.982339136905246,"normal",0.0757195116576315,0.155802371193089,0.0328793688571554,0.0203182158755344,0.032130107100357,0.15531755476222,0.253691216007757,0.0395786504473533,0.0565912997487769,0.0481290493190533,0.0224337784829653,0.107408876548107,23332,2.36192039392696,4.07166123778502,3.34565602836879,6.40050377833753,1.69017632241814,794,-0.0363814424116781,0.147389146486142,0.429471032745592,653,632,690,905,452,1022,405,568,0.122583067392529,0.118640886052187,0.129528815468369,0.169889243476629,0.0848507602778299,0.191852825229961,0.0760277829923034,0.106626619110193,FALSE,FALSE
"L0414","Conversación en La Catedral","conversacion en la catedral",12,"Media",206279,16085,12.8243083618278,4.38141061378037,1.93310031559199,5.61859817181941,2.76238731737644,12.2220639850983,77.7731865354163,73.5785419767913,66.1681803683208,206279,18011,0.0873137837588897,86.7102902151203,0.858787361091154,96.3653608569178,9.79043077274046,0.500582977069569,0.0374925110449356,0.804865247539033,0.711775729944837,-1.07705105342187,"bastante facil",0.0474747867694971,0.12154381801737,0.0631133112241425,0.0387510576427453,0.0451601295430011,0.132946908765549,0.177611040331443,0.00516907695749006,0.0998220242552736,0.0730867607441915,0.0308199527343104,0.164501133014987,206279,1.07969493629726,7.07294489502082,2.5271927149602,4.49794878170065,0.857968672302337,16088,0.00365112923110046,0.203443114357291,0.267031327697663,5046,6722,4711,7309,4514,7645,3715,9374,0.10290398890611,0.137082959458357,0.0960722734317644,0.149053756423852,0.0920548168692389,0.155905865078718,0.0757606656334122,0.191165674198548,FALSE,FALSE
"L0415","Crimen y castigo","crimen y castigo",12,"Media",210795,17131,12.3048858793999,4.56255603785669,1.9851941459712,6.21208187800495,2.92831708598447,12.6341964154262,75.1773676447398,70.8525188265941,57.6700204072998,210795,16568,0.0785976896985223,96.3106103616216,0.859232801921484,96.3195903040457,9.70584201614231,0.499577498792854,0.0389715689888238,0.814795535858106,0.723303147663123,-1.08672470144812,"bastante facil",0.0521711846196267,0.138001198026109,0.0667899555969688,0.0465281013187795,0.0410941971798846,0.133114012151408,0.173366738611621,0.00540062563585711,0.104328107023666,0.0389928974166373,0.0404714137658905,0.159741568653552,210795,1.08529508050356,14.8912450485068,2.44859065115583,4.39500408544415,0.958153379245944,17134,-0.00835032753802474,0.254607676939715,0.290941986693125,6463,8030,5591,9071,5240,9688,4439,9867,0.110688657110072,0.137525903851753,0.095754337289558,0.155354604463169,0.0897429310315299,0.165921663326997,0.0760245936734659,0.168987309253455,FALSE,FALSE
"L0416","De amor y de sombra","de amor y de sombra",12,"Media",94907,4636,20.4717428817947,4.66042546914348,2.01569957958844,10.7564754005631,5.46613459879206,16.1792347630435,65.0168474852631,60.7851733098456,58.8307046850408,94907,13684,0.14418325307933,101.616269766715,0.832190473920326,127.712502530113,9.78574584074291,0.538731365097925,0.0339510062734939,0.812450399544563,0.729554257024736,-0.928880009250247,"normal",0.0593979016186007,0.168893341066062,0.040301576422207,0.020741287499341,0.0423999578214794,0.175220119154321,0.228512679917752,0.00315284441398218,0.0620762376759635,0.030473981125112,0.0246638899140613,0.144166183371118,94907,1.5850643651258,16.2896309018302,2.60283577956245,5.6698275862069,1.54439655172414,4640,0.00953868113798534,0.176449114801639,0.316594827586207,2989,4157,2310,4576,3268,4447,2445,5382,0.101068506120241,0.140562656387367,0.0781091499289917,0.154730506526003,0.110502468384392,0.150368566984513,0.0826739703793873,0.181984175289105,FALSE,FALSE
"L0417","Del amor y otros demonios","del amor y otros demonios",12,"Media",44995,2289,19.6570554827436,4.33534837204134,1.88169796644072,8.81801857368648,4.33508082131935,14.2802876422704,73.8879254211586,69.9481612079999,64.9167683794668,44995,7350,0.163351483498166,73.2399546930836,0.811143632800681,149.977267170763,9.13036767467935,0.587619047619048,0.0363421016537212,0.78004182797124,0.686520402708426,-0.98724049858082,"bastante facil",0.0537605696484201,0.172630173564753,0.0428793947485536,0.0294392523364486,0.0443702714730752,0.159123275478416,0.210280373831776,0.00651980418335559,0.0768580329327993,0.0381397418780596,0.0315086782376502,0.134490431686693,44995,1.56353408338848,9.93443715968441,2.6274996487613,5.06965572457966,1.23138510808647,2498,0.00534865814621564,0.159272746960867,0.299839871897518,1332,1646,1077,2043,1305,1889,1000,2127,0.107255012480876,0.132538851759401,0.0867219582897174,0.164505998872695,0.105080924390048,0.152105644576858,0.0805217811417989,0.171269828488606,FALSE,FALSE
"L0418","Desastres íntimos","desastres intimos",12,"Media",30507,2187,13.9492455418381,4.54833316943652,1.97974235421379,6.96727199896509,3.28943758573388,13.2111655410396,73.8272282944979,69.5478057906429,60.377133143799,30507,6098,0.199888550168814,85.5895388791125,0.856643806018814,100.465892116353,9.488718055405,0.618891439816333,0.0347696511001101,0.804371265348948,0.713181399631631,-0.978759821705634,"bastante facil",0.0637480294272202,0.138498423541776,0.0573436678928008,0.0413491854965843,0.0376379400945875,0.154263005780347,0.20290331056227,0.00436810299527063,0.0862782448765108,0.0314306358381503,0.0374408828166054,0.144738570677877,30507,1.40186067619696,16.9797095748517,2.65653248587571,4.62459990855053,1.01188843164152,2187,-0.0121653376066397,0.209668829226228,0.289437585733882,768,1169,735,1104,963,1370,649,1453,0.0935330654000731,0.142369991474851,0.0895140664961637,0.134453781512605,0.11728169528681,0.166849348435026,0.0790403117768847,0.176957739617586,FALSE,FALSE
"L0419","Desde el jardín","desde el jardin",12,"Media",27445,2155,12.7354988399072,4.63428675532884,1.98119876115868,6.76524003755243,3.20278422273782,12.7549899292362,74.9778655137738,70.670818339907,58.3880255063188,27445,4825,0.175806157770086,80.3128896819666,0.838971881938489,116.616452235696,9.14537969791119,0.58279792746114,0.0383232288271552,0.795246751350527,0.69926424339938,-0.977578505379427,"bastante facil",0.0478608746483504,0.145117094735304,0.0581637499543312,0.0335391472726608,0.0341967776113405,0.156150670417595,0.191224288480509,0.00230170618537869,0.0884512805524095,0.0515509115487194,0.0356947133827774,0.155748785210624,27445,1.22777386816796,20.1858261978502,2.37639383155397,4.54334724153918,0.914696337505795,2157,0.0462868242306503,0.226098286375253,0.188224385720909,395,982,514,714,695,960,466,1845,0.0601126160401765,0.149444528991021,0.0782224927712677,0.108659260386547,0.105767767463095,0.14609648455334,0.0709176685436007,0.280779181250951,FALSE,FALSE
"L0420","Duna","duna",12,"Media",220720,20538,10.7469081702211,4.62640449438202,1.97357738310982,5.73381925364985,2.66705618852858,11.8895073070821,77.4635106797852,73.134220862037,61.8246494305152,220720,17753,0.0804322218194998,90.7098710502156,0.855747445753787,105.074202524251,9.81412692579738,0.482397341294429,0.0383297818586705,0.80838198041405,0.717526346086888,-1.06865046565772,"bastante facil",0.0578607831459499,0.143949554235107,0.051214089898572,0.0413622538745857,0.0307648243536295,0.170536327224619,0.197000350065239,0.00332789292549975,0.0670488591055606,0.0659713855764029,0.028087052587073,0.142876627007761,220720,1.37881439526522,16.9626676332004,2.3016384434787,4.18334874215367,0.665952994988078,20551,0.00208932433931912,0.258967916346922,0.258673543866479,6921,7932,5191,9797,4451,8610,4320,10274,0.120373591206345,0.137957423125087,0.0902845415333241,0.170394462223459,0.0774140809795464,0.149749547794629,0.0751356616112425,0.178690691526367,FALSE,FALSE
"L0421","El Aleph","el aleph",12,"Media",15465,1045,14.799043062201,4.62521823472357,1.99418040737148,7.75429941664849,3.86698564593301,13.7129556012419,72.094151634266,67.7985175585556,57.89582682016,15465,4613,0.298286453281604,81.8966509199037,0.833616181252228,129.776936521869,9.3776338838152,0.708432690223282,0.029934297946647,0.789920861442645,0.7080203045685,-1.00628923417058,"bastante facil",0.0660781513695963,0.145592626249513,0.0433597299753343,0.0314812410749059,0.0366091133324679,0.177787874853953,0.209853303907568,0.00714007529533948,0.0585486174217837,0.055368038426587,0.0379073088407114,0.130273919252239,15465,1.61086198305929,17.5234400258649,2.63747312946398,4.85414680648236,0.897044804575787,1049,-0.0228623257125008,0.196170221137618,0.34604385128694,516,593,378,652,340,605,292,647,0.128262490678598,0.14740243599304,0.0939597315436242,0.162068108376833,0.0845140442455879,0.150385284613473,0.0725826497638578,0.160825254784986,FALSE,FALSE
"L0422","El astillero","el astillero",12,"Media",59463,3418,17.3970157987127,4.52641138186772,1.95445907539142,8.58790550795329,4.09303686366296,14.2574532511167,71.8274993618279,67.6751838044019,62.2226045097274,59463,9249,0.15554210181121,87.5361070964457,0.832632730285922,126.385725111393,9.4968055108996,0.574548599848632,0.0354554774074376,0.798957484767766,0.714354996294048,-0.980442413565826,"bastante facil",0.0629402446833609,0.152708031411142,0.0523069663981666,0.0316807657308483,0.0529810252435038,0.15284284318021,0.205335175760844,0.00621819284823565,0.0674227360048532,0.0379832159347511,0.0348993967173334,0.142681406086751,59463,1.43911657021377,11.1666078065352,2.73414538450564,5.17524868344061,1.34259801053248,3418,-0.00512135396256348,0.201453062353235,0.333820947922762,1504,2337,1397,2020,1753,2457,1382,2805,0.0960715426381348,0.149281379750878,0.0892366656020441,0.129032258064516,0.111977004152028,0.156946662408176,0.0882785052698818,0.17917598211434,FALSE,FALSE
"L0423","El baile","el baile",12,"Media",12944,1004,12.8924302788845,4.48508961681088,1.94174907292954,6.14098723462146,2.90737051792829,12.3506868693335,77.1847767397653,72.971602477605,65.5876628694375,12944,3212,0.24814585908529,109.848379418986,0.861609734884538,93.9532622031808,9.20851924467445,0.644769613947696,0.0357968610597186,0.82506552927489,0.73994316854805,-0.945323560254269,"bastante facil",0.0618308766485648,0.133747090768037,0.065244375484872,0.0292474786656323,0.03933281613654,0.151202482544608,0.198215671062839,0.00806826997672614,0.0798293250581846,0.0528316524437549,0.0307990690457719,0.149650892164469,12944,1.32452047693105,7.88009888751545,2.62973199329983,4.42388059701493,0.819900497512438,1005,-0.00481557486568517,0.244570212816428,0.285572139303483,349,553,284,462,391,531,238,527,0.104647676161919,0.165817091454273,0.0851574212893553,0.138530734632684,0.117241379310345,0.159220389805097,0.0713643178410795,0.158020989505247,TRUE,TRUE
"L0424","El cepillo de dientes","el cepillo de dientes",12,"Media",15262,1649,9.25530624620983,3.80998558511335,1.73260385270607,1.14268522898881,1.70042449969679,8.46429489795343,93.4433564665019,89.6384737302022,46.3940793826118,15262,3853,0.25245708295112,54.6727659697053,0.830397502523857,121.306677936957,8.98486733427145,0.719958473916429,0.0341556270320913,0.758640636297892,0.668082833212406,-1.05337604331652,"muy facil",0.0580602105887587,0.117232685748183,0.0570220969894706,0.0298086904938455,0.0704434228088388,0.115749666320629,0.17633100993623,0.0271392555242474,0.0831973898858075,0.113376835236542,0.0318849176924218,0.119753818775026,15262,1.47244582043344,4.84864369021098,2.32425288200308,3.79682365826944,0.380065717415115,1826,-0.00485018470990298,0.169976744065712,0.170865279299014,256,342,234,373,275,418,197,395,0.10281124497992,0.137349397590361,0.0939759036144578,0.149799196787149,0.110441767068273,0.167871485943775,0.0791164658634538,0.15863453815261,FALSE,FALSE
"L0425","El cerdito","el cerdito",12,"Media",545,31,17.5806451612903,4.44036697247706,1.91192660550459,8.27445102101213,3.96774193548387,13.8271855578574,74.1921456052086,70.1413273157739,66.1145839077233,545,272,0.499082568807339,65.3797870567154,0.800893946574407,159.717195522262,7.11425511794815,0.779411764705882,0.0403088951634405,0.770201612903226,0.680605381165918,NA,"bastante facil",0.0367647058823529,0.174632352941176,0.0514705882352941,0.0147058823529412,0.0533088235294118,0.191176470588235,0.242647058823529,0.0147058823529412,0.0404411764705882,0.0330882352941176,0.0294117647058824,0.117647058823529,545,2.0625,7.3394495412844,2.62062256809339,5.25806451612903,1.06451612903226,31,0.00474795037345885,0.157963124501849,0.32258064516129,15,28,16,10,24,19,17,27,0.0961538461538462,0.179487179487179,0.102564102564103,0.0641025641025641,0.153846153846154,0.121794871794872,0.108974358974359,0.173076923076923,FALSE,FALSE
"L0426","El denario del sueño","el denario del sueno",12,"Media",49060,2956,16.596752368065,4.51895637994293,1.96011006930289,8.15266073356366,3.87584573748309,14.0120322413195,72.3047084264001,68.1233903143647,59.7298222816968,49060,8575,0.174785976355483,89.4623245203184,0.839565608221095,118.802172236331,9.51732591602389,0.614810495626822,0.0344269418231508,0.803777519332303,0.716284798104598,-0.974897842910537,"bastante facil",0.056834914921466,0.165657722513089,0.0641361256544503,0.0345222513089005,0.0330906413612565,0.157517997382199,0.192122054973822,0.00384489528795812,0.0819698952879581,0.0398192081151832,0.0359538612565445,0.134530431937173,49060,1.42809364548495,12.8821850794945,2.62246513544581,5.01757350456235,1.30517066576546,2959,-0.0202550356238013,0.224575431859836,0.328151402500845,1489,1816,1250,1944,1399,2072,1010,2171,0.113223329024409,0.138088358299749,0.0950498060983956,0.147821458444225,0.106379742985324,0.1575545585887,0.0768002433275036,0.165082503231693,FALSE,FALSE
"L0427","El drama del desencantado","el drama del desencantado",12,"Media",489,25,19.56,4.39059304703476,1.92024539877301,9.02969325153374,4.36,14.6972957055215,71.6740760736196,67.6437116564417,67.3801846807877,489,227,0.464212678936605,60.8588726545917,0.797700867774419,160.086316132837,6.93418670457618,0.722466960352423,0.0460820509052251,0.755181818181819,0.654256410256409,NA,"bastante facil",0.0390143737166324,0.172484599589322,0.0431211498973306,0.0472279260780287,0.0143737166324435,0.184804928131417,0.225872689938398,0,0.053388090349076,0.0369609856262834,0.0451745379876797,0.137577002053388,489,1.64179104477612,14.3149284253579,3.05603448275862,5.16,1.6,25,0.033681211005524,0.096409529204127,0.16,7,24,9,17,15,14,5,18,0.0642201834862385,0.220183486238532,0.0825688073394495,0.155963302752294,0.137614678899083,0.128440366972477,0.0458715596330275,0.165137614678899,FALSE,FALSE
"L0428","El extranjero","el extranjero",12,"Media",29794,2288,13.0218531468531,4.37708934684836,1.93129489158891,5.69701739708234,2.7972027972028,12.2778024480219,77.6800162948752,73.4934751071577,65.2935152706896,29794,4562,0.153118077465261,80.1555107149604,0.833538847716931,118.929648395116,8.9819050513547,0.560499780797896,0.040712384304011,0.793736090099133,0.696656676208074,-1.00037759362279,"bastante facil",0.0458366962604251,0.136938391175679,0.0677966101694915,0.0395816518697875,0.0468455743879473,0.145177562550444,0.178840462738768,0.00443906376109766,0.103510895883777,0.0154358353510896,0.0462066182405165,0.169390637610977,29794,1.0557871749057,11.0089279720749,2.40863811532029,4.65312363477501,1.05024027959808,2289,-0.00193629668051295,0.191682401142969,0.315858453473132,869,1150,592,1123,662,1301,537,1414,0.113624476987448,0.150366108786611,0.0774058577405858,0.146835774058577,0.0865585774058577,0.170109832635983,0.0702144351464435,0.184884937238494,FALSE,FALSE
"L0429","El libro de arena","el libro de arena",12,"Media",26248,2065,12.7108958837772,4.39500152392563,1.90505943309966,5.62590511957835,2.85181598062954,11.8469507052492,79.5713202125673,75.4389014341137,63.5282086134329,26248,5947,0.226569643401402,85.9452215473821,0.8350832971909,125.118486262979,9.39590633502797,0.654952076677316,0.033018470698054,0.799146532310342,0.712643313319769,-0.970005052468644,"bastante facil",0.0556701030927835,0.137189767086674,0.0563955708285605,0.0405116456662848,0.0395952653684612,0.167086674303169,0.196296296296296,0.00622374952271859,0.0715158457426499,0.0490263459335624,0.0408552882779687,0.139633447880871,26248,1.40579710144928,10.4007924413289,2.42844146714634,4.54114230396902,0.816069699903195,2066,-0.00130957518236077,0.168676206541249,0.267666989351404,582,930,465,796,540,908,458,1123,0.100310237849018,0.16028955532575,0.0801447776628749,0.137194071009997,0.093071354705274,0.156497759393313,0.0789382971389176,0.193553946914857,FALSE,FALSE
"L0430","El llano en llamas","el llano en llamas",12,"Media",39724,3293,12.0631642878834,4.14270969690867,1.81293424629947,4.11374481638153,2.05435772851503,10.5072581786082,85.759517648391,81.8260321676599,74.0716639313849,39724,5853,0.147341657436311,81.2252546986162,0.846280313239716,107.337547819254,9.19856845150767,0.578677601230138,0.0393202739831201,0.796391682419601,0.700763154574084,-1.02592189385839,"muy facil",0.0345525370567107,0.140233722871452,0.0821065412050387,0.035867860575707,0.049628168159053,0.126397531238934,0.154575808165124,0.00361713967723984,0.127535791976527,0.0272170789700005,0.0484393180553448,0.169828502048869,39724,0.910187667560322,3.07119121941396,2.39430704619692,4.39035486806187,1.10403397027601,3297,-0.00766877411351267,0.202559623397512,0.287534121929026,824,1341,618,1234,765,1577,700,1269,0.0989433237271854,0.161023054755043,0.074207492795389,0.148174831892411,0.0918587896253602,0.189361191162344,0.0840537944284342,0.152377521613833,FALSE,FALSE
"L0431","El otro yo","el otro yo",12,"Media",334,20,16.7,4.51197604790419,2.0059880239521,8.17140718562874,3.75,14.5936586826347,69.4467185628743,65.1619461077844,59.296809193669,334,183,0.547904191616767,77.4710346388388,0.81940607913293,125.138943669547,6.84071277316793,0.792349726775956,0.0410242148735273,0.799368421052631,0.717106382978724,NA,"bastante facil",0.0510510510510511,0.12012012012012,0.0660660660660661,0.036036036036036,0.048048048048048,0.177177177177177,0.168168168168168,0.003003003003003,0.114114114114114,0.027027027027027,0.03003003003003,0.159159159159159,334,1.05660377358491,8.98203592814371,2.62738853503185,4.85,1.15,20,0.00531273542975015,0.176527710574711,0.4,8,17,8,8,13,22,6,14,0.0833333333333333,0.177083333333333,0.0833333333333333,0.0833333333333333,0.135416666666667,0.229166666666667,0.0625,0.145833333333333,FALSE,FALSE
"L0432","El padre mío","el padre mio",12,"Media",9420,450,20.9333333333333,4.57749469214437,1.9119957537155,10.5966666666667,5.09555555555556,15.1355498938429,70.7682547770701,66.7843312101911,48.7537774268084,9420,2022,0.214649681528662,62.0250464954104,0.827486223016269,123.652976681497,8.45559585334687,0.666666666666667,0.042314084844807,0.767979938106923,0.666969209312303,-1.0266066914616,"bastante facil",0.0493492407809111,0.144468546637744,0.0446854663774403,0.0385032537960954,0.0355748373101952,0.144034707158351,0.18177874186551,0.0323210412147505,0.0894793926247289,0.0748373101952278,0.0516268980477223,0.113340563991323,9420,1.60382775119617,10.828025477707,2.67212749359189,5.74008810572687,1.75330396475771,454,0.00435739703831492,0.105440481536262,0.246696035242291,222,178,165,221,121,292,98,432,0.128397917871602,0.10294968189705,0.0954308849045691,0.12781954887218,0.0699826489300173,0.168883747831116,0.0566801619433198,0.249855407750145,FALSE,FALSE
"L0433","El rastro","el rastro",12,"Media",44441,1097,40.5113947128532,4.61976553182872,1.96937512657231,20.5847930113399,10.4357338195077,23.448070431566,47.3558697985511,43.6315349016919,58.2525735212046,44441,7760,0.174613532548773,71.3304568936486,0.839481083419505,119.942735403581,9.52619336196294,0.580670103092784,0.0350859089140298,0.78010091908446,0.693183437824134,-0.927145433456373,"algo dificil",0.0762442162284167,0.146439453786254,0.0510326148290261,0.0266109919873603,0.0422525674303126,0.17162848436971,0.224827897528496,0.00498815032163413,0.0619794605574992,0.0406048978670579,0.0326825414738743,0.120708723620359,44441,1.86256544502618,15.4361963052137,3.63496677740864,7.55970829535096,2.81950774840474,1097,-0.0149729886908986,0.148715179424552,0.396536007292616,1221,1495,1348,1663,1333,2323,869,1700,0.102158634538153,0.125083668005355,0.112784471218206,0.139139892904953,0.111529451137885,0.19436077643909,0.0727074966532798,0.142235609103079,FALSE,FALSE
"L0434","El vestido blanco","el vestido blanco",12,"Media",8617,580,14.8568965517241,4.46094928629453,1.9223627712661,7.00951941430932,3.28275862068966,12.8880703561124,76.3441992412753,72.2149027983977,57.7844305934818,8617,1854,0.215156086805153,52.8887409100631,0.830980237441813,122.197325405953,8.51693128683734,0.581445523193096,0.0430842109477947,0.741865079365077,0.633074665414411,-0.970291760106812,"bastante facil",0.0592265706654279,0.134711415631169,0.075368714435025,0.0358843339914063,0.0497038671466729,0.150505167808617,0.175937754035536,0.00476135175937754,0.1096272209964,0.0212518871211241,0.0379746835443038,0.14504703286494,8617,1.21297037630104,21.3531391435534,2.43262411347518,4.80344827586207,1.06896551724138,580,0.0122301870273838,0.201033169260674,0.286206896551724,183,361,167,309,272,438,244,345,0.0789133247089263,0.155670547649849,0.0720137990513152,0.133247089262613,0.117291936179388,0.188874514877102,0.105217766278568,0.148771021992238,FALSE,FALSE
"L0435","Ensayo sobre la ceguera","ensayo sobre la ceguera",12,"Media",110532,2492,44.354735152488,4.4132830311584,1.89887996236384,21.533930653,9.23113964686998,24.1151302653636,47.6653724026319,44.1800431922448,65.5100934856737,110532,11174,0.101092896174863,83.6427011740131,0.83530695026595,121.150169893388,9.34182602014058,0.534007517451226,0.0391275819588789,0.798280097390591,0.708272165023174,-1.09093243524518,"algo dificil",0.0510380701229735,0.137944158986488,0.0756508894507427,0.0467516697024894,0.0350705488948699,0.15388449374258,0.195688225538972,0.00449483003923914,0.0885010285548578,0.00747627980316994,0.0458092053394231,0.157690599824194,110532,1.24096316303661,12.7745811167807,3.70409381623643,7.82872041716807,4.17408744484557,2493,-0.0150927324817882,0.148366866783106,0.436823104693141,3112,4505,2590,5276,2044,5112,2008,5938,0.10174922347556,0.147294425371914,0.0846820336766389,0.172502860879516,0.0668301454961582,0.167140755272192,0.0656530979238189,0.194147457904201,FALSE,FALSE
"L0436","Espantapájaros","espantapajaros",12,"Media",9302,589,15.7928692699491,4.75564394753816,2.01042786497527,8.86551762787928,4.45161290322581,14.2922678219884,70.1056014461355,65.7924747420914,51.9082146547482,9302,3040,0.326811438400344,61.8693589795262,0.823955958070713,138.39878612049,8.98100853315095,0.739802631578947,0.0308390568201041,0.76919269426133,0.686007823535783,-1.15310979319911,"bastante facil",0.0537194531165895,0.170093659166756,0.0375713209172139,0.0198083754979007,0.0340187318333513,0.179351921627732,0.234686187964259,0.00333728065453763,0.080094735708903,0.0133491226181505,0.0424157605770266,0.13155345031758,9302,1.78396072013093,22.1457751021286,2.95581315276024,4.91016949152542,1.15932203389831,590,-0.0083628694098002,0.219953558352835,0.330508474576271,218,293,252,330,261,395,185,322,0.0966312056737589,0.129875886524823,0.111702127659574,0.146276595744681,0.115691489361702,0.17508865248227,0.0820035460992908,0.142730496453901,FALSE,FALSE
"L0437","Fahrenheit 451","fahrenheit 451",12,"Media",51112,4551,11.2309382553285,4.54699483487244,1.96147675692597,5.60181479991343,2.56449132058888,11.9354916513045,77.695837564007,73.4040597881838,64.8405179365739,51112,7980,0.156127719517921,88.5373152292918,0.858619567938057,98.7307272945574,9.61165952222829,0.57781954887218,0.0363785817215245,0.804677751013365,0.718132632858262,-0.978248050596436,"bastante facil",0.0537653411880216,0.138831615120275,0.0586941580756014,0.0381148748159057,0.0416494845360825,0.148826705940108,0.194305351006382,0.00748159057437408,0.085360824742268,0.0418654884634266,0.0338144329896907,0.157290132547865,51112,1.23533083645443,10.917201439975,2.53533769998926,4.12697368421053,0.811184210526316,4560,0.003087465495211,0.269158395050472,0.260526315789474,1289,1783,1047,2000,1164,2043,1083,1866,0.105010183299389,0.145254582484725,0.0852953156822811,0.162932790224033,0.094826883910387,0.166435845213849,0.0882281059063137,0.152016293279022,FALSE,FALSE
"L0438","Flores oscuras","flores oscuras",12,"Media",48953,1903,25.724119810825,4.45931812146344,1.92388617653668,12.4354482575053,5.97950604308986,17.1442636093546,65.1682272007578,61.25277139094,59.7015322070808,48953,9004,0.183931526157743,76.2500570033041,0.820239364519157,148.40005949951,9.49814370863555,0.601288316303865,0.0334337920694707,0.783066006870513,0.696267040569813,-0.955430170183569,"normal",0.0518036955763828,0.176001312524353,0.0479276470950145,0.0300034863928139,0.0376120260043888,0.161604561022128,0.216176862656631,0.00736244129529747,0.0681692336088267,0.0392526814462378,0.0377965997415968,0.126289452636328,48953,1.71175706398181,11.4395440524585,2.92221702724529,6.06387434554974,2.0261780104712,1910,0.00239079020913983,0.150317333005513,0.317801047120419,1339,1665,934,1803,1180,1819,962,2124,0.113225097243362,0.140791476407915,0.0789785219008963,0.15246067985794,0.0997801454422459,0.153813630982581,0.0813461863690174,0.179604261796043,FALSE,FALSE
"L0439","Fuegos","fuegos",12,"Media",29452,1439,20.4669909659486,4.43426592421567,1.90971750645117,9.68888798603011,4.68380820013899,14.9267930528438,71.380618827662,67.3926083821432,62.7055791314298,29452,6410,0.217642265380959,76.0333613658752,0.817621580248026,152.556009341465,9.29622691484529,0.635101404056162,0.033157622419998,0.78115362377983,0.694695601812371,-0.981688136761237,"bastante facil",0.0565434701302234,0.186630852402162,0.0439291421576961,0.0239366223521812,0.0251606541770086,0.183536771956071,0.224677841623882,0.0026520689537928,0.0649756893679236,0.0271327054503417,0.0321648362857434,0.128659345142974,29452,1.74630021141649,12.3251392095613,2.59019026880377,5.69562195969423,1.51702571230021,1439,-0.0458240272371234,0.246651897091804,0.430854760250174,1217,1323,1082,1759,1085,1786,799,1360,0.116895591201614,0.127077129958698,0.103928537124196,0.168955912016137,0.104216693881472,0.17154932283162,0.0767457496878302,0.130631063298434,FALSE,FALSE
"L0440","Hans Pozo","hans pozo",12,"Media",9436,424,22.2547169811321,4.23113607460788,1.82481983891479,9.62600940196917,4.28066037735849,14.6222137218361,74.6509983443576,70.8940070544762,66.6384120675436,9436,2875,0.304684188215345,65.219281301991,0.856521821597563,98.9482075178247,9.14051871170876,0.714086956521739,0.0326699204119082,0.773761585170966,0.688819749384162,-1.0412505145066,"bastante facil",0.0601122382905245,0.13749190589251,0.0595726311245413,0.0359378372544787,0.0404705374487373,0.137276063026117,0.205374487373192,0.00410101446147205,0.0887114180876322,0.0616231383552774,0.0377725016188215,0.131556227066695,9436,1.5611156685808,3.70919881305638,3.62997891933873,5.67688679245283,1.70047169811321,424,-0.0419304693819427,0.182272174012754,0.349056603773585,344,295,360,371,211,464,154,287,0.138374899436846,0.118664521319389,0.144810941271118,0.14923572003218,0.084875301689461,0.186645213193886,0.0619469026548673,0.115446500402253,FALSE,FALSE
"L0441","Kaddish para el hijo no nacido","kaddish para el hijo no nacido",12,"Media",38095,878,43.3883826879271,4.55028218926368,1.97044231526447,21.6960204553955,10.2984054669704,24.5826885684123,44.3573107424462,40.6880610710964,53.4861620173972,38095,6310,0.165638535240845,71.4304077537146,0.842981056612882,113.605597159277,9.25070564572888,0.601584786053883,0.0372105195260009,0.779179940072498,0.689035424781508,-1.04616529525984,"algo dificil",0.0727272727272727,0.161627906976744,0.0767441860465116,0.0279598308668076,0.0584038054968288,0.143631078224101,0.19154334038055,0.00169133192389006,0.0814746300211417,0.0120507399577167,0.0456923890063425,0.126453488372093,38095,1.51473354231975,22.9426433915212,3.67135986242846,7.71444823663254,3.49374288964733,879,0.00423252866428219,0.178949984494349,0.312855517633675,978,1348,969,1476,916,1542,768,1701,0.100845535161889,0.138997731491029,0.0999175087646938,0.152196329140029,0.0944524644256548,0.159001856052794,0.0791915858939988,0.175396989069911,FALSE,FALSE
"L0442","La bandera de Chile","la bandera de chile",12,"Media",2315,86,26.9186046511628,4.32224622030238,1.84838012958963,12.3870820232056,6.3953488372093,16.7191413431112,68.480215480436,64.7623132754031,47.0038800503336,2315,966,0.417278617710583,52.8649251796014,0.7936734065296,188.038382415368,8.0257041829728,0.826086956521739,0.033530658020435,0.742771403353936,0.659002707581222,-1.10833885514639,"normal",0.0582919114324446,0.186172616357885,0.0384093990058744,0.0153637596023498,0.0424762765476728,0.15634884771803,0.2069588793493,0.0253050158156349,0.0411206507004067,0.106642566651604,0.0185268865793041,0.104383190239494,2315,1.98268398268398,8.207343412527,2.98654708520179,6.57954545454545,1.5,88,0.0040318134625387,0.115909396023029,0.227272727272727,45,63,28,57,41,69,25,58,0.116580310880829,0.163212435233161,0.0725388601036269,0.147668393782383,0.106217616580311,0.178756476683938,0.0647668393782383,0.150259067357513,FALSE,FALSE
"L0443","La casa de Asterión","la casa de asterion",12,"Media",953,74,12.8783783783784,4.29275970619098,1.86568730325289,5.22808740534869,2.54054054054054,11.4476777459516,81.7628158588809,77.7243026289669,47.5735288375371,953,423,0.44386149003148,72.4046587043936,0.831572984087194,118.122590725263,7.61066827599191,0.75886524822695,0.0397467888955457,0.78066371681416,0.69158079625293,-0.747848922624533,"bastante facil",0.0485232067510548,0.126582278481013,0.0559071729957806,0.0432489451476793,0.0485232067510548,0.172995780590717,0.209915611814346,0.0147679324894515,0.0727848101265823,0.0369198312236287,0.0443037974683544,0.125527426160338,953,1.67226890756303,8.39454354669465,2.38566552901024,4.52702702702703,0.675675675675676,74,0.00674325987981008,0.189659650398819,0.283783783783784,21,33,16,26,24,32,19,37,0.100961538461538,0.158653846153846,0.0769230769230769,0.125,0.115384615384615,0.153846153846154,0.0913461538461538,0.177884615384615,TRUE,TRUE
"L0444","La ciudad lucía","la ciudad lucia",12,"Media",7497,338,22.1804733727811,4.42056822729092,1.90249433106576,10.4811130369307,3.98816568047337,15.5098177219606,70.0662572958177,66.1291298018221,25.2189760664462,7497,1672,0.223022542350273,34.2447532885645,0.8552957568871,91.554829214599,8.49492800676537,0.628588516746411,0.0434007291442415,0.692545649838872,0.590435252771028,-1.03776461960094,"bastante facil",0.0522104692161649,0.108218063466233,0.0496338486574451,0.0295633306211012,0.0416327637645783,0.153919175481421,0.222674260916734,0.00135611608353675,0.0960130187144019,0.0501762950908598,0.0367507458638459,0.157851912123678,7497,1.4106529209622,9.60384153661465,2.91395446291381,5.88165680473373,2.23372781065089,338,-0.0116905350854966,0.11678008821062,0.254437869822485,165,278,142,324,211,257,208,317,0.0867507886435331,0.146161934805468,0.07465825446898,0.170347003154574,0.110935856992639,0.135120925341746,0.109358569926393,0.166666666666667,FALSE,FALSE
"L0445","La maravillosa vida breve de Óscar Wao","la maravillosa vida breve de oscar wao",12,"Media",99426,6417,15.4941561477326,4.36821354575262,1.91337275964034,6.89136387436113,3.27894654823126,13.0305194613717,76.2335951508926,72.1377209266745,65.4091583172829,99426,12691,0.127642668919598,84.3761453685328,0.845598887612207,110.467616595674,9.6053748676824,0.574974391300922,0.0357959524092116,0.799752256558358,0.71103909309657,-1.03605400842731,"bastante facil",0.0510945223443962,0.146292746898013,0.0582770099868859,0.0414707959245435,0.0433672954705942,0.147130031272067,0.177262180974478,0.00576011298295168,0.0871784525370725,0.0617774639362453,0.0411177242005447,0.139271663472208,99426,1.27277995074605,9.97726952708547,2.73931881222182,4.75552443199502,1.09632741985683,6426,0.0018350012450319,0.24346879837514,0.292094615624027,2895,3677,2191,4232,2694,4250,2256,4373,0.108965672990063,0.138399578440229,0.0824676302318579,0.159289370671484,0.101400180668473,0.159966877446552,0.0849141824751581,0.164596507076182,FALSE,FALSE
"L0447","La palabra del mudo","la palabra del mudo",12,"Media",121462,7637,15.9044127275108,4.57487938614546,1.99759595593684,8.06988827250052,3.92719654314521,14.1843532437839,70.7617416617288,66.4803592176243,59.5698715537278,121462,16690,0.13740923087056,92.7688425517183,0.846566629220132,110.803563149369,9.95714661770585,0.553205512282804,0.0333436335252564,0.80749886750199,0.71782067022077,-0.956905087780784,"bastante facil",0.0541308658294779,0.152379378717779,0.0512144745538665,0.0286351619299405,0.0437210839391937,0.164358889623265,0.211062458691342,0.00483311302048909,0.0738598810310641,0.0351949768671514,0.0336087243886319,0.147000991407799,121462,1.43578935536447,13.6421267556931,2.52958798207854,4.95969641455117,1.16016749542005,7642,0.00340388999413387,0.199598002596359,0.283433656110966,2888,4573,2354,3995,3244,4370,2440,5221,0.0992951693312704,0.157228812102458,0.0809351899604607,0.137356025442668,0.111535155578477,0.150249269382843,0.0838920405707409,0.179508337631081,FALSE,FALSE
"L0448","La señora Dalloway","la senora dalloway",12,"Media",70875,4701,15.0765794511806,4.61561904761905,2.00205996472663,7.84785543987601,3.68857689853223,13.9141735697347,71.3382910761979,67.0300847463503,62.414845064118,70875,9833,0.13873721340388,75.9268363336994,0.848586840119943,107.18738768667,9.55514397474356,0.567781958710465,0.0364600974647196,0.787928444356497,0.696840171809673,-1.01873717677292,"bastante facil",0.0562864256210038,0.147399988683302,0.0587619532620381,0.0416313019860805,0.0452950828948113,0.146720986816047,0.188988853052679,0.00386182312001358,0.0748882476093476,0.062425734170769,0.0324506309059017,0.141288971878006,70875,1.33760512615138,12.4867724867725,2.86256762065943,4.51880008218615,1.02321758783645,4867,0.0204590781005002,0.23432760535233,0.226628313129238,1668,2862,1430,2329,2464,2600,1459,3177,0.0927233309244538,0.159097226082606,0.0794930235143699,0.12946800822725,0.136972594363222,0.144532770026127,0.0811051197954305,0.176607927066541,FALSE,FALSE
"L0449","La señorita Cora","la senorita cora",12,"Media",9114,366,24.9016393442623,3.92506034671933,1.74402018872065,9.5078539051792,3.5,14.701077571166,76.7991165456135,73.2809028984413,81.1955813333108,9114,1700,0.186526223392583,79.6158538912243,0.82828580434634,119.088430462333,8.34861695918777,0.587058823529412,0.0465110246969352,0.796416988416993,0.695945646145292,-0.972882934911055,"bastante facil",0.0383471074380165,0.11228650137741,0.0841873278236915,0.0480440771349862,0.0556473829201102,0.108980716253444,0.144242424242424,0.00650137741046832,0.148099173553719,0.0179614325068871,0.0588429752066116,0.176859504132231,9114,0.815576323987539,3.62080315997367,2.89117512574303,6.03825136612022,2.5327868852459,366,0.0045068773458714,0.180374539605303,0.39344262295082,208,229,143,291,157,384,141,302,0.112129380053908,0.123450134770889,0.077088948787062,0.156873315363881,0.0846361185983827,0.207008086253369,0.076010781671159,0.162803234501348,FALSE,FALSE
"L0450","La última niebla","la ultima niebla",12,"Media",26988,1988,13.5754527162978,4.29413072476656,1.87394397510004,5.58308207179941,2.91800804828974,11.8169654655367,80.5563997233736,76.5128376349695,55.0647840730443,26988,7365,0.272899066251667,121.579105547788,0.871696486416655,88.7477582546939,9.91520730146409,0.728581126951799,0.0287237120531432,0.829067151713115,0.751819703224374,-1.00783457299711,"bastante facil",0.0738748500445029,0.148794551294455,0.0524360512364073,0.0231802174838435,0.0600595952169034,0.143570295267211,0.211833907356526,0.00909407530668318,0.0641616036531094,0.0456638674973879,0.0298363066444797,0.137494678998491,26988,1.54066985645933,10.8937305469097,2.58771543967689,4.58637469586375,0.851094890510949,2055,-0.0163144882062617,0.183861782444178,0.284184914841849,606,855,492,833,602,1005,490,776,0.107086057607351,0.151086764446015,0.0869411556812158,0.147199151793603,0.106379218943276,0.177593214348825,0.0865877363491783,0.137126700830535,FALSE,FALSE
"L0451","Las flores del mal","las flores del mal",12,"Media",68956,3881,17.7675856737954,4.53294854689947,1.78651603921341,8.80398049279422,4.13527441381087,12.4202476754985,81.526100259924,77.7674650832091,68.1437250619159,68956,14410,0.208973838389698,109.117067109184,0.905431915544989,62.2747136099967,10.712273905276,0.587439278278973,0.0290412814446886,0.82249060327665,0.744364552623523,-0.934854508379686,"bastante facil",0.0858549628277031,0.113717881831225,0.0257760532150776,0.0144450241293857,0.0333898526151037,0.149683709403939,0.208980044345898,0.0102386852745533,0.0626222772922916,0.180122603365071,0.020656710577801,0.0945121951219512,68956,2.21114369501466,4.66964441092871,3.12148528079362,5.25384234010907,0.667823500247893,4034,-0.0208858141032106,0.214768663987103,0.233763014377789,1692,1795,1685,2493,1900,2817,1187,1655,0.111140304781923,0.117905937992643,0.110680504466632,0.163754598003153,0.124802942722018,0.185036784025223,0.0779689963215975,0.10870993168681,FALSE,FALSE
"L0452","Las genealogías","las genealogias",12,"Media",61499,3120,19.7112179487179,4.48051187824192,1.93964129498041,9.52881992087843,4.36730769230769,14.9851422807688,70.3560799934833,66.2841293740028,63.9668376723741,61499,10157,0.165157157026944,87.3669946355411,0.854669876471548,102.991433100213,9.73125932298956,0.588067342719307,0.0341034242725775,0.801536208299321,0.714378501628664,-0.996932701312899,"bastante facil",0.0568914573028389,0.150497086047309,0.0600910916303443,0.0270009958045611,0.0484026315359877,0.146089426514521,0.195798031245409,0.00777054050965604,0.0744078227794375,0.0698369165972868,0.0339716277323408,0.129242372300309,61499,1.51496779082986,8.61802630937088,2.87829944673781,5.34838296509766,1.26769132244637,3123,0.0307500565237543,0.171677615444127,0.217419148254883,1089,2290,963,1809,1790,2199,1055,3132,0.0760103301458784,0.159838067983528,0.0672157464926363,0.126265093878691,0.124938926502408,0.153486424233964,0.0736371885251623,0.218608222237733,FALSE,FALSE
"L0453","Leviatán","leviatan",12,"Media",95310,5686,16.7622230038692,4.53597733711048,1.96838736753751,8.31556475972495,3.86387618712628,14.1742379084516,71.6392904838029,67.442243998544,59.6804408903195,95310,10766,0.112957716923723,91.7802940102653,0.849981212965839,105.879750432742,9.46417279894846,0.542819988853799,0.0382014752417737,0.808487628725319,0.717584837886423,-1.06983290888095,"bastante facil",0.0532033602122239,0.143630124007832,0.0685622249826305,0.0493189043518538,0.044002779122892,0.132776806956229,0.168315893635387,0.00805314019832832,0.0993325894267006,0.0342547950396867,0.0457713118723288,0.152778070193907,95310,1.10170192241439,15.0666246983527,2.5876642938433,5.08301090397467,1.46763981709462,5686,0.0107215556462293,0.175737706582999,0.278051354203306,2365,3819,1715,3349,2377,3708,2136,4156,0.10010582010582,0.161650793650794,0.0725925925925926,0.141756613756614,0.100613756613757,0.156952380952381,0.0904126984126984,0.175915343915344,FALSE,FALSE
"L0454","Lo que queda del día","lo que queda del dia",12,"Media",75841,4103,18.4842797952718,4.62704869397819,1.96007436610804,9.60553924627316,4.47696807214234,14.7477466402309,70.3815726423403,66.2380871961973,58.1066422237844,75841,8403,0.110797589694229,95.8468156000631,0.850576391880481,107.604018973919,9.37766055671333,0.52862073069142,0.0401230877406661,0.816398300612025,0.722504686963661,-1.05601176594677,"bastante facil",0.0530531723334393,0.143787734350175,0.0687956784238958,0.0463933905306641,0.0335107509797691,0.14031882215867,0.183296260989302,0.00399851710623875,0.0842998623027222,0.0371385446456943,0.055687956784239,0.149719309395191,75841,1.22426600636717,18.8288656531428,2.706714618269,5.47574945162077,1.81598830124299,4103,0.0481272832702419,0.222125445630678,0.223251279551548,1325,2674,1526,2000,1615,2446,1258,4639,0.0757879082537322,0.15294857861923,0.0872847909397701,0.114396842647143,0.0923754504375679,0.139907338557456,0.0719556140250529,0.265343476520048,FALSE,FALSE
"L0455","Los detectives salvajes","los detectives salvajes",12,"Media",255447,14845,17.2076119905692,4.30805215954777,1.89931766667841,7.46473166675462,3.53432132030987,13.5329171431272,75.3291757689148,71.2998973753658,63.7293813397247,255447,20115,0.0787443187823697,72.6928390925816,0.847390016700039,107.028725814278,9.64531534418067,0.518369376087497,0.0377504178927349,0.785123062827222,0.689068761063677,-1.11032498500849,"bastante facil",0.0452470034902027,0.140310859673436,0.066003698280025,0.0332060004789704,0.055533090183854,0.131728651462627,0.16558243984406,0.00562201379591933,0.101792998394271,0.0600754574756687,0.0423692548083529,0.152528532112613,255447,1.08558338266711,8.76894228548388,2.88917239803021,4.92249680156218,1.30556864857585,14851,0.0109975813471511,0.206951375869549,0.237223082620699,5204,8733,4202,8115,5699,9322,4342,9698,0.094079363644581,0.157877610051523,0.0759649281388412,0.146705233661755,0.103028111723764,0.168525716351803,0.0784958871915394,0.175323149236193,FALSE,FALSE
"L0456","Los emigrados","los emigrados",12,"Media",67861,2363,28.7181548878544,4.5801417603631,1.96142114027203,14.5015451352374,7.04824375793483,18.7548498614731,59.8622135980669,55.9203080731983,57.1016363950585,67861,11417,0.168240963145253,86.9130056915071,0.824471373306212,145.641473285485,9.63369909719872,0.60077078041517,0.033158407929365,0.796539550521919,0.714618222602637,-0.975765878971478,"normal",0.0608623401287872,0.189159915724502,0.0598534081130004,0.0225971097065195,0.0397044422683166,0.157556604053533,0.211119024303392,0.00578652185524793,0.0555060981038013,0.0517967892222321,0.0344965725985934,0.111561173922075,67861,1.89240590504056,14.4265483856707,3.00421129726266,6.48606418918919,1.91216216216216,2368,0.0122139711971042,0.121127499217743,0.274915540540541,996,2264,886,1674,1416,2061,854,2477,0.0788723471650301,0.179284130503643,0.0701615457713019,0.132562559391828,0.112131770668356,0.163208742477035,0.0676274944567627,0.196151409566044,FALSE,FALSE
"L0457","Madame Bovary","madame bovary",12,"Media",117771,7755,15.1864603481625,4.50277232935103,1.951881193163,7.37128784532458,3.50483558994197,13.3649176151068,74.2369388550941,70.0463413177825,61.8320152910284,117771,15047,0.127764899678189,97.2471327009634,0.837999384002349,120.688199082257,9.75460623478077,0.549544759752775,0.0347491151841651,0.810553507415879,0.725923669182179,-0.98798222032601,"bastante facil",0.0534299105240733,0.165436727737537,0.0525777588410737,0.024005112910098,0.0348700468683426,0.163485300383468,0.211572219855134,0.0064081806561568,0.0785087345547507,0.0353642948444823,0.0297315722198551,0.144610140605028,117771,1.46305244549204,12.2101366210697,2.64680967096891,4.75060687364252,1.04752778842468,7827,0.0104997288457575,0.214822228192776,0.263063753673183,2470,4401,2456,3785,3293,4510,2140,5416,0.0867549436268484,0.154578342875206,0.086263215201433,0.132942292156932,0.115661550349478,0.158406799901654,0.0751642021706298,0.190228653717818,FALSE,FALSE
"L0458","Operación masacre","operacion masacre",12,"Media",60329,3820,15.7929319371728,4.67234663263107,2.00497273284822,8.47321860827874,4.2413612565445,14.2279217031063,70.4328454531909,66.1322668063834,54.8925914607672,60329,9394,0.155712841253792,78.8619769283741,0.833272378485606,129.543890346908,9.58830751663388,0.570896316797956,0.0353415469403613,0.790180159256723,0.702583098123843,-0.954863560002005,"bastante facil",0.0588000731054879,0.161662817551963,0.0510243075747254,0.034293119776696,0.0358050741854553,0.15260770598302,0.196603917789556,0.00815790785385548,0.0639340721418246,0.0700815790785386,0.0377324006845332,0.129297024274345,60329,1.52056026728347,19.7583251835767,2.62948742900617,4.84298155737705,1.06839139344262,3904,-0.00751494818627188,0.195824287421641,0.297643442622951,2158,2055,1398,3276,993,2484,1180,3564,0.126139817629179,0.120119242459668,0.0817161561842413,0.191489361702128,0.0580430208089783,0.145195230301613,0.0689735796118775,0.208323591302315,FALSE,FALSE
"L0459","Otra vuelta de tuerca","otra vuelta de tuerca",12,"Media",45268,3363,13.4606006541778,4.43611381108068,1.92486966510559,6.19439637727889,3.02081474873625,12.3730963033754,77.618007426403,73.4550192097437,61.6065220611664,45268,6384,0.141026773880004,71.9207496535016,0.837036111089658,120.463841944355,9.16222278832445,0.573621553884712,0.0392453874032452,0.78336628408406,0.688320972348234,-1.05464285489342,"bastante facil",0.0529579835655275,0.146492724091342,0.0614410064453255,0.0423929655141864,0.0341978781368358,0.157943697534829,0.177323971738023,0.00363241710779862,0.098761877339476,0.0420828811269353,0.0440098341048528,0.138762763294868,45268,1.27789305666401,19.5281435009278,2.53335558628582,4.51557907113463,1.04497354497354,3402,0.00990510017474433,0.193691719611719,0.232510288065844,952,1755,959,1719,1216,1553,965,1943,0.0860603869101428,0.158651238474055,0.0866931838727174,0.1553968540951,0.109925872355813,0.140390526125475,0.0872355812692099,0.175646356897487,FALSE,FALSE
"L0461","Pedro Páramo","pedro paramo",12,"Media",33900,3861,8.78010878010878,4.1669616519174,1.81238938053097,2.58644377058536,1.47966847966848,9.22043711450791,89.1409262124306,85.1430328128116,76.1119654329,33900,5245,0.154719764011799,93.0040132274687,0.85785563776541,96.9931170108161,9.24672555531977,0.584747378455672,0.0394906049491422,0.809263537266194,0.719119256826691,-1.01785419583688,"muy facil",0.0346685614471386,0.128134529413506,0.0798768392693253,0.037806791603754,0.0392278769576931,0.125085117091512,0.158421411019333,0.00275335287325695,0.127601622405779,0.0374515202652693,0.0500932587263523,0.178879118927081,33900,0.885633896060907,5.19174041297935,2.21977363515313,3.82175925925926,0.769547325102881,3888,-0.00946548542931992,0.238575074211088,0.246399176954733,775,1273,657,1171,700,1534,627,1274,0.0967419797778055,0.158906503557608,0.0820122331793783,0.146174010735239,0.087379852702534,0.191486705779553,0.0782673823492697,0.159031331918612,FALSE,FALSE
"L0462","Poemas de amor","poemas de amor",12,"Media",4161,180,23.1166666666667,4.16462388848834,1.81494832972843,9.74371184811343,3.92777777777778,14.8418902907955,74.3641002162942,70.6470523912521,72.6880490820048,4161,1312,0.315308819995193,45.3417644144114,0.863413295964291,88.9261305974539,8.60105862683661,0.680640243902439,0.0382685312052477,0.734241245136186,0.656651895617927,-0.958975540362213,"bastante facil",0.0595065312046444,0.114417029511369,0.0761973875181422,0.0324141267537494,0.0537010159651669,0.133043057571359,0.183841315916788,0.00532172230285438,0.098451862602806,0.0478955007256894,0.0411223996129656,0.154088050314465,4161,1.19309262166405,5.76784426820476,2.66197890507283,6.7,2.28888888888889,180,-0.0302376447168274,0.137927907015886,0.383333333333333,111,149,74,163,147,252,79,132,0.100271002710027,0.134598012646793,0.0668473351400181,0.147244805781391,0.132791327913279,0.227642276422764,0.0713640469738031,0.119241192411924,TRUE,TRUE
"L0463","Siete días de la señora K.","siete dias de la senora k",12,"Media",29005,4170,6.95563549160671,4.5431822099638,1.97641785898983,3.44620595473285,1.59880095923261,10.4444285778066,81.1601802591714,76.7485318933269,66.6509316745838,29005,5544,0.191139458714015,98.3577570546203,0.849203241719232,108.258409458736,9.36159369343395,0.603354978354978,0.0360882680402475,0.816199751346795,0.726569570331389,-0.972798815088384,"bastante facil",0.0598589114046615,0.146621481430251,0.0602738778615395,0.0243101182654402,0.0364824676671969,0.15194688429352,0.227401618369182,0.00352721488346359,0.0814717477003942,0.0188809737879521,0.0307766788851235,0.158448025451276,29005,1.43518114360541,8.82606447164282,2.53251459633582,2.9352983465133,0.457464653726336,4173,0.00172672506073607,0.437837792918087,0.173256649892164,600,1084,490,828,808,967,631,989,0.0937939659215257,0.16945443176489,0.0765984055025793,0.129435672971705,0.126309207440988,0.151164608410192,0.0986399874941379,0.154603720493982,FALSE,FALSE
"L0464","Tres tristes tigres","tres tristes tigres",12,"Media",143187,9073,15.7816598699438,4.29649339674691,1.86698513133175,6.69731383364985,3.19684779014659,12.5952718989928,78.723599052752,74.7401664480879,64.2529640607038,143187,18860,0.131715868060648,61.3953159648606,0.849923160345039,107.036812276178,9.87241150912566,0.608907741251326,0.0331170515450603,0.775846805181104,0.690764844012001,-1.04520417957663,"bastante facil",0.0549683321604504,0.12384236453202,0.0636734693877551,0.0335960591133005,0.0653835327234342,0.135897255453906,0.176805066854328,0.00534834623504574,0.0832371569317382,0.0766361717100633,0.0424630541871921,0.138149190710767,143187,1.27981254138862,7.76606814864478,2.98074815273232,4.65263853696155,1.10928720943043,9077,-0.0309284176933271,0.310040714653151,0.260438470860416,3473,4638,2993,5042,3552,7381,2639,4736,0.100801068090788,0.134614268299762,0.0868694491205666,0.146340047599698,0.103093980379637,0.214227665873338,0.0765948801300285,0.137458640506182,FALSE,FALSE
"L0465","Un tranvía llamado deseo","un tranvia llamado deseo",12,"Media",37356,4053,9.21687638786084,4.37137273798051,1.85721169290074,3.76760378981863,1.99333826794967,9.91967976749445,86.0060845103376,81.9138351444232,68.0815645952606,37356,4962,0.132830067459043,64.8729154550521,0.833600829946153,116.763279799799,8.90860654015891,0.563885530028214,0.0419345406387578,0.772389631972517,0.668809082856869,-1.05030831436407,"muy facil",0.0372897748643275,0.137794852506582,0.0540809198860889,0.0298748052227177,0.0350599108054376,0.14185159314384,0.17803986889474,0.00263285153941218,0.101445381763473,0.101096125947021,0.0261941862339477,0.154639729192413,37356,1.15132036136206,6.26405396723418,2.49546601008888,4.00493218249075,0.533415536374846,4055,0.0125034669203451,0.236384691956502,0.208384710234279,703,1053,620,919,826,1211,664,1141,0.0985007706319182,0.147540983606557,0.086871234412218,0.128765587781981,0.115734902620149,0.169679136892252,0.0930362897576012,0.159871094297324,FALSE,FALSE
"L0466","Una historia del mundo en diez capítulos y medio","una historia del mundo en diez capitulos y medio",12,"Media",110799,7359,15.0562576437016,4.60812823220426,1.98255399416962,7.80241279553287,3.66557956244055,13.6760776122452,72.529377553247,68.2656285195309,57.0636444629656,110799,14378,0.129766514138214,84.5548963722206,0.84645439394083,112.168813005578,9.81074207308711,0.545973014327445,0.0348499016812836,0.797384920993296,0.707759891598951,-0.99414171775513,"bastante facil",0.0586246896126729,0.1434306635492,0.0646511880811266,0.0452848313486669,0.0401283236365614,0.150173091910898,0.19067297409965,0.00604462327587769,0.0803110216953945,0.0379714715531147,0.0447773367407971,0.13792978449604,110799,1.38239159001314,14.8376790404246,2.57051449338398,4.78841719788417,1.1443103214431,7373,0.0087309479794718,0.228526122067995,0.262444052624441,2835,4278,2478,4101,2823,3923,2174,5358,0.101358598498391,0.152949588845191,0.0885949231319271,0.146621380050054,0.100929567393636,0.140257418662853,0.077726135144798,0.19156238827315,FALSE,FALSE
"L0467","Una sombra ya pronto serás","una sombra ya pronto seras",12,"Media",60298,4817,12.5177496367033,4.18416862914193,1.85419085210123,4.53630906161015,2.28876894332572,11.1713744131088,82.8204442444888,78.80116027739,66.9891268317716,60298,7269,0.120551262065077,89.9568223600553,0.828263335508243,122.879345122515,9.14798303397128,0.540789654698033,0.0402090211046156,0.806569735597128,0.711550524095077,-1.0043745809632,"bastante facil",0.0349842570843121,0.133773135422393,0.0564246089259833,0.0334516134406184,0.0508271277924934,0.146950538924151,0.176337314874973,0.00486447765172339,0.109034267912773,0.0300531427524281,0.0441801189464741,0.179119396271678,60298,0.984468005952381,5.53915552754652,2.2475624042534,4.59186215486818,1.02781814407307,4817,0.00328374032516684,0.196140596675401,0.272991488478306,1277,1909,943,1758,1056,1926,1126,1942,0.106978302756136,0.159922928709056,0.0789980732177264,0.14727318421714,0.0884644383010807,0.161347072128676,0.0943285582642205,0.162687442405965,FALSE,FALSE
"L0468","Veinticuatro horas en la vida de una mujer","veinticuatro horas en la vida de una mujer",12,"Media",23561,1456,16.1820054945055,4.70459657909257,2.03692542761343,8.81965263477874,4.29052197802198,14.7567021886956,68.1188287387987,63.7525403651779,55.6635252378056,23561,5087,0.215907643987946,102.303971965553,0.852759484105354,104.697082636913,9.39407734427084,0.621977589935129,0.0348257620872675,0.817407281388185,0.73179439092998,-0.992348782724364,"normal",0.0749797984093905,0.158380470378089,0.0723854888784927,0.0227959001403479,0.0426572534342704,0.157317228767065,0.198911240590312,0.00693233530387445,0.0852294475396589,0.0106324161102369,0.0314719516863012,0.138306468761961,23561,1.43819188191882,20.7546368999618,2.67545804116716,5.02815934065934,1.17925824175824,1456,-0.0116272453748998,0.269177733418889,0.337912087912088,857,1071,643,1198,743,1120,644,935,0.11884620718347,0.148523089724033,0.0891693246429067,0.166135071418666,0.103037026764665,0.155318263763694,0.0893080016641243,0.129663014838441,FALSE,FALSE
"L0469","Alí Baba y los cuarenta ladrones (Las mil y una noches)","ali baba y los cuarenta ladrones las mil y una noches",5,"Basica superior",3120,160,19.5,4.22596153846154,1.85512820512821,8.22427884615385,3.7,13.9055128205128,75.6423076923077,71.7605128205128,70.2462054605713,3120,979,0.313782051282051,78.4799823104553,0.81946351078835,131.778024326101,8.11485152124146,0.672114402451481,0.0412291838932055,0.791957017258229,0.688288646143681,-1.01394887955233,"bastante facil",0.0311096856959589,0.147851186658114,0.0484284797947402,0.0275817831943554,0.0487491982039769,0.156189865298268,0.201731879409878,0.00801796023091726,0.0849903784477229,0.0516356638871071,0.0352790250160359,0.158434894162925,3120,1.27327935222672,4.16666666666667,2.66858108108108,5.5,1.5125,160,-0.0407856545217562,0.179736224256157,0.4125,107,112,120,167,48,154,91,131,0.11505376344086,0.120430107526882,0.129032258064516,0.179569892473118,0.0516129032258065,0.165591397849462,0.0978494623655914,0.140860215053763,FALSE,FALSE
"L0470","Amor a la vida","amor a la vida",5,"Basica superior",2035,123,16.5447154471545,4.45257985257985,1.96511056511057,7.81400882922834,3.80487804878049,14.0507436926949,72.0577563372685,67.8638963464573,60.2453138284445,2035,795,0.390663390663391,70.2663252325302,0.811977815578385,144.976426057507,7.9986650754895,0.727044025157233,0.0372898746308861,0.772104733131916,0.68080061983472,-1.06882798339849,"bastante facil",0.057002457002457,0.156756756756757,0.0476658476658477,0.0226044226044226,0.0599508599508599,0.171498771498771,0.211302211302211,0.00687960687960688,0.0668304668304668,0.0196560196560197,0.030958230958231,0.148894348894349,2035,1.41914191419142,11.7936117936118,2.45502092050209,4.96850393700787,1.03937007874016,127,-0.0230902299473059,0.134768668507396,0.362204724409449,51,87,50,101,46,79,43,90,0.093235831809872,0.159049360146252,0.0914076782449726,0.184643510054845,0.0840950639853748,0.144424131627057,0.0786106032906764,0.164533820840951,FALSE,FALSE
"L0473","Después de veinte años","despues de veinte anos",5,"Basica superior",1294,116,11.1551724137931,4.50695517774343,1.95054095826893,5.37534509406811,2.28448275862069,11.7769005489527,78.429266641795,74.1611258860524,66.9157465088862,1294,534,0.412673879443586,100.7369443085,0.857388389534629,99.2214691991811,7.95207278566187,0.707865168539326,0.0396930672359696,0.827807228915662,0.737046025104604,-0.755960357645171,"bastante facil",0.0589604344453064,0.138867339022498,0.0605120248254461,0.0442203258339798,0.0310318076027929,0.162916989914663,0.199379363847944,0.021722265321955,0.0636152055857254,0.0418929402637704,0.034910783553142,0.141970519782777,1294,1.40437158469945,1.54559505409583,2.43039049235993,4.23076923076923,0.709401709401709,117,0.0968367081449258,0.313798921673103,0.102564102564103,12,86,14,42,49,22,33,115,0.032171581769437,0.230563002680965,0.0375335120643432,0.112600536193029,0.131367292225201,0.0589812332439678,0.0884718498659517,0.308310991957105,FALSE,FALSE
"L0474","El asno descontento","el asno descontento",5,"Basica superior",208,10,20.8,4.37980769230769,1.86538461538462,9.59889423076923,4.4,14.5335384615385,73.7009230769231,69.8215384615385,65.6815542730377,208,129,0.620192307692308,87.3492822966507,0.8308933169614,121.579142011834,6.55247920799485,0.767441860465116,0.0386111110556803,0.793333333333332,0.690275229357799,NA,"bastante facil",0.0676328502415459,0.120772946859903,0.0434782608695652,0.0338164251207729,0.0531400966183575,0.135265700483092,0.193236714975845,0,0.0772946859903382,0.0821256038647343,0.0676328502415459,0.1256038647343,208,1.53846153846154,24.0384615384615,2.82323232323232,5.6,2.1,10,-0.0448671023965142,0.175663368381438,0.5,6,8,9,5,6,9,2,6,0.117647058823529,0.156862745098039,0.176470588235294,0.0980392156862745,0.117647058823529,0.176470588235294,0.0392156862745098,0.117647058823529,FALSE,FALSE
"L0475","El burro que acarrea sal","el burro que acarrea sal",5,"Basica superior",214,9,23.7777777777778,4.01401869158879,1.77102803738318,9.36491692627207,3.77777777777778,14.5814641744548,76.324984423676,72.7221754932503,59.1207752152393,214,100,0.467289719626168,45.1509311530725,0.725485308410504,230.587824264128,5.94821438665098,0.7,0.0608404007178829,0.71709090909091,0.582608695652174,NA,"bastante facil",0.0467289719626168,0.182242990654206,0.0514018691588785,0.0233644859813084,0.0514018691588785,0.177570093457944,0.219626168224299,0,0.0700934579439252,0.0233644859813084,0.0186915887850467,0.135514018691589,214,1.62068965517241,0,2.60975609756098,6.11111111111111,1.66666666666667,9,-0.0117729492729493,0.0843973804768254,0.444444444444444,3,12,6,13,6,10,9,9,0.0441176470588235,0.176470588235294,0.0882352941176471,0.191176470588235,0.0882352941176471,0.147058823529412,0.132352941176471,0.132352941176471,FALSE,FALSE
"L0476","El día que Txeg Txeg y Kay Kay no se saludaron","el dia que txeg txeg y kay kay no se saludaron",5,"Basica superior",479,28,17.1071428571429,4.41753653444676,1.78288100208768,7.93016850581569,3.64285714285714,12.1197815389204,82.4178541604533,78.6543707127945,70.7102812605518,479,230,0.480167014613779,55.2270117781795,0.810688808499296,129.880884410371,7.00123080600021,0.739130434782609,0.0443483958541249,0.778232558139535,0.665842105263157,NA,"bastante facil",0.0334029227557411,0.139874739039666,0.0334029227557411,0.0167014613778706,0.058455114822547,0.160751565762004,0.231732776617954,0.00208768267223382,0.0605427974947808,0.0688935281837161,0.0334029227557411,0.160751565762004,479,1.44155844155844,16.7014613778706,2.33481152993348,4.475,0.925,40,0.0407642534743677,0.102495607066001,0.125,10,21,2,12,19,9,7,23,0.0970873786407767,0.203883495145631,0.0194174757281553,0.116504854368932,0.184466019417476,0.087378640776699,0.0679611650485437,0.223300970873786,FALSE,FALSE
"L0477","El hombre que contaba Historias","el hombre que contaba historias",5,"Basica superior",228,14,16.2857142857143,4.10087719298246,1.73245614035088,6.02798872180451,2.57142857142857,11.2044110275689,86.2812030075188,82.6172681704261,74.2841810724827,228,104,0.456140350877193,65.7914402313229,0.775810666586352,160.049245921822,6.2018599997372,0.519230769230769,0.0613148006285108,0.769720670391061,0.612325581395349,NA,"muy facil",0.0131578947368421,0.153508771929825,0.0350877192982456,0.0263157894736842,0.0307017543859649,0.206140350877193,0.236842105263158,0.0131578947368421,0.0482456140350877,0.0307017543859649,0.0526315789473684,0.153508771929825,228,1.54285714285714,0,2.83644859813084,4.92857142857143,1.21428571428571,14,0.0326726844583987,0.133745294225683,0.214285714285714,1,15,1,12,4,3,2,12,0.02,0.3,0.02,0.24,0.08,0.06,0.04,0.24,FALSE,FALSE
"L0478","El lobo y el cabrito","el lobo y el cabrito",5,"Basica superior",304,14,21.7142857142857,4.48026315789474,1.96052631578947,10.5291823308271,5.07142857142857,16.0127819548872,67.0598496240602,62.9799248120301,69.9221151183134,304,159,0.523026315789474,69.1429821283731,0.798819701387116,150.406855955679,6.63122481230573,0.748427672955975,0.0456596800192158,0.776784313725491,0.673170731707317,NA,"normal",0.0462046204620462,0.145214521452145,0.0462046204620462,0.0429042904290429,0.0297029702970297,0.181518151815182,0.194719471947195,0.0033003300330033,0.0792079207920792,0.0066006600660066,0.0462046204620462,0.178217821782178,304,1.09259259259259,3.28947368421053,2.51034482758621,6.57142857142857,2.78571428571429,14,-0.0141108403278789,0.11799844819447,0.5,7,9,5,12,7,12,5,12,0.101449275362319,0.130434782608696,0.072463768115942,0.173913043478261,0.101449275362319,0.173913043478261,0.072463768115942,0.173913043478261,FALSE,FALSE
"L0479","El oso, la mona y el cerdo","el oso la mona y el cerdo",5,"Basica superior",161,15,10.7333333333333,3.92546583850932,1.73291925465839,2.42561076604555,1.4,9.04444720496895,91.9168447204969,88.1407971014493,86.444421789513,161,108,0.670807453416149,103.287234042553,0.851182820864692,97.9900466802978,6.42885135378407,0.796296296296296,0.0356055967509347,0.874464285714287,0.768709677419354,NA,"muy facil",0.05,0.0875,0.11875,0.025,0.04375,0.1625,0.20625,0.00625,0.075,0.025,0.0375,0.1625,161,1.26923076923077,6.2111801242236,2.75342465753425,4.53333333333333,0.666666666666667,15,-0.0662033645366979,0.205969264279105,0.333333333333333,7,6,16,9,6,14,3,10,0.0985915492957746,0.0845070422535211,0.225352112676056,0.126760563380282,0.0845070422535211,0.197183098591549,0.0422535211267606,0.140845070422535,FALSE,FALSE
"L0480","El pequeño elefante","el pequeno elefante",5,"Basica superior",2081,143,14.5524475524476,4.42623738587218,1.925516578568,6.69380186368173,3.41958041958042,12.8065501725569,76.4655087824237,72.3228696027663,66.4433976208052,2081,599,0.287842383469486,72.6223936469473,0.823927667369027,132.550955869228,7.81935913260004,0.459098497495826,0.0491189461337786,0.783139763779516,0.680030272452076,-0.899821732880258,"bastante facil",0.0589941972920696,0.147485493230174,0.0440038684719536,0.0203094777562863,0.0459381044487427,0.16972920696325,0.197775628626692,0.0106382978723404,0.0657640232108317,0.0841392649903288,0.0241779497098646,0.131044487427466,2081,1.50922509225092,7.68861124459394,2.62022703818369,4.60839160839161,0.804195804195804,143,-0.00964227326760563,0.1666539988969,0.328671328671329,34,60,69,82,27,60,36,52,0.080952380952381,0.142857142857143,0.164285714285714,0.195238095238095,0.0642857142857143,0.142857142857143,0.0857142857142857,0.123809523809524,FALSE,FALSE
"L0481","El pequeño escribiente florentino","el pequeno escribiente florentino",5,"Basica superior",2498,170,14.6941176470588,4.35988791032826,1.91753402722178,6.45213088117553,3,12.7676074035699,76.7999583666934,72.6785124570245,61.8333906270508,2498,845,0.338270616493195,85.6153395180441,0.838205771477464,111.012749350802,8.13729238789804,0.672189349112426,0.0407788146180141,0.804148632094721,0.708132555231371,-0.961147687700764,"bastante facil",0.0493579454253612,0.133627608346709,0.0670144462279294,0.0284911717495987,0.0581861958266453,0.153691813804173,0.193418940609952,0.007223113964687,0.0963081861958267,0.0152487961476726,0.0264847512038523,0.170947030497592,2498,1.13145539906103,10.808646917534,2.553264604811,4.71764705882353,1.12941176470588,170,-0.0176829180031529,0.240377638758775,0.323529411764706,53,97,48,80,74,138,65,145,0.0757142857142857,0.138571428571429,0.0685714285714286,0.114285714285714,0.105714285714286,0.197142857142857,0.0928571428571429,0.207142857142857,FALSE,FALSE
"L0482","El pequeño Nicolás","el pequeno nicolas",5,"Basica superior",23005,1769,13.0045223289994,4.17152792871115,1.82829819604434,4.72015770872924,2.42340305257207,11.055682421633,83.8774954617603,79.9275000574383,71.0790018869467,23005,3312,0.143968702455988,68.9373216284639,0.8361420542373,114.644137962505,8.7570010517795,0.544685990338164,0.0442423173583347,0.77943544171457,0.675968305247496,-0.995343934528997,"bastante facil",0.0396393256958662,0.117306268240624,0.0708716295683234,0.042775623992682,0.056148451452716,0.121487999303045,0.167007884305441,0.00226510432547807,0.102060373742214,0.0514875637060592,0.0509648473232565,0.177984928344296,23005,0.938325991189427,2.30384698978483,2.54195705405914,4.49014084507042,1.09802816901408,1775,0.000478262496326642,0.227522761600418,0.274929577464789,473,712,503,799,636,951,451,1315,0.0809931506849315,0.121917808219178,0.0861301369863014,0.136815068493151,0.108904109589041,0.162842465753425,0.0772260273972603,0.225171232876712,FALSE,FALSE
"L0483","El traje nuevo del emperador","el traje nuevo del emperador",5,"Basica superior",1418,125,11.344,4.60084626234133,1.99717912552891,5.91198589562765,2.72,12.4008736812412,75.4383724682652,71.0667404795487,60.4517443708388,1418,581,0.409732016925247,98.2757707644121,0.849828132242526,103.674099478596,7.97420809334704,0.710843373493976,0.0390111384531276,0.82524470416362,0.729082638362399,-0.812722529985578,"bastante facil",0.0622347949080622,0.121640735502122,0.057991513437058,0.0275813295615276,0.0431400282885431,0.162659123055163,0.2001414427157,0.00636492220650637,0.074964639321075,0.0381895332390382,0.0417256011315417,0.163366336633663,1418,1.22510822510823,6.34696755994358,2.33642691415313,4.224,0.944,125,0.101205374715631,0.397084115256298,0.2,20,68,21,48,67,41,29,79,0.0536193029490617,0.18230563002681,0.0563002680965147,0.128686327077748,0.179624664879357,0.109919571045576,0.0777479892761394,0.211796246648794,FALSE,FALSE
"L0484","Episdio de los molinos de viento (Don Quijote de la Mancha)","episdio de los molinos de viento don quijote de la mancha",5,"Basica superior",465,19,24.4736842105263,4.27096774193548,1.78924731182796,10.9231001697793,4.89473684210526,15.0678551216752,74.5220033955857,70.891208262592,72.0124079463258,465,229,0.49247311827957,78.4656261351085,0.822357732703671,129.679731760897,7.06452119166864,0.724890829694323,0.0432332077806215,0.790961538461539,0.684999999999999,NA,"bastante facil",0.0562770562770563,0.147186147186147,0.0497835497835498,0.0367965367965368,0.0562770562770563,0.108225108225108,0.158008658008658,0.00865800865800866,0.101731601731602,0.0606060606060606,0.0627705627705628,0.153679653679654,465,1.02816901408451,6.45161290322581,3.02914798206278,6.57894736842105,2.84210526315789,19,-0.0730082385151195,0.152105373824314,0.526315789473684,19,21,11,41,5,12,7,13,0.147286821705426,0.162790697674419,0.0852713178294574,0.317829457364341,0.0387596899224806,0.0930232558139535,0.0542635658914729,0.10077519379845,FALSE,FALSE
"L0485","Guillermo","guillermo",5,"Basica superior",69381,4911,14.1276725717776,4.60836540263184,1.97742897911532,7.33923733228481,3.4257788637752,13.2534542565541,73.7840352298676,69.513502029338,55.998556370066,69381,8807,0.126936769432554,75.9538945955557,0.846445946737243,110.254017991709,9.45646493637617,0.539911434086522,0.0382467561524625,0.789637108405831,0.692545682861341,-1.01408524358097,"bastante facil",0.0551466326648893,0.146400834589081,0.0668685522197751,0.04364205401646,0.0428741161469804,0.137156601367799,0.178451373594529,0.00308624087168193,0.0891822186159731,0.0472788918511649,0.0419612843398632,0.147951199721804,69381,1.20615023014396,12.1214741788098,2.52855880026675,4.66124109867752,1.14811800610376,4915,0.016472444732808,0.242863407702807,0.252288911495422,1580,2436,1420,2386,1799,2420,1399,2864,0.0969087340529931,0.149411187438665,0.0870951913640824,0.146344455348381,0.11034102060844,0.148429833169774,0.0858071638861629,0.175662414131501,FALSE,FALSE
"L0486","Harry Potter y la piedra filosofal","harry potter y la piedra filosofal",5,"Basica superior",79973,7645,10.4608240680183,4.49369162092206,1.92493716629362,4.96569956855206,2.25572269457162,11.2039799487919,80.6737294730039,76.4505904718889,70.4331644915901,79973,8390,0.104910407262451,94.5928215133885,0.859036464544617,96.7604491565608,9.4700583868775,0.510846245530393,0.0407332825662487,0.814799809819154,0.719458772566831,-1.02603998171783,"bastante facil",0.0506528985688864,0.134138700218051,0.0644251735632472,0.042670242361964,0.0389483445700394,0.127534524674804,0.167385147497431,0.00532594801874734,0.0846261811072959,0.0835860547883406,0.0398631544650242,0.16084363016617,79973,1.04067004285158,6.32713540820027,2.3400890314375,4.07422895974909,0.791688447464715,7652,0.00297917423731913,0.281932369775435,0.257318348144276,2122,3015,1872,3057,1831,3059,1893,3286,0.105388626769307,0.149739259995034,0.0929724360566178,0.151825180034765,0.0909361807797368,0.151924509560467,0.0940153960764837,0.163198410727589,FALSE,FALSE
"L0487","Heidi","heidi",5,"Basica superior",26265,2116,12.4125708884688,4.30729107176851,1.8785836664763,5.0636263922641,2.41493383742911,11.4181899109232,81.4641577051839,77.3866666900578,67.6852150452148,26265,3986,0.151760898534171,82.2678083403356,0.835090083953352,120.61334038124,8.9381183795211,0.561716006021074,0.0419253721674017,0.7983002746414,0.702364518841199,-0.991361919585759,"bastante facil",0.0451713990904574,0.143998165628463,0.070011846982841,0.0324072304811404,0.0398593648488554,0.15091527496465,0.181488133909122,0.00489165743111553,0.0846103871288264,0.0451713990904574,0.0389039630068407,0.16257117743723,26265,1.1163610719323,8.18579859128117,2.38709677419355,4.39489844119036,0.974964572508266,2117,0.0351049757558704,0.226265469558421,0.211620217288616,413,1129,376,728,872,790,533,1343,0.0667852522639069,0.182567917205692,0.0608020698576973,0.117723156532988,0.141009055627426,0.127749029754204,0.0861901681759379,0.217173350582147,FALSE,FALSE
"L0488","Juan sin miedo","juan sin miedo",5,"Basica superior",3657,289,12.6539792387543,4.16106097894449,1.81596937380366,4.49558683020571,2.44290657439446,10.7734905139974,84.9747787482507,81.0461287732774,67.787368275646,3657,1106,0.302433688815969,85.3357688589721,0.829640615896967,127.833473123154,8.28834844356097,0.645569620253165,0.0409085996946852,0.797383592017763,0.705463743676225,-0.965504374014213,"muy facil",0.0399779432037497,0.122415219189413,0.0631375792666115,0.0347394540942928,0.051006341328922,0.148883374689826,0.17921146953405,0.00716845878136201,0.113316790736146,0.0118555279845602,0.0399779432037497,0.188309897987317,3657,0.951683748169839,3.5548263604047,2.51098574821853,4.45172413793103,1.08275862068966,290,-0.0619464649228045,0.230117654381959,0.4,130,143,72,255,55,127,101,104,0.131712259371834,0.144883485309017,0.0729483282674772,0.258358662613982,0.0557244174265451,0.128672745694022,0.102330293819656,0.105369807497467,FALSE,FALSE
"L0489","La niña de los gansos","la nina de los gansos",5,"Basica superior",2055,112,18.3482142857143,4.1338199513382,1.81216545012165,7.21439911366006,3.34821428571429,12.9493558828641,79.3948944212722,75.5888781717067,73.855439475873,2055,615,0.299270072992701,80.5304853835314,0.819541535889455,130.456248779015,7.78505766827184,0.591869918699187,0.0477403164366978,0.790279162512451,0.689023517382425,-0.874671705461935,"bastante facil",0.0496592015579357,0.125121713729309,0.0443037974683544,0.0292112950340798,0.057935735150925,0.155306718597858,0.189386562804284,0.00340798442064265,0.103213242453749,0.0248296007789679,0.0462512171372931,0.171372930866602,2055,1.10511363636364,3.40632603406326,2.47812660833762,5.32142857142857,1.45535714285714,112,0.0285585908095759,0.171275489245919,0.267857142857143,52,104,43,74,75,111,40,95,0.0875420875420875,0.175084175084175,0.0723905723905724,0.124579124579125,0.126262626262626,0.186868686868687,0.0673400673400673,0.15993265993266,FALSE,FALSE
"L0490","Las babuchas fatídicas (Las mil y una noches)","las babuchas fatidicas las mil y una noches",5,"Basica superior",1896,84,22.5714285714286,4.37130801687764,1.89293248945148,10.444575045208,5.30952380952381,15.5494605183846,70.2411934900543,66.3338773357444,56.3403292554064,1896,652,0.343881856540084,57.2380979927113,0.784372943174131,168.843134113123,7.61247165838095,0.70398773006135,0.0431479026634238,0.747774769897135,0.640406232609906,-1.05779982918996,"bastante facil",0.04067617538299,0.172741679873217,0.0538827258320127,0.0285261489698891,0.0660327522451136,0.160063391442155,0.198098256735341,0.00369783412572636,0.0681458003169572,0.0301109350237718,0.0401479133650291,0.137876386687797,1896,1.4367816091954,8.43881856540084,2.90894039735099,5.86904761904762,1.8452380952381,84,0.0188813757947212,0.153290757413983,0.380952380952381,52,73,46,77,50,78,30,88,0.105263157894737,0.147773279352227,0.0931174089068826,0.15587044534413,0.101214574898785,0.157894736842105,0.0607287449392713,0.178137651821862,FALSE,FALSE
"L0491","Las dos ranas (cuentos de la Pachatantra)","las dos ranas cuentos de la pachatantra",5,"Basica superior",142,16,8.875,4.03521126760563,1.80985915492958,2.01334507042253,1.0625,9.22758802816902,89.1959507042254,85.2057746478873,62.4983677576446,142,79,0.556338028169014,44.7383040935673,0.745689205442305,194.405871850823,5.80713049058699,0.746835443037975,0.0549745855803927,0.654623655913978,0.561162790697674,NA,"muy facil",0.0857142857142857,0.114285714285714,0.121428571428571,0.0714285714285714,0.0571428571428571,0.171428571428571,0.121428571428571,0.00714285714285714,0.0428571428571429,0.0642857142857143,0.0285714285714286,0.114285714285714,142,1.0625,0,2.29365079365079,3.6875,0.4375,16,-0.060646350931677,0.313150227109924,0.375,5,0,7,3,0,7,5,6,0.151515151515152,0,0.212121212121212,0.0909090909090909,0,0.212121212121212,0.151515151515152,0.181818181818182,FALSE,FALSE
"L0492","Las telarañas de Carlota","las telaranas de carlota",5,"Basica superior",33443,3679,9.09024191356347,4.45770415333553,1.93439583769399,4.11090751899206,1.8401739603153,10.7810652310788,81.5042029865261,77.2318973981012,64.5685297981841,33443,5083,0.151989953054451,78.23816359018,0.851016426805223,104.636495265266,9.22327374680548,0.564823922880189,0.0399712549075323,0.795109301071996,0.701943378118972,-0.980044675362315,"bastante facil",0.0522720433343364,0.130935901294011,0.060637977730966,0.0316581402347277,0.0417995786939512,0.148751128498345,0.191303039422209,0.00508576587421005,0.0789948841408366,0.0628046945531147,0.0316882335239242,0.164068612699368,33443,1.16599413059428,5.4121938821278,2.21847807827986,3.83772764338135,0.593911388964393,3679,0.00452176095989696,0.289126807059519,0.226963848871976,602,1309,1304,982,1043,1068,654,1530,0.0708902496467263,0.154145077720207,0.153556288271314,0.1156382477626,0.122821479039096,0.125765426283561,0.0770136599152143,0.180169571361281,FALSE,FALSE
"L0493","Los cretinos","los cretinos",5,"Basica superior",9339,959,9.73826903023983,4.5307848806082,1.955455616233,4.77913130278455,2.15015641293014,11.282301193343,79.5796286151753,75.2718460784442,69.8304622348372,9339,2191,0.234607559695899,70.4256937113161,0.841437050146783,113.941880612823,8.73150720780935,0.633500684618896,0.0399445924506634,0.780068891280947,0.679256493506479,-0.964379839286666,"bastante facil",0.0523942452222461,0.133884474983895,0.0656001717844106,0.0359673609619927,0.0391883186600816,0.16523512991196,0.207107579987116,0.00450934077732446,0.0686063989692935,0.0617350225467039,0.0244792785054756,0.1412926776895,9339,1.46580547112462,6.4246707356248,2.32386634844869,3.80749219562955,0.555671175858481,961,-0.00261874905444577,0.294364185766986,0.221644120707596,277,283,487,355,212,314,195,513,0.105083459787557,0.107359635811836,0.184749620637329,0.134673748103187,0.0804248861911988,0.119119878603945,0.0739757207890744,0.194613050075873,FALSE,FALSE
"L0494","Los dos amantes (leyenda mexicana precolombina)","los dos amantes leyenda mexicana precolombina",5,"Basica superior",1536,125,12.288,4.2578125,1.83658854166667,4.768296875,2.408,10.8740647916667,84.1109275,80.1275338541667,67.9134337366992,1536,606,0.39453125,91.733122019556,0.83849165791407,110.702514648438,7.92013911378747,0.71947194719472,0.0397828279005818,0.809078681909881,0.720187891440505,-0.866702919388465,"muy facil",0.0495114006514658,0.14071661237785,0.0677524429967427,0.0267100977198697,0.0449511400651466,0.144625407166124,0.198697068403909,0.00651465798045603,0.104885993485342,0.0136807817589577,0.0377850162866449,0.164169381107492,1536,1.21031746031746,5.20833333333333,2.36498936924167,4.296,0.88,125,0.0401799346483422,0.2276866696496,0.208,35,80,30,52,68,85,38,71,0.0762527233115468,0.174291938997821,0.065359477124183,0.113289760348584,0.148148148148148,0.185185185185185,0.0827886710239651,0.154684095860566,FALSE,FALSE
"L0495","Los secuestradores de burros","los secuestradores de burros",5,"Basica superior",28851,2194,13.1499544211486,4.53204394994974,1.95660462375654,6.49090421483758,2.88468550592525,12.6264167845751,76.0307690650359,71.7885775188188,58.7755834966115,28851,4949,0.17153651519878,88.1199511909113,0.846758559774778,107.645256209067,9.16764419802091,0.595675894120024,0.0384880143839183,0.807286299562458,0.71050466054531,-1.01260919309838,"bastante facil",0.0503296013393324,0.137246695266995,0.0629904781835304,0.0415751107390743,0.0425865857486659,0.138746468557079,0.182274772418123,0.00669666213246835,0.0861148896097102,0.0572355341634404,0.0410170555613686,0.153186146280213,28851,1.18989071038251,9.63571453329174,2.46494354203399,4.49772105742935,1.06289881494986,2194,0.0378263772099213,0.230821241367159,0.218778486782133,515,1072,648,810,859,929,636,1338,0.0756574114881739,0.1574849419715,0.0951961216394888,0.118995152049361,0.126193624210372,0.136477155868958,0.0934332304980167,0.19656236227413,FALSE,FALSE
"L0499","Ulises y el cíclope","ulises y el ciclope",5,"Basica superior",470,48,9.79166666666667,4.49574468085106,1.94468085106383,4.64079078014184,2.45833333333333,11.1759840425532,80.1716489361702,75.8897163120567,63.3489849019029,470,206,0.438297872340426,60.6101348280564,0.797592339344925,147.668628338615,6.84725097282566,0.684466019417476,0.0501716065955016,0.772256532066509,0.650080862533692,NA,"bastante facil",0.032051282051282,0.151709401709402,0.047008547008547,0.0235042735042735,0.047008547008547,0.177350427350427,0.196581196581197,0.0106837606837607,0.0705128205128205,0.0854700854700855,0.014957264957265,0.143162393162393,470,1.37313432835821,0,2.32701421800948,3.62264150943396,0.471698113207547,53,0.0129590866746951,0.117051054079979,0.226415094339623,11,13,3,19,2,13,8,8,0.142857142857143,0.168831168831169,0.038961038961039,0.246753246753247,0.025974025974026,0.168831168831169,0.103896103896104,0.103896103896104,FALSE,FALSE
"L0500","Un pacto con el diablo","un pacto con el diablo",5,"Basica superior",1952,183,10.6666666666667,4.50409836065574,1.92981557377049,5.11763661202186,2.30601092896175,11.3418237704918,80.1710655737705,75.9408230874317,65.641492622076,1952,745,0.381659836065574,112.304829858753,0.862605623510383,90.0243130206934,8.21816675625253,0.714093959731544,0.0386361499549789,0.837677351550172,0.745412844036702,-0.853029137717178,"bastante facil",0.0462724935732648,0.133161953727506,0.0658097686375321,0.0365038560411311,0.029305912596401,0.146015424164524,0.193830334190231,0.00308483290488432,0.0987146529562982,0.0426735218508997,0.0313624678663239,0.173264781491003,1952,1.1186943620178,8.19672131147541,2.35217637083098,4.12021857923497,0.814207650273224,183,0.0272965417300948,0.198040775812175,0.262295081967213,58,93,47,67,56,96,32,91,0.107407407407407,0.172222222222222,0.087037037037037,0.124074074074074,0.103703703703704,0.177777777777778,0.0592592592592593,0.168518518518519,FALSE,FALSE
"L0501","Rip Van Winkle","rip van winkle",5,"Basica superior",7587,372,20.3951612903226,4.70449453011731,2.01410307104257,10.9257498820138,5.48655913978495,16.1305291415282,65.1907512213166,60.9612173837252,55.6854993632877,7587,2449,0.32278898115197,93.9064730901238,0.832418731231001,129.943818178094,8.94102826612679,0.706819109840751,0.0326192713566911,0.804078004775829,0.717187499999978,-1.02682822920404,"normal",0.0728232189973615,0.16688654353562,0.0447229551451187,0.0245382585751979,0.0473614775725594,0.170184696569921,0.224538258575198,0.00316622691292876,0.0506596306068602,0.0486807387862797,0.0266490765171504,0.119788918205805,7587,1.87444933920705,14.630288651641,2.62522522522523,5.55376344086022,1.25537634408602,372,-0.00597339793215426,0.161595263954058,0.333333333333333,163,288,149,279,205,242,147,349,0.0894621295279912,0.158068057080132,0.0817782656421515,0.153128430296378,0.11251372118551,0.132821075740944,0.0806805708013172,0.191547749725576,TRUE,TRUE
"L0502","Rip Van Winkle","rip van winkle",7,"Basica superior",7587,372,20.3951612903226,4.70449453011731,2.01410307104257,10.9257498820138,5.48655913978495,16.1305291415282,65.1907512213166,60.9612173837252,55.6854993632877,7587,2449,0.32278898115197,93.9064730901238,0.832418731231001,129.943818178094,8.94102826612679,0.706819109840751,0.0326192713566911,0.804078004775829,0.717187499999978,-1.02682822920404,"normal",0.0728232189973615,0.16688654353562,0.0447229551451187,0.0245382585751979,0.0473614775725594,0.170184696569921,0.224538258575198,0.00316622691292876,0.0506596306068602,0.0486807387862797,0.0266490765171504,0.119788918205805,7587,1.87444933920705,14.630288651641,2.62522522522523,5.55376344086022,1.25537634408602,372,-0.00597339793215426,0.161595263954058,0.333333333333333,163,288,149,279,205,242,147,349,0.0894621295279912,0.158068057080132,0.0817782656421515,0.153128430296378,0.11251372118551,0.132821075740944,0.0806805708013172,0.191547749725576,TRUE,TRUE
"L0503","¿Buena suerte o mala suerte? (cuento sufí)","buena suerte o mala suerte cuento sufi",6,"Basica superior",350,20,17.5,4.10857142857143,1.78285714285714,6.67137142857143,2.3,12.2727142857143,82.0185714285714,78.263,86.6330668759768,350,145,0.414285714285714,69.9372909698997,0.783594003166907,155.755102040816,6.49237224787141,0.648275862068965,0.0591290721641722,0.775813953488372,0.653067729083665,NA,"bastante facil",0.0685714285714286,0.117142857142857,0.0428571428571429,0.0285714285714286,0.0428571428571429,0.182857142857143,0.228571428571429,0.00571428571428571,0.0914285714285714,0.00571428571428571,0.0142857142857143,0.171428571428571,350,1.33333333333333,2.85714285714286,2.41818181818182,4.95652173913043,0.782608695652174,23,-0.0354119829377467,0.453731870868271,0.217391304347826,12,25,8,14,20,15,19,17,0.0923076923076923,0.192307692307692,0.0615384615384615,0.107692307692308,0.153846153846154,0.115384615384615,0.146153846153846,0.130769230769231,FALSE,FALSE
"L0504","Aracné","aracne",6,"Basica superior",2449,124,19.75,4.55655369538587,1.97754185381788,9.90636790526746,4.62903225806452,15.447493875051,68.0424887709269,63.8841425071458,61.1572113498355,2449,906,0.369946917109024,83.7288098716959,0.823139380640326,133.433351101549,8.13259778640223,0.732891832229581,0.0376013387599097,0.792491666666653,0.697923404255332,-1.02281672476062,"normal",0.044562551103843,0.172935404742437,0.0408830744071954,0.0314799672935405,0.0318887980376124,0.171300081766149,0.208094848732625,0.00490596892886345,0.0662305805396566,0.053147996729354,0.0408830744071954,0.133687653311529,2449,1.5565749235474,15.9248672927726,2.45333333333333,5.65891472868217,1.62015503875969,129,0.0164413128617016,0.130389105666736,0.232558139534884,74,107,51,95,76,59,51,110,0.118780096308186,0.171749598715891,0.0818619582664527,0.152487961476726,0.12199036918138,0.0947030497592295,0.0818619582664527,0.176565008025682,FALSE,FALSE
"L0505","Capítulo XXV: donde se apunta la aventura del rebuzno (Don Quijote de la Mancha)","capitulo xxv donde se apunta la aventura del rebuzno don quijote de la mancha",6,"Basica superior",203793,7300,27.9168493150685,4.22977236705873,1.79920801990255,12.4506525063809,5.41041095890411,16.5282258677268,70.4123325044772,66.8274910450028,67.5402689479158,203793,17740,0.0870491135613098,77.9438426284579,0.834962129609678,123.451092264813,9.49740109849634,0.552029312288613,0.0376136940008125,0.787272263232302,0.695889422368858,-1.10149455118776,"bastante facil",0.0518515933822173,0.11633459780371,0.0663024460273863,0.0280941723036125,0.0627532887030123,0.129384729650916,0.17664036368893,0.00820493392685346,0.0895663747252145,0.0605300806037555,0.0601761618256227,0.150161257358769,203793,1.17633780374452,7.41929310624016,2.86138094923086,7.05861051502146,2.62271995708155,7456,-0.00472184212039448,0.221660878523974,0.254828326180258,5020,6340,5284,6985,4802,6807,2890,10842,0.102511741882785,0.129467020624872,0.107902797631203,0.14263835001021,0.0980600367571983,0.139003471513171,0.0590157239125996,0.22140085766796,FALSE,TRUE
"L0506","Colmillo Blanco","colmillo blanco",6,"Basica superior",83910,4900,17.1244897959184,4.44695507090931,1.92924562030747,8.07740328194203,3.80224489795918,13.8536493400363,73.6182831897149,69.5185080589261,60.7580528404443,83910,9122,0.108711714932666,83.9470039050571,0.827478554544535,126.313258692465,9.26139793122845,0.495505371629029,0.0397511126976185,0.799535183219721,0.70362792473546,-1.00807164750506,"bastante facil",0.0554646733614338,0.154584641837917,0.0618529618971426,0.0313085841880903,0.0476434976775287,0.148554575089257,0.1865738474214,0.0034986327868461,0.0956213356896366,0.0248725327474417,0.0398820256247985,0.150142691678508,83910,1.24264355018292,12.8470980812776,2.52555372737628,5.21179351152826,1.42889206284432,4901,-0.019277424805909,0.210365725172973,0.383187104672516,3685,3649,2458,5144,2198,3872,1836,3474,0.140028879768962,0.138660890712874,0.0934032527739778,0.19547043623651,0.0835233318133455,0.147134822921417,0.0697674418604651,0.132010943912449,FALSE,FALSE
"L0507","Corazón","corazon",6,"Basica superior",92046,6130,15.015660685155,4.40529735132434,1.9054820415879,6.82678086731512,3.4094616639478,12.7507957579477,77.1951036058678,73.1078081239188,63.6244409582513,92046,10652,0.115724746322491,85.2944690208992,0.843259042548392,113.243252538728,9.54290826180309,0.533233195644011,0.0380082243194288,0.7997073817624,0.7088142081852,-1.01132214802225,"bastante facil",0.0547551373778954,0.150337046838076,0.0555065503610049,0.0293486665142061,0.046827185903928,0.155292016509306,0.204732812789267,0.0069478475829549,0.0870332255219053,0.0251233297396191,0.032833480348917,0.151262700512921,92046,1.35349172066235,9.52784477326554,2.57328740020018,4.81096069156744,1.09704778992008,6131,0.0194262654035603,0.224666317418821,0.255912575436307,2060,3968,1799,3362,3150,4266,1885,5264,0.0799875747456706,0.154073153684864,0.0698532266832337,0.130542828298517,0.122311097305273,0.165644171779141,0.0731925137842665,0.204395433719034,FALSE,FALSE
"L0509","Cuentos clásicos de Andersen","cuentos clasicos de andersen",6,"Basica superior",13278,1003,13.2382851445663,4.26547672842296,1.85351709594819,5.27953796315527,2.51146560319043,11.4444329385694,82.1259233956513,78.1225997778618,68.83848810319,13278,2609,0.196490435306522,73.4331130606378,0.832278093272384,122.945379220739,8.79173967727229,0.559218091222691,0.0415676068814695,0.780931287323298,0.682016844980625,-0.950187392593726,"bastante facil",0.0563029020556227,0.134597944377267,0.0612152357920193,0.0421704957678355,0.0562273276904474,0.150392986698912,0.193470374848851,0.00506348246674728,0.0835852478839178,0.0241837968561064,0.0433041112454655,0.149486094316808,13278,1.29423660262892,5.12125320078325,2.38774845226458,4.58624127617149,1.01794616151545,1003,0.0313605591372,0.208033339218893,0.219341974077767,306,529,301,394,497,455,292,525,0.0927553804183086,0.160351621703547,0.0912397696271597,0.119430130342528,0.150651712640194,0.137920581994544,0.0885116702030918,0.159139133070627,FALSE,FALSE
"L0511","El Ankus del rey","el ankus del rey",6,"Basica superior",7828,598,13.0903010033445,4.32179356157384,1.85117526826776,5.47079817668502,2.39130434782609,11.3590855568639,82.4173768805232,78.4164797835743,73.3536537398486,7828,2106,0.269034236075626,85.9247746487963,0.844006395571792,117.425974235538,8.81660676339756,0.663817663817664,0.0376103573511524,0.806345288597509,0.714428774744449,-0.940249032570424,"bastante facil",0.0612923864363404,0.150735764555342,0.0680742162507997,0.0304542546385157,0.0445297504798464,0.148688419705694,0.202431222008957,0.00678182981445937,0.0788227767114523,0.0442738323736404,0.0307101727447217,0.13320537428023,7828,1.51969260326609,4.47112927950945,2.50719225449516,4.45909849749583,0.801335559265442,599,-0.0198392825838892,0.18820051106998,0.332220367278798,267,334,221,428,192,309,185,333,0.117672983693257,0.147201410312913,0.0973997355663288,0.188629352137506,0.0846187747906567,0.136183340678713,0.0815337152930806,0.146760687527545,FALSE,FALSE
"L0512","El cuarto de guardar","el cuarto de guardar",6,"Basica superior",2261,129,17.5271317829457,4.51260504201681,1.9765590446705,8.58793563937203,4.05426356589147,14.5689781224607,70.3687829011654,66.1682397340821,60.4697804742728,2261,868,0.38390092879257,87.7678139856513,0.829660033791078,125.853828577219,8.14299255114565,0.746543778801843,0.03695392043063,0.794421338155502,0.699158186864025,-1.00861570207242,"bastante facil",0.0647163120567376,0.157358156028369,0.0527482269503546,0.038563829787234,0.0438829787234043,0.152925531914894,0.213652482269504,0.00664893617021277,0.0713652482269504,0.0186170212765957,0.0447695035460993,0.134751773049645,2261,1.58552631578947,10.172490048651,2.50140712945591,5.27906976744186,1.37984496124031,129,0.0227199301671808,0.122527482389091,0.255813953488372,38,79,42,65,69,63,45,99,0.076,0.158,0.084,0.13,0.138,0.126,0.09,0.198,FALSE,FALSE
"L0513","El huevo de yegua (Pedro Urdemales)","el huevo de yegua pedro urdemales",6,"Basica superior",220,13,16.9230769230769,4.06363636363636,1.8,6.17126573426573,2.61538461538462,12.25,81.5784615384615,77.7719230769231,76.3378925959852,220,115,0.522727272727273,44.4817518248175,0.758373559112006,197.520661157025,6.18153806905084,0.739130434782609,0.0513445808205922,0.731578947368421,0.622479338842975,NA,"bastante facil",0.0229357798165138,0.13302752293578,0.0458715596330275,0.036697247706422,0.0458715596330275,0.165137614678899,0.220183486238532,0.00917431192660551,0.073394495412844,0.0229357798165138,0.0458715596330275,0.178899082568807,220,1.23076923076923,0,2.61352657004831,5,1.76923076923077,13,-0.00718551391628315,0.189478685954415,0.538461538461538,11,10,10,15,4,12,9,9,0.1375,0.125,0.125,0.1875,0.05,0.15,0.1125,0.1125,FALSE,FALSE
"L0514","El jardín secreto","el jardin secreto",6,"Basica superior",42097,3616,11.6418694690265,4.38311518635532,1.90476756063377,5.03540726224684,2.32688053097345,11.4265863083989,80.6792395035664,76.5261115034893,68.1768674468496,42097,5430,0.12898781385847,100.365163306594,0.85398240472453,99.1393874538151,9.19011430224665,0.531860036832413,0.0415948303121392,0.82052796803645,0.725808609933785,-1.01109195690474,"bastante facil",0.0527405081358835,0.124916738034066,0.0717242363688267,0.0385383956608621,0.0408221524407651,0.131363593110667,0.165572366542963,0.00375868303359026,0.0999381482538776,0.0437957940812637,0.0477685793129698,0.179060805024265,42097,0.924671183738541,8.31413164833599,2.30328699493309,4.3783185840708,1.07079646017699,3616,0.0199893858541185,0.21428738902957,0.238384955752212,779,1857,962,1349,1664,1669,1023,1879,0.0696655338937578,0.166070470398855,0.0860311214451798,0.120640314791629,0.148810588445716,0.149257735646575,0.0914863172956537,0.168037918082633,FALSE,FALSE
"L0515","El jinete sin cabeza","el jinete sin cabeza",6,"Basica superior",17543,588,29.8350340136054,4.50937695947101,1.93575785213475,14.7266824859112,7.02040816326531,18.8876059204962,60.2627941780372,56.4022517983994,62.9018395445979,17543,4143,0.236162571966026,88.0744711238719,0.825042743498487,138.487835895408,9.06755821105113,0.661115133960898,0.0347976015151563,0.798237109866225,0.709679545975643,-0.98618779027022,"normal",0.0679484253765404,0.180853491556367,0.0640118667275217,0.0209949794614331,0.0375399361022364,0.164707895937928,0.218621633957097,0.00154039251483341,0.0668644454586947,0.0199680511182109,0.0401072569602921,0.116841624828845,17543,1.87109375,11.0015390754147,2.95187260395164,6.87585034013605,2.35034013605442,588,0.00666348938412328,0.152620723335432,0.345238095238095,523,623,332,710,562,633,362,738,0.116662948918135,0.138969440107071,0.0740575507472675,0.158376087441445,0.12536248048182,0.141200089225965,0.0807494981039483,0.164621904974348,FALSE,FALSE
"L0516","El libro de la selva","el libro de la selva",6,"Basica superior",57332,3679,15.5835824952433,4.34366496895277,1.86667131793763,6.82045325138916,3.08562109268823,12.5143187248089,78.9444667785943,74.9577943972426,69.4248661272478,57332,7663,0.133660085118259,81.786685714402,0.841205834566589,116.438005571683,9.39760350743281,0.541563356387838,0.0386001692051984,0.797329050503531,0.703394370380707,-0.99253331589189,"bastante facil",0.047818718661006,0.149081887590195,0.0581442074182784,0.0333525516711218,0.044935967992732,0.149833149885564,0.182591680206859,0.00559078917483446,0.0799657564163041,0.0573754739067386,0.0428219508359977,0.148487866240369,57332,1.22967407930345,4.79662317728319,2.59157922203791,4.88774123403099,1.29219896711063,3679,-0.0198389112652529,0.228705080093521,0.319652079369394,1674,1966,1379,2474,1217,1966,1130,2146,0.119982798165138,0.140911697247706,0.098838876146789,0.177322247706422,0.0872276376146789,0.140911697247706,0.0809919724770642,0.153813073394495,FALSE,FALSE
"L0517","El libro de los chicos enamorados","el libro de los chicos enamorados",6,"Basica superior",6206,589,10.5365025466893,4.26007089912987,1.86835320657428,3.90318520824636,1.96943972835314,10.5658038307854,83.9915750079199,79.9000926837329,71.1689060820724,6206,1861,0.299871092491138,82.4847865277741,0.864903526862756,92.0823558210745,8.89494366292613,0.663084363245567,0.0363607984301221,0.798947539386095,0.711046340265259,-0.96532650817756,"bastante facil",0.0486661277283751,0.136135812449475,0.0573969280517381,0.0257073565076799,0.0379951495553759,0.149878738884398,0.219240097008892,0.00582053354890865,0.092805173807599,0.0465642683912692,0.0405820533548909,0.139207760711399,6206,1.57491289198606,3.86722526587174,2.43884635926651,4.14431239388795,0.67741935483871,589,0.0106108400145271,0.283831066665361,0.256366723259762,142,296,99,199,335,286,175,284,0.0781938325991189,0.162995594713656,0.0545154185022026,0.109581497797357,0.184471365638767,0.157488986784141,0.0963656387665198,0.156387665198238,FALSE,FALSE
"L0518","El mapa imposible","el mapa imposible",6,"Basica superior",15868,1522,10.4257555847569,4.52218300983111,1.94996218805142,5.08235976868296,2.26675427069645,11.485598497062,79.2079980204625,74.9266000996394,63.031208436445,15868,3502,0.220695739853794,82.5203477459118,0.847573473854883,108.77162542577,9.11439362023235,0.615648201027984,0.037190640956444,0.799888741386924,0.709005009829373,-0.96423613799954,"bastante facil",0.0530934062440389,0.138996629999364,0.0535385006676416,0.0366249125707382,0.0405671774655052,0.149043046989254,0.195905131302855,0.00610415209512304,0.0711515228587779,0.0578622750683538,0.0419024607363133,0.155210784002035,15868,1.2621876280213,10.0201663725737,2.34371299198885,4.09902280130293,0.785667752442997,1535,0.0110622154618911,0.226025658206867,0.218241042345277,321,664,319,529,445,596,344,669,0.0825829688705943,0.170825829688706,0.0820684332390018,0.136094674556213,0.114484178029329,0.153331618214561,0.0885001286339079,0.172112168767687,FALSE,FALSE
"L0519","El picapedrero (cuento popular chino)","el picapedrero cuento popular chino",6,"Basica superior",1045,69,15.1449275362319,4.32535885167464,1.93397129186603,6.5149039595035,3.26086956521739,13.1373829831496,75.3538964010818,71.2036609805145,62.2642877386782,1045,371,0.355023923444976,75.7158429637902,0.819451693100974,125.857924498066,7.39811874879587,0.676549865229111,0.0493405665090239,0.7825702811245,0.689439746300213,-0.744471610404388,"bastante facil",0.068007662835249,0.124521072796935,0.0545977011494253,0.0574712643678161,0.0613026819923372,0.176245210727969,0.207854406130268,0,0.0584291187739464,0.00766283524904215,0.0354406130268199,0.148467432950192,1045,1.4,5.74162679425837,2.52459016393443,4.92753623188406,1.11594202898551,69,0.0643964451901525,0.216867860067958,0.231884057971014,27,60,18,35,56,23,34,36,0.0934256055363322,0.207612456747405,0.0622837370242214,0.121107266435986,0.193771626297578,0.0795847750865052,0.117647058823529,0.124567474048443,FALSE,FALSE
"L0522","El príncipe feliz","el principe feliz",6,"Basica superior",3639,272,13.3786764705882,4.38609508106623,1.90656773838967,5.91784606711605,2.94485294117647,12.1251831365275,78.79968569662,74.6771534277355,66.7027841811281,3639,1185,0.325638911788953,89.2159929524135,0.839969734911728,115.506941721168,8.41015417990662,0.686075949367089,0.0384259393505465,0.807086350974939,0.716223163841811,-0.987543102226268,"bastante facil",0.058742415885273,0.134583563154992,0.0562603419746277,0.0336458907887479,0.0430226144511859,0.176778819635962,0.178433535576393,0.00275785990071704,0.0683949255377827,0.0672917815774959,0.0300606729178158,0.150027578599007,3639,1.18933823529412,3.84721077219016,2.3973863973864,4.58455882352941,0.863970588235294,272,0.031640788506726,0.169678094381196,0.25,50,171,68,111,159,145,63,162,0.0538213132400431,0.184068891280947,0.0731969860064586,0.119483315392896,0.171151776103337,0.156081808396125,0.0678148546824543,0.17438105489774,FALSE,FALSE
"L0523","El príncipe y el mendigo","el principe y el mendigo",6,"Basica superior",70309,4186,16.7962255136168,4.43601814845895,1.91187472443073,7.86175823605004,3.87553750597229,13.5206496985931,74.9953665102672,70.9289791543489,59.5368914002203,70309,10607,0.15086262071712,86.6215629236649,0.843403283594002,115.604168503859,9.65756967553551,0.584708211558405,0.0349636211005108,0.801063763165267,0.713327018943195,-0.985251200488568,"bastante facil",0.0624491949629925,0.14831505540423,0.0571012963306285,0.0321159139202236,0.0562313714864306,0.14986951127337,0.201280643459163,0.00581851371201209,0.076239642902982,0.0374210293635288,0.0336561087263445,0.139501718458094,70309,1.44285422204048,12.1606053279097,2.64722339846349,5.0152635344622,1.12425471023134,4193,0.0142279299197016,0.270993142696464,0.297161936560935,2634,2768,2237,3268,2260,3323,1653,3802,0.120027341079973,0.1261335156072,0.101936659831397,0.148917748917749,0.102984734563682,0.151424014581909,0.0753246753246753,0.173251310093415,FALSE,FALSE
"L0524","El rescate del jefe Rojo","el rescate del jefe rojo",6,"Basica superior",4397,302,14.5596026490066,4.36570388901524,1.89106208778713,6.41226664176508,3.24503311258278,12.4027776690007,78.5254800307856,74.4622292818553,60.9127104950009,4397,1558,0.354332499431431,95.3813230183903,0.833394424040085,122.099293515246,8.61035679670433,0.736842105263158,0.0339488408149534,0.807663293468302,0.721468124709163,-1.03369787652841,"bastante facil",0.0468927839745049,0.152970635101298,0.045526974732529,0.0330070566810835,0.0425677213749146,0.151832460732984,0.202139767812429,0.0127475529251081,0.0785340314136126,0.0459822444798543,0.0359663100386979,0.151832460732984,4397,1.33133433283358,10.6891062087787,2.43115234375,4.64569536423841,1.06291390728477,302,-0.0124360378770959,0.204173091134207,0.321192052980132,157,188,115,200,127,168,125,225,0.120306513409962,0.144061302681992,0.0881226053639847,0.153256704980843,0.0973180076628352,0.128735632183908,0.0957854406130268,0.172413793103448,FALSE,FALSE
"L0525","El rey Midas","el rey midas",6,"Basica superior",1035,128,8.0859375,4.18357487922705,1.85990338164251,2.31760643115942,1.3984375,9.51037552838164,86.9981408514493,82.8770818236715,74.6407490806374,1035,400,0.386473429951691,66.2080546356532,0.823408361996008,126.005274335457,7.4935084094004,0.67,0.0454220545911872,0.79555780933063,0.687991452991451,-0.775189533117256,"muy facil",0.0600193610842207,0.111326234269119,0.0619554695062924,0.0396902226524685,0.05324298160697,0.174249757986447,0.200387221684414,0,0.0687318489835431,0.0522749273959342,0.0193610842207164,0.158760890609874,1035,1.26219512195122,3.86473429951691,2.19404630650496,3.45038167938931,0.389312977099237,131,0.121746810645331,0.435008571965684,0.122137404580153,13,44,11,25,57,34,26,52,0.049618320610687,0.16793893129771,0.0419847328244275,0.0954198473282443,0.217557251908397,0.129770992366412,0.099236641221374,0.198473282442748,FALSE,FALSE
"L0529","En la ciudad de los Césares","en la ciudad de los cesares",6,"Basica superior",33593,3153,10.6542974944497,4.52183490608162,1.92772303753758,5.19499115486931,2.57913098636219,11.3123078657789,80.3092343034063,76.0835572669589,63.9953195047555,33593,5510,0.164022266543625,86.3716286292972,0.852403435149104,104.425840418143,9.3329138292096,0.569147005444646,0.0383218600142105,0.803629859289244,0.712741386516955,-0.969406001776685,"bastante facil",0.0498523225633223,0.136937259464781,0.0619946895790447,0.0318028580804917,0.0500014916912796,0.142904024583072,0.188997285121871,0.00456457531549271,0.089322473820818,0.0494048151794505,0.0346370715116799,0.159581133088696,33593,1.18433352028417,10.8058226416218,2.44936105909793,4.13350205631129,0.737108509965201,3161,0.00549599117356718,0.270283822233227,0.236001265422335,847,1519,547,1373,1007,1281,786,1599,0.0945418015403505,0.169550173010381,0.0610559214198013,0.153253711351713,0.112400937604643,0.142984708114745,0.0877330059158388,0.178479741042527,FALSE,FALSE
"L0530","Felicidad clandestina","felicidad clandestina",6,"Basica superior",1104,77,14.3376623376623,4.30978260869565,1.91213768115942,6.03790725578769,2.72727272727273,12.5649129493695,77.4873235460192,73.3711601261058,61.077879403085,1104,450,0.407608695652174,82.2429758607044,0.832507351226865,114.012287334594,7.62880462491434,0.744444444444444,0.0420918831488056,0.798085308056874,0.699572139303488,-0.751432582415449,"bastante facil",0.0607985480943739,0.152450090744102,0.0716878402903811,0.0344827586206897,0.0326678765880218,0.148820326678766,0.186025408348457,0.00272232304900181,0.104355716878403,0.00998185117967332,0.0417422867513612,0.15426497277677,1104,1.20588235294118,12.6811594202899,2.67575462512171,4.64935064935065,1.16883116883117,77,0.0244209682687076,0.142667496732605,0.207792207792208,20,36,14,19,42,21,16,34,0.099009900990099,0.178217821782178,0.0693069306930693,0.0940594059405941,0.207920792079208,0.103960396039604,0.0792079207920792,0.168316831683168,FALSE,FALSE
"L0531","Iván el imbécil","ivan el imbecil",6,"Basica superior",9790,801,12.2222222222222,4.18243105209397,1.83033707865169,4.38036136647373,2.29088639200999,10.7746441947566,84.5531086142322,80.5827777777778,69.5412298209672,9790,1984,0.202655771195097,61.462081158539,0.828073129237011,123.462164076871,8.49225359731183,0.601310483870968,0.0435279380792804,0.766861718509402,0.657494582602401,-0.992929459849105,"muy facil",0.0341862845445241,0.126816786079836,0.0560900716479017,0.0321392016376663,0.0631525076765609,0.147697031729785,0.174206755373593,0.00388945752302968,0.0973387922210849,0.0447287615148413,0.0348004094165814,0.184953940634596,9790,0.941892639734366,3.06435137895812,2.3055617352614,4.43071161048689,0.853932584269663,801,-0.00190023633098999,0.224418075123154,0.287141073657928,385,367,191,306,246,451,164,419,0.152234084618426,0.145116646896006,0.0755239224990115,0.120996441281139,0.0972716488730724,0.178331356267299,0.0648477659153816,0.165678133649664,TRUE,TRUE
"L0532","Konrad","konrad",6,"Basica superior",33974,2663,12.7577919639504,4.4339200565138,1.93562724436334,5.83265944815524,2.57453999248967,12.225940349428,77.6894175349704,73.4876307122137,65.8903681746875,33974,4799,0.141255077412139,64.2292039128605,0.830098702891411,124.30815985667,8.97780608688431,0.530527193165243,0.0414000251246543,0.769648341930714,0.666754538745356,-0.998210196705851,"bastante facil",0.0557194265825025,0.130611763317798,0.0620907321102,0.035425638605392,0.0469588814819185,0.145920594655183,0.196596071028258,0.00802312547932275,0.0717066839714471,0.0676656244469353,0.0303226948262639,0.148958763494779,33974,1.31980198019802,7.41743686348384,2.46268084698668,4.42733758918513,0.770184003004131,2663,0.00871120508167127,0.225854796895687,0.218550506947052,619,1177,960,806,934,1138,588,1826,0.0769135188866799,0.146247514910537,0.119284294234592,0.100149105367793,0.116053677932406,0.141401590457256,0.0730616302186879,0.226888667992048,FALSE,FALSE
"L0534","La caja de Pandora","la caja de pandora",6,"Basica superior",243,25,9.72,4.31687242798354,1.88065843621399,3.76246913580247,2.16,10.3925695473251,84.0860938271605,79.9499794238683,65.9499218661065,243,148,0.609053497942387,84.9941352415113,0.828168381752218,119.900421683686,6.67498253813336,0.817567567567568,0.037838713758749,0.780824742268041,0.687152777777779,NA,"bastante facil",0.037344398340249,0.0912863070539419,0.037344398340249,0.012448132780083,0.0539419087136929,0.195020746887967,0.244813278008299,0,0.0746887966804979,0.0912863070539419,0.024896265560166,0.136929460580913,243,1.78787878787879,16.4609053497942,2.75229357798165,3.48,0.32,25,0.0250142258612847,0.184554891322219,0.16,8,10,6,15,10,13,5,7,0.108108108108108,0.135135135135135,0.0810810810810811,0.202702702702703,0.135135135135135,0.175675675675676,0.0675675675675676,0.0945945945945946,FALSE,FALSE
"L0535","La casa de muñecas","la casa de munecas",6,"Basica superior",3104,222,13.981981981982,4.37789948453608,1.90431701030928,6.18089756315594,3.0045045045045,12.3339136946225,78.3193577598217,74.21406827575,66.954990439606,3104,1073,0.345682989690722,90.5987599467142,0.83359760836068,119.553917791476,8.29320164335685,0.706430568499534,0.0378333815651189,0.804602291325706,0.710000000000015,-1.02386201147526,"bastante facil",0.0509841884478864,0.156502097450791,0.0613101000322685,0.0309777347531462,0.0432397547595999,0.145208131655373,0.183607615359793,0.00484027105517909,0.08486608583414,0.0493707647628267,0.0332365279122298,0.155856727976767,3104,1.17805383022774,5.47680412371134,2.40770298403886,4.7027027027027,1.11261261261261,222,0.0162350484907654,0.188826480330137,0.216216216216216,55,104,64,103,96,90,68,120,0.0785714285714286,0.148571428571429,0.0914285714285714,0.147142857142857,0.137142857142857,0.128571428571429,0.0971428571428571,0.171428571428571,FALSE,FALSE
"L0536","La Cenicienta","la cenicienta",6,"Basica superior",1589,83,19.144578313253,4.4040276903713,1.91567023285085,8.88525957827534,4.49397590361446,14.4812942898087,72.372316149431,68.3441661801391,60.7116700944922,1589,537,0.337948395217118,70.9279370959902,0.813006693201666,137.936988919653,7.65449014368985,0.655493482309125,0.0459784017038946,0.786597402597396,0.685107382550334,-0.875727765555324,"bastante facil",0.0441361916771753,0.128625472887768,0.0586380832282472,0.0258511979823455,0.0611601513240857,0.165195460277427,0.201134930643127,0.00756620428751576,0.0725094577553594,0.0302648171500631,0.0390920554854981,0.165825977301387,1589,1.21292775665399,1.88797986154814,2.55179282868526,5.54216867469879,1.51807228915663,83,0.0283663653687408,0.123568474436273,0.240963855421687,29,60,32,33,70,63,27,71,0.0753246753246753,0.155844155844156,0.0831168831168831,0.0857142857142857,0.181818181818182,0.163636363636364,0.0701298701298701,0.184415584415584,FALSE,TRUE
"L0537","La historia de Abdula, el mendigo ciego (en Las mil y una noches)","la historia de abdula el mendigo ciego en las mil y una noches",6,"Basica superior",1294,64,20.21875,4.53632148377125,1.94822256568779,10.0454491885626,5.40625,15.2843387751159,69.3235210587326,65.2419841576507,60.0094488388041,1294,532,0.41112828438949,79.9998501973438,0.820482900318639,128.640330236569,7.70820289754717,0.757518796992481,0.0398613450164393,0.7929156626506,0.689004184100421,-0.854182875284651,"bastante facil",0.053405572755418,0.123065015479876,0.0557275541795666,0.0309597523219814,0.0441176470588235,0.164860681114551,0.196594427244582,0.0147058823529412,0.0835913312693498,0.0239938080495356,0.0479876160990712,0.160990712074303,1294,1.22115384615385,12.3647604327666,2.69349593495935,5.75,1.75,64,-0.000797776222025747,0.125014021761225,0.328125,39,48,32,35,40,40,28,67,0.11854103343465,0.145896656534954,0.0972644376899696,0.106382978723404,0.121580547112462,0.121580547112462,0.0851063829787234,0.203647416413374,FALSE,FALSE
"L0538","La historia interminable","la historia interminable",6,"Basica superior",120887,10308,11.7274932091579,4.53086766980734,1.95358475270294,5.77413332937154,2.6674427629026,12.0360224334663,77.6628717644827,73.3991766974491,65.6257042414557,120887,10976,0.0907955363273139,93.838565822832,0.857698751701522,98.91840855893,9.52465953445577,0.501822157434402,0.0403372825890648,0.814265380095779,0.72067548100806,-1.06881093461394,"bastante facil",0.0578631571968441,0.136320692169993,0.0764768282171982,0.0408738314658888,0.0484154345952397,0.13639527945369,0.169155671948551,0.00452496187761055,0.0926456938274879,0.0544570045746867,0.0348571239143406,0.14801432075847,120887,1.14283314669653,8.30527682877398,2.41589199160819,4.22458284827319,0.752231276678308,10308,0.00552911378485132,0.214322263516803,0.239231664726426,2793,4712,2501,4585,3011,4239,2509,4941,0.0953535215595234,0.160868526168448,0.0853845891229388,0.156532723362125,0.102796080707385,0.144720221228364,0.0856577105595575,0.16868662729166,FALSE,FALSE
"L0540","La reina de las nieves","la reina de las nieves",6,"Basica superior",11511,859,13.4004656577416,4.35678915819651,1.89835809225958,5.79070976397633,2.88940628637951,12.0368070951822,79.2700394935289,75.1668251944868,65.9207912460473,11511,2723,0.236556337416384,83.9905837060498,0.833794043056375,121.790187870367,8.88328524116305,0.615497612926919,0.0379602926852821,0.796808584889193,0.705997195934081,-0.968828388484515,"bastante facil",0.0587568651381745,0.139482172434836,0.0579722779182286,0.0309476070089792,0.0573620434138262,0.157614854851364,0.196495510417575,0.0031383488797838,0.0845610670386191,0.0273733763403365,0.0319065469444687,0.154389329613809,11511,1.27272727272727,4.51741812179654,2.46301164100638,4.60419091967404,0.918509895227008,859,0.0199381550345875,0.213827101256437,0.217694994179278,183,473,209,306,421,356,205,474,0.0696612105062809,0.180053292729349,0.0795584316711077,0.116482679862962,0.160258850399695,0.135515797487628,0.0780357822611344,0.180433955081842,FALSE,FALSE
"L0541","La Sirenita","la sirenita",6,"Basica superior",8815,535,16.4766355140187,4.3838910947249,1.89733408961997,7.45644481316363,3.64485981308411,13.2244301079829,76.193786398503,72.1544507026574,64.4551019520712,8815,2254,0.255700510493477,84.7830820826265,0.825787464718717,129.480990255034,8.70979462271048,0.648624667258208,0.0380518348552774,0.798377823408637,0.706646397429986,-0.96998308541858,"bastante facil",0.0701295749033871,0.145260286428734,0.0471698113207547,0.0296658331438963,0.0534212320982041,0.17617640372812,0.219027051602637,0.00386451466242328,0.0777449420322801,0.00466015003409866,0.0342123209820414,0.138667879063424,8815,1.57950819672131,5.33182076006807,2.50072463768116,5.03738317757009,1.11775700934579,535,0.0346938130180958,0.172797397426924,0.226168224299065,132,462,175,333,398,304,187,338,0.0566766852726492,0.198368398454272,0.0751395448690425,0.142979819665092,0.170888793473594,0.130528123658222,0.0802919708029197,0.145126663804208,FALSE,FALSE
"L0543","La vendedora de fósforos","la vendedora de fosforos",6,"Basica superior",945,75,12.6,4.26666666666667,1.87830687830688,4.966,2.44,11.4880211640212,81.2895873015873,77.2164814814815,73.4854560034993,945,392,0.414814814814815,82.7380331356768,0.82096234849282,127.208084880043,7.48292188065631,0.704081632653061,0.0431647292706274,0.801473214285713,0.701087470449176,-0.809762779904468,"bastante facil",0.0615711252653928,0.141188959660297,0.0615711252653928,0.0286624203821656,0.0562632696390658,0.177282377919321,0.208067940552017,0.00530785562632696,0.0626326963906582,0.0233545647558386,0.0329087048832272,0.141188959660297,945,1.47368421052632,10.5820105820106,2.40804597701149,4.46666666666667,0.813333333333333,75,-0.000759803618499271,0.263633182423013,0.266666666666667,16,36,9,26,35,27,15,42,0.0776699029126214,0.174757281553398,0.0436893203883495,0.12621359223301,0.169902912621359,0.131067961165049,0.0728155339805825,0.203883495145631,FALSE,FALSE
"L0544","Las aventuras del barón de Munchausen","las aventuras del baron de munchausen",6,"Basica superior",30963,1345,23.0208178438662,4.48803410522236,1.92629913122113,11.2190495575304,5.39033457249071,16.1184487075172,67.7808179259884,63.8057462810571,59.5440921860575,30963,6124,0.197784452410942,86.5934470259086,0.832285703412767,130.504264435251,9.36707240468489,0.61152841280209,0.0348978246265931,0.800028466067075,0.710062856402232,-0.948444669545865,"normal",0.0577557755775578,0.170549407881965,0.0604413382514722,0.0279880929269398,0.0421924545395716,0.15951595159516,0.205558791173235,0.00721542742509545,0.0690804374555103,0.0281175176341164,0.0395068918656572,0.13207791367372,30963,1.55634492895639,15.728450085586,2.71419407117294,6.05497771173848,1.81054977711738,1346,0.00996841752595729,0.140942385582885,0.309063893016345,839,1343,646,1276,872,1115,672,1517,0.101328502415459,0.16219806763285,0.0780193236714976,0.154106280193237,0.105314009661836,0.134661835748792,0.0811594202898551,0.183212560386473,FALSE,TRUE
"L0545","Las crónicas de Narnia: El león, la bruja y el ropero","las cronicas de narnia el leon la bruja y el ropero",6,"Basica superior",40084,3159,12.6888255777145,4.39786448458238,1.90427602035725,5.62835451124023,2.5954415954416,11.8290990155242,79.6408366892963,75.5097783540289,68.1652110837441,40084,5724,0.142800119748528,90.9974593746545,0.849675418121231,106.628589691216,9.27562303130611,0.555031446540881,0.0398951132079973,0.808913200949098,0.719422283356228,-0.998085635963976,"bastante facil",0.0525183276202867,0.14146671003578,0.069332199064228,0.039432531838767,0.0492656441564291,0.13683789126029,0.179748292341181,0.00472890134360848,0.083093552180549,0.0498160982810819,0.0422848850301499,0.151474966847649,40084,1.18665345226297,8.73166350663606,2.50342567768841,4.37295597484277,0.976415094339623,3180,0.00637257659719939,0.234877213697609,0.242452830188679,1029,1448,1238,1661,917,1240,720,1751,0.102858856457417,0.144742103158737,0.12375049980008,0.166033586565374,0.0916633346661336,0.123950419832067,0.0719712115153938,0.175029988004798,FALSE,FALSE
"L0546","Los escarabajos vuelan al atardecer","los escarabajos vuelan al atardecer",6,"Basica superior",72322,8341,8.67066299004916,4.60306683996571,1.99513287796245,4.58577631126307,1.98285577268913,11.334126526076,78.2879510724031,73.8675587128905,63.1310871249908,72322,7681,0.106205580597882,91.6630116301484,0.859622970886685,95.689977928958,9.39448667494211,0.511131363103763,0.0412430825911605,0.812257136136451,0.717389889647349,-1.02836505819039,"bastante facil",0.0505276312135518,0.125354068314357,0.0756734240488753,0.0513746181616218,0.0379755623437934,0.129075256873091,0.161621771730075,0.00409608442099417,0.0911552346570397,0.0651763399055818,0.0385865037489586,0.169383504582061,72322,0.954176571850152,11.448798429247,2.18495366391098,3.76113167004894,0.577891846723171,8377,0.0129955191242587,0.225644334744164,0.199952250208905,1197,3058,1018,2090,1773,2519,1446,2868,0.0749577306030434,0.19149602354562,0.0637485127434404,0.130878577243409,0.111027616006012,0.157743127309162,0.0905504414803682,0.179597971068946,FALSE,FALSE
"L0547","Los perros rojos","los perros rojos",6,"Basica superior",10909,711,15.3431786216596,4.3490695755798,1.87753231276927,6.72570701181066,2.89170182841069,12.5487209531247,78.5380190397508,74.5215582928147,69.9034633534508,10909,2548,0.233568613071776,85.5621001476378,0.835373042222419,121.698282462923,8.82668880327106,0.638932496075353,0.0387387671376634,0.799235727440151,0.708162812210887,-0.941454510787128,"bastante facil",0.0503947126858821,0.15687534422618,0.0622360932623462,0.028823205434184,0.0488342206719295,0.15476409032495,0.19285845419497,0.00477326968973747,0.0737102992472921,0.0483752524325317,0.0397466495318524,0.138608408298146,10909,1.39139072847682,4.67503895865799,2.63198666405177,4.73558368495077,1.10126582278481,711,-0.0372508841557337,0.204455442655972,0.378340365682138,443,364,306,547,194,482,229,333,0.152864044168392,0.1256038647343,0.105590062111801,0.188750862663906,0.0669427191166322,0.16632160110421,0.0790200138026225,0.114906832298137,FALSE,FALSE
"L0548","Malditas matemáticas","malditas matematicas",6,"Basica superior",19886,1598,12.4443053817272,4.3815246907372,1.88529618827316,5.4291339842358,2.65331664580726,11.5097741204968,81.0290372142489,76.9367420888552,62.4092253751301,19886,3411,0.171527707935231,64.6207368010487,0.84644358756111,110.009028734227,8.97515206643864,0.56171210788625,0.0414377106835403,0.774548570852442,0.672806893414845,-0.965091297860178,"bastante facil",0.0597864768683274,0.135332994407728,0.0645653279105236,0.042755465175394,0.0477885104219624,0.153126588713777,0.19069649211998,0.0189628876461617,0.0751398068124047,0.039196746314184,0.0346212506354855,0.138027452974072,19886,1.38158379373849,9.05159408629186,2.51056511056511,4.2887323943662,0.749413145539906,1704,0.0156067050245038,0.178837265650429,0.188380281690141,254,558,230,407,327,451,295,712,0.0785405071119357,0.172541743970315,0.0711193568336426,0.125850340136054,0.101113172541744,0.139455782312925,0.0912183055040198,0.220160791589363,FALSE,FALSE
"L0549","Matilda","matilda",6,"Basica superior",38768,3688,10.5119305856833,4.4866900536525,1.95073256293851,4.95827544554491,2.41784164859002,11.5282971710909,79.0738770262927,74.7924307432478,64.7456791494841,38768,5683,0.146589971110194,80.4063432922655,0.851003124008416,104.31089781532,9.25071289121958,0.563258842160831,0.0396073074392899,0.797513882073369,0.699788719646178,-1.00088258461987,"bastante facil",0.0558172031880758,0.126591450160439,0.0680053824655833,0.0437325328640927,0.0387641030949177,0.141729634613394,0.180053824655833,0.00843597971224511,0.0915536693924024,0.0516768450470966,0.0357882206810889,0.157851154124832,38768,1.14065573770492,6.2938505984317,2.32104783079642,4.07998915401302,0.758947939262473,3688,0.00805741201100062,0.240736166071153,0.222885032537961,857,1127,932,1117,955,1332,624,1759,0.0984717913363208,0.129495576238079,0.107089509364587,0.128346547167643,0.109732276226589,0.153050672182006,0.0716994139951741,0.202114213489601,FALSE,FALSE
"L0550","Momo","momo",6,"Basica superior",65526,5923,11.0629748438291,4.42714342398437,1.93036351982419,4.95333294888097,2.30609488434915,11.5028497230188,79.7339544698428,75.5103778711237,69.5147085552126,65526,7443,0.113588499221683,85.6624545265801,0.859091986783011,95.3078717931475,9.34613069942614,0.536611581351606,0.0407221369454817,0.806308780182223,0.709525425283155,-1.06839310478162,"bastante facil",0.0548356002998822,0.127266329044202,0.0803102862650897,0.0426414112823024,0.0473385455713827,0.135650790250769,0.171070548815006,0.0057834422191282,0.0985939197356141,0.0377912758763139,0.042840312734283,0.155877537906027,65526,1.09746760895171,7.82895339254647,2.37691249496712,4.13381707728653,0.745865676679041,5926,0.0142034699509163,0.218834322366359,0.222578467769153,1268,2763,1376,1960,1718,2335,1224,2806,0.0820711974110032,0.178834951456311,0.0890614886731392,0.126860841423948,0.111197411003236,0.151132686084142,0.0792233009708738,0.181618122977346,FALSE,FALSE
"L0551","Mujercitas","mujercitas",6,"Basica superior",81901,5422,15.1053116931022,4.41439054468199,1.91175931917803,6.91443531200328,3.22002950940612,12.8598315266106,76.7270229223539,72.6270827221064,65.6047165281693,81901,9658,0.117922858084761,109.623757049167,0.860601581567783,94.9417912549553,9.59026827107862,0.525471112031476,0.0384584177475969,0.82843937839007,0.738604679592204,-1.01131991653298,"bastante facil",0.0607688166780855,0.12465743368895,0.06451257707742,0.0371562102378389,0.0524615836351179,0.129759224821376,0.174133796613487,0.00314426935499657,0.0931046295390036,0.0459161201918371,0.0445825584809631,0.169802779680924,81901,1.0255061603862,9.97545817511386,2.47877876569038,4.94750414440965,1.36268189353472,5429,0.0344507811575154,0.257472343535957,0.245533247375207,1930,3906,1811,2794,3759,3668,2085,4753,0.0781186756253542,0.158099247146442,0.0733020318950862,0.113089937666963,0.152149275479641,0.148465959685906,0.0843924552740225,0.192382417226585,FALSE,FALSE
"L0553","Pacha Pulai","pacha pulai",6,"Basica superior",67685,5156,13.127424359969,4.56068552855138,1.9687818571323,6.61454101946148,3.20810705973623,12.7613214145491,75.3231157248934,71.0524659406885,56.5953000632307,67685,10130,0.149663884169314,93.5024022055212,0.840044751300441,121.528438504809,9.60915297052333,0.573346495557749,0.0353516374509231,0.807768348216793,0.720762879886377,-0.992342031909017,"bastante facil",0.0583926453143535,0.166444246737841,0.0511269276393832,0.02858837485172,0.0363879003558719,0.159949584816133,0.205664294187426,0.00556049822064057,0.0788404507710558,0.041785290628707,0.0303825622775801,0.136877224199288,67685,1.50254576968909,14.670901972372,2.45522149368303,4.55605120248254,0.883048875096974,5156,0.0154832966711334,0.215265508702364,0.253878975950349,1867,2405,1264,2772,1429,2441,1266,3669,0.109098346286449,0.140536434289721,0.0738619762753462,0.161982118857009,0.0835037690644539,0.142640098170981,0.0739788464909718,0.214398410565068,FALSE,FALSE
"L0554","Papaíto piernas largas","papaito piernas largas",6,"Basica superior",40171,2719,14.7741816844428,4.40905130566827,1.90381120708969,6.72372249191895,3.14674512688488,12.6369031005911,77.5416622564868,73.4533801138694,64.220287186091,40171,6736,0.167683154514451,102.650037841485,0.850494983525362,105.844668705098,9.41403611649794,0.60020783847981,0.0365875702589082,0.817497133742033,0.730400029946079,-0.995663290297503,"bastante facil",0.0584679937061365,0.138415045330802,0.0691325957191738,0.0452059242238817,0.0482779290192063,0.133969379854642,0.178475985913734,0.00846674492369939,0.0905367266914758,0.040235770124129,0.0456305102525038,0.143185394240615,40171,1.24646781789639,11.3016852953623,2.48635818109081,4.86525082387404,1.21127792017576,2731,0.0348799709012316,0.193033560593118,0.219699743683632,695,1749,739,1072,1407,1415,777,1891,0.0713186249358645,0.179476654694715,0.0758337609030272,0.110005130836326,0.144381734222678,0.14520266803489,0.0797331965110313,0.194048229861467,FALSE,FALSE
"L0555","Platero y yo","platero y yo",6,"Basica superior",32150,1917,16.7709963484611,4.22124416796268,1.83144634525661,6.83755820533477,3.14814814814815,12.5617554499278,79.8468030091731,75.9648963420521,71.5501738961816,32150,6167,0.191819595645412,79.5144736887225,0.829610575162393,131.935382598579,9.3198914696501,0.613588454678126,0.0352999415232356,0.789014049406498,0.706202614582963,-0.95614743961864,"bastante facil",0.0812033829541554,0.160097369160191,0.0450332365883344,0.0185375901132853,0.0431607527385076,0.176013481883719,0.225166182941672,0.00646006928190244,0.0646319008831882,0.0403208188996037,0.0280872577474019,0.111287956808039,32150,2.02327537857543,5.06998444790047,2.88896239208812,4.88547631441957,0.899010931806351,1921,-0.00727695385283237,0.294318685667721,0.315981259760541,694,1353,801,1075,1481,1519,691,1211,0.0786402266288952,0.153314447592068,0.0907648725212465,0.121813031161473,0.167818696883853,0.172124645892351,0.078300283286119,0.137223796033994,FALSE,FALSE
"L0556","Rikki-tikki-tavi","rikki tikki tavi",6,"Basica superior",6127,411,14.9075425790754,4.28039823731027,1.87383711441162,6.18444698726907,2.75669099756691,12.3352195558965,79.2040797046458,75.1874051930806,67.1320709331627,6127,1594,0.260159947772156,79.9294785852051,0.827673975722212,126.116242168481,8.4567791854445,0.641781681304893,0.0407689823209314,0.796538334978638,0.70047279362971,-0.987066942460333,"bastante facil",0.0514789998365746,0.150514789998366,0.0625919267854225,0.0326850792613172,0.0473933649289099,0.140055564634744,0.17519202484066,0.00326850792613172,0.0871057362314104,0.0531132537996405,0.0402026474914202,0.156398104265403,6127,1.12016718913271,4.08030031010282,2.58912016792024,4.7323600973236,1.24817518248175,411,-0.0412397337046213,0.33426540065458,0.35036496350365,188,200,187,311,150,255,143,225,0.11332127787824,0.120554550934298,0.112718505123568,0.187462326702833,0.0904159132007233,0.15370705244123,0.0861965039180229,0.135623869801085,FALSE,FALSE
"L0557","Robin Hood","robin hood",6,"Basica superior",15803,1253,12.6121308858739,4.48332595076884,1.87831424413086,5.99253067105819,2.94253790901836,11.492839126235,81.2767718485569,77.2038917047735,65.2548192381572,15803,3525,0.223058912864646,67.5042547914353,0.830084835427689,134.151182745214,9.00122326007539,0.629787234042553,0.0369598461365443,0.789429986035278,0.700203769740165,-0.972506244759732,"bastante facil",0.0414043740671036,0.163930170679473,0.0394574599260173,0.0257641638003764,0.0346550717113375,0.161788565124278,0.200207670841716,0.00421831397235382,0.0640534752417418,0.0830683366863521,0.0310857291193458,0.150366668829905,15803,1.3314630988347,5.44200468265519,2.34877328018693,4.551261829653,0.926656151419558,1268,0.000472846008766008,0.201563480560042,0.254731861198738,560,609,441,705,463,526,375,808,0.124804992199688,0.135725429017161,0.0982839313572543,0.157120570537107,0.103186984622242,0.117227546244707,0.0835747715622911,0.18007577445955,TRUE,FALSE
"L0558","Socorro (varios cuentos)","socorro varios cuentos",6,"Basica superior",33525,2229,15.0403768506057,4.42609992542878,1.9165697240865,6.9371190740724,3.27456258411844,12.8912697159569,76.5046321671921,72.3923293388053,63.3587379058358,33525,7089,0.211454138702461,100.695713562573,0.853035884903163,106.586625783178,9.66419154868682,0.627592044011849,0.0329500972080931,0.817045644640878,0.730584874050125,-0.94351128360359,"bastante facil",0.0482350822427662,0.149357665986313,0.0565494056909593,0.0298655300756393,0.0349081522391644,0.149837915716172,0.177452275183095,0.00714371473166046,0.0848841397526714,0.0816424540761196,0.0390202905510866,0.141103373754352,33525,1.25760476494363,9.78374347501864,2.52887809864554,4.89650537634409,1.17562724014337,2232,-0.00203644779992281,0.231306333049731,0.2665770609319,787,1100,559,1242,791,1161,675,1383,0.102234346583528,0.142894258248896,0.0726162639646662,0.161340607950117,0.10275396206807,0.150818394388153,0.0876851130163679,0.179657053780203,FALSE,FALSE
"L0559","Tom Sawyer","tom sawyer",6,"Basica superior",73593,5523,13.3248234655079,4.28300245947305,1.86915875151169,5.40535331687199,2.65942422596415,11.6627544193861,81.0991549744804,77.0615863153137,63.8187838468104,73593,10340,0.14050249344367,81.3236548430607,0.841692193051379,112.806505917743,9.50932232569076,0.583172147001934,0.0359838071795745,0.793475198520511,0.703083925218399,-1.02766143835203,"bastante facil",0.0500675297744915,0.140912129438889,0.0684028867273298,0.0371072700236013,0.0566977258154732,0.137610673797083,0.18077515995689,0.00613907040831639,0.0937094991882785,0.0348972046766074,0.0367798529351578,0.156900997257882,73593,1.15216068167985,10.3406573994809,2.51437469700754,4.47765514745793,0.948434955672155,5527,0.00774494389286389,0.266787064524766,0.278270309390266,1949,2720,1351,2836,1935,2928,1636,2840,0.107117339928552,0.149491618576532,0.0742511679032701,0.15586699642759,0.106347897774114,0.160923330585326,0.0899148117614729,0.156086837043144,FALSE,FALSE
"L0560","Travesía infernal","travesia infernal",6,"Basica superior",36224,2599,13.9376683339746,4.65172261484099,1.99367822438163,7.44844768288836,3.68295498268565,13.3710936979533,73.0028848364484,68.6911782870501,60.0474383082481,36224,6104,0.168507067137809,93.0198312236287,0.839576591378708,123.785719783226,9.40653230550711,0.556192660550459,0.0372096421300641,0.808684450587361,0.723390173010344,-0.939112426240468,"bastante facil",0.0518643505200266,0.162840230139411,0.044838459836247,0.0198052666519141,0.037121044478867,0.167763885815446,0.218909050674928,0.00638968798406727,0.0588349192299181,0.0760123921221509,0.0191414029652578,0.136479309581766,36224,1.60397243615728,15.43175795053,2.50218392512257,4.61892097264438,0.889817629179331,2632,0.0510067443212399,0.231654276076888,0.18693009118541,641,1647,524,1136,1123,948,863,1756,0.0742069923593424,0.190669136374161,0.0606621903218338,0.131511924056495,0.130006946052327,0.109747626765455,0.0999073859689743,0.203287798101412,FALSE,FALSE
"L0561","Vassilissa la sabia (cuento popular ruso)","vassilissa la sabia cuento popular ruso",6,"Basica superior",3028,229,13.2227074235808,4.24768824306473,1.88738441215324,5.18796533662527,2.62445414847162,11.8379919586047,80.1097736987534,76.0282436992726,68.2687918019119,3028,974,0.321664464993395,69.8767186604102,0.823754312232008,128.503408958047,8.16335403042618,0.665297741273101,0.0406485209359055,0.778536421617993,0.681590986684896,-0.999334907411903,"bastante facil",0.0403439153439153,0.126322751322751,0.0539021164021164,0.0248015873015873,0.0512566137566138,0.15542328042328,0.197089947089947,0.00363756613756614,0.0975529100529101,0.0486111111111111,0.0277777777777778,0.173280423280423,3028,1.13740458015267,1.65125495376486,2.35535714285714,4.49372384937239,0.799163179916318,239,0.0308784308111308,0.177806257911471,0.184100418410042,45,127,40,82,112,95,50,112,0.0678733031674208,0.191553544494721,0.0603318250377074,0.1236802413273,0.168929110105581,0.143288084464555,0.0754147812971342,0.168929110105581,FALSE,FALSE
"L0564","Cuentos escritos a máquina","cuentos escritos a maquina",6,"Basica superior",54589,4552,11.9923110720562,4.51847441792302,1.93205590869955,5.84817004444557,2.75351493848858,11.8852610407567,78.6844881845294,74.4756058159615,59.0225158089401,54589,9156,0.167726098664566,82.815719576142,0.849704372752519,109.718277556082,9.72517252416975,0.575469637396243,0.0345540842229853,0.799389072240431,0.709988438245521,-0.937824077175422,"bastante facil",0.047741935483871,0.1476866359447,0.055926267281106,0.0286082949308756,0.0391520737327189,0.154175115207373,0.207760368663594,0.0109493087557604,0.0753364055299539,0.0670783410138249,0.0271520737327189,0.138433179723502,54589,1.50079893475366,8.9212112330323,2.51414698477401,4.24868189806678,0.711994727592267,4552,0.0159591292191507,0.258289363257139,0.224956063268893,1247,2094,1135,1877,1458,1877,1037,2705,0.0928518242740134,0.155919583023083,0.084512285927029,0.1397617274758,0.108562918838421,0.1397617274758,0.0772151898734177,0.201414743112435,TRUE,TRUE
"L0565","Cuentos escritos a máquina","cuentos escritos a maquina",8,"Basica superior",54589,4552,11.9923110720562,4.51847441792302,1.93205590869955,5.84817004444557,2.75351493848858,11.8852610407567,78.6844881845294,74.4756058159615,59.0225158089401,54589,9156,0.167726098664566,82.815719576142,0.849704372752519,109.718277556082,9.72517252416975,0.575469637396243,0.0345540842229853,0.799389072240431,0.709988438245521,-0.937824077175422,"bastante facil",0.047741935483871,0.1476866359447,0.055926267281106,0.0286082949308756,0.0391520737327189,0.154175115207373,0.207760368663594,0.0109493087557604,0.0753364055299539,0.0670783410138249,0.0271520737327189,0.138433179723502,54589,1.50079893475366,8.9212112330323,2.51414698477401,4.24868189806678,0.711994727592267,4552,0.0159591292191507,0.258289363257139,0.224956063268893,1247,2094,1135,1877,1458,1877,1037,2705,0.0928518242740134,0.155919583023083,0.084512285927029,0.1397617274758,0.108562918838421,0.1397617274758,0.0772151898734177,0.201414743112435,TRUE,TRUE
"L0566","La pata de palo","la pata de palo",6,"Basica superior",1633,94,17.3723404255319,4.33619105939988,1.89773423147581,7.67963010253938,3.64893617021277,13.578476697372,75.2561588774088,71.2338169535251,65.8793821032455,1633,639,0.391304347826087,68.7793690084825,0.812307028192287,142.13880958747,7.82258298116127,0.719874804381847,0.039472465898796,0.774621212121202,0.678741851368976,-0.988753296821316,"bastante facil",0.0560344827586207,0.142241379310345,0.0640394088669951,0.0338669950738916,0.0467980295566502,0.140394088669951,0.182881773399015,0.00862068965517241,0.0929802955665025,0.0116995073891626,0.0603448275862069,0.160098522167488,1633,1.14230769230769,11.6350275566442,2.65649350649351,5.4468085106383,1.75531914893617,94,0.042621056013046,0.225427451218092,0.276595744680851,52,51,38,72,42,85,41,82,0.11231101511879,0.110151187904968,0.08207343412527,0.155507559395248,0.0907127429805616,0.183585313174946,0.0885529157667387,0.177105831533477,TRUE,TRUE
"L0567","La pata de palo","la pata de palo",8,"Basica superior",1633,94,17.3723404255319,4.33619105939988,1.89773423147581,7.67963010253938,3.64893617021277,13.578476697372,75.2561588774088,71.2338169535251,65.8793821032455,1633,639,0.391304347826087,68.7793690084825,0.812307028192287,142.13880958747,7.82258298116127,0.719874804381847,0.039472465898796,0.774621212121202,0.678741851368976,-0.988753296821316,"bastante facil",0.0560344827586207,0.142241379310345,0.0640394088669951,0.0338669950738916,0.0467980295566502,0.140394088669951,0.182881773399015,0.00862068965517241,0.0929802955665025,0.0116995073891626,0.0603448275862069,0.160098522167488,1633,1.14230769230769,11.6350275566442,2.65649350649351,5.4468085106383,1.75531914893617,94,0.042621056013046,0.225427451218092,0.276595744680851,52,51,38,72,42,85,41,82,0.11231101511879,0.110151187904968,0.08207343412527,0.155507559395248,0.0907127429805616,0.183585313174946,0.0885529157667387,0.177105831533477,TRUE,TRUE
"L0568","¿Estás ahí, Dios? Soy yo, Margaret","estas ahi dios soy yo margaret",7,"Basica superior",32967,3568,9.23963004484305,4.30612430612431,1.87341887341887,3.47166050426701,1.79960762331839,10.1197984238315,85.0104449491277,80.8813741411611,73.5343656484433,32967,4850,0.14711681378348,94.6590932550828,0.861861872731961,93.3031521195443,9.25102082495305,0.549278350515464,0.0407747998056035,0.815468132936338,0.723664354387212,-0.991580173339168,"muy facil",0.0399646922749133,0.128264442685822,0.0762464235709503,0.0405734461557192,0.0404212576855177,0.122724782370488,0.163389541608328,0.00575272417361661,0.10768856151458,0.0563097339745541,0.0464783587995374,0.172186035185974,32967,0.94891285133463,6.12733946067279,2.2613087545065,3.86659192825112,0.747477578475336,3568,0.0343193343527759,0.230073393791375,0.170403587443946,372,1225,376,919,900,888,536,1784,0.0531428571428571,0.175,0.0537142857142857,0.131285714285714,0.128571428571429,0.126857142857143,0.0765714285714286,0.254857142857143,FALSE,FALSE
"L0569","Adiós al séptimo de línea","adios al septimo de linea",7,"Basica superior",162941,12108,13.4573009580443,4.76855426197212,2.05190835946754,7.75854105291084,3.86413941195904,13.8708660153542,69.9990514547426,65.5438082471282,56.6696589012881,162941,17086,0.104860041364666,88.3919748374379,0.834829779634958,128.321029018278,9.83988499200666,0.50872058995669,0.0360530306618575,0.801331802667073,0.714105144864316,-0.991707530971971,"bastante facil",0.0505202603452832,0.157129072504563,0.0420080266982982,0.0285666873582575,0.0325124303195314,0.168394721800537,0.204564032278882,0.00539005697357827,0.0681593293466169,0.0644717191024357,0.02977130670469,0.148512356567327,162941,1.37742095679523,15.6805223976777,2.39538321809057,4.64250928600908,0.997606273215023,12115,0.0218451067039582,0.21540377439302,0.249525381758151,4859,6269,3178,6953,3636,5852,3132,10988,0.108297858113981,0.139724073372412,0.0708315688590724,0.15496913098714,0.0810395167940803,0.13042993737045,0.069806316446386,0.244901598056478,FALSE,FALSE
"L0571","Bajo la misma estrella","bajo la misma estrella",7,"Basica superior",68204,5979,11.4072587389196,4.48003049674506,1.944753973374,5.374573009129,2.49924736578023,11.8069277939918,78.5193576838623,74.2695687198805,63.9932242478564,68204,8798,0.128995366840655,92.1868238945309,0.867185740433438,91.6018826263983,9.59440307251807,0.560354626051375,0.0380654214167053,0.811607952461177,0.724265472432314,-1.031231548857,"bastante facil",0.0546000706797031,0.138281894216044,0.0747879608905643,0.0417599246083166,0.0429231947225822,0.133982212274708,0.175403463305454,0.00472670514783838,0.0870391094357404,0.055159618329603,0.0368565202026152,0.15447932618683,68204,1.1354494328472,10.4979180106739,2.49000482082597,4.15429622199933,0.83884988298228,5982,0.00359359901153707,0.288736521796085,0.243062520896021,1514,2494,1443,2547,1824,2969,1318,2806,0.0895063553059415,0.147443097842152,0.0853088974283181,0.15057641146911,0.107833284067396,0.175524682234703,0.0779190067986994,0.16588826485368,FALSE,FALSE
"L0572","Bibiana y su mundo","bibiana y su mundo",7,"Basica superior",35738,2727,13.1052438577191,4.22046561083441,1.86269517040685,5.00101495588961,2.51558489182252,11.5008481153113,81.7109410407155,77.6838470259342,70.8645930367666,35738,4669,0.130645251552969,79.7335512437226,0.830723688981797,120.303132878367,8.85873701088492,0.543799528807025,0.0426369486640821,0.796564767855556,0.693849154016616,-1.05429491414399,"bastante facil",0.0433405287208096,0.138543915225253,0.061702783773934,0.0391634661209386,0.0378458691934625,0.131395251044266,0.164979955706316,0.00367245101062488,0.110145496341566,0.0555913767486193,0.0516946539205517,0.161924252193659,35738,1.01887119113573,8.75818456544854,2.50734603616976,4.54895489548955,1.17601760176018,2727,-0.00652752552562859,0.233327961382293,0.293362669600293,949,1249,721,1489,1047,1698,705,1648,0.0998316852514202,0.131390700610141,0.0758468335787923,0.156637912897118,0.110140963601936,0.17862402693036,0.0741636860929939,0.17336419103724,FALSE,FALSE
"L0573","Castilla","castilla",7,"Basica superior",225,20,11.25,4.13333333333333,1.76444444444444,3.663,1.7,9.61794444444445,89.4983333333333,85.6601111111111,33.6712527154236,225,128,0.568888888888889,70.3125,0.785236096540113,173.827160493827,6.3745870950803,0.765625,0.0442767142276308,0.768977272727273,0.697460317460317,NA,"muy facil",0.0982142857142857,0.142857142857143,0.0223214285714286,0.0133928571428571,0.0714285714285714,0.205357142857143,0.285714285714286,0.00892857142857143,0.0223214285714286,0.0625,0.00446428571428571,0.0625,225,4.57142857142857,4.44444444444444,2.40975609756098,4.15,0.05,20,-0.0802495348219032,0.131349650391803,0.45,21,14,15,20,11,28,11,7,0.165354330708661,0.110236220472441,0.118110236220472,0.15748031496063,0.0866141732283465,0.220472440944882,0.0866141732283465,0.0551181102362205,FALSE,FALSE
"L0574","Cinco panes de cebada","cinco panes de cebada",7,"Basica superior",40536,3249,12.4764542936288,4.27945529899349,1.88161140714427,4.96446160507373,2.40227762388427,11.4788317788176,81.2173321918426,77.1341550412834,68.3104968460071,40536,6086,0.150138148806,94.1978793455939,0.847959069925607,106.0602778696,9.23874667510327,0.585113374958922,0.0387858551289007,0.812018672660291,0.721599525187297,-1.016487953707,"bastante facil",0.0493741651412457,0.132315836342948,0.0773017365062089,0.0415821501014199,0.048854697471924,0.128951664770197,0.164819670509078,0.0054420422500371,0.111438183347351,0.0264433780240439,0.0514025627071687,0.162073912828378,40536,1.01694139194139,7.35149003355042,2.50651614287247,4.41028008618036,1.10464758387196,3249,0.0275087638066413,0.294199247044829,0.222222222222222,665,1428,659,1048,1196,1595,737,1799,0.072860742850882,0.15645885833242,0.0722033526898214,0.114824148131916,0.131039772104744,0.174756217815273,0.0807494247836091,0.197107483291333,FALSE,FALSE
"L0575","Conejos blancos","conejos blancos",7,"Basica superior",345,26,13.2692307692308,4.62028985507246,2.02608695652174,6.96618060200669,3,13.4928260869565,71.7401672240803,67.3405518394649,63.5754285529316,345,193,0.559420289855072,90.0700542782754,0.829991830136003,124.175593362739,6.94836072981332,0.756476683937824,0.0391678871403492,0.802500000000001,0.706382113821137,NA,"bastante facil",0.0695652173913043,0.139130434782609,0.0666666666666667,0.0318840579710145,0.0405797101449275,0.159420289855072,0.217391304347826,0.00289855072463768,0.063768115942029,0.0405797101449275,0.0376811594202899,0.130434782608696,345,1.66666666666667,14.4927536231884,2.38557993730408,4.42857142857143,0.857142857142857,28,0.00161094340442166,0.151817461293438,0.357142857142857,1,10,3,4,4,16,3,8,0.0204081632653061,0.204081632653061,0.0612244897959184,0.0816326530612245,0.0816326530612245,0.326530612244898,0.0612244897959184,0.163265306122449,FALSE,FALSE
"L0576","Corazón de tinta","corazon de tinta",7,"Basica superior",149427,12827,11.6494113978327,4.46450106071861,1.93932154162233,5.42250569490101,2.51539720901224,11.8372646362983,78.5983078768708,74.3658565590961,65.7111526900767,149427,13111,0.0877418404973666,101.812056633523,0.853484569788778,102.53056445655,9.556328393617,0.495004194950805,0.0394698210446651,0.823185743550201,0.730999209793214,-1.07198794983429,"bastante facil",0.0495253207110776,0.149792916117581,0.0635639942984697,0.0317013151171234,0.0367237716160611,0.144501519511605,0.184405507893392,0.00321383427910604,0.0898058252427184,0.0539964499905871,0.034538633246376,0.158230911975903,149427,1.1654202430526,8.064138341799,2.34992899079076,4.28136145138781,0.844316948364087,12898,-0.0051526851068804,0.240404349163757,0.275314002170879,3698,4598,2977,5745,3278,5201,2629,5804,0.108989095195992,0.135514294134984,0.0877394636015326,0.169319186560566,0.0966106690244621,0.153286177424108,0.0774830533451223,0.171058060713233,FALSE,FALSE
"L0577","Cuando me puse a pensar","cuando me puse a pensar",7,"Basica superior",69,4,17.25,4.47826086956522,1.91304347826087,8.28760869565217,1.75,13.7114130434783,74.4623913043478,70.4023913043478,14.8900062853551,69,53,0.768115942028985,63.1497002262443,0.834363985698108,109.220751942869,5.55251680494338,0.811320754716981,0.0338837090882172,0.832,NA,NA,"bastante facil",0.0434782608695652,0.130434782608696,0.0434782608695652,0.0579710144927536,0.0289855072463768,0.0579710144927536,0.101449275362319,0,0.130434782608696,0.101449275362319,0.072463768115942,0.231884057971014,69,0.4375,0,2.53846153846154,5.75,2.5,4,0.0622294372294372,0.0596024667230059,0,0,0,0,0,1,0,0,3,0,0,0,0,0.25,0,0,0.75,FALSE,FALSE
"L0578","Cuentos de amor, de locura y de muerte","cuentos de amor de locura y de muerte",7,"Basica superior",50472,3849,13.1130163678878,4.49589871611983,1.95791726105563,6.30219113686827,2.95765133800987,12.6275000639327,75.9896876414164,71.7437382683462,60.1504335736481,50472,8641,0.171203835790141,98.2381121571045,0.853823551968505,104.421967829899,9.66689588029196,0.607684295799097,0.0346533502796676,0.817332566487354,0.725449943422041,-0.977687021187915,"bastante facil",0.0651080495417586,0.150136180195225,0.0697600445319179,0.0267787916741218,0.040695016003658,0.152382656408421,0.204051609311942,0.00926422933937695,0.0765591141329198,0.0297210791037952,0.0302777280769766,0.145265501679887,50472,1.40468044341043,10.540497701696,2.54362185811101,4.43855546895298,0.890101325019486,3849,-0.0134470578336956,0.273404813219446,0.319563522992985,1527,1997,1309,2267,1491,2431,1049,2035,0.108251807741387,0.141570962710903,0.0927973911810577,0.160711753863604,0.10569970225436,0.172338012193393,0.0743655182191975,0.144264851836098,TRUE,TRUE
"L0580","Dos plagas, más el volcán Calbuco y el cambio tan bajo","dos plagas mas el volcan calbuco y el cambio tan bajo",7,"Basica superior",402,22,18.2727272727273,4.10199004975124,1.76616915422886,7.02673677069199,2.77272727272727,12.3771596562641,82.2316689280868,78.529934418815,84.4420553021338,402,203,0.504975124378109,75.9,0.82584858493464,125.615702581619,6.98060317391844,0.684729064039409,0.0437526255909516,0.819320113314447,0.718976897689769,NA,"bastante facil",0.0572139303482587,0.151741293532338,0.0621890547263682,0.0348258706467662,0.0373134328358209,0.161691542288557,0.218905472636816,0.00995024875621891,0.0597014925373134,0.0646766169154229,0.0323383084577114,0.109452736318408,402,2,12.4378109452736,2.61052631578947,5.13636363636364,1.04545454545455,22,-0.0487038567309975,0.133931190361901,0.5,17,13,18,48,7,37,12,17,0.100591715976331,0.0769230769230769,0.106508875739645,0.284023668639053,0.0414201183431953,0.218934911242604,0.0710059171597633,0.100591715976331,FALSE,FALSE
"L0581","El anillo","el anillo",7,"Basica superior",2099,83,25.289156626506,4.70700333492139,2.03620771796093,13.3845640207328,6.8433734939759,18.3000221562764,58.8725971633078,54.6901025445278,55.8229714101256,2099,866,0.412577417818009,82.0538475572584,0.812916247231039,149.489275616398,8.09410960322894,0.772517321016166,0.0348407644919194,0.793941463414628,0.707610000000015,-1.0737134251669,"algo dificil",0.0791607057701478,0.158321411540296,0.0462565569861707,0.0219360991893181,0.028135431568908,0.193609918931807,0.232713400095374,0.00238435860753457,0.0572246065808298,0.0233667143538388,0.0343347639484979,0.122556032427277,2099,1.8988326848249,13.8161029061458,2.66319444444444,6.34523809523809,2.01190476190476,84,-0.00672902012413975,0.19670735865802,0.452380952380952,71,89,61,115,84,133,94,64,0.09985935302391,0.125175808720113,0.0857946554149086,0.161744022503516,0.118143459915612,0.187060478199719,0.132208157524613,0.090014064697609,FALSE,FALSE
"L0582","El caballero de la carreta","el caballero de la carreta",7,"Basica superior",43213,2839,15.2212046495245,4.2038969754472,1.81443084257052,5.98095707911857,2.93342726312082,11.7565537556467,82.4485207032537,78.574753858332,68.6966069761771,43213,6013,0.139147941591651,83.9309381439513,0.845926826489987,106.243050117366,9.15192273779556,0.577082986861799,0.0398588283063239,0.798280974886396,0.704293037064491,-1.05187094369487,"bastante facil",0.0420175865989188,0.136354144915431,0.0774227976149045,0.0386301941950303,0.05287580334563,0.129625762743324,0.171805758567087,0.00343379503955825,0.115612166771073,0.0190714832602492,0.0492099951277233,0.163940511821071,43213,1.04797622417209,7.65973202508504,2.49175545721985,5.01444170482564,1.2388164846777,2839,0.00107474410914094,0.203599564194793,0.317717506164142,1864,1646,1341,2279,1322,1994,895,2178,0.137880020711591,0.121754567645536,0.0991937273466972,0.16857755751165,0.0977882979510319,0.14749611657667,0.0662031215326577,0.161106590724166,FALSE,FALSE
"L0583","El capitán Alatriste","el capitan alatriste",7,"Basica superior",54570,3019,18.0755216959258,4.53241707898113,1.96325820047645,8.955445289964,4.44286187479298,14.6259002270332,70.6074758415685,66.4484924143912,59.058749534715,54570,8621,0.157980575407733,97.8165144589989,0.833406937655462,128.757871064795,9.50544747270521,0.581023083169006,0.0357148648835186,0.812054070908346,0.727697306823791,-0.969153509543959,"bastante facil",0.0624793023512529,0.169076792876329,0.0479817492732826,0.0257018802664017,0.0476689848033263,0.156087868418148,0.206387754351106,0.00621849357912941,0.0675387276005446,0.0517901166427494,0.0324171174154616,0.126651212422269,54570,1.62957582800697,9.58402052409749,2.69785847299814,5.22998014559894,1.32230311052283,3022,0.010769778974669,0.194386476763138,0.28325612177366,1626,1881,1155,2176,1392,2056,1051,2621,0.116492334145293,0.134761427138559,0.0827482447342026,0.155896260209199,0.0997277546926494,0.147299039977074,0.0752973205330277,0.187777618569996,TRUE,TRUE
"L0584","El capitán Alatriste","el capitan alatriste",7,"Basica superior",54570,3019,18.0755216959258,4.53241707898113,1.96325820047645,8.955445289964,4.44286187479298,14.6259002270332,70.6074758415685,66.4484924143912,59.058749534715,54570,8621,0.157980575407733,97.8165144589989,0.833406937655462,128.757871064795,9.50544747270521,0.581023083169006,0.0357148648835186,0.812054070908346,0.727697306823791,-0.969153509543959,"bastante facil",0.0624793023512529,0.169076792876329,0.0479817492732826,0.0257018802664017,0.0476689848033263,0.156087868418148,0.206387754351106,0.00621849357912941,0.0675387276005446,0.0517901166427494,0.0324171174154616,0.126651212422269,54570,1.62957582800697,9.58402052409749,2.69785847299814,5.22998014559894,1.32230311052283,3022,0.010769778974669,0.194386476763138,0.28325612177366,1626,1881,1155,2176,1392,2056,1051,2621,0.116492334145293,0.134761427138559,0.0827482447342026,0.155896260209199,0.0997277546926494,0.147299039977074,0.0752973205330277,0.187777618569996,TRUE,TRUE
"L0586","El conde Lucanor","el conde lucanor",7,"Basica superior",59357,2138,27.7628624883068,4.27511498222619,1.81639907677275,12.5872228104388,5.33068288119738,16.6710254763581,69.5379356555622,65.910475028751,71.8565270495775,59357,6058,0.102060414104486,72.6086301062397,0.839271762229884,115.609133971219,8.99303898083303,0.5122152525586,0.0434978134824713,0.785706818641584,0.681226163555965,-1.08786111552445,"bastante facil",0.0420988716288013,0.122349845671204,0.0602978630100019,0.0361449847357857,0.0522693922987401,0.134780482045573,0.16557877515222,0.00392990268009243,0.111976926579973,0.0316078867918164,0.0737067584206176,0.165258310985174,59357,1.00193917125944,7.88449551021783,2.8673342770758,6.54189189189189,2.96891891891892,2220,0.0228477364494999,0.189136078231693,0.286036036036036,2300,2393,1836,3152,1724,3125,1062,3935,0.117785630153121,0.122548266502791,0.0940236595483177,0.161417524453321,0.0882880114712962,0.16003482357761,0.0543862344446151,0.201515849848927,TRUE,TRUE
"L0587","El corsario negro; La hija del corsario negro","el corsario negro la hija del corsario negro",7,"Basica superior",34439,3308,10.4108222490931,4.66717965097709,1.99300211968989,5.75782728064865,2.79111245465538,11.987645689487,76.6408341245318,72.260145694227,60.4465705005821,34439,6172,0.17921542437353,95.5230374275243,0.84217726943996,118.477151419318,9.41475711376156,0.577608554763448,0.0362706276652885,0.809306193660883,0.722004950495007,-0.941814094963204,"bastante facil",0.0519616695307721,0.145865493839746,0.0464858882125069,0.0290099903882562,0.0348061631666327,0.17120554568491,0.217749686890164,0.00888358139399412,0.0672530801269915,0.0461363702560219,0.0276410450586899,0.153001485451315,34439,1.42318675042833,8.39164900258428,2.30614801490428,4.11124546553809,0.689842805320435,3308,-0.0145422164435194,0.301567296547343,0.332224909310762,1661,1498,987,2207,922,1853,1041,1758,0.139263855118638,0.125597384086526,0.082753416617758,0.185042340907185,0.0773035968810262,0.155361784187138,0.0872809591682737,0.147396663033454,FALSE,FALSE
"L0588","El dador","el dador",7,"Basica superior",45635,4018,11.3576406172225,4.44213870932398,1.9432453160951,5.17129362952721,2.44673967147835,11.769774570639,78.6604876047269,74.4131761900526,64.0483974926806,45635,6074,0.133099594609401,84.4695209400378,0.848009439881145,105.448349345309,9.22233907547619,0.546427395456042,0.0403436783206165,0.803258017812399,0.706464335910003,-1.01927245011809,"bastante facil",0.0493770189201661,0.132990528929615,0.074252312830993,0.043597688267739,0.0452018370800097,0.145911617992836,0.17634649614345,0.0022414134089261,0.0892170435317644,0.040103720306766,0.0402355681543499,0.160524754433384,45635,1.09856262833676,18.5384025419086,2.35508674131385,4.23882820258193,0.891261171797418,4028,0.0187245109975346,0.231338399440715,0.209285004965243,756,1809,677,1355,1339,1732,861,2091,0.0711864406779661,0.170338983050847,0.0637476459510358,0.12758945386064,0.12608286252354,0.163088512241055,0.0810734463276836,0.196892655367232,TRUE,TRUE
"L0590","El extraño caso del doctor Jekyll y el señor Hyde","el extrano caso del doctor jekyll y el senor hyde",7,"Basica superior",26565,1753,15.1540216771249,4.5296066252588,1.96924524750612,7.48145804353141,3.58870507701084,13.5571623746509,73.2281830389656,68.996999403244,57.99771566931,26565,5171,0.194654620741577,96.5774173723401,0.845081515323213,112.347721509826,9.2654544307984,0.625797718042932,0.036309211025521,0.810874189168744,0.721260107307431,-1.00672403376759,"bastante facil",0.0625047152018106,0.147868728781592,0.0631837042625424,0.0400603545831762,0.0480573368540173,0.154205960015089,0.191022255752546,0.0033195020746888,0.0764994341757827,0.0346661637118069,0.0394568087514146,0.139155035835534,26565,1.37272973705611,18.4829663090533,2.59569580461855,4.79806046776954,1.09355390758699,1753,0.000767663576515714,0.204758117379202,0.298345693097547,919,953,768,1374,586,1128,515,1392,0.120366732154551,0.124819908316961,0.100589390962672,0.179960707269155,0.0767518009168304,0.147740667976424,0.0674525212835625,0.182318271119843,FALSE,TRUE
"L0591","El extraño caso del doctor Jekyll y Mr. Hyde","el extrano caso del doctor jekyll y mr hyde",7,"Basica superior",26565,1753,15.1540216771249,4.5296066252588,1.96924524750612,7.48145804353141,3.58870507701084,13.5571623746509,73.2281830389656,68.996999403244,57.99771566931,26565,5171,0.194654620741577,96.5774173723401,0.845081515323213,112.347721509826,9.2654544307984,0.625797718042932,0.036309211025521,0.810874189168744,0.721260107307431,-1.00672403376759,"bastante facil",0.0625047152018106,0.147868728781592,0.0631837042625424,0.0400603545831762,0.0480573368540173,0.154205960015089,0.191022255752546,0.0033195020746888,0.0764994341757827,0.0346661637118069,0.0394568087514146,0.139155035835534,26565,1.37272973705611,18.4829663090533,2.59569580461855,4.79806046776954,1.09355390758699,1753,0.000767663576515714,0.204758117379202,0.298345693097547,919,953,768,1374,586,1128,515,1392,0.120366732154551,0.124819908316961,0.100589390962672,0.179960707269155,0.0767518009168304,0.147740667976424,0.0674525212835625,0.182318271119843,FALSE,TRUE
"L0592","El fantasma de Canterville","el fantasma de canterville",7,"Basica superior",11968,602,19.8803986710963,4.59625668449198,1.97317847593583,10.1585683195054,4.98837209302326,15.4468614977704,68.171284799332,64.0255822781015,58.347141377507,11968,3269,0.273145053475936,92.8856426624784,0.834002994656022,124.898710509666,9.06269998618269,0.672070969715509,0.0338904298285645,0.807237184327541,0.719679838234021,-1.00108013682489,"normal",0.0707104557640751,0.162868632707775,0.0510221179624665,0.0284014745308311,0.0406333780160858,0.162114611260054,0.204088471849866,0.00628351206434316,0.0666890080428954,0.0408847184986595,0.033093163538874,0.133210455764075,11968,1.53207547169811,12.1156417112299,2.62458208692592,5.48338870431894,1.45514950166113,602,-0.0134881489087015,0.203169119302614,0.367109634551495,375,472,335,629,319,587,259,486,0.108318890814558,0.13633737723859,0.0967648757943385,0.181686886192952,0.0921432697862507,0.169555170421722,0.0748122472559214,0.140381282495667,FALSE,FALSE
"L0593","El ladrón del rayo","el ladron del rayo",7,"Basica superior",89902,9264,9.70444732297064,4.51519432270695,1.95988965762719,4.68878892143504,2.15889464594128,11.3214324159594,79.3480842729383,75.0294270068552,64.5687752318128,89902,11326,0.125981624435496,110.937874537724,0.862146867209255,96.8054516602134,9.78817126728734,0.544146212254988,0.0366625509020314,0.825815053476158,0.740437290513696,-0.994201595361966,"bastante facil",0.0524661319372196,0.13779910729268,0.0614491391750847,0.0383707532078173,0.0398026646977884,0.140618183038561,0.190198118378808,0.00524661319372196,0.0867872604624627,0.0563255808750322,0.0326766676734794,0.158259780067345,89902,1.20180957093377,9.37687704389224,2.30155009920635,3.92864853195164,0.637845423143351,9264,0.00107487402519947,0.250334452790439,0.242875647668394,2613,3304,2000,3930,2308,3458,1972,4287,0.109458780160858,0.138404825737265,0.0837801608579088,0.164628016085791,0.0966823056300268,0.144855898123324,0.0826072386058981,0.179582774798928,FALSE,FALSE
"L0594","El libro de las tierras vírgenes","el libro de las tierras virgenes",7,"Basica superior",131158,8378,15.655048937694,4.33582396803855,1.86898244864972,6.81925535830855,3.03807591310575,12.5694619797673,78.732903164569,74.7423445114285,70.2246475144448,131158,13050,0.099498315009378,85.0415186989023,0.841058390507537,117.537890988214,9.58771980653525,0.521992337164751,0.0382632494129186,0.800850284877643,0.709553178339536,-1.04152555590531,"bastante facil",0.0509691478380548,0.154184348357992,0.0614520013763046,0.029307642313721,0.047872462438353,0.153167412165004,0.194716519478533,0.00562755667698895,0.0820506938869136,0.0374584241312077,0.039813434262339,0.143380357074588,131158,1.35804180887372,6.06139160401958,2.63808507692433,4.84924982138604,1.14741605144082,8398,-0.0140334625260442,0.237719711724508,0.326744462967373,3963,4459,2911,5849,2701,4775,2520,4705,0.124298215349873,0.139855095191795,0.09130257503999,0.183451996361697,0.0847159928488536,0.1497663331556,0.0790389862936361,0.147570805758555,FALSE,FALSE
"L0595","El libro del cementerio","el libro del cementerio",7,"Basica superior",75613,6316,11.9716592780241,4.3255657096002,1.87679367304564,4.92924413122898,2.40246991766941,11.2251124603679,82.021287153677,77.9390948912326,67.2972413071908,75613,8829,0.116765635538862,90.3899178325237,0.851059693598592,104.430274593996,9.4391422502705,0.55068524181674,0.0391872850358697,0.808014398390626,0.714618481341243,-1.02431755398986,"bastante facil",0.0488678894699121,0.135441828365142,0.0674488360364187,0.0394048788256842,0.0472619648023784,0.141905343349348,0.174541448782948,0.00418071297746397,0.0894938019271096,0.0540440102991532,0.0364053831656624,0.161003901998779,75613,1.08408210370126,7.69708912488593,2.41571428571429,4.31862047144439,0.917418130042715,6321,0.00653475025730957,0.214159363696892,0.25280809998418,1458,2871,1725,2729,1937,2980,1261,3474,0.0790886899918633,0.15573637103336,0.0935720097640358,0.148033631678872,0.105071874152427,0.161649037157581,0.0684024952535937,0.188445890968267,FALSE,FALSE
"L0596","El niño con el pijama de rayas","el nino con el pijama de rayas",7,"Basica superior",44231,3374,13.1093657379964,4.32653568763989,1.88245800456693,5.50266595778211,2.52341434499111,11.7356570917084,80.5209666732277,76.4485005774837,70.9037558238352,44231,5342,0.120775022043363,87.1172668797303,0.850903568775621,101.072768296528,9.09993615026576,0.530887308124298,0.0425349745212977,0.809488479471216,0.710964832774354,-1.02967615442431,"bastante facil",0.0427501701837985,0.126208304969367,0.075811209439528,0.0425005672793283,0.0561379623326526,0.123712275924665,0.156569094622192,0.00410710233719083,0.100612661674609,0.0520989335148627,0.0481733605627411,0.171318357159065,44231,0.913907284768212,6.69213899753566,2.46839129689909,4.51805107132374,1.17023774581743,3407,0.0190658975069237,0.240187082615736,0.218667449368946,727,1648,835,1083,1261,1697,649,2163,0.0722448573983901,0.163768259962238,0.0829772433667892,0.107621981516446,0.125310543575474,0.168637583225678,0.0644936897545464,0.214945841200437,FALSE,FALSE
"L0597","El perro que no sabía ladrar","el perro que no sabia ladrar",7,"Basica superior",722,89,8.1123595505618,4.23961218836565,1.86565096952909,2.59475318248312,1.44943820224719,9.58850166516232,86.6263350866818,82.4925850477762,72.8541161958216,722,329,0.455678670360111,68.5516228592177,0.848173700985568,97.3365766069935,7.47874043175847,0.735562310030395,0.0417735266925877,0.788380386329865,0.694831460674159,-0.61384043492329,"muy facil",0.0321678321678322,0.111888111888112,0.0755244755244755,0.0377622377622378,0.0363636363636364,0.142657342657343,0.181818181818182,0.0041958041958042,0.106293706293706,0.0195804195804196,0.0433566433566434,0.208391608391608,722,0.87248322147651,4.15512465373961,2.37914691943128,3.7752808988764,0.730337078651685,89,-0.00828293362810008,0.199822853798909,0.258426966292135,13,19,8,23,14,22,8,17,0.104838709677419,0.153225806451613,0.0645161290322581,0.185483870967742,0.112903225806452,0.17741935483871,0.0645161290322581,0.137096774193548,FALSE,FALSE
"L0598","El Principito","el principito",7,"Basica superior",13802,1688,8.17654028436019,4.54151572235908,1.94399362411245,4.04880919449135,1.83530805687204,10.5379754754274,81.8603114632058,77.5476569334344,51.3623908628184,13802,2755,0.199608752354731,71.4363160798653,0.862936570866327,91.7425721647039,8.95874503858521,0.581488203266788,0.040831759258637,0.790051625099969,0.693090564110027,-1.00480389183493,"bastante facil",0.0558541545613016,0.114540964555491,0.0753922138291691,0.0466298663567693,0.0398750726321906,0.15492446252179,0.190586868099942,0.0139453805926787,0.0956565950029053,0.028108657757118,0.0313044741429402,0.153181289947705,13802,1.24419155998103,6.37588755252862,2.27024349979364,3.60746003552398,0.522202486678508,1689,0.0206735573253978,0.208345842755588,0.182948490230906,261,574,296,454,538,521,306,610,0.073314606741573,0.16123595505618,0.0831460674157303,0.12752808988764,0.151123595505618,0.146348314606742,0.0859550561797753,0.171348314606742,FALSE,FALSE
"L0599","El último grumete de la Baquedano","el ultimo grumete de la baquedano",7,"Basica superior",22611,1316,17.1816109422492,4.49962407677679,1.94688425987351,8.3540348727433,4.23860182370821,14.0840625339847,72.501701246495,68.3624996676309,59.5196772501293,22611,4581,0.202600504179382,77.810003967975,0.819124273699008,143.466581283439,9.10743428405235,0.609473913992578,0.0365693985845939,0.786429394557189,0.695004886282835,-0.915673712148813,"bastante facil",0.057752779131051,0.164001948713406,0.040435803179946,0.0233402719340981,0.0417201824704371,0.180698879489791,0.237300146153505,0.00872492138712963,0.0550511537269144,0.029673590504451,0.0291864121528854,0.132113911156384,22611,1.79617834394904,12.0295431427181,2.60285486218716,5.14589665653495,1.08434650455927,1316,0.00662510888658155,0.167833640680355,0.284954407294833,492,956,430,897,525,742,529,1145,0.086074177746676,0.167249825052484,0.0752274317704689,0.156927921623513,0.0918474457662701,0.129811056682995,0.0925472358292512,0.200314905528341,FALSE,FALSE
"L0600","El vaso de leche","el vaso de leche",7,"Basica superior",4339,242,17.9297520661157,4.74717676884075,2.04517169854805,9.89407861429777,4.74793388429752,15.5356293486521,65.8413509796789,61.4910511143406,53.3936059955779,4339,1479,0.340861949758009,72.9604205345685,0.836985111082205,122.308900111707,8.61520531817596,0.690331304935767,0.0353288100049907,0.780447552447559,0.689509433962272,-1.0141677969794,"normal",0.0566212156228334,0.162930436792235,0.0390570834296279,0.0205685232262538,0.0459902935058932,0.150450658654957,0.218627224404899,0.00415992604575919,0.0559278946152068,0.088745088976196,0.0268084122948925,0.130113242431246,4339,1.68028419182948,11.7538603364831,3.23645680819912,5.16528925619835,1.10743801652893,242,0.012705448223906,0.195768827685099,0.239669421487603,104,194,121,155,130,191,115,190,0.0866666666666667,0.161666666666667,0.100833333333333,0.129166666666667,0.108333333333333,0.159166666666667,0.0958333333333333,0.158333333333333,FALSE,FALSE
"L0601","En la corte de mi padre","en la corte de mi padre",7,"Basica superior",98962,7626,12.9769210595332,4.54306703583194,1.96912956488349,6.456306268535,2.99370574350905,12.7067280788431,75.4557666262667,71.1813070482254,59.5348391406353,98962,12384,0.125138942220246,88.1048333219191,0.848771247261214,108.801194069509,9.65843874892519,0.549903100775194,0.0361698330695304,0.804194190854577,0.71269301963324,-1.00710565716876,"bastante facil",0.0545576393895393,0.145608886812952,0.0527908369972483,0.0380370216179442,0.047652894408172,0.15993623264929,0.205954327142756,0.00359452900500594,0.0784602418691551,0.0417635531005351,0.0347877298620066,0.136856107145396,98962,1.50489686897166,11.3578949495766,2.43299645622785,4.43857382767084,0.794729363131378,7741,0.012308625287446,0.200876824119207,0.236274383154631,2430,4100,2148,3391,3225,3725,1940,5549,0.0916704391127207,0.154670288214879,0.0810321412403803,0.127923645691867,0.121661385242191,0.140523615512298,0.0731854534480157,0.209333031537649,FALSE,FALSE
"L0602","en Mitos griegos 1","en mitos griegos 1",7,"Basica superior",167335,9846,16.9952264879139,4.60461349986554,2.01032061433651,8.75534282832363,4.18474507414178,14.7599215794572,68.8856321221372,64.5967992389215,53.1274532410918,167335,18009,0.107622434039502,68.8303296811959,0.825166493772091,137.608787322612,9.73438894825001,0.528513521017269,0.0354798136417221,0.774276986717546,0.679676265875685,-0.977942639242791,"normal",0.0505673003802281,0.17334144486692,0.0370859315589354,0.0266524714828897,0.0462904942965779,0.156203802281369,0.186774144486692,0.00831026615969582,0.0584760456273764,0.112127756653992,0.030132319391635,0.114038022813688,167335,1.63782341957855,12.8185974243284,2.75806421002689,4.57459325305635,0.929221435793731,10879,0.00759755504932515,0.103273749633292,0.177589852008457,4421,5590,3219,6468,4551,4844,2791,6953,0.11383474521719,0.143934907433633,0.0828848778226949,0.166542214898164,0.117182068645879,0.124726420681309,0.0718644591497798,0.179030306151351,FALSE,FALSE
"L0603","Eragon","eragon",7,"Basica superior",178291,13904,12.823000575374,4.52416554957906,1.94727720412135,6.29032002620436,2.9182249712313,12.3888412330278,76.9239071658374,72.6966296078658,63.4377707301101,178291,15305,0.0858428075449686,98.4108571860365,0.849241794694264,106.114642771537,9.66647119661753,0.491277360339758,0.0386698396408885,0.817851348167142,0.725202478225737,-1.05284661969863,"bastante facil",0.0486737886518026,0.146043915776419,0.056492939087296,0.033311723088198,0.0441638244496434,0.143056064492488,0.182839586210784,0.00327536150181808,0.0850128252106999,0.052653832060208,0.0392254136482792,0.165250725822364,178291,1.10643741684577,10.4043389739247,2.36199450094895,4.50381130447289,0.977275995972961,13906,-0.00394869147382164,0.216222456771777,0.296274989213289,5652,6385,3384,7757,3616,6813,3750,6851,0.12785016286645,0.144430872240319,0.0765472312703583,0.175465979008324,0.081795150199059,0.154112377850163,0.0848262757871878,0.15497195077814,FALSE,FALSE
"L0604","Fábula 11: los dos amigos","fabula 11 los dos amigos",7,"Basica superior",328,24,13.6666666666667,4.43292682926829,1.97560975609756,6.28241869918699,2.95833333333333,13.0521951219512,74.3634146341464,70.0878455284553,54.9399811072967,328,186,0.567073170731707,82.9440630761385,0.834979546740704,113.771564544914,6.9337234082228,0.763440860215054,0.0389219025606358,0.794551971326165,0.707903930131004,NA,"bastante facil",0.0640243902439024,0.13109756097561,0.0518292682926829,0.0304878048780488,0.0548780487804878,0.146341463414634,0.155487804878049,0.00609756097560976,0.11890243902439,0.00914634146341463,0.0609756097560976,0.170731707317073,328,0.910714285714286,9.14634146341463,2.36184210526316,4.66666666666667,1,24,0.106118479831715,0.267242399137672,0.25,16,27,6,15,36,19,14,37,0.0941176470588235,0.158823529411765,0.0352941176470588,0.0882352941176471,0.211764705882353,0.111764705882353,0.0823529411764706,0.217647058823529,FALSE,FALSE
"L0605","Famoso cohete","famoso cohete",7,"Basica superior",4087,408,10.0171568627451,4.4054318571079,1.91827746513335,4.32816247835077,2.07843137254902,10.9523652650441,81.525852091999,77.3091570594472,64.1450428821538,4087,1295,0.316858331294348,93.7891493287842,0.855746850566175,99.0518852587731,8.59140060446338,0.66023166023166,0.0382706296603848,0.817191679049073,0.725077733199601,-0.928253369761607,"bastante facil",0.0756903353057199,0.120315581854043,0.0744575936883629,0.0448717948717949,0.0419132149901381,0.156065088757396,0.18836291913215,0.00419132149901381,0.0808678500986193,0.014792899408284,0.0394477317554241,0.159023668639053,4087,1.18449612403101,9.542451676046,2.28866539820603,4.02200488997555,0.740831295843521,409,0.0400368143557195,0.348636407620797,0.207823960880196,129,189,61,130,157,158,74,167,0.12112676056338,0.177464788732394,0.0572769953051643,0.122065727699531,0.147417840375587,0.148356807511737,0.0694835680751174,0.156807511737089,FALSE,FALSE
"L0606","Fútbol a sol y sombra","futbol a sol y sombra",7,"Basica superior",20455,1069,19.1347053320861,4.66634074798338,1.99623563920802,10.1158175890447,5.09915809167446,15.4281156221682,67.5484622087912,63.3348143452545,56.9341650804816,20455,5027,0.245758983133708,68.0040711189309,0.81247177351735,159.272803796734,9.2324839687149,0.66719713546847,0.0327983024682095,0.769665784573149,0.68806690901941,-0.933041810918459,"normal",0.0592353257942919,0.162627894453419,0.0361776080677535,0.0252606843883096,0.0423948695354188,0.179664169971117,0.217995789885935,0.00993782738532335,0.0413668184265923,0.0825378175943604,0.0268761932736085,0.11592500122387,20455,1.88048986486486,14.421901735517,2.61473803630363,5.26355140186916,1.00654205607477,1070,-0.00809194030568976,0.170563141519615,0.344859813084112,660,962,421,826,716,811,526,901,0.113343637300361,0.165206938004465,0.072299501974927,0.141851279409239,0.122960673192512,0.139275287652413,0.0903314442727117,0.154731238193371,FALSE,FALSE
"L0607","Génesis","genesis",7,"Basica superior",34049,1574,21.6321473951715,4.04164586331463,1.76915621604159,8.4222257137977,3.44472681067344,13.7225808334076,78.6258366944298,74.9844203454376,72.7143237598136,34049,4291,0.126024259155922,49.9992626917002,0.825637169172724,134.656419981451,8.77863495965882,0.546958750873922,0.043794895971664,0.731574705882334,0.623142562592039,-1.0800539866301,"bastante facil",0.0217576917414986,0.161107021934344,0.0428382158103931,0.0308258501398498,0.0628293831885765,0.141851906374209,0.179567201530988,0.00688944501692919,0.0878845870749301,0.0933313705284852,0.0334756366848226,0.137641689974974,34049,1.30459893048128,5.19839055478869,2.90341292738322,5.85859226379201,1.21116043119848,1577,0.0259788192062918,0.0991941244816305,0.188966391883323,466,1018,487,959,834,724,327,1739,0.0711016173329265,0.155324992371071,0.0743057674702472,0.14632285627098,0.127250534025023,0.110466890448581,0.0498931949954226,0.265334147085749,FALSE,FALSE
"L0608","Ghostgirl","ghostgirl",7,"Basica superior",66880,4759,14.0533725572599,4.58578050239234,1.97808014354067,7.1957124448979,3.48014288716117,13.2321609911113,73.8207513791547,69.5472345001563,59.1451301891908,66880,10020,0.149820574162679,85.6304560541062,0.839787197153179,118.106342002244,9.52601956433815,0.589321357285429,0.0354082980665606,0.800749652107424,0.707807310462576,-1.00223536601579,"bastante facil",0.056372696163775,0.157726481359188,0.0576484360929339,0.0323287506753917,0.0394879029837306,0.1344479798283,0.181065017710272,0.00177102719577355,0.0818724860419043,0.0694002521462448,0.0366212403193852,0.1512577294831,66880,1.1970629093074,14.4288277511962,2.46627070355884,4.59469167830772,1.08800638595091,5011,0.0212534475418555,0.211358165089469,0.236878866493714,1491,2466,1160,2050,1680,2284,1511,2808,0.096504854368932,0.159611650485437,0.0750809061488673,0.132686084142395,0.10873786407767,0.147831715210356,0.0977993527508091,0.181747572815534,FALSE,FALSE
"L0609","Gólem, el coloso de barro","golem el coloso de barro",7,"Basica superior",14221,1035,13.7400966183575,4.42606005203572,1.91224245833626,6.28679115426699,2.77294685990338,12.3330986895273,78.0905539490996,73.9621982272933,62.6763109526678,14221,3106,0.218409394557345,78.1861782646195,0.83108795331575,124.635451559491,8.8888395911724,0.627817128139086,0.0383101552078553,0.787605136889643,0.690883019402324,-0.971514190275959,"bastante facil",0.0434073338534648,0.14582594510249,0.0467409036101851,0.0367401943400241,0.0432654798212639,0.166252925739414,0.200297893467622,0.00482303709482942,0.0687282786013192,0.0609263068302716,0.0367401943400241,0.146251507199092,14221,1.36954413191077,11.8135152239646,2.48216854698266,4.55587121212121,0.917613636363636,1056,-0.00231611674378161,0.198826122138562,0.267045454545455,402,561,327,594,367,486,295,658,0.108943089430894,0.152032520325203,0.0886178861788618,0.160975609756098,0.0994579945799458,0.131707317073171,0.0799457994579946,0.178319783197832,FALSE,FALSE
"L0610","Historia de una gaviota y el gato que le enseñó a volar","historia de una gaviota y el gato que le enseno a volar",7,"Basica superior",16551,1565,10.5757188498403,4.6284212434294,1.98803697661773,5.6577234814726,2.44281150159744,11.9933666755269,76.7705481760993,72.4045775068754,59.9446961069583,16551,3642,0.220047127061809,83.8848690144673,0.8461571445124,113.506239738441,9.13268070856017,0.621636463481604,0.0369404787764667,0.801421645861088,0.70894055433986,-0.959563163390834,"bastante facil",0.0580601925185817,0.140611672962106,0.050201047885951,0.0280857804313391,0.0380163275252833,0.158888753503107,0.211770439868405,0.00572681856951383,0.0695747532594127,0.0449616181308639,0.0326550505665895,0.161447544778847,16551,1.31169811320755,7.85451030149236,2.41889637685995,4.0875314861461,0.826196473551637,1588,-0.0312146561023701,0.366861061380414,0.270780856423174,410,647,467,708,449,860,314,712,0.0897744690168601,0.141668491350996,0.102255309831399,0.155025180643749,0.0983139916794395,0.188307422815853,0.0687541055397416,0.155901029121962,FALSE,FALSE
"L0611","Inti y Mama Quilla","inti y mama quilla",7,"Basica superior",239,16,14.9375,4.72803347280335,2.02510460251046,8.30778765690377,3.8125,14.1318593096234,70.0974738493724,65.7334832635983,50.9623730988414,239,143,0.598326359832636,81.6046895986503,0.82281491573312,122.8970081056,6.6260051633309,0.79020979020979,0.0394326805233294,0.768315789473684,0.664857142857143,NA,"bastante facil",0.0423728813559322,0.161016949152542,0.0466101694915254,0.0338983050847458,0.0635593220338983,0.161016949152542,0.152542372881356,0,0.0635593220338983,0.11864406779661,0.038135593220339,0.11864406779661,239,1.28571428571429,12.5523012552301,2.47533632286996,4.8125,0.875,16,0.0839228226557081,0.13543871086503,0,0,6,0,4,10,1,1,10,0,0.1875,0,0.125,0.3125,0.03125,0.03125,0.3125,FALSE,FALSE
"L0612","Kalfukura","kalfukura",7,"Basica superior",42562,2880,14.7784722222222,4.57835628024999,1.97765612518209,7.52329419108855,3.66770833333333,13.5099464438153,73.1065908224081,68.8485511789338,63.4535292230399,42562,7324,0.172078379775387,87.9552350482063,0.837853618868933,122.660764712518,9.50677382629186,0.58205898416166,0.0356673148536401,0.799044057111855,0.71178720297667,-0.923391749991908,"bastante facil",0.0590297383775645,0.159043854696029,0.0436194240542067,0.0248447204968944,0.040913796348579,0.165631469979296,0.223014304536044,0.0040231507622812,0.0652879728966685,0.0399727084509693,0.0273856578204404,0.147233201581028,42562,1.51470118248642,9.25708378365678,2.37276988206834,4.89349511290866,1.04853387259858,2967,-0.023302194189412,0.218343881135168,0.345466801482979,1521,1696,1193,2205,1194,2166,1069,1812,0.118310516490355,0.131922837585563,0.0927971375233354,0.171515245799627,0.092874922215308,0.168481642812694,0.0831518357187306,0.140945861854387,FALSE,FALSE
"L0613","La casa del juez","la casa del juez",7,"Basica superior",8218,401,20.4937655860349,4.45595035288391,1.93538573862254,9.80440895510069,4.6359102244389,15.2401202942995,69.8132147848922,65.7667028977811,60.9376662258247,8218,2052,0.249695789729861,80.6039471784087,0.825802146685861,131.078867471288,8.62927682129768,0.647173489278752,0.0393196275508364,0.79383523075041,0.700870796896149,-0.957867468573104,"bastante facil",0.0604362129889119,0.15109053247228,0.0598269769708785,0.030949189716096,0.0487388814426709,0.166686974533934,0.199585719507737,0.00146216644328013,0.0737175581820397,0.018886316559035,0.03850371633971,0.150115754843426,8218,1.32954545454545,14.3587247505476,2.66457720353077,5.64588528678304,1.70822942643392,401,0.000549180367011251,0.189808013419215,0.399002493765586,214,319,236,394,239,293,210,326,0.0959211116091439,0.142985208426714,0.105782160466159,0.176602420439265,0.107126848946661,0.131331241595697,0.0941281936351412,0.146122814881219,FALSE,FALSE
"L0614","La colina de Watership","la colina de watership",7,"Basica superior",60730,4879,12.4472227915556,4.53909105878479,1.95549151984192,6.17273028265416,2.88194302111088,12.3392168228414,76.8143415620979,72.5606555222925,61.6383851918295,60730,7127,0.117355507986168,92.2014186198519,0.854756234425595,100.706403502976,9.33252903358349,0.542865160656658,0.0406668711904663,0.811964865443705,0.717302370074686,-1.04473035047191,"bastante facil",0.0507139666098582,0.131541936231117,0.073398745801413,0.0446911660075781,0.0519052898059136,0.12452636629879,0.156179161771762,0.00388834654268081,0.0955209557059417,0.047355097043202,0.0509787050978705,0.169300263083872,60730,0.922498045347928,7.49217849497777,2.3881548322412,4.51362984218077,1.1026849764296,4879,0.00292333359770592,0.224536362871328,0.277720844435335,1258,2333,1215,2284,1328,2318,1210,2375,0.0878430277215278,0.162907618183088,0.0848404441030654,0.159486069408561,0.0927309545422806,0.161860205292926,0.0844913064730117,0.165840374275539,FALSE,FALSE
"L0616","La decisión de Randolph Carter","la decision de randolph carter",7,"Basica superior",2325,147,15.8163265306122,4.67225806451613,2.00989247311828,8.48449874917709,4.12244897959184,14.2950985297345,70.1137985516788,65.802372394119,56.8378602703402,2325,922,0.396559139784946,122.263940868053,0.85282849052289,106.703665163603,8.40123090448783,0.698481561822126,0.035445071929247,0.834516695957817,0.746761006289307,-0.997993001505036,"bastante facil",0.0844827586206897,0.135775862068966,0.0767241379310345,0.0392241379310345,0.0530172413793103,0.137931034482759,0.178879310344828,0.00301724137931034,0.0793103448275862,0.0275862068965517,0.0448275862068966,0.139224137931034,2325,1.28482972136223,16.3440860215054,2.57254361799816,4.95238095238095,1.17687074829932,147,-0.0174021360317656,0.254789009168709,0.374149659863946,111,102,82,162,54,115,69,89,0.141581632653061,0.130102040816327,0.104591836734694,0.206632653061224,0.0688775510204082,0.146683673469388,0.0880102040816327,0.113520408163265,FALSE,FALSE
"L0617","La gran Gilly Hopkins","la gran gilly hopkins",7,"Basica superior",41722,3381,12.3401360544218,4.34372752984037,1.89082498442069,5.19902469275904,2.49364093463472,11.5343878773886,80.8035621592484,76.6964674161693,70.4859632228036,41722,6069,0.145462825367911,88.4479415142371,0.843081644103234,113.596029090596,9.22526020217951,0.580820563519525,0.0392194515409194,0.804896215775131,0.712567330562385,-0.998312692404587,"bastante facil",0.049735194992778,0.146316803081367,0.0680548868560424,0.0362782859894078,0.0372893596533462,0.141068849301878,0.175156475686086,0.00498314877226769,0.0864227250842561,0.060519980741454,0.0380597014925373,0.15611458834858,41722,1.12197378565921,7.57394180528259,2.39313564405498,4.42176870748299,0.967465246968353,3381,0.0173067644958204,0.269470137202329,0.230405205560485,964,1450,1013,1183,1148,1432,813,1981,0.0965544871794872,0.145232371794872,0.10146233974359,0.118489583333333,0.114983974358974,0.143429487179487,0.0814302884615385,0.198417467948718,FALSE,FALSE
"L0618","La hija del corsario negro","la hija del corsario negro",7,"Basica superior",86971,7975,10.9054545454545,4.69572616159409,1.99279070034839,6.13959749383546,2.81617554858934,12.1780575368383,76.1489943427328,71.7786848228406,59.5426902273002,86971,9926,0.11412999735544,103.665611570072,0.850837876702072,108.234919061437,9.58785089795631,0.523675196453758,0.0386352404981102,0.821781827385352,0.732607859839796,-1.00630007834362,"bastante facil",0.0513513825816665,0.146416149570724,0.0576489756300482,0.036595370980229,0.0371269109439456,0.149663165436036,0.202805606591096,0.00957927456350169,0.0655989646525924,0.0569441074172935,0.0345385424249778,0.15173154920789,86971,1.33660802680679,7.80720010118315,2.40710596931801,4.12514092446449,0.807340598772391,7983,-0.000724594231239236,0.295213357776504,0.278717274207691,3543,3040,2098,4812,1967,3569,2210,4320,0.138620446809343,0.118940490629524,0.082084588598928,0.188270276614891,0.0769591924566689,0.139637701005517,0.0864666066747525,0.169020697210376,FALSE,FALSE
"L0619","La historia de Hércules","la historia de hercules",7,"Basica superior",4324,185,23.372972972973,4.527289546716,1.96415356151711,11.5800202515189,5.95135135135135,16.7024714853614,65.1503538765407,61.0952601445109,61.6027932177023,4324,1472,0.340425531914894,81.9560461098834,0.81178354555002,151.716512873526,8.41775951366035,0.722146739130435,0.0354001319487364,0.792407017543895,0.699850887573968,-1.10535003758441,"normal",0.0678240740740741,0.181481481481481,0.0361111111111111,0.0127314814814815,0.0400462962962963,0.172685185185185,0.208564814814815,0.00555555555555556,0.0590277777777778,0.0546296296296296,0.0236111111111111,0.137731481481481,4324,1.51428571428571,7.16928769657724,2.56414592896835,6.03783783783784,1.65945945945946,185,-0.0180896850864635,0.145624970562938,0.432432432432432,202,198,146,314,164,175,99,234,0.131853785900783,0.129242819843342,0.0953002610966057,0.204960835509138,0.107049608355091,0.114229765013055,0.064621409921671,0.152741514360313,FALSE,FALSE
"L0621","La huella del Dragón. Cuentos populares chinos","la huella del dragon cuentos populares chinos",7,"Basica superior",71240,5363,13.283609919821,4.4128439079169,1.91784110050533,5.9962997661991,2.88980048480328,12.2211328546931,78.2202518514625,74.0698895186967,63.4520133452364,71240,8359,0.117335766423358,81.1824421704624,0.843703560494449,113.625522192738,9.46816590627413,0.520038282091159,0.0395164286051786,0.797374668146143,0.700681463572366,-0.969824876592806,"bastante facil",0.0557938103741616,0.140904680886964,0.0598996048875828,0.0276578692051351,0.0471463322037711,0.163345941309636,0.198582657236463,0.00625711835093294,0.0758728328576049,0.0374724054050254,0.0290358413363517,0.158030905946372,71240,1.25660645964944,6.24649073554183,2.44994611332898,4.51901565995526,0.889821029082774,5364,0.0164855954040979,0.222628937402997,0.25186428038777,1685,3499,1428,2693,2773,2847,1742,3185,0.0848780979246423,0.176254281684465,0.0719322990126939,0.135653838404191,0.139683659077171,0.143411243199678,0.0877493451541406,0.160437235543018,FALSE,FALSE
"L0622","La leyenda de Al-Qit","la leyenda de al qit",7,"Basica superior",41759,2901,14.3946914856946,4.69206638089993,2.00569937019565,7.86697839688594,3.76663219579455,13.6911822477295,71.8154524728527,67.4852377511166,61.2672808355852,41759,6958,0.166622763955076,108.936026340788,0.849899460985587,111.676836494131,9.46462714548976,0.582638689278528,0.0364504513223609,0.825334452169721,0.738068410945738,-0.998770802142096,"bastante facil",0.0515152242243924,0.155673392998536,0.0611608321136358,0.0383664851116923,0.0365669314010125,0.139933296542457,0.180651198502771,0.0031192264318449,0.0763490654317729,0.051011349185402,0.0468603786261007,0.158792619430381,41759,1.13765488062859,13.3384420125003,2.40150286934816,4.95185694635488,1.292984869326,2908,0.00785909733190376,0.273567390498709,0.31292984869326,1516,1513,1223,1802,1088,1661,949,1980,0.129219229457893,0.128963518581657,0.104244800545517,0.153596999659052,0.0927378111148994,0.141578588475963,0.0808898738493011,0.168769178315718,FALSE,FALSE
"L0623","La mano","la mano",7,"Basica superior",2090,151,13.841059602649,4.59665071770335,1.99090909090909,7.14075468170728,3.29801324503311,13.3007405177604,73.2675737507526,68.9603040337146,61.1561164812329,2090,862,0.41244019138756,102.557620817844,0.855002603442339,101.389620201003,8.33716965164709,0.74245939675174,0.0348930474791944,0.819206271435572,0.738508287292823,-0.967211601233482,"bastante facil",0.0685522531160115,0.156759348034516,0.0666347075743049,0.0431447746883988,0.0364333652924257,0.151006711409396,0.197986577181208,0.00671140939597315,0.0771812080536913,0.0201342281879195,0.0292425695110259,0.146212847555129,2090,1.35409836065574,12.4401913875598,2.41464672511604,4.78807947019868,0.874172185430464,151,-0.0611078553106667,0.211827472970339,0.423841059602649,103,76,87,136,29,121,50,82,0.150584795321637,0.111111111111111,0.12719298245614,0.198830409356725,0.0423976608187134,0.176900584795322,0.0730994152046784,0.119883040935673,FALSE,FALSE
"L0624","La noche del Samurai: cuentos populares japoneses","la noche del samurai cuentos populares japoneses",7,"Basica superior",60197,4158,14.477392977393,4.47140222934698,1.94921673837567,6.86900098892075,3.16089466089466,13.0569407740161,75.1200548605192,70.921404221803,59.5935485166717,60197,6950,0.115454258517866,77.565292215454,0.838486163661589,118.078886831054,9.27841916967989,0.517122302158273,0.0410425610388217,0.794809469973952,0.695542613730898,-0.984297845303622,"bastante facil",0.0554878761076715,0.139245364884936,0.0676868648098393,0.0353787360445906,0.0486791382273918,0.164761443852945,0.199823106319777,0.00470603941725214,0.074495602690119,0.0218780768653105,0.033276037581563,0.154581713198605,60197,1.29266976141639,8.50540724620828,2.45872591006424,4.70377494590046,0.994469824477038,4159,0.0212641480397307,0.203047044592336,0.262803558547728,1513,3045,1218,2238,2290,2521,1644,3369,0.0848189258885525,0.170702993609149,0.0682811974436596,0.125462495795493,0.128377620809508,0.141327503083305,0.0921627985200135,0.18886646485032,FALSE,FALSE
"L0625","La pata de mono","la pata de mono",7,"Basica superior",3186,352,9.05113636363636,4.36440677966102,1.8954802259887,3.65192411402158,1.74147727272727,10.3066098484849,83.8790273497689,79.6954455572676,63.5397937422526,3186,1028,0.322661644695543,78.5702865486099,0.823160603249899,134.017746347111,8.18380471001448,0.690661478599222,0.0400279823126685,0.793433216448833,0.697207644962771,-0.987106909385049,"bastante facil",0.0488188976377953,0.11244094488189,0.0548031496062992,0.0251968503937008,0.0377952755905512,0.173543307086614,0.208188976377953,0.00692913385826772,0.087244094488189,0.0333858267716535,0.0324409448818898,0.179212598425197,3186,1.16168717047452,9.1023226616447,2.13443895553987,3.86118980169972,0.589235127478754,353,-0.0365632381936615,0.21734792157351,0.334277620396601,115,92,91,153,50,146,70,141,0.134032634032634,0.107226107226107,0.106060606060606,0.178321678321678,0.0582750582750583,0.17016317016317,0.0815850815850816,0.164335664335664,FALSE,FALSE
"L0626","Las metamorfosis","las metamorfosis",7,"Basica superior",11622,634,18.3312302839117,4.94716916193426,2.07640681466185,11.0367818946662,5.12933753943218,16.0607802237354,63.5577362306992,59.1436251626552,46.7205719779775,11622,4590,0.394940629839959,137.833755626595,0.893798805935134,74.0846561720881,10.1521710880743,0.739869281045752,0.0244133952478468,0.836301736801154,0.772214701032703,-0.90569342050672,"normal",0.0755693581780538,0.139281008846226,0.0366083192170149,0.0185394315829098,0.04394880481837,0.152362130623,0.224449463579898,0.00451722190852626,0.0417843026538679,0.12695275738754,0.0278562017692452,0.108130999435347,11622,2.0757180156658,13.4228187919463,2.83834620626988,5.23211678832117,0.783941605839416,685,0.00736610421312314,0.2193243421703,0.173722627737226,306,349,212,412,272,328,147,429,0.124643584521385,0.142158859470468,0.0863543788187373,0.167820773930754,0.110794297352342,0.133604887983707,0.059877800407332,0.174745417515275,FALSE,FALSE
"L0627","Las minas del rey Salomón","las minas del rey salomon",7,"Basica superior",86046,4945,17.4006066734075,4.5403388885015,1.94638914069219,8.6552995015458,4.19049544994944,14.1636284627967,72.3080327515931,68.1743498614692,61.0026911605843,86046,10662,0.123910466494666,90.5731878276515,0.84471046917215,114.65523596033,9.63247242155995,0.53470268242356,0.0372416284356497,0.804224798539399,0.716601742934636,-0.993394065187539,"bastante facil",0.0635705374112379,0.158448281893124,0.053659503515502,0.0348168790737264,0.0450660541259051,0.152571621794947,0.199888063617178,0.00795214719634341,0.0714527243683173,0.0314238074694215,0.0410200202884694,0.140130359245829,86046,1.42644366783159,13.5160263115078,2.66113460661135,5.14801371244202,1.30530348860657,4959,0.0069472912250655,0.251508044167834,0.312159709618875,2911,4030,2089,4391,2443,3745,2024,4013,0.113506979645949,0.157139514934103,0.0814551976916478,0.171215784137877,0.0952585198471497,0.14602667082586,0.0789206893862591,0.156476643531155,TRUE,TRUE
"L0628","Las minas del rey Salomón","las minas del rey salomon",7,"Basica superior",86046,4945,17.4006066734075,4.5403388885015,1.94638914069219,8.6552995015458,4.19049544994944,14.1636284627967,72.3080327515931,68.1743498614692,61.0026911605843,86046,10662,0.123910466494666,90.5731878276515,0.84471046917215,114.65523596033,9.63247242155995,0.53470268242356,0.0372416284356497,0.804224798539399,0.716601742934636,-0.993394065187539,"bastante facil",0.0635705374112379,0.158448281893124,0.053659503515502,0.0348168790737264,0.0450660541259051,0.152571621794947,0.199888063617178,0.00795214719634341,0.0714527243683173,0.0314238074694215,0.0410200202884694,0.140130359245829,86046,1.42644366783159,13.5160263115078,2.66113460661135,5.14801371244202,1.30530348860657,4959,0.0069472912250655,0.251508044167834,0.312159709618875,2911,4030,2089,4391,2443,3745,2024,4013,0.113506979645949,0.157139514934103,0.0814551976916478,0.171215784137877,0.0952585198471497,0.14602667082586,0.0789206893862591,0.156476643531155,TRUE,TRUE
"L0632","Mágico sur","magico sur",7,"Basica superior",42953,2802,15.3294075660243,4.61334481875538,1.99736921751682,7.96355787934999,3.83904354032834,13.957425717448,71.361851231646,67.0694901826778,61.0317721267561,42953,7705,0.179382115335367,91.5728645697607,0.837419742501875,124.513698929319,9.51467452643929,0.594938351719663,0.0347651415851795,0.803929703524039,0.717601857469515,-0.955593953930022,"bastante facil",0.0576022369800769,0.172177560293604,0.0538040312245136,0.0285680997320284,0.0333915880228358,0.161132471163929,0.213351974833974,0.00207386694628918,0.0614004427356402,0.0516602586508214,0.0327391355004078,0.13209833391588,42953,1.61509966484389,9.14953553884478,2.47675026773928,4.88972162740899,1.08743754461099,2802,0.0213964765670789,0.18819876739359,0.229835831548894,509,1945,518,1092,1414,1420,793,1912,0.0530042694991149,0.202540872643965,0.053941476621889,0.113714464229928,0.147245652400292,0.147870457148808,0.0825783609288764,0.199104446527127,FALSE,FALSE
"L0633","Memoria del fuego I: Los nacimientos","memoria del fuego i los nacimientos",7,"Basica superior",93424,6555,14.2523264683448,4.49723839698578,1.91098647028601,6.87815608397544,3.227765064836,12.5180476720294,77.6434387851279,73.5282164328369,61.205734393308,93424,13376,0.143175201233088,68.8510629664206,0.819838336750719,147.166443359507,9.76610789044878,0.540968899521531,0.0341678434924078,0.770559785809896,0.686614197696287,-0.905993785662086,"bastante facil",0.0431907285338848,0.154926543449227,0.0348649347292232,0.0226293567704967,0.0500516996251777,0.170791865925639,0.233854637887209,0.00664555598638577,0.0500086166041963,0.0757291801301107,0.0278962560854767,0.129410624272974,93424,1.80707449022056,6.36881315293715,2.51717155447151,4.50516631280963,0.70757254069356,7065,-0.00692634222732732,0.191058291908707,0.280962491153574,3453,3829,2347,4589,2954,3958,2086,4440,0.124855365924212,0.138450969048308,0.084864043968759,0.165931443448076,0.106812264969627,0.143115417992479,0.0754266705235754,0.160543824124964,FALSE,TRUE
"L0634","Mi planta de naranja lima","mi planta de naranja lima",7,"Basica superior",43081,5156,8.3555081458495,4.29927346161881,1.87660453564216,2.99733207714935,1.55391776570985,9.81258169745882,85.7211095527038,81.5670292836438,68.281640435773,43081,5799,0.134606903275226,96.7701479694957,0.863666655859766,91.7236512959418,9.34330482433035,0.529746508018624,0.0405526237067608,0.816610429447818,0.727457075054657,-1.00291150100788,"muy facil",0.039407601205354,0.129131724637343,0.080006540680698,0.0425845032586606,0.0453876521292252,0.132378705412413,0.171038800252283,0.00462519563643159,0.0995818636268074,0.0463921138078441,0.0380761054918358,0.171389193861104,43081,0.99795556767071,5.38520461456326,2.20671480524957,3.7371064322967,0.608267336295152,5177,0.00288604477093134,0.28050262351726,0.223102182731312,993,1756,901,1473,1354,1970,867,1853,0.0889227187248142,0.157249037342169,0.0806841586818304,0.131906510253425,0.121250111936957,0.176412644398675,0.0776394734485538,0.165935345213576,FALSE,FALSE
"L0635","Mitos de memoria del fuego","mitos de memoria del fuego",7,"Basica superior",93424,6555,14.2523264683448,4.49723839698578,1.91098647028601,6.87815608397544,3.227765064836,12.5180476720294,77.6434387851279,73.5282164328369,61.205734393308,93424,13376,0.143175201233088,68.8510629664206,0.819838336750719,147.166443359507,9.76610789044878,0.540968899521531,0.0341678434924078,0.770559785809896,0.686614197696287,-0.905993785662086,"bastante facil",0.0431907285338848,0.154926543449227,0.0348649347292232,0.0226293567704967,0.0500516996251777,0.170791865925639,0.233854637887209,0.00664555598638577,0.0500086166041963,0.0757291801301107,0.0278962560854767,0.129410624272974,93424,1.80707449022056,6.36881315293715,2.51717155447151,4.50516631280963,0.70757254069356,7065,-0.00692634222732732,0.191058291908707,0.280962491153574,3453,3829,2347,4589,2954,3958,2086,4440,0.124855365924212,0.138450969048308,0.084864043968759,0.165931443448076,0.106812264969627,0.143115417992479,0.0754266705235754,0.160543824124964,FALSE,TRUE
"L0636","Mitos griegos","mitos griegos",7,"Basica superior",165843,8954,18.5216662943936,4.52957315050982,1.98908606332495,9.16512268609804,4.51329014965379,15.1046654020479,68.6027365802214,64.3932719604619,57.4722673860339,165843,18459,0.111304064687687,73.891453399567,0.82372347218742,139.66432067299,9.76461201034331,0.542662116040956,0.0349965364728821,0.781990542480655,0.69103732261794,-0.973622528012072,"normal",0.0505513975866809,0.174070566671758,0.0379593707041393,0.0267236902398045,0.0466656483885749,0.156987933404613,0.188244997708874,0.0099098823888804,0.0586100504047655,0.105770581945929,0.0301756529708263,0.114330227585154,165843,1.64650243146476,12.9399492290902,2.75218272429484,4.93762993762994,1.0462577962578,9620,0.008523369175935,0.110323253905813,0.202079002079002,4400,5581,3210,6453,4543,4827,2785,6951,0.113548387096774,0.144025806451613,0.0828387096774194,0.166529032258065,0.117238709677419,0.124567741935484,0.0718709677419355,0.17938064516129,FALSE,FALSE
"L0637","Momentos estelares de la humanidad","momentos estelares de la humanidad",7,"Basica superior",88209,5411,16.3017926446128,4.59846500923942,1.96101304855514,8.37966651582408,4.05451857327666,13.9076531043496,72.5513885891868,68.3620944304022,57.3839600522346,88209,11821,0.134011268691403,80.2892015384433,0.836676070758888,123.099158504549,9.6409555676449,0.541240165806615,0.0356879217406182,0.791748865698653,0.703717966178698,-0.976386907201162,"bastante facil",0.068952554536652,0.163877655635929,0.0571509939055647,0.0294127698353933,0.042569915133565,0.171726376943669,0.207700632226462,0.00657287691519052,0.0627669875263428,0.0431850543942587,0.0299823432249245,0.116101839722048,88209,1.78895211930926,16.2001609813058,2.70006640507093,4.86542366623592,0.936680819641868,5417,0.0086313899294524,0.222484179727795,0.285397821672512,3152,4107,1880,4214,2850,3684,2205,4554,0.118291676048938,0.154131952263004,0.0705546798769046,0.158147564362381,0.106957892366584,0.1382571492907,0.0827516325151993,0.170907453276289,FALSE,FALSE
"L0638","No se culpe a nadie","no se culpe a nadie",7,"Basica superior",7210,231,31.2121212121212,4.46061026352289,1.92163661581137,15.1855349472534,7.15584415584416,19.2580393393015,59.705439414954,55.9049176228303,55.7602255577409,7210,2131,0.295561719833564,62.8526733958969,0.814792069624737,140.751499016045,8.63746638420209,0.694040356640075,0.0355659598994989,0.764717218265613,0.668093095204597,-1.04091154387993,"normal",0.0550382209867964,0.153300903405142,0.0517025712300208,0.0266851980542043,0.0515635858234885,0.171091035441279,0.214176511466296,0.00347463516330785,0.0711605281445448,0.019041000694927,0.0405837387074357,0.142182070882557,7210,1.50635386119257,14.8404993065187,2.85585327410804,6.8008658008658,2.68398268398268,231,-0.00160919342777792,0.257283844188,0.350649350649351,152,237,150,228,170,276,146,316,0.0907462686567164,0.141492537313433,0.0895522388059701,0.136119402985075,0.101492537313433,0.164776119402985,0.0871641791044776,0.18865671641791,FALSE,FALSE
"L0639","Nuevo testamento","nuevo testamento",7,"Basica superior",212659,20753,10.2471449910856,4.19623434700624,1.82217540757739,3.45783626994221,2.04992049342264,9.90805635593658,87.0573876544493,83.066327116843,58.9430437989925,212659,14199,0.0667688647082889,49.4771548101266,0.821474470466288,136.756876771246,9.13472574621291,0.507359673216424,0.0414112574933432,0.736843892573308,0.644254798644972,-1.16496964029257,"muy facil",0.0319075133522133,0.164740653450668,0.0452787333928877,0.0337226540968962,0.0650409594586889,0.121172523900937,0.163547982437801,0.00384410696976033,0.0894455742877236,0.105667800733659,0.0423089350540741,0.133322562864691,212659,1.2267089600114,11.0505551140558,2.52567598961648,4.15189696856983,0.619164961874651,21508,0.0371175510388689,0.304411808559514,0.163892505114376,4796,8964,5705,7643,7500,5802,3704,14660,0.0816007077959642,0.15251641882465,0.0970667301868173,0.130040494096029,0.127607445469085,0.0987171198148841,0.0630210637356654,0.249430020076905,FALSE,FALSE
"L0640","Piel de asno","piel de asno",7,"Basica superior",5145,254,20.255905511811,4.38289601554908,1.89601554907677,9.34139298914166,4.47637795275591,14.6827866287122,72.4180434333464,68.457325780706,63.6507684055602,5145,1551,0.301457725947522,79.8922215843858,0.822940128298978,130.095453425018,8.43239690874272,0.697614442295293,0.0378074023758328,0.792083987441164,0.697116527942922,-1.06662238647257,"bastante facil",0.0636186770428016,0.137743190661479,0.0550583657587549,0.0321011673151751,0.0437743190661479,0.167120622568093,0.202140077821012,0.00291828793774319,0.0805447470817121,0.0175097276264591,0.0488326848249027,0.14863813229572,5145,1.35994764397906,10.1068999028183,2.72234716826825,5.71653543307087,1.83858267716535,254,0.0619666336619505,0.196224964322593,0.196850393700787,107,226,130,176,248,198,109,284,0.0723951285520974,0.152909336941813,0.087956698240866,0.119079837618403,0.167794316644114,0.133964817320704,0.0737483085250338,0.192151556156969,FALSE,FALSE
"L0643","Puente a Terabithia","puente a terabithia",7,"Basica superior",34233,3103,11.0322268772156,4.38784214062454,1.88867467063944,4.7528499209494,2.14147599097647,10.9989295956595,82.2666483468736,78.1383411419472,67.3143394291297,34233,5331,0.155726930155113,91.5034667006889,0.852636786732622,101.81310197305,9.24761005643298,0.570999812417933,0.0392796445395673,0.810699157500524,0.716932677096112,-0.981153962272129,"bastante facil",0.0451995653323152,0.143234749919234,0.0657875414843314,0.0382390084877676,0.0406179329789421,0.131633821844988,0.16470380921613,0.00352433257951775,0.0906047167317689,0.0764486475373726,0.0382683779259303,0.161737495961702,34233,1.01834029417106,6.25127800660182,2.32848333012141,4.21430873348373,0.880760554302288,3103,0.00810205254464842,0.270037257023772,0.251369642281663,794,1128,575,1069,926,1300,733,1487,0.099101347978033,0.140788816774838,0.0717673489765352,0.133424862705941,0.115576635047429,0.162256615077384,0.0914877683474788,0.185596605092361,FALSE,FALSE
"L0646","Quique Hache. El mall embrujado y otras historias","quique hache el mall embrujado y otras historias",7,"Basica superior",35572,2526,14.0823436262866,4.3852468233442,1.92856741257169,6.26568435109451,3.01900237529691,12.6592094825977,76.7619647468865,72.6029065704974,66.7595135032019,35572,5584,0.156977397953447,90.5237884138061,0.847295122509913,109.271254817052,9.27090618265764,0.565007163323782,0.0388248406242821,0.808722236297546,0.714746708764375,-0.961338482258474,"bastante facil",0.0441480474612749,0.151360688698213,0.0607141845779175,0.0312632741483306,0.0392773199671509,0.147735961260726,0.184096508368023,0.00450259111375414,0.0912411859655085,0.0476311839832356,0.0415427746155807,0.156486279840285,35572,1.17643865363735,8.4898234566513,2.45543386179354,4.68866060845516,1.07902015013829,2531,0.0224547605958883,0.181815749941493,0.230738838403793,560,1448,555,1204,875,1263,634,1675,0.0681762843925006,0.176284392500609,0.0675675675675676,0.146579011443876,0.106525444363282,0.153761869978086,0.0771852934015096,0.203920136352569,FALSE,FALSE
"L0647","Rig Veda","rig veda",7,"Basica superior",199,30,6.63333333333333,4.80402010050251,2.09045226130653,4.5136013400335,1.56666666666667,11.6643366834171,74.646864321608,69.9664907872697,58.3867859093895,199,114,0.57286432160804,55.4470596792147,0.821533241656745,125.754400141411,6.41230926227927,0.675438596491228,0.0457825532447798,0.760533333333334,0.6888,NA,"bastante facil",0.0357142857142857,0.11734693877551,0.147959183673469,0.0306122448979592,0.0306122448979592,0.158163265306122,0.224489795918367,0,0.076530612244898,0.0102040816326531,0.0102040816326531,0.158163265306122,199,1.41935483870968,35.1758793969849,2.0887573964497,3.36666666666667,0.2,30,-0.0153030303030303,0.234141873571483,0.133333333333333,3,9,2,7,3,6,2,4,0.0833333333333333,0.25,0.0555555555555556,0.194444444444444,0.0833333333333333,0.166666666666667,0.0555555555555556,0.111111111111111,FALSE,FALSE
"L0648","Robin Hood","robin hood",7,"Basica superior",113419,6445,17.5979829325058,4.37640077941086,1.86706812791508,7.98183913727804,3.81799844840962,13.3046172530752,76.8659697339395,72.918672698385,66.9927833827979,113419,11164,0.098431479734436,88.1673899323558,0.843404825629472,115.681640966851,9.50365819037288,0.507345037620924,0.039407904084803,0.804537002734516,0.710956318390402,-1.04331004405223,"bastante facil",0.0521294357724008,0.152050813169728,0.0577478599634272,0.0262634828929584,0.0474209136123111,0.14764264701985,0.191256106502708,0.00685518423307626,0.0793469906977977,0.0518820837639908,0.0401858673663195,0.147218615005433,113419,1.2991299129913,7.11520997363757,2.54016863910857,5.2744763382467,1.42063615205586,6445,0.0174531993652663,0.217076599932937,0.274631497284717,3171,4422,2304,3783,4103,3706,2398,5241,0.10886432298819,0.151812688821752,0.0790991485855534,0.129875034331228,0.140861027190332,0.127231529799506,0.0823262839879154,0.179929964295523,TRUE,TRUE
"L0649","Robin Hood","robin hood",7,"Basica superior",113419,6445,17.5979829325058,4.37640077941086,1.86706812791508,7.98183913727804,3.81799844840962,13.3046172530752,76.8659697339395,72.918672698385,66.9927833827979,113419,11164,0.098431479734436,88.1673899323558,0.843404825629472,115.681640966851,9.50365819037288,0.507345037620924,0.039407904084803,0.804537002734516,0.710956318390402,-1.04331004405223,"bastante facil",0.0521294357724008,0.152050813169728,0.0577478599634272,0.0262634828929584,0.0474209136123111,0.14764264701985,0.191256106502708,0.00685518423307626,0.0793469906977977,0.0518820837639908,0.0401858673663195,0.147218615005433,113419,1.2991299129913,7.11520997363757,2.54016863910857,5.2744763382467,1.42063615205586,6445,0.0174531993652663,0.217076599932937,0.274631497284717,3171,4422,2304,3783,4103,3706,2398,5241,0.10886432298819,0.151812688821752,0.0790991485855534,0.129875034331228,0.140861027190332,0.127231529799506,0.0823262839879154,0.179929964295523,TRUE,TRUE
"L0650","Si","si",7,"Basica superior",276,15,18.4,4.2536231884058,1.77536231884058,7.8045652173913,3.86666666666667,12.5352753623188,81.5502608695652,77.8299275362319,60.5702151204959,276,161,0.583333333333333,64.3039927404719,0.82629255854527,123.660995589162,6.75019089842062,0.807453416149068,0.0392886449448927,0.790396475770926,0.716440677966101,NA,"bastante facil",0.0471014492753623,0.108695652173913,0.0434782608695652,0.0398550724637681,0.0869565217391304,0.141304347826087,0.210144927536232,0.0072463768115942,0.0615942028985507,0.0398550724637681,0.0760869565217391,0.13768115942029,276,1.52631578947368,3.6231884057971,2.40229885057471,5.26666666666667,1.73333333333333,15,0.0220798881252783,0.0644543961528175,0.0666666666666667,18,14,7,13,12,7,13,23,0.168224299065421,0.130841121495327,0.0654205607476635,0.121495327102804,0.11214953271028,0.0654205607476635,0.121495327102804,0.214953271028037,FALSE,FALSE
"L0651","Stardust","stardust",7,"Basica superior",60412,4406,13.7113027689514,4.40410845527379,1.90760113884659,6.16900220881525,2.97684975034044,12.2671015182808,78.3984028448744,74.2801462809062,66.0024930854098,60412,8313,0.137605111567238,81.8374268114319,0.843190631118782,115.479733331181,9.46039267356759,0.561650427041982,0.0376814466309296,0.794426718353839,0.704831130933621,-0.997721738548002,"bastante facil",0.0582097475199894,0.140025214823662,0.0588567068113201,0.0320991340698716,0.0542948143724495,0.155635181314489,0.197870010948542,0.00446236024020437,0.074383729803258,0.0454032712915962,0.0343551972396404,0.144404631564978,60412,1.37024698449167,6.22392902072436,2.54963753883512,4.52870433401407,0.862945314272748,4407,0.018339087126342,0.211931061034897,0.231903789425913,1311,2320,1384,1821,1888,2156,1051,2937,0.0881759483454399,0.156039817056766,0.0930858218993812,0.122477804681195,0.126984126984127,0.145009416195857,0.0706887274683885,0.197538337368846,FALSE,FALSE
"L0652","Trilogía de Fairy Oak","trilogia de fairy oak",7,"Basica superior",38414,3588,10.70624303233,4.56206070703389,1.9701150622169,5.41042744629464,2.47519509476031,11.8327925167681,77.7127283740094,73.3905885915571,60.3306526250836,38414,6443,0.167725308481283,109.086926661657,0.86708387762418,90.4511780903363,9.54840425269368,0.586683222101505,0.0368930542386821,0.826878665450264,0.741328983426847,-0.992938112265515,"bastante facil",0.04636161006949,0.131322931690049,0.0639832175167169,0.0415628687557362,0.0450242559328701,0.137642585551331,0.177972990690966,0.00403828503998951,0.082784843319785,0.0808705913203094,0.0302084699095319,0.158227350203225,38414,1.1247928405701,8.0439423126985,2.46830318690784,4.0790866054024,0.715399610136452,3591,0.00032659271186645,0.218068976890323,0.233639654692286,1002,1578,914,1642,1029,1175,946,1546,0.101912123677787,0.160496338486574,0.0929617575264443,0.167005695687551,0.104658258746949,0.119507729861676,0.0962164361269325,0.157241659886086,FALSE,FALSE
"L0653","Un destripador de antaño","un destripador de antano",7,"Basica superior",9204,519,17.7341040462428,4.43405041286397,1.93187744458931,8.32142946771069,4.06743737957611,14.1224544241885,72.8385671974739,68.7449311558433,60.3383043982738,9204,2990,0.324858757062147,84.392456058056,0.826123634620125,136.179761232244,9.03621943625292,0.74180602006689,0.0310763053352575,0.791224467504104,0.709028006589758,-1.02396237603303,"bastante facil",0.0673936750272628,0.154961832061069,0.0553980370774264,0.0205016357688113,0.0522355507088332,0.157906215921483,0.221155943293348,0.0054525627044711,0.0680479825517993,0.0322791712104689,0.0375136314067612,0.127153762268266,9204,1.73927958833619,10.5388961321165,2.72642487046632,5.33718689788054,1.22543352601156,519,-0.0185470518556334,0.282573068375316,0.360308285163776,294,339,299,414,279,457,192,431,0.108687615526802,0.125323475046211,0.110536044362292,0.153049907578558,0.103142329020333,0.168946395563771,0.0709796672828096,0.159334565619224,FALSE,FALSE
"L0654","Un viejo que leía novelas de amor","un viejo que leia novelas de amor",7,"Basica superior",27186,1991,13.6544450025113,4.57345692635916,1.97116162730817,6.93820462440727,3.38573581115018,12.9949407532159,74.6427684589481,70.3771856161895,58.9049034330523,27186,5908,0.217317737070551,85.1971777393552,0.828307075308471,132.250833035895,9.36761069777524,0.621191604603927,0.0337125933084564,0.796121899988896,0.706494628419485,-0.926888383565118,"bastante facil",0.0559864096314351,0.154479651377502,0.0473077775315754,0.0196838762094689,0.0400324987074378,0.169177930423222,0.21958785730113,0.00513331856119359,0.0794002511263757,0.0240416574340793,0.0261466873476623,0.159022084348918,27186,1.38086391082211,10.5201206503347,2.416709664616,4.60924158714214,1.08036162732295,1991,-0.021053843484171,0.205700436531137,0.330989452536414,841,1021,713,1303,615,1261,664,889,0.115095114273984,0.139729026960449,0.0975776652524976,0.178322156835911,0.0841658683454222,0.172574243875736,0.0908717667989599,0.121664157657041,FALSE,FALSE
"L0655","Vencidos","vencidos",7,"Basica superior",10432,709,14.7136812411848,4.33435582822086,1.84614647239264,6.34165657151263,3.1311706629055,11.9328640582952,81.0632567904333,77.1063935287539,64.5649853204216,10432,2455,0.235333588957055,45.0021144503246,0.83404635765376,121.254887039407,8.80222438691913,0.603665987780041,0.0389115789126758,0.727136665703545,0.634477886383413,-0.976276967955428,"bastante facil",0.0621392843401308,0.142939592150827,0.0676221623701424,0.0302039245863794,0.055021161985379,0.173432089265102,0.211812235475183,0.00432858791843017,0.0640631011927665,0.0430934974990381,0.035205848403232,0.11013851481339,10432,1.92314410480349,8.24386503067485,2.62809832356269,4.64507042253521,0.773239436619718,710,0.00496342919118095,0.200712600063135,0.295774647887324,320,390,277,450,277,451,206,458,0.113114174620007,0.137857900318134,0.0979144574054436,0.159066808059385,0.0979144574054436,0.159420289855072,0.0728172499116296,0.161894662424885,FALSE,FALSE
"L0656","Vuelo Nocturno","vuelo nocturno",7,"Basica superior",23954,1904,12.5808823529412,4.68836102529849,2.02817900976872,6.94262160562647,3.14390756302521,13.249056432918,72.3167594138766,67.8985653384674,59.2036753608552,23954,5160,0.215412874676463,92.454865256161,0.853469577666777,106.007256442483,9.41532284015147,0.62577519379845,0.0347635439832057,0.808435055427702,0.722360511423151,-0.969856564756753,"bastante facil",0.0605603086730414,0.15047810770005,0.0595957054185539,0.026463680590505,0.0337191746351283,0.168470055359839,0.209193088407985,0.00700385841301795,0.0716742157356148,0.0445814460660963,0.0301123972487838,0.138147961751384,23954,1.51426836672738,16.1977122818736,2.57580155095007,4.36092194866422,0.752750130958617,1909,-0.00256531867082042,0.250292038327459,0.266631744368779,646,1044,472,1004,707,1090,550,1176,0.0965764688294214,0.156077141575721,0.0705636119001345,0.15009717446554,0.105695918672447,0.162954103752429,0.0822245477649873,0.175811033039318,FALSE,FALSE
"L0657","Yo soy Malala","yo soy malala",7,"Basica superior",96446,6012,16.042248835662,4.59441552786015,1.98237355618688,8.23082155405231,4.04940119760479,14.0584850089134,71.5344928164118,67.2908786138953,61.1821785245213,96446,10854,0.11253965949858,88.447703918698,0.845554922886254,109.968105122241,9.52464449497175,0.522572323567348,0.0381874571205744,0.804236231417977,0.710636864666303,-1.00572260710079,"bastante facil",0.0474405565361852,0.14757553732738,0.0508046931782785,0.0434015159381165,0.0441179524452289,0.156120859723809,0.198245249714464,0.00694631917765549,0.0709998961686222,0.0475859204651646,0.043380749662548,0.143380749662548,96446,1.38264899703092,12.5562490927566,2.45567534693426,5.05850091407678,1.1959448230015,6017,0.0113258064744306,0.182574738118641,0.272561076948646,2399,3760,1590,3752,2824,3590,1794,6299,0.0922408489695478,0.14457090126115,0.0611350353737312,0.144263303598893,0.108581974776992,0.138034450938173,0.0689787757613042,0.242194709320209,FALSE,FALSE
"L0658","Sub-Terra","sub terra",7,"Basica superior",49582,2127,23.3107663375646,4.6581017304667,2.01772820781735,12.1650423192805,6.13446168312177,17.310391723895,61.9993258666429,57.8197663154143,55.8411601419004,49582,9104,0.183615021580412,88.3506281926598,0.819808968670657,143.834231839426,9.57185689818406,0.578207381370826,0.0333888018928873,0.797262834877652,0.71282824404335,-0.896549310307505,"normal",0.0735252439370015,0.162476213611887,0.0427547673994899,0.0186444795335844,0.0455888902384712,0.184805052836147,0.235535851653913,0.00402850317826633,0.0560751447427021,0.0160937689785012,0.0292724401797644,0.131199643710272,49582,1.79524764696806,13.7953289500222,2.70077329905813,6.06911142454161,1.68406205923836,2127,-0.0304011532112995,0.191286625361038,0.466854724964739,1959,1755,1515,2606,1182,2488,1261,1841,0.134113781063873,0.120147874306839,0.103717395769152,0.178407612788389,0.0809201067981105,0.170329294174026,0.0863284726500993,0.12603546244951,TRUE,TRUE
"L0659","Sub-Terra","sub terra",10,"Media",49582,2127,23.3107663375646,4.6581017304667,2.01772820781735,12.1650423192805,6.13446168312177,17.310391723895,61.9993258666429,57.8197663154143,55.8411601419004,49582,9104,0.183615021580412,88.3506281926598,0.819808968670657,143.834231839426,9.57185689818406,0.578207381370826,0.0333888018928873,0.797262834877652,0.71282824404335,-0.896549310307505,"normal",0.0735252439370015,0.162476213611887,0.0427547673994899,0.0186444795335844,0.0455888902384712,0.184805052836147,0.235535851653913,0.00402850317826633,0.0560751447427021,0.0160937689785012,0.0292724401797644,0.131199643710272,49582,1.79524764696806,13.7953289500222,2.70077329905813,6.06911142454161,1.68406205923836,2127,-0.0304011532112995,0.191286625361038,0.466854724964739,1959,1755,1515,2606,1182,2488,1261,1841,0.134113781063873,0.120147874306839,0.103717395769152,0.178407612788389,0.0809201067981105,0.170329294174026,0.0863284726500993,0.12603546244951,TRUE,TRUE
"L0660","La Odisea","la odisea",7,"Basica superior",121628,5842,20.8195823348168,4.398164896241,1.89994902489558,9.69514782870352,4.61143444026018,14.9490356043465,71.6070845247518,67.6485934141883,62.7282457286391,121628,12042,0.099006807642977,95.7854285056157,0.835550933016782,121.478252308457,9.49719004219905,0.503404750041521,0.0388410466988402,0.808814515664885,0.720974746768245,-1.03162932966994,"bastante facil",0.0591281865489757,0.150023055134708,0.0581154074171662,0.0208648969106119,0.0570532244252684,0.152509716092484,0.194774718397998,0.00275838218826164,0.081961003886437,0.0361718595612937,0.0418368355180818,0.144802713918714,121628,1.34510406004777,7.77781431907127,2.66796503895117,5.73536460116398,1.59722697706265,5842,0.0176921085251174,0.171084126367665,0.28483396097227,3275,4245,2308,4233,3852,4585,2048,5427,0.109265005171321,0.141627464718246,0.0770026357054683,0.141227104393955,0.128515664097688,0.152971007239849,0.0683281620124779,0.181062956660995,TRUE,TRUE
"L0661","La Odisea","la odisea",11,"Media",121628,5842,20.8195823348168,4.398164896241,1.89994902489558,9.69514782870352,4.61143444026018,14.9490356043465,71.6070845247518,67.6485934141883,62.7282457286391,121628,12042,0.099006807642977,95.7854285056157,0.835550933016782,121.478252308457,9.49719004219905,0.503404750041521,0.0388410466988402,0.808814515664885,0.720974746768245,-1.03162932966994,"bastante facil",0.0591281865489757,0.150023055134708,0.0581154074171662,0.0208648969106119,0.0570532244252684,0.152509716092484,0.194774718397998,0.00275838218826164,0.081961003886437,0.0361718595612937,0.0418368355180818,0.144802713918714,121628,1.34510406004777,7.77781431907127,2.66796503895117,5.73536460116398,1.59722697706265,5842,0.0176921085251174,0.171084126367665,0.28483396097227,3275,4245,2308,4233,3852,4585,2048,5427,0.109265005171321,0.141627464718246,0.0770026357054683,0.141227104393955,0.128515664097688,0.152971007239849,0.0683281620124779,0.181062956660995,TRUE,TRUE
"L0662","La Araucana","la araucana",7,"Basica superior",155,10,15.5,4.5741935483871,1.93548387096774,7.86445161290323,3.6,13.2937096774194,74.9009677419355,70.7543548387097,74.9553248666567,155,113,0.729032258064516,160.166666666667,0.855307933735608,109.053069719043,6.46473977048161,0.858407079646018,0.028609013006061,0.810943396226415,0.749107142857143,NA,"bastante facil",0.150326797385621,0.124183006535948,0.0457516339869281,0.0326797385620915,0.065359477124183,0.104575163398693,0.150326797385621,0.0196078431372549,0.0261437908496732,0.137254901960784,0.0261437908496732,0.117647058823529,155,1.27777777777778,0,3.63448275862069,4.5,1,10,0.0457756809740394,0.0609531707982706,0,3,1,2,8,1,2,1,5,0.130434782608696,0.0434782608695652,0.0869565217391304,0.347826086956522,0.0434782608695652,0.0869565217391304,0.0434782608695652,0.217391304347826,TRUE,TRUE
"L0663","La Araucana","la araucana",8,"Basica superior",155,10,15.5,4.5741935483871,1.93548387096774,7.86445161290323,3.6,13.2937096774194,74.9009677419355,70.7543548387097,74.9553248666567,155,113,0.729032258064516,160.166666666667,0.855307933735608,109.053069719043,6.46473977048161,0.858407079646018,0.028609013006061,0.810943396226415,0.749107142857143,NA,"bastante facil",0.150326797385621,0.124183006535948,0.0457516339869281,0.0326797385620915,0.065359477124183,0.104575163398693,0.150326797385621,0.0196078431372549,0.0261437908496732,0.137254901960784,0.0261437908496732,0.117647058823529,155,1.27777777777778,0,3.63448275862069,4.5,1,10,0.0457756809740394,0.0609531707982706,0,3,1,2,8,1,2,1,5,0.130434782608696,0.0434782608695652,0.0869565217391304,0.347826086956522,0.0434782608695652,0.0869565217391304,0.0434782608695652,0.217391304347826,TRUE,TRUE
"L0664","La Ilíada","la iliada",7,"Basica superior",153894,7456,20.6402896995708,4.42657933382718,1.91383679675621,9.73933351211142,4.76649678111588,15.0429871845559,70.9566967010652,66.9626778625174,64.5037450688449,153894,13732,0.089230249392439,85.6500835791117,0.822071997921199,137.265787278828,9.44820206043961,0.495266530731139,0.0390038803059103,0.796295102213543,0.707395494001713,-1.05254622802148,"bastante facil",0.0609718776655663,0.159136340254853,0.0455921708046022,0.0188567447372362,0.0553070406761341,0.157658273592093,0.20275558507348,0.00330123259039322,0.0665846241999232,0.0527285631499098,0.0374986163472871,0.139608930908523,153894,1.45231099295742,6.00413271472572,2.72944548711824,5.72813713673497,1.47462166867551,7467,-0.00820601673139532,0.182930981204741,0.36373376188563,6579,5472,3400,7976,4270,6272,2908,6968,0.150051317139925,0.124803284296955,0.0775459003307105,0.181913559128749,0.0973885277682746,0.143049378492416,0.0663245524005018,0.158923480442468,TRUE,TRUE
"L0665","La Ilíada","la iliada",8,"Basica superior",153894,7456,20.6402896995708,4.42657933382718,1.91383679675621,9.73933351211142,4.76649678111588,15.0429871845559,70.9566967010652,66.9626778625174,64.5037450688449,153894,13732,0.089230249392439,85.6500835791117,0.822071997921199,137.265787278828,9.44820206043961,0.495266530731139,0.0390038803059103,0.796295102213543,0.707395494001713,-1.05254622802148,"bastante facil",0.0609718776655663,0.159136340254853,0.0455921708046022,0.0188567447372362,0.0553070406761341,0.157658273592093,0.20275558507348,0.00330123259039322,0.0665846241999232,0.0527285631499098,0.0374986163472871,0.139608930908523,153894,1.45231099295742,6.00413271472572,2.72944548711824,5.72813713673497,1.47462166867551,7467,-0.00820601673139532,0.182930981204741,0.36373376188563,6579,5472,3400,7976,4270,6272,2908,6968,0.150051317139925,0.124803284296955,0.0775459003307105,0.181913559128749,0.0973885277682746,0.143049378492416,0.0663245524005018,0.158923480442468,TRUE,TRUE
"L0666","Don Quijote de la Mancha: primera parte","don quijote de la mancha primera parte",7,"Basica superior",191482,7051,27.1567153595235,4.21567040243992,1.81405040682675,12.0041652752537,5.21032477662743,16.4069137907698,70.297125923681,66.6629442951699,68.4860635616052,191482,14580,0.0761429272725374,76.3544628217733,0.828859315276313,130.311626533206,9.34283853692536,0.507887517146776,0.0400837035261862,0.784593042996862,0.692557437180836,-1.11435308256304,"bastante facil",0.0490008642589634,0.141083728360789,0.0616138071916822,0.033931330696907,0.0595657753450488,0.12620276039075,0.171929916454967,0.00477175706466228,0.0988712254144515,0.0355917554932823,0.0670979231595212,0.150339156168976,191482,1.14361368545746,8.40810102255042,2.91565997223909,6.89419940433981,2.73890228336406,7051,0.0089295211710427,0.156985297339883,0.302368458374699,5499,6063,4840,7215,4652,7183,2948,9571,0.114631756686331,0.126388859936211,0.10089429030039,0.150403368701924,0.0969752558837631,0.149736299013988,0.0614537950011465,0.199516374476246,TRUE,TRUE
"L0667","Don Quijote de la Mancha: primera parte","don quijote de la mancha primera parte",8,"Basica superior",191482,7051,27.1567153595235,4.21567040243992,1.81405040682675,12.0041652752537,5.21032477662743,16.4069137907698,70.297125923681,66.6629442951699,68.4860635616052,191482,14580,0.0761429272725374,76.3544628217733,0.828859315276313,130.311626533206,9.34283853692536,0.507887517146776,0.0400837035261862,0.784593042996862,0.692557437180836,-1.11435308256304,"bastante facil",0.0490008642589634,0.141083728360789,0.0616138071916822,0.033931330696907,0.0595657753450488,0.12620276039075,0.171929916454967,0.00477175706466228,0.0988712254144515,0.0355917554932823,0.0670979231595212,0.150339156168976,191482,1.14361368545746,8.40810102255042,2.91565997223909,6.89419940433981,2.73890228336406,7051,0.0089295211710427,0.156985297339883,0.302368458374699,5499,6063,4840,7215,4652,7183,2948,9571,0.114631756686331,0.126388859936211,0.10089429030039,0.150403368701924,0.0969752558837631,0.149736299013988,0.0614537950011465,0.199516374476246,TRUE,TRUE
"L0668","Don Quijote de la Mancha: primera parte","don quijote de la mancha primera parte",10,"Media",191482,7051,27.1567153595235,4.21567040243992,1.81405040682675,12.0041652752537,5.21032477662743,16.4069137907698,70.297125923681,66.6629442951699,68.4860635616052,191482,14580,0.0761429272725374,76.3544628217733,0.828859315276313,130.311626533206,9.34283853692536,0.507887517146776,0.0400837035261862,0.784593042996862,0.692557437180836,-1.11435308256304,"bastante facil",0.0490008642589634,0.141083728360789,0.0616138071916822,0.033931330696907,0.0595657753450488,0.12620276039075,0.171929916454967,0.00477175706466228,0.0988712254144515,0.0355917554932823,0.0670979231595212,0.150339156168976,191482,1.14361368545746,8.40810102255042,2.91565997223909,6.89419940433981,2.73890228336406,7051,0.0089295211710427,0.156985297339883,0.302368458374699,5499,6063,4840,7215,4652,7183,2948,9571,0.114631756686331,0.126388859936211,0.10089429030039,0.150403368701924,0.0969752558837631,0.149736299013988,0.0614537950011465,0.199516374476246,TRUE,TRUE
"L0669","Sub-Sole","sub sole",7,"Basica superior",44978,2219,20.2694907616043,4.57623727155498,1.98594868602428,10.2588229298261,5.14240648940964,15.7492958921122,67.0081982617069,62.8409060990831,58.289118391305,44978,8933,0.198608208457468,89.8592333797907,0.824113322090147,139.168763849254,9.62110318586374,0.592298220082839,0.0324244573783669,0.796668076298051,0.712837184429203,-0.915015151177756,"normal",0.0672706631346972,0.159005409255838,0.0450548716693008,0.0210137346125593,0.0433408276384035,0.188166418093182,0.234490127551588,0.00356164993433208,0.0587672239164793,0.0158270818956882,0.0301627228813748,0.133339269416557,44978,1.75859766277129,11.983636444484,2.70701307204827,5.58198198198198,1.4,2220,-0.0264536292202272,0.235319844267051,0.408558558558559,1866,1677,1348,2463,1269,2122,1156,1854,0.135659760087241,0.121919302071974,0.0980007270083606,0.179062159214831,0.092257360959651,0.154271174118502,0.0840421664849146,0.134787350054526,TRUE,TRUE
"L0670","Sub-Sole","sub sole",8,"Basica superior",44978,2219,20.2694907616043,4.57623727155498,1.98594868602428,10.2588229298261,5.14240648940964,15.7492958921122,67.0081982617069,62.8409060990831,58.289118391305,44978,8933,0.198608208457468,89.8592333797907,0.824113322090147,139.168763849254,9.62110318586374,0.592298220082839,0.0324244573783669,0.796668076298051,0.712837184429203,-0.915015151177756,"normal",0.0672706631346972,0.159005409255838,0.0450548716693008,0.0210137346125593,0.0433408276384035,0.188166418093182,0.234490127551588,0.00356164993433208,0.0587672239164793,0.0158270818956882,0.0301627228813748,0.133339269416557,44978,1.75859766277129,11.983636444484,2.70701307204827,5.58198198198198,1.4,2220,-0.0264536292202272,0.235319844267051,0.408558558558559,1866,1677,1348,2463,1269,2122,1156,1854,0.135659760087241,0.121919302071974,0.0980007270083606,0.179062159214831,0.092257360959651,0.154271174118502,0.0840421664849146,0.134787350054526,TRUE,TRUE
"L0671","Sub-Sole","sub sole",10,"Media",44978,2219,20.2694907616043,4.57623727155498,1.98594868602428,10.2588229298261,5.14240648940964,15.7492958921122,67.0081982617069,62.8409060990831,58.289118391305,44978,8933,0.198608208457468,89.8592333797907,0.824113322090147,139.168763849254,9.62110318586374,0.592298220082839,0.0324244573783669,0.796668076298051,0.712837184429203,-0.915015151177756,"normal",0.0672706631346972,0.159005409255838,0.0450548716693008,0.0210137346125593,0.0433408276384035,0.188166418093182,0.234490127551588,0.00356164993433208,0.0587672239164793,0.0158270818956882,0.0301627228813748,0.133339269416557,44978,1.75859766277129,11.983636444484,2.70701307204827,5.58198198198198,1.4,2220,-0.0264536292202272,0.235319844267051,0.408558558558559,1866,1677,1348,2463,1269,2122,1156,1854,0.135659760087241,0.121919302071974,0.0980007270083606,0.179062159214831,0.092257360959651,0.154271174118502,0.0840421664849146,0.134787350054526,TRUE,TRUE
"L0672","Alicia en el País de las Maravillas","alicia en el pais de las maravillas",8,"Basica superior",28000,2020,13.8613861386139,4.318,1.89253571428571,5.83847306930693,2.67524752475248,12.1478620226308,79.149243281471,75.0686388613861,68.3194923788935,28000,4221,0.15075,78.2644790402057,0.845117407952914,108.344056122449,9.06186834303175,0.548922056384743,0.0415499703900246,0.794757253765483,0.696611590982353,-0.961032241692809,"bastante facil",0.0456516286236428,0.131938223384814,0.0712366073028272,0.0396316336403053,0.0484107929910058,0.139284050596624,0.16089153259039,0.00601999498333751,0.0914824237646469,0.0540366216361486,0.0451499623750314,0.166266528111227,28000,0.967672413793103,6.75,2.52894534257121,4.65148514851485,1.20643564356436,2020,0.00305745295085477,0.230781208642162,0.265346534653465,596,968,446,821,612,918,550,1009,0.100675675675676,0.163513513513514,0.0753378378378378,0.138682432432432,0.103378378378378,0.155067567567568,0.0929054054054054,0.170439189189189,FALSE,FALSE
"L0673","Beowulf","beowulf",8,"Basica superior",7774,560,13.8821428571429,4.46616928222279,1.92101878055055,6.54672874784079,3.28035714285714,12.4920573247822,77.4190874526811,73.2733871145577,67.2912523372401,7774,2094,0.269359403138667,88.5741651512039,0.827839585307791,130.500704590824,8.69353322709453,0.655205348615091,0.0376338465039152,0.804900970873802,0.712652768729623,-0.995287243083535,"bastante facil",0.0427559562137798,0.153638119768191,0.0449452672247263,0.0329684481648422,0.0311654861558274,0.179008370895042,0.209401159047006,0.00334835801674179,0.0755956213779781,0.0292337411461687,0.0369607211848036,0.160978750804894,7774,1.3008,5.78852585541549,2.33559744940394,4.76785714285714,1.12678571428571,560,-0.0130696567237618,0.188632523857425,0.371428571428571,400,308,239,568,209,316,205,338,0.154858691444057,0.119241192411924,0.0925280681378242,0.219899341850561,0.0809136662795199,0.122338366240805,0.0793650793650794,0.130855594270228,FALSE,FALSE
"L0674","Como en Santiago","como en santiago",8,"Basica superior",19465,1606,12.1201743462017,3.64520935011559,1.64294888260981,1.79902321214531,1.62515566625156,8.52366480981447,95.9004892102855,92.3591102672069,66.1663265106562,19465,5504,0.282763935268431,192.982250823912,0.907452116926507,56.9709811962681,9.94902674934677,0.742005813953488,0.0298176338418504,0.87696435929123,0.801745326861561,-1.00220439918356,"muy facil",0.0521967286328365,0.117679897281304,0.0500195388823759,0.0359515435717077,0.0453302071121532,0.0955172221291799,0.155194551443086,0.012504884720594,0.087422542287724,0.184670351141629,0.0355049405459722,0.128007592251438,19465,1.21238552115133,4.5723092730542,2.65084518079033,4.48471882640587,0.729828850855746,1636,0.0169517638405854,0.171448546887488,0.137530562347188,206,412,180,326,324,332,155,620,0.0806262230919765,0.161252446183953,0.0704500978473581,0.127592954990215,0.126810176125245,0.129941291585127,0.060665362035225,0.2426614481409,FALSE,FALSE
"L0675","Crónicas marcianas","cronicas marcianas",8,"Basica superior",64475,6905,9.33743664011586,4.4937882900349,1.93228383094223,4.4044611661223,2.08616944243302,10.8525494947634,81.3787847705483,77.1162806921835,65.6948960264534,64475,8974,0.139185730903451,79.3415815473376,0.854294870628882,103.553698926261,9.64835241686638,0.556942277691108,0.0370253440676758,0.793029211808829,0.704750528147146,-0.983129261354565,"bastante facil",0.0587025291798476,0.128889997039161,0.0607283663960356,0.0303563915164171,0.0467189228779355,0.16013464025806,0.205949728070312,0.00883576693521996,0.0770597310311511,0.0471085069579717,0.0225491265524926,0.152966293185395,64475,1.34637326813366,6.39007367196588,2.37344542485931,3.79930545507162,0.4751844884966,6911,0.00671887231642892,0.285554336233971,0.226305889162205,1797,2565,1391,2295,1814,2645,1434,2663,0.108226933269092,0.154480847988437,0.0837749939773549,0.138219706094917,0.109250782943869,0.159298964105035,0.0863647313900265,0.16038304023127,FALSE,FALSE
"L0676","Cuentos judíos de la aldea de Chelm","cuentos judios de la aldea de chelm",8,"Basica superior",10695,876,12.208904109589,4.48302945301543,1.9312762973352,5.78952077849719,2.54223744292237,11.9605329112951,78.510339968107,74.3075825664278,64.3927699747305,10695,2405,0.224871435250117,73.0474372301295,0.842859140122232,110.905967034881,8.82544597133201,0.600831600831601,0.039919540407348,0.780832237460081,0.683909022272537,-0.952291784662096,"bastante facil",0.049313005834745,0.13570487483531,0.051948051948052,0.0395256916996047,0.0523244871070958,0.155185394315829,0.195181629964239,0.00451722190852626,0.0685111989459816,0.0560888386975344,0.0344438170525127,0.15725578769057,10695,1.24117295032914,5.51659654043946,2.3693482688391,4.32077625570776,0.791095890410959,876,-0.00112376672399645,0.220016231232744,0.272831050228311,280,480,278,399,401,480,239,527,0.0907911802853437,0.155642023346304,0.0901426718547341,0.129377431906615,0.130025940337224,0.155642023346304,0.077496757457847,0.170881971465629,TRUE,TRUE
"L0677","Cuentos judíos de la aldea de Chelm","cuentos judios de la aldea de chelm",8,"Basica superior",10695,876,12.208904109589,4.48302945301543,1.9312762973352,5.78952077849719,2.54223744292237,11.9605329112951,78.510339968107,74.3075825664278,64.3927699747305,10695,2405,0.224871435250117,73.0474372301295,0.842859140122232,110.905967034881,8.82544597133201,0.600831600831601,0.039919540407348,0.780832237460081,0.683909022272537,-0.952291784662096,"bastante facil",0.049313005834745,0.13570487483531,0.051948051948052,0.0395256916996047,0.0523244871070958,0.155185394315829,0.195181629964239,0.00451722190852626,0.0685111989459816,0.0560888386975344,0.0344438170525127,0.15725578769057,10695,1.24117295032914,5.51659654043946,2.3693482688391,4.32077625570776,0.791095890410959,876,-0.00112376672399645,0.220016231232744,0.272831050228311,280,480,278,399,401,480,239,527,0.0907911802853437,0.155642023346304,0.0901426718547341,0.129377431906615,0.130025940337224,0.155642023346304,0.077496757457847,0.170881971465629,TRUE,TRUE
"L0678","Cyrano de Bergerac","cyrano de bergerac",8,"Basica superior",34770,7510,4.62982689747004,4.50189818809318,1.90077653149267,2.08885391465391,0.986151797603196,8.64479556162678,88.0709846750206,83.7867951905369,68.4233562405069,34770,5738,0.165027322404372,76.6322920927322,0.862488571065449,92.0389040797206,9.36952264462245,0.594806552805856,0.0379412111773724,0.789077503528066,0.695996365838854,-0.983424261572847,"muy facil",0.0418761442561971,0.130423411118538,0.074017029438261,0.0327511551538752,0.0327511551538752,0.137601348406033,0.182296358722502,0.00409752695359042,0.0965098369707361,0.101275754845834,0.0301647728923891,0.136235506088169,34770,1.33809726962457,5.49324129997124,2.18057440487107,2.81328187383551,0.236225712004259,7514,0.0139134963455709,0.357735973355564,0.136412030875699,1052,1244,869,1342,1046,1277,711,1445,0.117070999332295,0.138437569552637,0.0967059870910305,0.149343423102604,0.116403294012909,0.142109948809259,0.0791230803472068,0.160805697752059,FALSE,FALSE
"L0679","Divina comedia","divina comedia",8,"Basica superior",119160,5305,22.4618284637135,4.34785162806311,1.85576535750252,10.279295400034,4.58360037700283,15.068144319378,72.5830135168612,68.7589897638797,66.5573371809333,119160,13670,0.114719704598859,101.92735301069,0.84451182392281,113.671682250183,9.63732552826727,0.551499634235552,0.0364946754142281,0.814762364517197,0.730050058373456,-1.04974089140451,"bastante facil",0.0565166564342363,0.147271305181535,0.0673237849339377,0.0296628344112428,0.0422529288579767,0.152855689091108,0.175210045162864,0.00450787616796885,0.0921423345079603,0.0351042446363843,0.0554990202097508,0.141653280405036,119160,1.23689366502405,8.61866398120175,2.7425524638037,6.083443209644,2.02768883028819,5309,0.0159754135322203,0.167137794329467,0.301563382934639,3458,5053,2775,4926,3950,4684,2553,5036,0.106613226452906,0.155788500077077,0.085555726838292,0.151872976722676,0.121782025589641,0.144411900724526,0.0787112686912286,0.155264374903653,FALSE,TRUE
"L0680","Dos pesos de agua","dos pesos de agua",8,"Basica superior",3182,329,9.67173252279635,4.40006285355123,1.93117536140792,4.13016230162445,1.97872340425532,10.969844948504,81.1043111422726,76.8510424614903,75.2348773085117,3182,1106,0.347580138277813,78.0245706926159,0.843746455896963,111.69838512595,8.43972232993132,0.672694394213382,0.0374071619870701,0.792965209064799,0.699912422964656,-0.973992942623636,"bastante facil",0.05459135373935,0.130640580624803,0.0451246449984222,0.0239823288103503,0.0413379615020511,0.160618491637741,0.224045440201956,0.00883559482486589,0.0773114547175765,0.0479646576207005,0.0173556326917009,0.168191858630483,3182,1.33208255159475,3.14267756128221,2.22432527164388,4.03343465045593,0.498480243161094,329,-0.0414736257002661,0.245571601318457,0.31306990881459,97,157,109,174,93,154,73,116,0.0996916752312436,0.161356628982528,0.112024665981501,0.178828365878726,0.0955806783144913,0.158273381294964,0.0750256937307297,0.119218910585817,FALSE,FALSE
"L0681","El avaro","el avaro",8,"Basica superior",20695,2077,9.96389022628792,4.29374244986712,1.85064025126842,3.77547205201808,1.9740009629273,10.1334721532197,85.638416893081,81.5762221196894,66.5623751265707,20695,3939,0.190335829910606,85.9923111828607,0.850080517165929,105.406559132247,9.04835213719896,0.627062706270627,0.0386799414768897,0.802451806645331,0.711073509419266,-1.02652670556403,"muy facil",0.0415554153114229,0.12510316034759,0.0639351424826448,0.0480120394193893,0.0377688237293072,0.125831351036458,0.169522792368562,0.00679644642943832,0.122530219913588,0.0444196320209719,0.0561677751347153,0.158357201805913,20695,1.07050889025138,11.7902875090602,2.37580299785867,3.97248134328358,0.849813432835821,2144,0.0375102914668084,0.371799939715172,0.229477611940299,744,801,626,874,765,906,429,1304,0.115366723523027,0.124205303147775,0.0970693130717941,0.13552488757947,0.118623042332145,0.140486897193363,0.0665219413862614,0.202201891766165,FALSE,FALSE
"L0682","El bigote del tigre","el bigote del tigre",8,"Basica superior",1068,97,11.0103092783505,4.08333333333333,1.82022471910112,3.30765463917525,1.77319587628866,10.18267230395,86.3960013900151,82.4246907216495,73.8203721205795,1068,388,0.363295880149813,69.614848265896,0.82309870355724,126.1765489767,7.46239643907338,0.646907216494845,0.0479424157405954,0.781393523061827,0.672507739938082,-0.772454287765547,"muy facil",0.0387890255439924,0.137180700094607,0.0624408703878903,0.0302743614001892,0.032166508987701,0.17123935666982,0.209082308420057,0.00473036896877956,0.0775780510879849,0.0444654683065279,0.0368968779564806,0.15515610217597,1068,1.34756097560976,14.0449438202247,2.25540679711637,4.12244897959184,0.744897959183674,98,0.0432431865310507,0.201195091982295,0.173469387755102,15,32,14,26,32,38,12,37,0.0728155339805825,0.155339805825243,0.0679611650485437,0.12621359223301,0.155339805825243,0.184466019417476,0.058252427184466,0.179611650485437,FALSE,FALSE
"L0683","El candor del padre Brown","el candor del padre brown",8,"Basica superior",83043,5345,15.5365762394761,4.49188974386763,1.94548607348,7.49508881335463,3.57848456501403,13.4260004004597,74.2635278269341,70.0946413827196,62.1524639161552,83043,10730,0.1292101682261,84.1375554323725,0.841419806422891,118.147116769702,9.57477908889776,0.544547996272134,0.0367239717600278,0.796224305371377,0.706890552662073,-1.00281185257578,"bastante facil",0.0695670018469116,0.147101073140112,0.0570369744450212,0.0361053101724991,0.0451950121316739,0.158846464914716,0.19661761688053,0.00494924011057327,0.0776909984186574,0.0368778744824423,0.0361777380765563,0.133834695380307,83043,1.46910796428249,9.59743747215298,2.54047027632273,4.88963711185933,1.07744107744108,5346,-9.89502197682208e-05,0.237907568593808,0.315188926300037,2672,3012,2294,3845,2455,3708,1883,4455,0.10985035356027,0.123828317710903,0.094310146357507,0.158074329879954,0.100929123499424,0.152442032560434,0.0774132543989475,0.18315244203256,FALSE,FALSE
"L0684","El cantar de Rolando","el cantar de rolando",8,"Basica superior",33569,2839,11.8242338851708,4.51738210849295,1.87321636033245,5.75898667358723,2.81261007396971,11.1254042671395,82.3862998171788,78.3093868661176,63.3168817992563,33569,5398,0.160803121927969,109.107307300309,0.854755600266727,102.983379401344,9.33759783422178,0.57595405705817,0.0387473606089486,0.825810859188509,0.742302659097684,-0.983445407728769,"bastante facil",0.0514948175663531,0.136241088011503,0.0450242645737224,0.0313042957282368,0.0459229524893655,0.153495895991852,0.20364268168474,0.0130908873045354,0.0729734587502247,0.0756994787610089,0.0260319932897969,0.145078185848661,33569,1.40367540780508,4.97482796627841,2.36250935476524,4.40084536808735,0.610778443113772,2839,-0.0170810169887605,0.266607125226631,0.330398027474463,1686,1117,1089,1920,829,1703,810,1796,0.153972602739726,0.102009132420091,0.0994520547945205,0.175342465753425,0.0757077625570776,0.155525114155251,0.073972602739726,0.164018264840183,FALSE,FALSE
"L0685","El contador de historias","el contador de historias",8,"Basica superior",1929,126,15.3095238095238,4.55832037325039,1.98548470710213,7.69445086277124,3.5,13.8094338295194,72.0952032881582,67.8297789380138,63.8205727157776,1929,688,0.356661482633489,77.4515930232558,0.839387755578406,114.097103471851,8.0066409963677,0.690406976744186,0.0414830789123281,0.792893617021266,0.689868852459026,-0.861956686624512,"bastante facil",0.0723204994797086,0.141519250780437,0.068678459937565,0.0483870967741935,0.0359001040582726,0.165452653485952,0.209157127991675,0.00468262226847034,0.058792924037461,0.0124869927159209,0.0400624349635796,0.142559833506764,1929,1.46715328467153,14.5152928978745,2.37049362174154,5,1.19047619047619,126,0.0293895150699104,0.191140766694215,0.238095238095238,38,84,55,33,88,59,35,107,0.0761523046092184,0.168336673346693,0.110220440881764,0.0661322645290581,0.176352705410822,0.118236472945892,0.0701402805611222,0.214428857715431,FALSE,FALSE
"L0686","El enfermo imaginario","el enfermo imaginario",8,"Basica superior",17008,1958,8.68641470888662,4.73635936030103,2.01575729068674,5.22145994146118,2.22216547497446,11.5836377665693,77.0344195557315,72.5669060813298,52.5850478940991,17008,4203,0.247119002822201,88.5391074562704,0.878616918311671,81.1552269354292,9.52206735013081,0.654532476802284,0.0339188388252208,0.811117400790115,0.723744751315849,-0.97151580693285,"bastante facil",0.0494130330618112,0.117692860565405,0.0703162434115956,0.0380929563967417,0.0396502156205079,0.119609487302348,0.177407762338285,0.00928366075706756,0.099544801149976,0.0890033540967897,0.0462386200287494,0.143747005270724,17008,1.23416666666667,12.8174976481656,2.44662193582675,3.79489795918367,0.65,1960,0.0248999336328191,0.267297505433313,0.181632653061225,403,573,582,776,500,788,237,1178,0.080007941234862,0.113758189398451,0.115544967242406,0.154059956323208,0.099265435775263,0.156442326781815,0.0470518165574747,0.23386936668652,FALSE,FALSE
"L0687","El fugitivo","el fugitivo",8,"Basica superior",76426,7024,10.88069476082,4.67389370109649,2.00308795436108,6.02438671257447,2.79328018223235,12.2899088181806,75.5564140822987,71.1619256824846,58.5253807352117,76426,10642,0.139245806400963,97.3419649172437,0.846748480629413,113.829380651553,9.71376826597977,0.550084570569442,0.0359060764033128,0.811981355643555,0.72611919766272,-0.954797381611224,"bastante facil",0.0598142154153838,0.154364358832662,0.0533801742059419,0.031328122944133,0.0384068840293676,0.152101260493145,0.205665640377885,0.00844714612773348,0.0677876897976369,0.0558537933212284,0.0273677008499776,0.145483013604905,76426,1.41367459527901,11.9854499777563,2.33199821343669,4.14474244359302,0.658010500922378,7047,-0.00193913009857542,0.278520668113382,0.282957286788704,2105,2795,1910,3243,1518,3251,1725,3508,0.104961356270257,0.139366741460982,0.0952380952380952,0.16170531039641,0.0756918474195961,0.162104213413114,0.0860134629768138,0.174918972824732,TRUE,TRUE
"L0688","El fugitivo","el fugitivo",8,"Basica superior",76426,7024,10.88069476082,4.67389370109649,2.00308795436108,6.02438671257447,2.79328018223235,12.2899088181806,75.5564140822987,71.1619256824846,58.5253807352117,76426,10642,0.139245806400963,97.3419649172437,0.846748480629413,113.829380651553,9.71376826597977,0.550084570569442,0.0359060764033128,0.811981355643555,0.72611919766272,-0.954797381611224,"bastante facil",0.0598142154153838,0.154364358832662,0.0533801742059419,0.031328122944133,0.0384068840293676,0.152101260493145,0.205665640377885,0.00844714612773348,0.0677876897976369,0.0558537933212284,0.0273677008499776,0.145483013604905,76426,1.41367459527901,11.9854499777563,2.33199821343669,4.14474244359302,0.658010500922378,7047,-0.00193913009857542,0.278520668113382,0.282957286788704,2105,2795,1910,3243,1518,3251,1725,3508,0.104961356270257,0.139366741460982,0.0952380952380952,0.16170531039641,0.0756918474195961,0.162104213413114,0.0860134629768138,0.174918972824732,TRUE,TRUE
"L0689","El perro y el caballo","el perro y el caballo",8,"Basica superior",26529,1393,19.0445082555635,4.33110935202985,1.85468732330657,8.49177917584237,3.97272074659009,13.7226686346873,76.133362180931,72.2434715024372,64.243946572053,26529,5197,0.195898827697991,80.9537510297353,0.833285050652644,123.003005958439,9.17970242692878,0.621897248412546,0.0361774785295001,0.792486404833765,0.699676125614798,-1.00535447080559,"bastante facil",0.0565225744476465,0.118924111431316,0.0609029779058598,0.0298559077809798,0.0482228626320845,0.157656099903939,0.199269932756964,0.00799231508165226,0.0826897214217099,0.0382708933717579,0.0469164265129683,0.152776176753122,26529,1.30432595573441,10.8183497304836,2.61033536221506,5.77099784637473,1.65900933237617,1393,0.0152531003658872,0.161907695051687,0.255563531945442,800,927,579,955,814,983,445,1267,0.118168389955687,0.136927621861152,0.0855243722304284,0.141063515509601,0.120236336779911,0.14519940915805,0.0657311669128508,0.187149187592319,FALSE,FALSE
"L0690","El ruiseñor y la rosa","el ruisenor y la rosa",8,"Basica superior",2340,156,15,4.00384615384615,1.77521367521368,4.92811538461538,2.47435897435897,11.2075213675214,85.0271794871795,81.239188034188,67.758902545778,2340,703,0.30042735042735,54.9309507723666,0.804664482599145,147.289794725692,7.75602434049163,0.64153627311522,0.0460075953660044,0.742007856831081,0.642637215528786,-0.98688927869619,"muy facil",0.0568862275449102,0.130453378956373,0.0564585115483319,0.0402053036783576,0.0667236954662104,0.193327630453379,0.213002566295979,0,0.0645851154833191,0.0166809238665526,0.0350727117194183,0.126603934987169,2340,1.68243243243243,8.97435897435897,2.42948717948718,4.73076923076923,0.801282051282051,156,0.030380144120855,0.167387250145814,0.224358974358974,48,100,26,42,126,94,45,104,0.0820512820512821,0.170940170940171,0.0444444444444444,0.0717948717948718,0.215384615384615,0.160683760683761,0.0769230769230769,0.177777777777778,FALSE,FALSE
"L0691","Entremés del mancebo que casó con mujer brava","entremes del mancebo que caso con mujer brava",8,"Basica superior",2811,312,9.00961538461539,4.10103166133049,1.79295624332978,2.39066681717429,1.47435897435897,9.08063367129136,90.0728177079058,86.1242106559396,73.7022807235327,2811,893,0.317680540732835,84.6016772289567,0.848582005606575,103.081341393856,8.23651739604953,0.655095184770437,0.041868382675612,0.799797248370747,0.701991150442494,-0.874796539154812,"muy facil",0.0410219503418496,0.115509175962576,0.0798848506657071,0.0327455919395466,0.0500179920834833,0.122706009355883,0.187837351565311,0.00287873335732278,0.101475350845628,0.0708888089240734,0.0474991003958258,0.147535084562792,2811,1.27317073170732,3.91319815012451,2.38455382152861,3.84935897435897,0.625,312,0.0272578971661789,0.306963115163883,0.173076923076923,77,99,73,93,88,93,37,194,0.102122015915119,0.131299734748011,0.096816976127321,0.123342175066313,0.116710875331565,0.123342175066313,0.0490716180371353,0.257294429708223,FALSE,FALSE
"L0692","Éramos los elegidos del sol","eramos los elegidos del sol",8,"Basica superior",139,2,69.5,4.34532374100719,1.90647482014388,33.7864748201439,15,34.0114028776978,21.5615107913669,18.561618705036,68.9951020676506,139,88,0.633093525179856,46.5721649484536,0.803281678687183,149.060607629005,6.06442648721872,0.772727272727273,0.0432295243513005,0.764888888888889,0.69875,NA,"muy dificil",0.0503597122302158,0.129496402877698,0.0503597122302158,0.0431654676258993,0.0287769784172662,0.237410071942446,0.258992805755396,0,0.0503597122302158,0.0431654676258993,0.0215827338129496,0.0863309352517986,139,3,7.19424460431655,2.94160583941606,11.5,3.5,2,0.11937984496124,0.114014116656436,0,7,11,4,9,11,8,9,10,0.101449275362319,0.159420289855072,0.0579710144927536,0.130434782608696,0.159420289855072,0.115942028985507,0.130434782608696,0.144927536231884,FALSE,FALSE
"L0693","Homero. Ilíada","homero iliada",8,"Basica superior",51265,3342,15.3396169958109,4.37427094508924,1.89214863942261,6.84262464927578,3.19359664871335,12.719804573553,77.6646722989164,73.6145227681607,64.7850836400305,51265,6672,0.130147273968595,81.6196728474411,0.843859916402893,111.432926801717,9.22088397193414,0.565647482014389,0.0399219374584777,0.793545376444758,0.701057733651215,-1.0523406387154,"bastante facil",0.0420385157350869,0.152829967120714,0.0566776264286833,0.033583842179427,0.0552489431658055,0.145843118835134,0.184163143886018,0.00348363864098951,0.0952716455299828,0.0410012525442305,0.0361280726475654,0.153730233286363,51265,1.19796308084023,6.98332195454989,2.60609728105503,4.91205504038289,1.08944062219563,3343,-0.0363550241112197,0.226690705705495,0.400239306012564,2394,2169,1164,3227,1312,2651,1312,2085,0.146745126884884,0.132953291651342,0.0713497609415226,0.19780556577173,0.080421723672919,0.162498467573863,0.080421723672919,0.12780433983082,FALSE,FALSE
"L0694","La araña","la arana",8,"Basica superior",5376,357,15.0588235294118,4.94903273809524,2.12220982142857,9.40935596113445,4.50420168067227,15.3250170693277,64.1474107142857,59.5625045955882,47.2524837063438,5376,1486,0.27641369047619,61.4613756677561,0.802338364395329,166.769914345947,8.30908292200717,0.642664872139973,0.0401284389967155,0.763138727238611,0.669880613985217,-1.01579946051007,"normal",0.0832227488151659,0.160758293838863,0.0309004739336493,0.0261611374407583,0.035260663507109,0.201327014218009,0.238293838862559,0.00360189573459716,0.0472037914691943,0.0534597156398104,0.0272985781990521,0.0925118483412322,5376,2.57581967213115,51.5252976190476,2.67410358565737,4.52369077306733,0.758104738154613,401,-0.119499689509294,0.654405440278998,0.192019950124688,65,149,135,197,60,185,44,197,0.062984496124031,0.14437984496124,0.130813953488372,0.190891472868217,0.0581395348837209,0.179263565891473,0.0426356589147287,0.190891472868217,FALSE,FALSE
"L0695","La Canción de los Nibelungos","la cancion de los nibelungos",8,"Basica superior",89941,6117,14.7034494033023,4.53917568183587,1.9092293837071,7.30124216309809,3.49975478175576,12.6732519950316,77.2887185862059,73.1865599917456,66.1998618482406,89941,8129,0.0903814722985068,93.9826466268856,0.85064259909627,106.49211550217,9.27778407148787,0.52109730594169,0.0425366097494091,0.814410626084544,0.721510095501044,-1.10539612740405,"bastante facil",0.0576818146387092,0.140507555426879,0.0543077625469082,0.0396757346636527,0.0314243399440999,0.156642873846085,0.184849058494705,0.00495529102591227,0.0861329799672617,0.0527933365255058,0.0396423282072982,0.151386924712983,89941,1.22103714600956,7.78287988792653,2.38388523866875,4.73284466625078,1.03555832813475,6412,0.0321689693265844,0.221157460109099,0.253742981908921,4225,4806,2725,5405,4450,4484,2816,6060,0.120814389065225,0.137428154756798,0.0779217065568614,0.154556632638472,0.12724829144148,0.128220525578336,0.0805238626290355,0.173286437333791,FALSE,FALSE
"L0696","La dama de Shalott","la dama de shalott",8,"Basica superior",3511,176,19.9488636363636,4.51951011107946,1.87354030190829,9.83132444136609,4.54545454545455,14.2978323806996,74.0797409764118,70.16457555475,67.6546440232764,3511,1422,0.405012816861293,78.4536545940735,0.864405694016932,94.9159175122886,8.82301788025306,0.741912798874824,0.0312274257890545,0.791802426343168,0.70122801875734,-1.0304087003267,"bastante facil",0.0718336483931947,0.15658475110271,0.0321361058601134,0.0154379332073094,0.0428481411468179,0.152804032766226,0.188090737240076,0.0056710775047259,0.0286704473850031,0.206679269061122,0.0163831127914304,0.0828607435412728,3511,2.26996197718631,12.5320421532327,3.67856071964018,5.59090909090909,0.693181818181818,176,0.0473871882767584,0.0985790420240812,0.0738636363636364,54,93,52,45,99,49,40,144,0.09375,0.161458333333333,0.0902777777777778,0.078125,0.171875,0.0850694444444444,0.0694444444444444,0.25,FALSE,FALSE
"L0697","La desaparición de Honorato Subrac","la desaparicion de honorato subrac",8,"Basica superior",1627,107,15.2056074766355,4.33374308543331,1.89244007375538,6.58473367070866,3.05607476635514,12.6709797862013,77.7838759485091,73.7303759284044,66.8102013418441,1627,672,0.413030116779348,105.247680812524,0.850438652204041,100.463558821652,8.09314215188162,0.729166666666667,0.037236294672323,0.827110266159688,0.737571989528807,-0.909037584454122,"bastante facil",0.0553846153846154,0.140923076923077,0.0689230769230769,0.0393846153846154,0.0369230769230769,0.150769230769231,0.174153846153846,0.00553846153846154,0.115692307692308,0.0221538461538462,0.0301538461538462,0.16,1627,1.08846153846154,12.2925629993854,2.54736842105263,4.85046728971963,1.20560747663551,107,-0.0132877340873589,0.201193206646612,0.308411214953271,62,62,24,110,40,68,44,71,0.128898128898129,0.128898128898129,0.0498960498960499,0.228690228690229,0.0831600831600832,0.141372141372141,0.0914760914760915,0.147609147609148,FALSE,FALSE
"L0698","La Divina Comedia","la divina comedia",8,"Basica superior",119160,5305,22.4618284637135,4.34785162806311,1.85576535750252,10.279295400034,4.58360037700283,15.068144319378,72.5830135168612,68.7589897638797,66.5573371809333,119160,13670,0.114719704598859,101.92735301069,0.84451182392281,113.671682250183,9.63732552826727,0.551499634235552,0.0364946754142281,0.814762364517197,0.730050058373456,-1.04974089140451,"bastante facil",0.0565166564342363,0.147271305181535,0.0673237849339377,0.0296628344112428,0.0422529288579767,0.152855689091108,0.175210045162864,0.00450787616796885,0.0921423345079603,0.0351042446363843,0.0554990202097508,0.141653280405036,119160,1.23689366502405,8.61866398120175,2.7425524638037,6.083443209644,2.02768883028819,5309,0.0159754135322203,0.167137794329467,0.301563382934639,3458,5053,2775,4926,3950,4684,2553,5036,0.106613226452906,0.155788500077077,0.085555726838292,0.151872976722676,0.121782025589641,0.144411900724526,0.0787112686912286,0.155264374903653,FALSE,TRUE
"L0699","La fierecilla domada","la fierecilla domada",8,"Basica superior",27282,2887,9.44994804295116,4.39835789165017,1.87383622901547,4.01123969114789,1.94319362660201,10.2067472391335,84.7708792552617,80.6450548893852,62.2416088227403,27282,4773,0.17495051682428,92.0482819455052,0.864429210835069,93.223375772297,9.27559733116822,0.611146029750681,0.0384756242629816,0.811023390739154,0.725550160026473,-1.02573865873271,"muy facil",0.0558349356604053,0.136481289750037,0.0721786717941133,0.0429300399349209,0.0451116698713208,0.120470344623576,0.182554355864517,0.00373465463688803,0.0965463688803431,0.0520263274663511,0.0494749297441207,0.142656411773406,27282,1.27967858994298,6.487794149989,2.42457779963929,3.95152354570637,0.715373961218837,2888,0.0376839080170902,0.284628227567465,0.180747922437673,709,1075,740,906,999,826,479,1743,0.094824127323793,0.143774241005751,0.0989701752039588,0.121171592884847,0.133609736525344,0.110472114484419,0.0640631269225625,0.233114885649325,FALSE,FALSE
"L0700","La melancólica muerte del chico Ostra","la melancolica muerte del chico ostra",8,"Basica superior",2890,338,8.55029585798817,4.8522491349481,2.04982698961938,5.69924135459962,1.77810650887574,11.932573862124,75.1290788476895,70.5804826887247,41.0991700844673,2890,1083,0.374740484429066,66.3116438356164,0.83636784907237,112.886579423139,8.33787825470475,0.746075715604801,0.0355882459414633,0.784892643435407,0.694457183805106,-1.05209304525274,"bastante facil",0.0629067245119306,0.116052060737527,0.0466377440347072,0.0300072306579899,0.0553145336225597,0.137744034707158,0.198481561822126,0.00686912509038322,0.0831525668835864,0.100144613159798,0.0289226319595083,0.133767172812726,2890,1.48378378378378,4.84429065743945,2.34992163009404,3.55621301775148,0.49112426035503,338,-0.00840657669764535,0.175995930277972,0.21301775147929,58,100,108,83,103,139,50,98,0.0784844384303112,0.13531799729364,0.146143437077131,0.112313937753721,0.139377537212449,0.18809201623816,0.06765899864682,0.132611637347767,FALSE,FALSE
"L0702","Libro de buen amor","libro de buen amor",8,"Basica superior",218424,9458,23.0941002326073,4.64714958063217,1.96568142694942,12.0051246410812,6.09949249312751,16.61173992872,65.3431321457754,61.2789468684439,50.7103992804892,218424,27724,0.126927443870637,73.3511013588798,0.841952546345991,131.661659149829,10.3210485510552,0.576936949935074,0.0314452235063825,0.778538935317529,0.696065361273367,-0.961964026831935,"normal",0.0741430430135091,0.168827902432418,0.0347135899085364,0.0217316649657314,0.0385491586416379,0.157519504326502,0.197940497898418,0.0083821445327426,0.041272267338657,0.140885808395688,0.0276422135052648,0.088392205040895,218424,2.23934336525308,23.7336556422371,3.13386161909863,6,1.13976398152899,9745,0.0228628421024011,0.125160539429785,0.188301693175988,4398,6014,4500,5545,5147,5341,2684,9211,0.10266106442577,0.140382819794585,0.105042016806723,0.129435107376284,0.120144724556489,0.124673202614379,0.0626517273576097,0.215009337068161,FALSE,FALSE
"L0703","Los trabajos y los días","los trabajos y los dias",8,"Basica superior",8486,473,17.9408033826638,4.34173933537591,1.85328776808862,7.98999396095248,3.91966173361522,13.2757089826846,77.3431144643659,73.4343686654153,62.7955408375596,8486,2209,0.260311100636342,63.9288706007623,0.815161118219246,140.289292108242,8.6114325712928,0.655500226346763,0.0378696721270586,0.765810122081312,0.670852509836641,-1.03495818743584,"bastante facil",0.0667925418928487,0.156242624498466,0.0515695067264574,0.0236016049091338,0.0553457635119188,0.179372197309417,0.213948548501298,0.00472032098182676,0.0555817795610101,0.0287939579891433,0.0421288647628039,0.121902289355676,8486,1.75508228460794,11.312750412444,2.60651441407712,5.17088607594937,1.12869198312236,474,0.00287692978844184,0.212464452699771,0.335443037974684,271,331,231,374,299,452,164,392,0.107796340493238,0.131662688941925,0.0918854415274463,0.148766905330151,0.118933969769292,0.179793158313445,0.0652346857597454,0.155926809864757,FALSE,FALSE
"L0704","Muchos gatos para un solo crimen","muchos gatos para un solo crimen",8,"Basica superior",11073,724,15.2941988950276,4.58854872211686,1.99006592612661,7.82916392868423,3.98342541436464,13.8575154973548,71.835961559475,67.5596939072843,57.1765023656292,11073,3004,0.271290526505915,83.6526734357375,0.822438072181544,138.677071186464,8.93801432609975,0.676098535286285,0.0346394312496972,0.795649492017426,0.703879168944756,-0.982892555997677,"bastante facil",0.0524021433112342,0.1639269821088,0.0353283080555808,0.0251566615202979,0.0412314957769503,0.178821178821179,0.213059667605122,0.00635727908455181,0.0540368722186904,0.0583961493052402,0.0315139406048497,0.139769321587503,11073,1.52436647173489,11.3790300731509,2.38521739130435,5.09668508287293,1.07872928176796,724,0.00514491436903009,0.198827351699276,0.292817679558011,291,517,206,423,338,477,299,502,0.0953160825417622,0.169341631182443,0.0674746151326564,0.138552243694726,0.110710776285621,0.156239764166394,0.0979364559449722,0.164428431051425,FALSE,FALSE
"L0705","Obras completas","obras completas",8,"Basica superior",682527,48651,14.0290435962262,4.53511289663266,1.95143781857714,6.94490354125292,3.24168054099607,12.9082932617385,75.4441064172209,71.231380306418,60.043747609459,682527,33326,0.0488273723969894,100.956202459671,0.851541959413704,106.977320877194,9.90729290878566,0.442327312008642,0.0385268504375741,0.817024695303307,0.729028439629927,-1.13346805229891,"bastante facil",0.0592435089061707,0.14718688611432,0.060916588800518,0.0433970732137996,0.0395388362015053,0.147206015435891,0.186363736692246,0.00533119477328075,0.0882214881140696,0.0398140041348764,0.0419182295077143,0.140862438105609,682527,1.32301938826676,15.3547039164751,2.47150143001598,4.68000245946998,1.05308356049271,48791,0.0185311299045116,0.24166048294652,0.264720952634707,18084,27345,16160,28421,16224,27605,14161,36690,0.0979154258487195,0.148058909524067,0.0874979695706319,0.153884888191023,0.0878444961827928,0.149466673885971,0.0766744274189182,0.198657209377876,FALSE,FALSE
"L0706","Poema de Mío Cid","poema de mio cid",8,"Basica superior",38548,2031,18.9798129000492,4.15671370758535,1.73910449309951,7.63802801275161,3.43820777941901,12.3335600495934,83.134321255979,79.5089771798512,77.7881858356434,38548,4495,0.116607865518315,81.074316552998,0.838779797198656,114.754974679119,8.90103773614932,0.524360400444939,0.0443751523269813,0.798282033299475,0.697810606257591,-1.03042326188134,"bastante facil",0.0383795863215882,0.140759796278973,0.0616879742230537,0.0267643696081488,0.0378598898243426,0.134289574888265,0.163132730485397,0.00990021827252884,0.0972352146346534,0.101418771437481,0.0387953435193847,0.149776530506184,38548,1.08917418459403,4.61761959115907,2.66382803943045,5.54751354012802,1.34810438207779,2031,0.032249719992442,0.145588899524334,0.24027572624323,1163,1462,738,1291,1305,1354,716,1955,0.116486378205128,0.146434294871795,0.0739182692307692,0.129306891025641,0.130709134615385,0.135616987179487,0.0717147435897436,0.195813301282051,FALSE,TRUE
"L0707","Poema del Mío Cid","poema del mio cid",8,"Basica superior",38548,2031,18.9798129000492,4.15671370758535,1.73910449309951,7.63802801275161,3.43820777941901,12.3335600495934,83.134321255979,79.5089771798512,77.7881858356434,38548,4495,0.116607865518315,81.074316552998,0.838779797198656,114.754974679119,8.90103773614932,0.524360400444939,0.0443751523269813,0.798282033299475,0.697810606257591,-1.03042326188134,"bastante facil",0.0383795863215882,0.140759796278973,0.0616879742230537,0.0267643696081488,0.0378598898243426,0.134289574888265,0.163132730485397,0.00990021827252884,0.0972352146346534,0.101418771437481,0.0387953435193847,0.149776530506184,38548,1.08917418459403,4.61761959115907,2.66382803943045,5.54751354012802,1.34810438207779,2031,0.032249719992442,0.145588899524334,0.24027572624323,1163,1462,738,1291,1305,1354,716,1955,0.116486378205128,0.146434294871795,0.0739182692307692,0.129306891025641,0.130709134615385,0.135616987179487,0.0717147435897436,0.195813301282051,FALSE,TRUE
"L0709","Relatos de lo inesperado","relatos de lo inesperado",8,"Basica superior",94162,8236,11.4329771733851,4.44664514347614,1.92991865083579,5.23018721246518,2.46818844099077,11.6419011774826,79.3832442329995,75.1680908795449,61.981295398716,94162,11676,0.123999065440411,98.0858423864687,0.857058665194057,100.041334949974,9.73013325479809,0.55686879068174,0.0366451955448846,0.81420802652128,0.726002679055545,-1.00951045625841,"bastante facil",0.0609752187990895,0.136793511364729,0.0673762275724254,0.0368993043310999,0.0412699430427767,0.142446489062717,0.186697870248667,0.00770472007608545,0.0934931982602934,0.0411203368277071,0.0353391252310882,0.149884055183321,94162,1.24561528589762,9.97217561224273,2.50555064233848,4.17795275590551,0.815748031496063,8255,0.0471273997746484,0.290892871185107,0.196850393700787,1693,3443,1719,2550,2484,3056,1932,4375,0.0796630905326557,0.162008281573499,0.0808865047995483,0.119988706945229,0.116883116883117,0.143798230754752,0.0909090909090909,0.205862977602108,FALSE,FALSE
"L0710","Setenta balcones y ninguna flor","setenta balcones y ninguna flor",8,"Basica superior",831,107,7.76635514018692,4.45968712394705,1.87244283995187,3.45830392388407,1.61682242990654,9.53370401610491,86.5717473598974,82.4154559308119,71.4285780552747,831,408,0.490974729241877,60.8613199665831,0.867293142551128,86.5383362222888,7.80523971430886,0.745098039215686,0.0362433503818838,0.768056265984655,0.694139344262296,-0.684390118543366,"muy facil",0.0599755201958384,0.129742962056304,0.0563035495716034,0.0122399020807834,0.0465116279069767,0.150550795593635,0.230110159118727,0.01468788249694,0.0673194614443084,0.0746634026927785,0.0232558139534884,0.134638922888617,831,1.70909090909091,3.6101083032491,2.32044198895028,3.28676470588235,0.242647058823529,136,-0.0181070112820363,0.215910608757089,0.176470588235294,17,24,17,28,29,61,8,29,0.07981220657277,0.112676056338028,0.07981220657277,0.131455399061033,0.136150234741784,0.286384976525822,0.0375586854460094,0.136150234741784,FALSE,FALSE
"L0711","Solo las flores son nuestra riqueza","solo las flores son nuestra riqueza",8,"Basica superior",104,8,13,4.48076923076923,1.79807692307692,6.17442307692308,2.5,10.6973076923077,85.6953846153846,81.8148076923077,80.6282025687097,104,62,0.596153846153846,48.0606060606061,0.773306161284318,142.381656804734,5.67987274230054,0.661290322580645,0.0552158963418961,0.722545454545454,0.6,NA,"muy facil",0.0192307692307692,0.153846153846154,0.0480769230769231,0.0384615384615385,0.0192307692307692,0.192307692307692,0.201923076923077,0.00961538461538462,0.125,0.0673076923076923,0.00961538461538462,0.115384615384615,104,1.75,0,2.42708333333333,4.625,0.375,8,0.155019493177388,0.160543734261573,0,3,9,0,2,16,3,5,6,0.0681818181818182,0.204545454545455,0,0.0454545454545455,0.363636363636364,0.0681818181818182,0.113636363636364,0.136363636363636,FALSE,FALSE
"L0712","Tristán e Isolda","tristan e isolda",8,"Basica superior",39652,2874,13.7967988865692,4.35960355089277,1.86727025118531,6.00213216798955,3.01356993736952,11.8245405297487,80.7310500645806,76.7072644645858,68.5182375419564,39652,6482,0.16347220821144,89.9354360521469,0.84746412871046,110.204797067891,9.39513748614317,0.583770441221845,0.0371998917837824,0.804246142968912,0.715953277880272,-0.981872621019857,"bastante facil",0.0468406002479945,0.147151858693727,0.046410405648202,0.0303413720677177,0.0498266568818483,0.156439000936306,0.205506490877344,0.00544069640914037,0.0718424981653466,0.0605309107472733,0.0295822051269074,0.150087304198193,39652,1.36924633282752,4.21164127912842,2.55560389363206,4.68023660403619,0.848643006263048,2874,-0.00670370590594531,0.296171172960214,0.295755045233125,1593,1651,1193,2126,1445,1870,941,2224,0.122134478264203,0.126581307981293,0.0914666871118608,0.162999309974699,0.110787395537836,0.1433719236372,0.0721459786858852,0.170512918807023,FALSE,FALSE
"L0713","Viaje de un naturalista alrededor del Mundo en el navío de S.M Beagle","viaje de un naturalista alrededor del mundo en el navio de s m beagle",8,"Basica superior",217996,10359,21.0441162274351,4.62148846767831,1.94909998348594,10.8592687964824,5.21411333140265,15.6165851338337,68.4290024388601,64.3619548013911,59.1106351009128,217996,16774,0.0769463659883668,83.9137061069762,0.829825858483375,136.297680771284,9.6114173568257,0.47704781209014,0.0390824453495116,0.795375572960221,0.706357728651793,-1.04294033709334,"normal",0.0734409259523142,0.170779916248753,0.0545762104169635,0.0328155955669757,0.0360838247934948,0.168844720040083,0.217403895214411,0.00686741837471098,0.0577571029974856,0.0291106831104717,0.0360562448000221,0.116263462484314,217996,1.86992448503539,15.0966072771977,2.62193865763025,5.82151777137368,1.41056676272815,10410,0.00395441334420388,0.138931444168825,0.324303554274736,4835,7533,4371,7482,4701,7750,4104,9496,0.0961767982176957,0.149844844048377,0.0869470082749841,0.148830362826225,0.0935112985359643,0.154161362189688,0.081635900700191,0.188892425206875,FALSE,FALSE
"L0714","La Eneida","la eneida",8,"Basica superior",189972,11215,16.9390994204191,4.34157665340155,1.87825574295159,7.48837574773086,3.7393669193045,13.1796665407922,76.866774014077,72.8805677936967,62.2943595462971,189972,22126,0.116469795548818,73.8310104295163,0.823077403049949,143.938628092937,9.95886604774857,0.53593057940884,0.0335116204315425,0.778231704427651,0.696369257345616,-0.971397834285866,"bastante facil",0.0624637472926877,0.177078178131835,0.0367715533985749,0.0186305656220565,0.0435883927478621,0.172783728986733,0.220794286839402,0.00959998297120537,0.0528265138332349,0.0687165078199418,0.0250003991123741,0.111746143244092,189972,1.97585599314253,10.8226475480597,2.71023986987087,5.06463025282596,0.910432306497541,11589,-0.000942414574915602,0.155622360375711,0.245318836828027,6147,6273,3317,8227,4786,6407,3270,7491,0.133869070952568,0.136613092904743,0.0722374667886232,0.179167211115467,0.104229278278671,0.13953133847293,0.0712139030445577,0.163138638442441,TRUE,TRUE
"L0715","La Eneida","la eneida",11,"Media",189972,11215,16.9390994204191,4.34157665340155,1.87825574295159,7.48837574773086,3.7393669193045,13.1796665407922,76.866774014077,72.8805677936967,62.2943595462971,189972,22126,0.116469795548818,73.8310104295163,0.823077403049949,143.938628092937,9.95886604774857,0.53593057940884,0.0335116204315425,0.778231704427651,0.696369257345616,-0.971397834285866,"bastante facil",0.0624637472926877,0.177078178131835,0.0367715533985749,0.0186305656220565,0.0435883927478621,0.172783728986733,0.220794286839402,0.00959998297120537,0.0528265138332349,0.0687165078199418,0.0250003991123741,0.111746143244092,189972,1.97585599314253,10.8226475480597,2.71023986987087,5.06463025282596,0.910432306497541,11589,-0.000942414574915602,0.155622360375711,0.245318836828027,6147,6273,3317,8227,4786,6407,3270,7491,0.133869070952568,0.136613092904743,0.0722374667886232,0.179167211115467,0.104229278278671,0.13953133847293,0.0712139030445577,0.163138638442441,TRUE,TRUE
"L0716","La hija del capitán","la hija del capitan",8,"Basica superior",37858,3425,11.0534306569343,4.52271646679698,1.96420835754662,5.39870988708092,2.74978102189781,11.8984965752545,77.7129992771297,73.4113886679112,58.9038153084575,37858,6158,0.162660468064874,89.2888010403654,0.847653567086698,108.527870095637,9.38662582105167,0.562520298798311,0.0376305228111851,0.805053294189158,0.714554146031368,-0.95459836620233,"bastante facil",0.0497499272275001,0.144592341686734,0.0518669454073937,0.034586784514012,0.0427902299610998,0.147053375320861,0.187753049829315,0.00447220090502527,0.0912699462806637,0.0591706581280267,0.0298234936092514,0.156871047130117,37858,1.19686234817814,13.9996830260447,2.33866705386961,4.14770459081836,0.695181066438551,3507,0.0211630057479284,0.232790548460924,0.230396350156829,1276,1753,893,1842,1201,1695,848,2616,0.105245793467502,0.144589244473771,0.0736555592213791,0.1519300560871,0.099059716265259,0.139805344770703,0.069943912900033,0.215770372814253,TRUE,TRUE
"L0717","La hija del capitán","la hija del capitan",11,"Media",37858,3425,11.0534306569343,4.52271646679698,1.96420835754662,5.39870988708092,2.74978102189781,11.8984965752545,77.7129992771297,73.4113886679112,58.9038153084575,37858,6158,0.162660468064874,89.2888010403654,0.847653567086698,108.527870095637,9.38662582105167,0.562520298798311,0.0376305228111851,0.805053294189158,0.714554146031368,-0.95459836620233,"bastante facil",0.0497499272275001,0.144592341686734,0.0518669454073937,0.034586784514012,0.0427902299610998,0.147053375320861,0.187753049829315,0.00447220090502527,0.0912699462806637,0.0591706581280267,0.0298234936092514,0.156871047130117,37858,1.19686234817814,13.9996830260447,2.33866705386961,4.14770459081836,0.695181066438551,3507,0.0211630057479284,0.232790548460924,0.230396350156829,1276,1753,893,1842,1201,1695,848,2616,0.105245793467502,0.144589244473771,0.0736555592213791,0.1519300560871,0.099059716265259,0.139805344770703,0.069943912900033,0.215770372814253,TRUE,TRUE
"L0718","Los heraldos negros","los heraldos negros",8,"Basica superior",8558,736,11.6277173913043,4.23323206356625,1.82472540313157,4.32238171504923,2.17527173913043,10.4765695395613,85.4962040729752,81.5268899935987,74.1397602160536,8558,2721,0.317948118719327,85.7906152584085,0.846622046545338,116.492000121683,9.12319388664354,0.70856302829842,0.0321817230554675,0.795787989187933,0.709405367064634,-0.994403326871437,"muy facil",0.0851986405718973,0.150123051681706,0.0457049103480605,0.0240243759521856,0.0421891480135943,0.161021914918552,0.226063518106176,0.00574241181296144,0.0576585022852455,0.0514473221610219,0.0303527481542248,0.120473455994375,8558,1.87645914396887,5.1413881748072,2.41626182562005,4.28125,0.627717391304348,736,-0.040318623507541,0.298784183000651,0.365489130434783,289,356,266,453,345,762,209,315,0.0964941569282137,0.118864774624374,0.0888146911519199,0.151252086811352,0.115191986644407,0.254424040066778,0.0697829716193656,0.105175292153589,TRUE,TRUE
"L0719","Los heraldos negros","los heraldos negros",12,"Media",8558,736,11.6277173913043,4.23323206356625,1.82472540313157,4.32238171504923,2.17527173913043,10.4765695395613,85.4962040729752,81.5268899935987,74.1397602160536,8558,2721,0.317948118719327,85.7906152584085,0.846622046545338,116.492000121683,9.12319388664354,0.70856302829842,0.0321817230554675,0.795787989187933,0.709405367064634,-0.994403326871437,"muy facil",0.0851986405718973,0.150123051681706,0.0457049103480605,0.0240243759521856,0.0421891480135943,0.161021914918552,0.226063518106176,0.00574241181296144,0.0576585022852455,0.0514473221610219,0.0303527481542248,0.120473455994375,8558,1.87645914396887,5.1413881748072,2.41626182562005,4.28125,0.627717391304348,736,-0.040318623507541,0.298784183000651,0.365489130434783,289,356,266,453,345,762,209,315,0.0964941569282137,0.118864774624374,0.0888146911519199,0.151252086811352,0.115191986644407,0.254424040066778,0.0697829716193656,0.105175292153589,TRUE,TRUE
"L0720","Los juegos del hambre","los juegos del hambre",8,"Basica superior",608796,49496,12.2999030224665,4.39482519596055,1.89294279200258,5.41957818420743,2.6692055923711,11.5436871243923,80.7175313969297,76.6047610357731,65.6094701601151,608796,28453,0.0467365094383012,92.4459798481484,0.845140913604707,111.151003331094,9.77204509581688,0.43018310898675,0.0397590913975529,0.808476920627366,0.719273497322589,-1.14425717849701,"bastante facil",0.0468516457829897,0.14791964338625,0.0581768978027694,0.0377667524839833,0.039295990729096,0.144913842486815,0.184751404133717,0.00427330730281222,0.0945296398964925,0.0418984941365483,0.0449240483825301,0.154698333475996,608796,1.194268871438,11.1350928718323,2.39681869948206,4.41758241758242,1.02090740142211,49504,0.00668530957007303,0.227972266249669,0.265170491273432,16816,22872,11894,23322,15629,24202,13034,27814,0.108083788074533,0.147008349241241,0.0764479409704145,0.149900696091475,0.100454419827359,0.155556841043045,0.0837752196576747,0.178772745094258,TRUE,TRUE
"L0721","Los juegos del hambre","los juegos del hambre",12,"Media",608796,49496,12.2999030224665,4.39482519596055,1.89294279200258,5.41957818420743,2.6692055923711,11.5436871243923,80.7175313969297,76.6047610357731,65.6094701601151,608796,28453,0.0467365094383012,92.4459798481484,0.845140913604707,111.151003331094,9.77204509581688,0.43018310898675,0.0397590913975529,0.808476920627366,0.719273497322589,-1.14425717849701,"bastante facil",0.0468516457829897,0.14791964338625,0.0581768978027694,0.0377667524839833,0.039295990729096,0.144913842486815,0.184751404133717,0.00427330730281222,0.0945296398964925,0.0418984941365483,0.0449240483825301,0.154698333475996,608796,1.194268871438,11.1350928718323,2.39681869948206,4.41758241758242,1.02090740142211,49504,0.00668530957007303,0.227972266249669,0.265170491273432,16816,22872,11894,23322,15629,24202,13034,27814,0.108083788074533,0.147008349241241,0.0764479409704145,0.149900696091475,0.100454419827359,0.155556841043045,0.0837752196576747,0.178772745094258,TRUE,TRUE
