"doc_id","prop_ADJ","prop_ADP","prop_ADV","prop_AUX","prop_CCONJ","prop_DET","prop_NOUN","prop_NUM","prop_PRON","prop_PROPN","prop_SCONJ","prop_VERB","n_palabras_anot","razon_sust_verbo","nominalizaciones_x1000","dist_dependencia_media","profundidad_arbol_media","subordinadas_por_oracion"
"L0002",0.0511753183153771,0.139079333986288,0.0548481880509305,0.0279138099902057,0.0472575905974535,0.167238001958864,0.205925563173359,0.00587659157688541,0.071743388834476,0.0345249755142018,0.0320763956904995,0.162340842311459,4092,1.2684766214178,3.66568914956012,2.58620689655172,4.59044368600683,1.01706484641638
"L0005",0.0361111111111111,0.136111111111111,0.05,0.00833333333333333,0.0888888888888889,0.152777777777778,0.177777777777778,0.00555555555555556,0.0916666666666667,0.0666666666666667,0.0305555555555556,0.155555555555556,360,1.14285714285714,5.55555555555556,2.48809523809524,5,0.75
"L0006",0.0380952380952381,0.104761904761905,0.0761904761904762,0.0571428571428571,0.0666666666666667,0.161904761904762,0.176190476190476,0,0.0761904761904762,0.0285714285714286,0.0238095238095238,0.19047619047619,210,0.925,4.76190476190476,1.99453551912568,3.62962962962963,0.444444444444444
"L0008",0.0521042084168337,0.108216432865731,0.0661322645290581,0.0180360721442886,0.0420841683366733,0.192384769539078,0.216432865731463,0,0.0921843687374749,0.00601202404809619,0.0160320641282565,0.190380761523046,500,1.13684210526316,0,2.14446952595937,3.92982456140351,0.508771929824561
"L0009",0.0411347517730496,0.0765957446808511,0.0780141843971631,0.0382978723404255,0.0553191489361702,0.141843971631206,0.187234042553191,0.00141843971631206,0.100709219858156,0.0737588652482269,0.025531914893617,0.180141843971631,708,1.03937007874016,2.82485875706215,2.25822368421053,3.2952380952381,0.4
"L0011",0.0680272108843537,0.122448979591837,0.0748299319727891,0.0340136054421769,0.0408163265306122,0.149659863945578,0.163265306122449,0.00680272108843537,0.122448979591837,0,0.054421768707483,0.163265306122449,149,1,6.71140939597315,2.78723404255319,4.875,2
"L0012",0.0365335598980459,0.119796091758709,0.0492778249787596,0.0263381478334749,0.0501274426508071,0.169073916737468,0.203908241291419,0.00509770603228547,0.0679694137638063,0.0951571792693288,0.0254885301614274,0.151231945624469,1186,1.34831460674157,5.05902192242833,2.23404255319149,3.58552631578947,0.368421052631579
"L0013",0.050682261208577,0.132553606237817,0.037037037037037,0.0185185185185185,0.0428849902534113,0.128654970760234,0.158869395711501,0.0331384015594542,0.0692007797270955,0.192982456140351,0.0311890838206628,0.104288499025341,1057,1.52336448598131,7.5685903500473,2.40721649484536,4.08163265306122,0.714285714285714
"L0014",0.0104166666666667,0.114583333333333,0.046875,0.0208333333333333,0.0520833333333333,0.1875,0.21875,0,0.078125,0.03125,0.046875,0.192708333333333,192,1.13513513513514,5.20833333333333,2.33139534883721,3.85,0.95
"L0018",0.0491620111731844,0.113966480446927,0.0581005586592179,0.0245810055865922,0.0525139664804469,0.154189944134078,0.215642458100559,0.00446927374301676,0.0871508379888268,0.0346368715083799,0.0368715083798883,0.168715083798883,903,1.27814569536424,0,2.2948402948403,3.81052631578947,0.631578947368421
"L0023",0.0105448154657293,0.184534270650264,0.0070298769771529,0.00175746924428822,0.472759226713532,0.0123022847100176,0.0755711775043937,0.00527240773286467,0.015817223198594,0.0597539543057996,0,0.154657293497364,951,0.488636363636364,4.20609884332282,3.17152103559871,9.375,0.666666666666667
"L0024",0.0430622009569378,0.107655502392345,0.0430622009569378,0.0215311004784689,0.0717703349282297,0.162679425837321,0.215311004784689,0.00478468899521531,0.0956937799043062,0.0550239234449761,0.0263157894736842,0.15311004784689,419,1.40625,4.77326968973747,2.72916666666667,4.25714285714286,0.6
"L0026",0.0520710059171598,0.146745562130178,0.0686390532544379,0.029585798816568,0.0461538461538462,0.155029585798817,0.189349112426035,0.00236686390532544,0.0840236686390533,0.029585798816568,0.0331360946745562,0.163313609467456,850,1.15942028985507,4.70588235294118,2.47820672478207,5.34042553191489,1.51063829787234
"L0027",0.0437956204379562,0.0583941605839416,0.0510948905109489,0.0218978102189781,0.0583941605839416,0.131386861313869,0.240875912408759,0.0072992700729927,0.0218978102189781,0.182481751824818,0.0364963503649635,0.145985401459854,143,1.65,0,1.89189189189189,2.86486486486486,0.108108108108108
"L0028",0.054251012145749,0.14331983805668,0.0526315789473684,0.0226720647773279,0.0421052631578947,0.166801619433198,0.204858299595142,0.00323886639676113,0.0680161943319838,0.0307692307692308,0.0348178137651822,0.176518218623482,1238,1.1605504587156,3.23101777059774,2.44812554489974,4.50549450549451,1.13186813186813
"L0030",0.0592105263157895,0.129385964912281,0.0679824561403509,0.0175438596491228,0.0745614035087719,0.162280701754386,0.214912280701754,0,0.0855263157894737,0.0131578947368421,0.0263157894736842,0.149122807017544,457,1.44117647058824,2.18818380743982,2.65509259259259,5.76,1.52
"L0031",0.0402429764616553,0.12452543659833,0.082004555808656,0.0288534548215642,0.0637813211845103,0.141989369779803,0.176157934700076,0.00379650721336371,0.100227790432802,0.0129081245254366,0.0447987851176917,0.180713743356112,1324,0.974789915966387,5.28700906344411,2.45755860953921,5.36781609195402,1.35632183908046
"L0032",0.0934579439252336,0.11214953271028,0.0373831775700935,0.0280373831775701,0.0186915887850467,0.191588785046729,0.205607476635514,0,0.0700934579439252,0.088785046728972,0.014018691588785,0.14018691588785,214,1.46666666666667,0,2.16753926701571,3.34782608695652,0.565217391304348
"L0033",0.0328849028400598,0.0926756352765321,0.038863976083707,0.0239162929745889,0.070254110612855,0.158445440956652,0.180866965620329,0,0.127055306427504,0.0328849028400598,0.0612855007473842,0.180866965620329,670,1,1.49253731343284,2.46655791190865,4.24561403508772,0.789473684210526
"L0034",0.0486111111111111,0.111111111111111,0.0833333333333333,0.0243055555555556,0.0625,0.159722222222222,0.184027777777778,0.00694444444444444,0.0902777777777778,0.0277777777777778,0.0347222222222222,0.166666666666667,288,1.10416666666667,10.4166666666667,2.32692307692308,4.17857142857143,0.857142857142857
"L0036",0.0368663594470046,0.0967741935483871,0.0875576036866359,0.0184331797235023,0.0460829493087558,0.19815668202765,0.253456221198157,0.0230414746543779,0.032258064516129,0.0368663594470046,0.00921658986175115,0.161290322580645,217,1.57142857142857,4.60829493087558,2.35532994923858,4,0.6
"L0037",0.0601092896174863,0.139344262295082,0.0136612021857923,0.0245901639344262,0.0546448087431694,0.169398907103825,0.273224043715847,0.0109289617486339,0.0273224043715847,0.0846994535519126,0.0245901639344262,0.117486338797814,372,2.32558139534884,26.8817204301075,2.3841642228739,4.51612903225806,0.548387096774194
"L0039",0.0386666666666667,0.1,0.0653333333333333,0.016,0.0533333333333333,0.176,0.196,0.008,0.092,0.0226666666666667,0.04,0.192,759,1.02083333333333,1.31752305665349,2.13880597014925,3.82022471910112,0.640449438202247
"L0040",0.0618357487922705,0.141062801932367,0.051207729468599,0.0270531400966184,0.051207729468599,0.171014492753623,0.194202898550725,0.0144927536231884,0.085024154589372,0.01256038647343,0.0367149758454106,0.153623188405797,1037,1.26415094339623,2.89296046287367,2.58299180327869,5.32258064516129,1.2258064516129
"L0043",0.0603588907014682,0.141924959216966,0.0570962479608483,0.0375203915171289,0.0603588907014682,0.158238172920065,0.190864600326264,0.0114192495921697,0.065252854812398,0.00815660685154975,0.0309951060358891,0.177814029363785,616,1.07339449541284,3.24675324675325,2.62735042735043,5.7741935483871,1.7741935483871
"L0044",0.0425,0.125625,0.0575,0.03625,0.0475,0.15375,0.18125,0.005625,0.07,0.088125,0.03875,0.153125,1602,1.18367346938776,8.11485642946317,2.41957563312799,4.24475524475525,0.72027972027972
"L0045",0.0946843853820598,0.0863787375415282,0.0664451827242525,0.0481727574750831,0.0498338870431894,0.101328903654485,0.186046511627907,0.00332225913621262,0.0647840531561462,0.142857142857143,0.00830564784053156,0.147840531561462,632,1.25842696629213,1.58227848101266,2.02070393374741,2.24633431085044,0.0791788856304985
"L0047",0.0415282392026578,0.142857142857143,0.0714285714285714,0.0332225913621262,0.0647840531561462,0.162790697674419,0.154485049833887,0.0116279069767442,0.0548172757475083,0.0730897009966777,0.0215946843853821,0.167774086378738,604,0.920792079207921,1.65562913907285,2.50886524822695,5,0.825
"L0049",0.0472143531633617,0.118980169971671,0.072710103871577,0.0321057601510859,0.0585457979225685,0.149197355996223,0.169971671388102,0.00188857412653447,0.0991501416430595,0.0368271954674221,0.0424929178470255,0.170915958451369,1060,0.994475138121547,2.83018867924528,2.57429718875502,5,1.171875
"L0051",0.0539137380191693,0.133386581469649,0.0471246006389776,0.0307507987220447,0.0555111821086262,0.159744408945687,0.206869009584665,0.00718849840255591,0.0654952076677316,0.088258785942492,0.0383386581469649,0.113418530351438,2573,1.82394366197183,11.2708900116595,2.66187658495351,4.33492822966507,0.717703349282297
"L0055",0.0728155339805825,0.0954104148278906,0.0556045895851721,0.0241835834068844,0.0525154457193292,0.0885260370697264,0.194439541041483,0.00979699911738747,0.0559576345984113,0.191615180935569,0.0376875551632833,0.121447484554281,12406,1.60101744186047,1.6121231662099,2.49957861222961,3.48222222222222,0.333888888888889
"L0056",0.0125,0.1375,0.05,0.01875,0.025,0.25,0.21875,0,0.05625,0.0875,0.01875,0.125,160,1.75,0,2.07299270072993,3.43478260869565,0.260869565217391
"L0057",0.0555555555555556,0.145833333333333,0.0532407407407407,0.0231481481481481,0.0324074074074074,0.173611111111111,0.226851851851852,0,0.0648148148148148,0.0185185185185185,0.037037037037037,0.168981481481481,434,1.34246575342466,9.21658986175115,2.41089108910891,4.9,1.2
"L0059",0.0637973581071273,0.150820148062128,0.0586442154158804,0.0349833067208593,0.0373784293801713,0.16141675134272,0.213601393525911,0.0015967484395413,0.0661924807664393,0.0388300188706634,0.0433299462911889,0.12940920307737,13827,1.65058889512058,7.66616041079048,2.71979878959365,4.31764705882353,0.848868778280543
"L0060",0.0266467337138715,0.174173235480656,0.0393936305155386,0.0291406179215366,0.0706894989580502,0.139675636495424,0.181932363866993,0.00573525414514814,0.0747587659690133,0.100904910754734,0.0330003624173235,0.123948989761711,890801,1.46780029604722,10.1549055288443,2.62395232625964,4.22631996919671,0.527747027963614
"L0061",0.058466289243438,0.136798764796706,0.0463201235203294,0.0158517756047349,0.0505404014410705,0.173648996397324,0.237159032424086,0.0356150283067422,0.0499227997941328,0.0420998455995883,0.0391147709727226,0.114462171899125,10090,2.07194244604317,3.07234886025768,2.77455138662316,3.99897435897436,0.53025641025641
"L0062",0.0614203454894434,0.130518234165067,0.0499040307101727,0.0422264875239923,0.0441458733205374,0.130518234165067,0.157389635316699,0.00191938579654511,0.09021113243762,0.109404990403071,0.053742802303263,0.128598848368522,522,1.22388059701493,15.3256704980843,2.89292929292929,5.53571428571429,1.60714285714286
"L0063",0.0296768520553968,0.123543635963948,0.0597933611782809,0.0393493075401187,0.0707847878654649,0.163552429105298,0.202462079577929,0.00417674214112992,0.08243570015388,0.0404484502088371,0.0334139371290393,0.150362717080677,4564,1.34649122807018,11.8317265556529,2.68961438372368,4.62611275964392,0.71513353115727
"L0064",0.0577267468581119,0.146650501592735,0.0692562481180367,0.0378532147894578,0.0342002250431861,0.134376139083028,0.175517837049716,0.00313000206025452,0.0988288245455554,0.0342477693782786,0.0371717459864657,0.171040745495174,126534,1.02617558489692,13.5457663552879,2.313737586126,4.22054044809304,0.896015050453224
"L0065",0.0510653809192431,0.1670477515989,0.0491765251681744,0.0360870861914703,0.0384398714252576,0.148490572290155,0.191238360340657,0.00676011531961428,0.0777744639957584,0.0548099546011863,0.0409914835802101,0.138118434569374,30216,1.38459692898273,9.59756420439502,2.61667071351764,5.67194244604317,1.76618705035971
"L0066",0.0651080495417586,0.150136180195225,0.0697600445319179,0.0267787916741218,0.040695016003658,0.152382656408421,0.204051609311942,0.00926422933937695,0.0765591141329198,0.0297210791037952,0.0302777280769766,0.145265501679887,50472,1.40468044341043,10.540497701696,2.54362185811101,4.43855546895298,0.890101325019486
"L0067",0.046964247937381,0.136767505817643,0.0463295959382272,0.0225301459699598,0.0565898032578803,0.110640998519145,0.172625343769833,0.055426274592765,0.0793314998942247,0.111064099851915,0.0468584726041887,0.114872011846837,9992,1.50276243093923,2.70216172938351,2.74127001181906,4.68859060402685,0.924832214765101
"L0068",0.0415126083299098,0.135131169669582,0.0691746385742512,0.0383434082594831,0.0481053269949332,0.124801924995598,0.157863333137704,0.00405931490502181,0.116693076667254,0.0366218674804859,0.0502279085235832,0.177465422462195,102472,0.889544176817505,9.91490358341791,2.43019365732679,4.64692925628401,1.25978232702773
"L0069",0.0432432432432432,0.118156618156618,0.0668052668052668,0.0443520443520444,0.0351351351351351,0.0995841995841996,0.149272349272349,0.0214137214137214,0.113998613998614,0.121136521136521,0.0435204435204435,0.143381843381843,14974,1.04108264862252,2.53773206891946,2.68097177771312,4.352,0.8304
"L0071",0.0565453137103021,0.150271107668474,0.0344694035631294,0.0189775367931836,0.0495739736638265,0.178737412858249,0.257358636715724,0.0034856700232378,0.0470565453137103,0.0704879938032533,0.0201394268009295,0.11289697908598,5185,2.27958833619211,22.5650916104147,2.36654576488159,3.90459363957597,0.374558303886926
"L0072",0.0496115323411027,0.124450060844332,0.0738088551904896,0.0349152859683609,0.0464757090704858,0.117991200973509,0.173125526537489,0.00528877656089114,0.0970233080595338,0.0834971449967238,0.0473649723860339,0.146447627071047,21500,1.18216682646213,5.53488372093023,2.40335017282638,3.55749258160237,0.547848664688427
"L0073",0.0545188372023543,0.140455917062532,0.0685787696812166,0.049170924083535,0.0486331451106928,0.141411968569807,0.172662902213857,0.00277254937109737,0.094171073466583,0.0282871739714977,0.0489976397478414,0.150339099518987,167573,1.14848966613672,12.2215392694527,2.61332392252617,4.9953663481031,1.3326575924317
"L0074",0.0618308766485648,0.133747090768037,0.065244375484872,0.0292474786656323,0.03933281613654,0.151202482544608,0.198215671062839,0.00806826997672614,0.0798293250581846,0.0528316524437549,0.0307990690457719,0.149650892164469,12944,1.32452047693105,7.88009888751545,2.62973199329983,4.42388059701493,0.819900497512438
"L0075",0.0577557755775578,0.170549407881965,0.0604413382514722,0.0279880929269398,0.0421924545395716,0.15951595159516,0.205558791173235,0.00721542742509545,0.0690804374555103,0.0281175176341164,0.0395068918656572,0.13207791367372,30963,1.55634492895639,15.728450085586,2.71419407117294,6.05497771173848,1.81054977711738
"L0076",0.0500045667288187,0.146852632774856,0.055700725552964,0.0371263914599943,0.0395590099331921,0.151804748952437,0.19160657519843,0.00913345763746411,0.0765517410375162,0.0516307677228062,0.0421475654880051,0.147881817513516,451306,1.29567365630272,11.7392633822728,2.61895530989679,4.70701994338242,1.11749737587073
"L0077",0.0420988716288013,0.122349845671204,0.0602978630100019,0.0361449847357857,0.0522693922987401,0.134780482045573,0.16557877515222,0.00392990268009243,0.111976926579973,0.0316078867918164,0.0737067584206176,0.165258310985174,59357,1.00193917125944,7.88449551021783,2.8673342770758,6.54189189189189,2.96891891891892
"L0078",0.0445752733389403,0.115222876366695,0.063358564620129,0.0473787496495655,0.0339220633585646,0.172413793103448,0.15363050182226,0.00308382394168769,0.106532099803757,0.0972806279786936,0.0274740678441267,0.135127558172133,3594,1.13692946058091,7.23427935447969,2.20089858793325,3.55857740585774,0.384937238493724
"L0079",0.0972638100154879,0.129994837377388,0.05018069179143,0.0164171399070728,0.059370160041301,0.146928239545689,0.235828600929272,0.00516262261228704,0.0579246257098606,0.0302529685080021,0.036241610738255,0.134434692823955,9721,1.7542242703533,9.77265713403971,2.865319125563,4.84887459807074,1.03054662379421
"L0080",0.0435428823076076,0.110508642518992,0.0697181547946714,0.0301662446328306,0.0479742375867004,0.145684245293405,0.196108114059232,0.00806451612903226,0.102884509523285,0.014477595508092,0.0544698888032588,0.176400968842893,37007,1.11171789670775,8.80914421595914,2.49098289359235,4.61784975878704,1.18711233631978
"L0081",0.0367182763261021,0.127589725389291,0.0792333969211659,0.0444819070434615,0.0455170578057761,0.118051550507963,0.153749463939784,0.00532363249190364,0.125770817621224,0.0332727030743978,0.0544785058338139,0.175812963045118,67893,0.874505845739759,5.5675842870399,2.30433503815422,4.00132723787052,0.895148208228875
"L0082",0.0518515933822173,0.11633459780371,0.0663024460273863,0.0280941723036125,0.0627532887030123,0.129384729650916,0.17664036368893,0.00820493392685346,0.0895663747252145,0.0605300806037555,0.0601761618256227,0.150161257358769,203793,1.17633780374452,7.41929310624016,2.86138094923086,7.05861051502146,2.62271995708155
"L0083",0.0446463654223969,0.144007858546169,0.0674361493123772,0.0275049115913556,0.0641453831041257,0.126080550098232,0.173084479371316,0.00589390962671906,0.103634577603143,0.0339390962671906,0.0528487229862475,0.156777996070727,20420,1.10401002506266,6.07247796278159,2.94582865311958,6.37889688249401,2.25779376498801
"L0084",0.039147455415398,0.150065245759026,0.0526315789473684,0.0347977381470204,0.0434971726837756,0.15311004784689,0.194432361896477,0.0108742931709439,0.0930839495432797,0.0513266637668552,0.0413223140495868,0.13571117877338,2308,1.43269230769231,9.96533795493934,2.60802613159123,4.59302325581395,0.930232558139535
"L0085",0.0644306262169462,0.13967715595754,0.0604987123924377,0.0414295584448213,0.0365052446454368,0.144262295081967,0.185214496576848,0.00403241002449595,0.0924690660134414,0.0440675836944916,0.0385905407951762,0.148822310156397,79771,1.24453448130328,14.9051660377832,2.40394102170577,4.29899941141848,0.868893466745144
"L0086",0.0671062271062271,0.135824175824176,0.0662271062271062,0.0313553113553114,0.0605128205128205,0.149304029304029,0.202344322344322,0.00527472527472527,0.072967032967033,0.0317948717948718,0.0446886446886447,0.132600732600733,6840,1.52596685082873,5.70175438596491,2.80070465686275,6.04166666666667,1.64102564102564
"L0087",0.0581061068037285,0.123529924209426,0.0769230769230769,0.0614164996950954,0.0589772628277725,0.115166826378604,0.149490373725934,0.00392020210819758,0.128234166739263,0.0093213694572698,0.054185904695531,0.160728286436101,11497,0.930081300813008,10.9593807080108,2.60055813953488,4.764,1.40266666666667
"L0088",0.0643619140365632,0.142534637687575,0.04360143419946,0.021512991899429,0.0446638041698021,0.149218715417644,0.208755699172237,0.00637421982205303,0.0572794475676154,0.132353592138462,0.0222655039617547,0.107078039927405,23779,1.94956593633733,12.7423356743345,2.65059170213761,3.89731494920174,0.397677793904209
"L0089",0.0614529976192194,0.142154245725417,0.0553783998268523,0.036808311088666,0.0527956135920929,0.158228122069115,0.197936656806868,0.00243849650097396,0.0816968472693168,0.0184113700310223,0.0427241901738691,0.149974749296588,69377,1.31979988454878,24.5182120875795,2.4931504743162,5.19046522339936,1.29686780285583
"L0090",0.086976320582878,0.158697632058288,0.040983606557377,0.0168488160291439,0.0396174863387978,0.186247723132969,0.21379781420765,0.00273224043715847,0.0573770491803279,0.0646630236794171,0.0204918032786885,0.111566484517304,4425,1.91632653061225,12.2033898305085,2.73243826420523,4.9618320610687,0.824427480916031
"L0091",0.0596848775475253,0.155292002055146,0.0481674944339784,0.0217074841582463,0.0565593423531427,0.170191813666724,0.224225038533996,0.00500941942113376,0.0622966261346121,0.0306131186847063,0.0336530227778729,0.132599760232917,23403,1.6909912818857,15.3826432508653,2.7644646518677,6.06385169927909,1.69412976313079
"L0093",0.0690789473684211,0.149210526315789,0.0411842105263158,0.0289473684210526,0.0313157894736842,0.174868421052632,0.236842105263158,0.00842105263157895,0.0609210526315789,0.0280263157894737,0.0365789473684211,0.134605263157895,7666,1.75953079178886,10.9574745630055,2.26746987951807,3.05564516129032,0.386290322580645
"L0094",0.0341862845445241,0.126816786079836,0.0560900716479017,0.0321392016376663,0.0631525076765609,0.147697031729785,0.174206755373593,0.00388945752302968,0.0973387922210849,0.0447287615148413,0.0348004094165814,0.184953940634596,9790,0.941892639734366,3.06435137895812,2.3055617352614,4.43071161048689,0.853932584269663
"L0095",0.0586105067892436,0.136862421485518,0.0642301318293107,0.0376596716884109,0.0494922559657367,0.13765353374844,0.17880501128699,0.0049921911763703,0.100109800926147,0.0340792067053584,0.0415743134032149,0.15593095499526,147112,1.14669349195241,14.2680406764914,2.50218835281396,4.58834569666637,1.02341585485745
"L0096",0.0568616939807015,0.147112880992495,0.05517690304794,0.0351891560729055,0.0551003216419053,0.164420278756318,0.204434063409404,0.00681574513708072,0.0683489048858937,0.0447618318272323,0.0291009342931536,0.13267728595497,26175,1.54083694083694,7.52626552053486,2.48125937031484,5.16978609625668,1.05414438502674
"L0097",0.0485232067510548,0.126582278481013,0.0559071729957806,0.0432489451476793,0.0485232067510548,0.172995780590717,0.209915611814346,0.0147679324894515,0.0727848101265823,0.0369198312236287,0.0443037974683544,0.125527426160338,953,1.67226890756303,8.39454354669465,2.38566552901024,4.52702702702703,0.675675675675676
"L0098",0.0420546944232832,0.139472334074408,0.0673652461870929,0.0471852116727041,0.0422723527308344,0.130672719640553,0.159761197742572,0.00799116929152221,0.113648730585656,0.0303944279473267,0.0532951913061053,0.165886724397942,64459,0.963074039362699,11.5422206363735,2.54904509549045,4.77792702037161,1.33243787777032
"L0099",0.0555925802510274,0.158724869487948,0.0372098189492391,0.0279906697767411,0.0369321337332,0.200488725980229,0.242530267688548,0.00366544485171609,0.0692546928801511,0.016327890703099,0.0331000777518605,0.11818282794624,18050,2.05216165413534,11.7451523545706,2.58283338283338,4.73026315789474,0.940789473684211
"L0100",0.0316205533596838,0.117557057248502,0.064388626800969,0.0279867397679459,0.0383781716180033,0.134323600663012,0.164860385056739,0.00835139614943261,0.0946066556164733,0.127438480173403,0.0243529261762081,0.166135407369629,15801,0.992325402916347,5.06297069805708,2.02950441797925,3.17467718794835,0.271520803443329
"L0101",0.0439028097038318,0.146906286213644,0.0505518721860218,0.0241645927924163,0.0519006820038375,0.154144265658542,0.19151199680845,0.00478732498717681,0.0848420372727445,0.0558521248503961,0.0427249757784152,0.148711031744524,52778,1.28781297904957,9.03785668270871,2.52771395170718,5.12469660194175,1.20236650485437
"L0102",0.0504325118328709,0.126244491594581,0.0717316794516076,0.0412518361351395,0.0371715358250367,0.131100048963604,0.176472988411947,0.00677329851477069,0.0944997551819814,0.0978864044393667,0.0331320385180349,0.133303411131059,24673,1.32384450566269,12.3211607830422,2.54121299170644,3.50806972240155,0.480632666236281
"L0104",0.054307948860478,0.152418010005559,0.0549193996664814,0.0269038354641467,0.0400407633870669,0.160867148415787,0.202390216787104,0.00605892162312396,0.0889568278673337,0.0282564387622753,0.0340188993885492,0.150861589772096,54080,1.3415622697126,10.262573964497,2.41012296140323,4.88995726495726,1.12019230769231
"L0105",0.0543486973947896,0.130460921843687,0.0595190380761523,0.0323847695390782,0.0396793587174349,0.155511022044088,0.194949899799599,0.00432865731462926,0.0796392785571142,0.0467334669338677,0.0292585170340681,0.173186372745491,25040,1.12566535524184,5.91054313099042,2.42458398047482,3.91845664280032,0.661893396976929
"L0106",0.0511740890688259,0.140625101214575,0.0557344129554656,0.0363271255060729,0.0400777327935223,0.157965991902834,0.19667044534413,0.00917246963562753,0.0777846153846154,0.0479222672064777,0.0326283400809717,0.153917408906883,154746,1.27776608728589,11.3540899280111,2.43196000567295,4.15585454545455,0.723781818181818
"L0108",0.081185368112363,0.137521222410866,0.0209908936564285,0.0197561352060503,0.0279364099398055,0.155888254360241,0.227041210063281,0.00802592992745794,0.0381231671554252,0.173483562278129,0.0152801358234295,0.0947677110665226,7609,2.3957654723127,10.5138651596793,2.13655828707375,3.24508320726172,0.139183055975794
"L0109",0.0665658093797277,0.151285930408472,0.0506807866868381,0.0257186081694402,0.0431164901664145,0.170196671709531,0.232980332829047,0.00151285930408472,0.0514372163388805,0.0703479576399395,0.0287443267776097,0.107413010590015,1323,2.16901408450704,18.140589569161,2.80288461538462,4.81609195402299,0.919540229885057
"L0110",0.0504325118328709,0.126244491594581,0.0717316794516076,0.0412518361351395,0.0371715358250367,0.131100048963604,0.176472988411947,0.00677329851477069,0.0944997551819814,0.0978864044393667,0.0331320385180349,0.133303411131059,24673,1.32384450566269,12.3211607830422,2.54121299170644,3.50806972240155,0.480632666236281
"L0111",0.0486142971232434,0.142631391140337,0.0720038741907529,0.0481894955055989,0.0451479159232638,0.131552564952167,0.156165570678493,0.00477477018232485,0.0974240029906034,0.0492260114526516,0.0528283291702775,0.151441776690286,117912,1.03119214586255,18.0812809552887,2.55273206532042,5.14545964125561,1.50504484304933
"L0112",0.0472956257730799,0.143011357247273,0.0609243225008434,0.0280895086022715,0.0529854942089284,0.149240976048578,0.185651636118295,0.0092432250084336,0.0878893511750815,0.0424153828854155,0.0332396266726639,0.160013493759136,44551,1.16022487702038,6.46450135799421,2.65304301697531,4.67553536664504,1.11907852044127
"L0113",0.0595065312046444,0.114417029511369,0.0761973875181422,0.0324141267537494,0.0537010159651669,0.133043057571359,0.183841315916788,0.00532172230285438,0.098451862602806,0.0478955007256894,0.0411223996129656,0.154088050314465,4161,1.19309262166405,5.76784426820476,2.66197890507283,6.7,2.28888888888889
"L0115",0.0673393039337944,0.155651286702188,0.0603106223784151,0.0263008729169028,0.0428522843215055,0.148962702641424,0.196689717719079,0.00192721913615236,0.0794694479084004,0.0354835052715112,0.038771114386124,0.146241922684503,8848,1.34496124031008,9.15461121157324,2.48523364485981,4.01944106925881,0.735115431348724
"L0116",0.0673393039337944,0.155651286702188,0.0603106223784151,0.0263008729169028,0.0428522843215055,0.148962702641424,0.196689717719079,0.00192721913615236,0.0794694479084004,0.0354835052715112,0.038771114386124,0.146241922684503,8848,1.34496124031008,9.15461121157324,2.48523364485981,4.01944106925881,0.735115431348724
"L0117",0.0712477573791442,0.124210474575438,0.03595566369289,0.0215291602152916,0.0419769470864361,0.138120868047875,0.19179630858463,0.0067094300670943,0.0434515471011821,0.192902258595689,0.027452136941188,0.104647447713141,51237,1.8327853452325,8.43140699104163,3.09127652408218,4.86945101129498,0.5324402416601
"L0118",0.0519701086956522,0.156759510869565,0.054585597826087,0.0373641304347826,0.0431725543478261,0.163654891304348,0.203770380434783,0.00832201086956522,0.0608695652173913,0.0440217391304348,0.0338994565217391,0.141610054347826,29483,1.43895418565603,14.0419902994946,2.57531282680033,5.11149032992036,1.19908987485779
"L0119",0.0642056750406651,0.154211097054039,0.0386318452918851,0.0226820892824869,0.0423368877643232,0.176757636002169,0.226775709380083,0.00727453461051871,0.0720675944333996,0.0214169528284836,0.0411621181998916,0.132477860112055,22200,1.71180081855389,9.36936936936937,2.83470680703092,5.14047619047619,1.30952380952381
"L0120",0.0695922426653406,0.134273993038289,0.0447041272998508,0.0204251616111387,0.0353804077573347,0.135206364992541,0.211437095972153,0.00667578319244157,0.0612257583291895,0.125683739433118,0.0299229239184485,0.125472401790154,93528,1.68512830674725,10.210845949876,2.77320486402029,5.09933184855234,0.719227913882702
"L0121",0.0577136514983352,0.134597921501362,0.0756734940974675,0.0291931523896008,0.0392829516025964,0.152221437460061,0.196347492684896,0.00454040964584805,0.0875121918407157,0.034069888675882,0.040392829516026,0.148454579087209,30145,1.32260987766198,12.9374689003151,2.63251084405888,4.77405247813411,1.17881438289602
"L0122",0,0,0,0,0,0,1,0,0,0,0,0,35,35,0,NA,2,0
"L0123",0.016025641025641,0.161858974358974,0.0913461538461538,0.0208333333333333,0.0432692307692308,0.165064102564103,0.181089743589744,0.00961538461538462,0.0512820512820513,0.0865384615384615,0.0192307692307692,0.153846153846154,624,1.17708333333333,11.2179487179487,2.13176895306859,3.91428571428571,0.328571428571429
"L0125",0.0364520048602673,0.111786148238153,0.0522478736330498,0.0364520048602673,0.0741190765492102,0.128797083839611,0.228432563791009,0.0449574726609964,0.0753341433778858,0.0486026731470231,0.0364520048602673,0.12636695018226,826,1.80769230769231,2.42130750605327,2.1875,3.37704918032787,0.352459016393443
"L0126",0.0309837335398916,0.122385747482572,0.0666150271107668,0.0302091402013943,0.0472501936483346,0.147947327652982,0.185127807900852,0.00464756003098373,0.0759101471727343,0.104570100697134,0.0224632068164214,0.161890007745933,1299,1.14354066985646,1.53964588144727,2.13703382480486,3.81632653061224,0.530612244897959
"L0127",0.0518867924528302,0.117924528301887,0.0377358490566038,0.0117924528301887,0.0471698113207547,0.113207547169811,0.158018867924528,0.00471698113207547,0.0683962264150943,0.25,0.0259433962264151,0.113207547169811,434,1.39583333333333,23.0414746543779,3.27272727272727,3.73170731707317,0.560975609756098
"L0130",0.0729898516783763,0.0964090554254489,0.055815768930523,0.0343481654957065,0.0370804059328649,0.115925058548009,0.20647931303669,0.0039032006245121,0.0655737704918033,0.131928181108509,0.0206869633099141,0.158860265417642,2572,1.2997542997543,3.49922239502333,2.20257234726688,3.50126582278481,0.324050632911392
"L0132",0.0409252669039146,0.0640569395017794,0.0925266903914591,0.0391459074733096,0.103202846975089,0.142348754448399,0.185053380782918,0.00533807829181495,0.096085409252669,0.0320284697508897,0.0106761565836299,0.188612099644128,566,0.981132075471698,0,2.71785028790787,4.53333333333333,0.533333333333333
"L0133",0.046943231441048,0.156113537117904,0.0534934497816594,0.0196506550218341,0.0622270742358079,0.147379912663755,0.235807860262009,0.00218340611353712,0.091703056768559,0,0.0425764192139738,0.141921397379913,918,1.66153846153846,13.0718954248366,2.66900584795322,4.41269841269841,1.04761904761905
"L0134",0.0481203007518797,0.111278195488722,0.0842105263157895,0.0315789473684211,0.0571428571428571,0.141353383458647,0.174436090225564,0,0.0781954887218045,0.0466165413533835,0.0330827067669173,0.193984962406015,667,0.89922480620155,7.49625187406297,2.71135646687697,5.78787878787879,1.81818181818182
"L0137",0.0619099890230516,0.119209659714599,0.0643249176728869,0.0302963776070252,0.0465422612513721,0.156531284302964,0.19231613611416,0.00636663007683864,0.0779363336992316,0.0531284302963776,0.0188803512623491,0.172557628979144,4569,1.11450381679389,5.03392427226964,2.06400602409639,3.58119658119658,0.372649572649573
"L0140",0.0313609467455621,0.119526627218935,0.0698224852071006,0.0609467455621302,0.0627218934911243,0.163905325443787,0.191715976331361,0.000591715976331361,0.0881656804733728,0.0372781065088757,0.0343195266272189,0.139644970414201,1694,1.3728813559322,1.18063754427391,2.2797385620915,4.0969696969697,0.557575757575758
"L0145",0.0527426160337553,0.137130801687764,0.0443037974683544,0.040084388185654,0.0485232067510548,0.156118143459916,0.191983122362869,0.00632911392405063,0.0822784810126582,0.040084388185654,0.0421940928270042,0.158227848101266,474,1.21333333333333,4.21940928270042,2.48878923766816,5.35714285714286,1.39285714285714
"L0147",0.0520361990950226,0.101809954751131,0.0542986425339367,0.00904977375565611,0.0656108597285068,0.167420814479638,0.233031674208145,0,0.113122171945701,0.0294117647058824,0.0135746606334842,0.160633484162896,445,1.45070422535211,6.74157303370786,2.4572864321608,3.72340425531915,0.404255319148936
"L0148",0.0532994923857868,0.114213197969543,0.0888324873096447,0.0583756345177665,0.0355329949238579,0.131979695431472,0.16497461928934,0,0.0583756345177665,0.083756345177665,0.032994923857868,0.177664974619289,395,0.928571428571429,0,1.96805111821086,2.75609756097561,0.195121951219512
"L0149",0.0416512402813773,0.141614216956683,0.0653461680858941,0.0333209922251018,0.0472047389855609,0.116808589411329,0.159200296186598,0.00666419844502036,0.0981118104405776,0.0862643465383191,0.0288781932617549,0.174935209181785,5411,0.91005291005291,4.62021807429311,2.32034278718629,4.03725490196078,0.73921568627451
"L0150",0.088352716542267,0.166811317479604,0.0374934907134178,0.018920326332234,0.0397500433952439,0.156049296997049,0.223745877451831,0.00746398194757855,0.0345426141294914,0.121853844818608,0.025169241451137,0.0798472487415379,5894,2.80217391304348,34.1024770953512,3.01692778678192,4.82222222222222,0.819444444444444
"L0155",0.0491500856502833,0.128870733957043,0.0625905916458031,0.0281987086572671,0.0428251416523916,0.166952167611016,0.176044274607985,0.00830148899723284,0.080643035973119,0.0553432599815522,0.0329424166556859,0.168138094610621,7664,1.04702194357367,4.56680584551148,2.43344132976476,4.56822107081174,1.10017271157168
"L0156",0.033800494641385,0.139323990107172,0.0634789777411377,0.0362737015663644,0.0527617477328937,0.169002473206925,0.200329760923331,0.0090684253915911,0.0741962077493817,0.0206100577081616,0.0387469084913438,0.162407254740313,1216,1.23350253807107,2.46710526315789,2.58978873239437,4.8,1.0875
"L0158",0.0585516178736518,0.149460708782743,0.0600924499229584,0.0585516178736518,0.0446841294298921,0.154083204930663,0.200308166409861,0.012326656394453,0.0585516178736518,0.049306625577812,0.0385208012326656,0.115562403697997,655,1.73333333333333,3.05343511450382,2.66557911908646,4.70454545454545,1.06818181818182
"L0159",0.0561514195583596,0.170347003154574,0.0422712933753943,0.0321766561514196,0.0435331230283912,0.172239747634069,0.198107255520505,0.016403785488959,0.0548895899053628,0.0687697160883281,0.0239747634069401,0.121135646687697,1586,1.63541666666667,16.3934426229508,2.53493013972056,5.42168674698795,1.24096385542169
"L0160",0.0497967479674797,0.119918699186992,0.040650406504065,0.0345528455284553,0.0355691056910569,0.188008130081301,0.192073170731707,0.00101626016260163,0.0548780487804878,0.117886178861789,0.0172764227642276,0.148373983739837,993,1.29452054794521,7.04934541792548,2.13776722090261,3.09375,0.2375
"L0161",0.0537010159651669,0.143686502177068,0.0507982583454282,0.0268505079825835,0.0493468795355588,0.176342525399129,0.194484760522496,0.00798258345428157,0.0986937590711176,0.00435413642960813,0.0261248185776488,0.167634252539913,1381,1.16017316017316,6.51701665459812,2.56867283950617,4.88372093023256,1.18604651162791
"L0162",0.0549828178694158,0.126002290950745,0.0618556701030928,0.0240549828178694,0.0515463917525773,0.169530355097365,0.200458190148912,0.0103092783505155,0.0801832760595647,0.0103092783505155,0.0274914089347079,0.183276059564719,874,1.09375,5.720823798627,2.3992673992674,4.81818181818182,1.34545454545455
"L0167",0.0426078028747433,0.115503080082136,0.0539014373716632,0.0431211498973306,0.0405544147843942,0.15041067761807,0.183778234086242,0.00205338809034908,0.0944558521560575,0.103182751540041,0.0205338809034908,0.149897330595483,2007,1.22602739726027,7.97209765819631,2.01375598086124,3.20238095238095,0.300595238095238
"L0168",0.0337711069418387,0.135709818636648,0.0450281425891182,0.0218886804252658,0.0444027517198249,0.186366479049406,0.210131332082552,0.00250156347717323,0.0700437773608505,0.0787992495309568,0.0312695434646654,0.140087554721701,1603,1.5,3.11915159076731,2.35650988411725,3.69753086419753,0.561728395061728
"L0170",0.104982206405694,0.126334519572954,0.0498220640569395,0.0213523131672598,0.0854092526690391,0.167259786476868,0.217081850533808,0.00177935943060498,0.0551601423487545,0.0302491103202847,0.0213523131672598,0.119217081850534,564,1.82089552238806,5.31914893617021,2.73308270676692,5.3125,0.9375
"L0173",0.0387453874538745,0.134686346863469,0.040590405904059,0.0166051660516605,0.0553505535055351,0.186346863468635,0.214022140221402,0.003690036900369,0.0664206642066421,0.0387453874538745,0.0313653136531365,0.173431734317343,542,1.23404255319149,5.53505535055351,2.22784810126582,3.45714285714286,0.628571428571429
"L0174",0.0780287474332649,0.102669404517454,0.0472279260780287,0.0410677618069815,0.0616016427104723,0.108829568788501,0.158110882956879,0.00205338809034908,0.0492813141683778,0.256673511293634,0.0164271047227926,0.0780287474332649,492,2.02631578947368,24.390243902439,3.79782608695652,4.28125,0.65625
"L0178",0.037695841677465,0.116621510189657,0.0753131503514352,0.0353398515726234,0.0385597047159069,0.115796913652963,0.16118898967291,0.00412298268347273,0.120430360859151,0.114540385597047,0.0320807319275926,0.148309577099776,25607,1.08684140852528,6.4435505916351,2.5002433736006,3.81505944517834,0.493394980184941
"L0181",0.088352716542267,0.166811317479604,0.0374934907134178,0.018920326332234,0.0397500433952439,0.156049296997049,0.223745877451831,0.00746398194757855,0.0345426141294914,0.121853844818608,0.025169241451137,0.0798472487415379,5894,2.80217391304348,34.1024770953512,3.01692778678192,4.82222222222222,0.819444444444444
"L0183",0.129530310417682,0.136193726637413,0.0367300503819275,0.00780107264748903,0.04534373476353,0.160897123354461,0.222168048106615,0.0172273687632049,0.0334796034454738,0.070859743214692,0.0308792458963107,0.108889972371201,6175,2.04029850746269,6.63967611336032,2.80765957446809,5.6,1.22333333333333
"L0184",0.0454205303400033,0.13909224011713,0.0660810151293314,0.0385879290710916,0.0470798763624532,0.139612819261428,0.175565316414511,0.00497803806734993,0.0963071416951358,0.0488693671709777,0.0397266959492435,0.158679030421344,30842,1.10641787984417,9.07852927825692,2.19041736851956,3.54332609220372,0.494569152787835
"L0185",0.07560706401766,0.158664459161148,0.033112582781457,0.0262141280353201,0.0455298013245033,0.146247240618102,0.219922737306843,0.00607064017660044,0.0441501103752759,0.0954746136865342,0.0226269315673289,0.126379690949227,3885,1.74017467248908,18.5328185328185,2.5646828723107,4.29787234042553,0.617021276595745
"L0186",0.0434859000263551,0.119476412193622,0.0619344636738997,0.0250373363788105,0.0526223315470438,0.112624088553106,0.174295001317755,0.00913643152068875,0.0901344109637178,0.118861460072037,0.0271457436528156,0.165246420100149,12154,1.05475810738969,5.18347869014316,2.17765297073603,3.02816342721142,0.252280840936136
"L0187",0.0700509180681994,0.145039345779972,0.0660391914827959,0.0396543743249499,0.0415830890294708,0.145887980249961,0.186776731985805,0.00370313223268014,0.0816232062953248,0.0322481098595896,0.0372627680913439,0.150131152599907,13006,1.24409044193217,17.6841457788713,2.58830370493437,4.55211558307534,1.01444788441692
"L0188",0.0340479192938209,0.0979403110550651,0.0623511279248984,0.0329270001401149,0.0298444724674233,0.143197421885946,0.118677315398627,0.00294241277847835,0.100462379150904,0.239876698893092,0.0246602213815329,0.113072719630097,7192,1.04956629491945,3.61512791991101,2.8780969752242,4.23491027732463,0.584013050570963
"L0189",0.040650406504065,0.217479674796748,0.0426829268292683,0.00813008130081301,0.0386178861788618,0.160569105691057,0.195121951219512,0.0121951219512195,0.0528455284552846,0.0955284552845529,0.0264227642276423,0.109756097560976,492,1.77777777777778,8.13008130081301,2.77848101265823,6.77777777777778,1.83333333333333
"L0191",0.0423728813559322,0.129611166500499,0.0638085742771685,0.0432037221668328,0.064473246925889,0.152874709205716,0.182951146560319,0.0108009305417082,0.0785975407111997,0.0270854104353606,0.0330674642738451,0.17115320704553,6025,1.06893203883495,3.65145228215768,2.54397859054416,4.62971698113208,1.00471698113208
"L0192",0.0563851747159355,0.157848734495007,0.0701467279117773,0.0421587041823964,0.0464173469957042,0.138024659215591,0.187250106930988,0.0084800922395998,0.0850240827180927,0.0206609264872706,0.0443717107098358,0.143231733397802,53877,1.30732277330563,16.7975202776695,2.67576145884672,5.16540404040404,1.42013888888889
"L0193",0.0420679839804058,0.125376493562374,0.0798000860556714,0.0386588554595704,0.0458742925230861,0.127726475358289,0.16400225068679,0.00503094694336875,0.102439347300831,0.0590474299142753,0.032171581769437,0.177804256445901,30289,0.922375279225614,3.76374261282974,2.18562115850251,3.80923344947735,0.569396051103368
"L0194",0.0518515933822173,0.11633459780371,0.0663024460273863,0.0280941723036125,0.0627532887030123,0.129384729650916,0.17664036368893,0.00820493392685346,0.0895663747252145,0.0605300806037555,0.0601761618256227,0.150161257358769,203793,1.17633780374452,7.41929310624016,2.86138094923086,7.05861051502146,2.62271995708155
"L0195",0.0500045667288187,0.146852632774856,0.055700725552964,0.0371263914599943,0.0395590099331921,0.151804748952437,0.19160657519843,0.00913345763746411,0.0765517410375162,0.0516307677228062,0.0421475654880051,0.147881817513516,451306,1.29567365630272,11.7392633822728,2.61895530989679,4.70701994338242,1.11749737587073
"L0196",0.0493770189201661,0.132990528929615,0.074252312830993,0.043597688267739,0.0452018370800097,0.145911617992836,0.17634649614345,0.0022414134089261,0.0892170435317644,0.040103720306766,0.0402355681543499,0.160524754433384,45635,1.09856262833676,18.5384025419086,2.35508674131385,4.23882820258193,0.891261171797418
"L0197",0.037695841677465,0.116621510189657,0.0753131503514352,0.0353398515726234,0.0385597047159069,0.115796913652963,0.16118898967291,0.00412298268347273,0.120430360859151,0.114540385597047,0.0320807319275926,0.148309577099776,25607,1.08684140852528,6.4435505916351,2.5002433736006,3.81505944517834,0.493394980184941
"L0198",0.0644306262169462,0.13967715595754,0.0604987123924377,0.0414295584448213,0.0365052446454368,0.144262295081967,0.185214496576848,0.00403241002449595,0.0924690660134414,0.0440675836944916,0.0385905407951762,0.148822310156397,79771,1.24453448130328,14.9051660377832,2.40394102170577,4.29899941141848,0.868893466745144
"L0199",0.0541099221789883,0.145944795719844,0.055204280155642,0.030034046692607,0.0455830496108949,0.154000486381323,0.19449173151751,0.00351106517509728,0.0866822714007782,0.0398984678988327,0.0280733219844358,0.162466561284047,65928,1.19711853307138,10.1322655017595,2.33015257607915,4.13334426767263,0.682794817123175
"L0200",0.0587140032845532,0.138693919392462,0.0719358989110765,0.0332011841128045,0.0560256906452996,0.14812916453101,0.182135796399544,0.00387033337168799,0.0772602223872635,0.0477829265996506,0.0350108264730803,0.147240033891568,95860,1.23699914748508,8.13686626330065,2.42284831327611,4.57045863932382,0.861438270749619
"L0201",0.0587140032845532,0.138693919392462,0.0719358989110765,0.0332011841128045,0.0560256906452996,0.14812916453101,0.182135796399544,0.00387033337168799,0.0772602223872635,0.0477829265996506,0.0350108264730803,0.147240033891568,95860,1.23699914748508,8.13686626330065,2.42284831327611,4.57045863932382,0.861438270749619
"L0203",0.0699228791773779,0.128020565552699,0.0519280205655527,0.0205655526992288,0.0740359897172237,0.157840616966581,0.22159383033419,0.0025706940874036,0.067866323907455,0.0298200514138817,0.0473007712082262,0.12853470437018,1949,1.724,9.74858902001026,3.08864864864865,5.47474747474747,1.48484848484848
"L0204",0.0471436494731004,0.114729419221932,0.0687742651136994,0.0605340305839474,0.0492037081055384,0.124554314238174,0.145709531732826,0.00285238887568338,0.116551778781396,0.0474605815703985,0.0614055938515173,0.161080738451787,12684,0.904574520413183,12.7719962157048,2.49041627965887,4.97511848341232,1.45616113744076
"L0205",0.0614529976192194,0.142154245725417,0.0553783998268523,0.036808311088666,0.0527956135920929,0.158228122069115,0.197936656806868,0.00243849650097396,0.0816968472693168,0.0184113700310223,0.0427241901738691,0.149974749296588,69377,1.31979988454878,24.5182120875795,2.4931504743162,5.19046522339936,1.29686780285583
"L0206",0.052408665555698,0.149457761825407,0.066186386360723,0.0381848480963979,0.0471170362774003,0.136926035123702,0.172921420330727,0.00412767593898218,0.100423022689399,0.0298884758364312,0.0498089988463018,0.152549673118831,195460,1.13354172968976,14.0489102629694,2.68330697744947,5.25337650323774,1.58677150786309
"L0208",0.0753138075313808,0.142956764295676,0.0202231520223152,0.0167364016736402,0.047768479776848,0.152022315202232,0.254532775453278,0.00941422594142259,0.047768479776848,0.143654114365411,0.0163877266387727,0.0732217573221757,2894,3.47619047619048,22.4602626123013,4.57077451354445,5.17993079584775,0.28719723183391
"L0209",0.0568234746157429,0.149129864080959,0.0448829233179489,0.030528856332303,0.0504721175424482,0.175001058559512,0.211119109116315,0.00262522759029513,0.0695685311428209,0.0320108396494051,0.0260405640005081,0.151797434051742,23676,1.3907949790795,9.67224193275891,2.46697409466974,4.85192307692308,0.956410256410256
"L0210",0.085821999968843,0.150986898474864,0.0434640370145347,0.0324032964122696,0.0547584552351576,0.186443582433675,0.228785966880092,0.00197847050209531,0.0561916779610849,0.0298795781340063,0.0299730491813494,0.0993129878020283,64274,2.3036862745098,37.4490462706538,2.65338913507303,5.38684603886398,0.992526158445441
"L0211",0.0843129808074474,0.174252126372316,0.0331387286810751,0.0232907322846468,0.0421476581199601,0.160809390484097,0.237394122998384,0.00393036627480768,0.038226124128916,0.0795523798588601,0.0276715450313988,0.0952738449580908,114175,2.49170297580421,53.3041383840596,2.64618667970366,4.3075454749607,0.661688749157871
"L0212",0.0752930568079351,0.156447249774572,0.0347159603246168,0.0189359783588819,0.036068530207394,0.16726780883679,0.248872858431019,0.0036068530207394,0.0432822362488729,0.0951307484220018,0.0139765554553652,0.106402164111812,2275,2.33898305084746,10.1098901098901,2.98200629779577,9.28846153846154,3.09615384615385
"L0213",0.0431103405528257,0.137011651200604,0.060061624700186,0.0375407612357279,0.0349536018110116,0.136840970544112,0.176564647544444,0.00382683998239294,0.0952847222846055,0.0710929850250182,0.0426881305078199,0.161023724611252,111772,1.09651324965133,8.47260494578249,2.4297829398694,4.50017211703959,0.97934595524957
"L0214",0.0528189910979228,0.155489614243323,0.055786350148368,0.0249258160237389,0.0338278931750742,0.153709198813056,0.216023738872404,0.00949554896142433,0.0890207715133531,0.0166172106824926,0.0367952522255193,0.155489614243323,1702,1.38931297709924,11.1633372502938,2.39453621346887,4.67424242424242,1.12121212121212
"L0215",0.0661028801188759,0.14706525064464,0.0583890564223592,0.0254140990341331,0.0520956251912067,0.123027839692321,0.200406450767012,0.0296534242384511,0.0702110921725449,0.0578208994362134,0.0396180236877759,0.130195358594467,48128,1.5392749244713,7.18916223404255,2.66991552956465,4.71202443765621,0.870313801721744
"L0216",0.0448702554444683,0.130932669337816,0.0757991329297117,0.0425572253750774,0.0517082295840338,0.1136291820974,0.160458561371134,0.00831679664294652,0.099156944777987,0.0383735480364523,0.0774928270788832,0.15670462732409,79867,1.02395547668979,15.4757283984624,2.98308270676692,5.56279415407481,2.18900173396086
"L0217",0.0632149307645996,0.126429861529199,0.0608067429259482,0.0258880192655027,0.0415412402167369,0.157435279951836,0.247140276941601,0.00391330523780855,0.067730282962071,0.0322095123419627,0.0340156532209512,0.139674894641782,3352,1.76939655172414,8.94988066825776,2.64380530973451,5.35106382978723,1.23404255319149
"L0218",0.0422568798588258,0.133972432870702,0.0608575380359613,0.0325749988076501,0.049410979157724,0.146086707683503,0.179520198407021,0.00438784756999094,0.105403729670434,0.0381075022654648,0.049744837125006,0.157676348547718,21046,1.13853599516031,6.4145205739808,2.53061224489796,4.67425810904072,1.18909592822636
"L0219",0.0836112964198354,0.149655325772737,0.0466977985323549,0.0231265287969758,0.0492550589281743,0.167556148543473,0.244385145652657,0.00411385368023127,0.055926173004225,0.0276851234156104,0.0355792750722704,0.112408272181454,9018,2.17408506429278,3.65934797072522,2.47636845912708,4.51101928374656,0.661157024793388
"L0221",0.0447980560073684,0.131533049834408,0.0757216484743969,0.046150228301554,0.0513041603793921,0.114327147308393,0.151070959650395,0.00482078817927061,0.11677673479786,0.0515197240784652,0.0422700817182387,0.169707421270258,51345,0.890184757505774,4.32369266725095,2.35655228548173,4.20728051391863,0.875802997858672
"L0222",0.0519701086956522,0.156759510869565,0.054585597826087,0.0373641304347826,0.0431725543478261,0.163654891304348,0.203770380434783,0.00832201086956522,0.0608695652173913,0.0440217391304348,0.0338994565217391,0.141610054347826,29483,1.43895418565603,14.0419902994946,2.57531282680033,5.11149032992036,1.19908987485779
"L0223",0.0679920647380365,0.155579659468794,0.0629825738221988,0.0443004552785191,0.053206216906675,0.153367491115646,0.196840167268472,0.00782108553241897,0.0748997388214138,0.0282729387586168,0.0313699744530235,0.123367633836185,70190,1.59555761221657,17.4526285795697,2.8121375186846,5.57177322074789,1.30850422195416
"L0224",0.0961761297798378,0.148568117861281,0.0528058268498593,0.016056944214534,0.0376593279258401,0.145505710975004,0.227031948352922,0.0215196159576229,0.0473431551067704,0.0712630359212051,0.0393146829995034,0.0967555040556199,12135,2.3464499572284,6.34528224145035,2.90129127307392,5.66275167785235,1.15604026845638
"L0225",0.0619251992642551,0.172900061312078,0.0459840588595953,0.0478234212139792,0.0349478847332925,0.188841201716738,0.223789086450031,0.00367872470876763,0.0386266094420601,0.0374003678724709,0.0355610055180871,0.108522378908645,1634,2.06214689265537,27.5397796817625,2.63188593648736,5.31182795698925,1.02150537634409
"L0226",0.0391573162354019,0.108770322876116,0.0678955804900389,0.0400732768490955,0.0291962445614839,0.110144263796657,0.13258529883215,0.00549576368216167,0.109342798259675,0.211243416533089,0.0204946187313946,0.125601099152736,8808,1.05560619872379,11.1262488646685,2.63678756476684,3.69209558823529,0.325367647058824
"L0227",0.0391573162354019,0.108770322876116,0.0678955804900389,0.0400732768490955,0.0291962445614839,0.110144263796657,0.13258529883215,0.00549576368216167,0.109342798259675,0.211243416533089,0.0204946187313946,0.125601099152736,8808,1.05560619872379,11.1262488646685,2.63678756476684,3.69209558823529,0.325367647058824
"L0228",0.0509566632996303,0.140277927605449,0.0667359687748237,0.0337259363139778,0.0644705743902559,0.138306740283812,0.196726456079789,0.00588414125861782,0.0970589100609009,0.0154654846080672,0.0367366552579706,0.153654542066707,102285,1.28031656880265,9.78638118981278,2.83038544969131,4.9416081186573,1.12334113973458
"L0229",0.0509566632996303,0.140277927605449,0.0667359687748237,0.0337259363139778,0.0644705743902559,0.138306740283812,0.196726456079789,0.00588414125861782,0.0970589100609009,0.0154654846080672,0.0367366552579706,0.153654542066707,102285,1.28031656880265,9.78638118981278,2.83038544969131,4.9416081186573,1.12334113973458
"L0230",0.0509566632996303,0.140277927605449,0.0667359687748237,0.0337259363139778,0.0644705743902559,0.138306740283812,0.196726456079789,0.00588414125861782,0.0970589100609009,0.0154654846080672,0.0367366552579706,0.153654542066707,102285,1.28031656880265,9.78638118981278,2.83038544969131,4.9416081186573,1.12334113973458
"L0232",0.0459239460575872,0.126959057222695,0.0681569675616572,0.0393633823350747,0.0504191471267161,0.138014822014336,0.181994897339327,0.00522415259385251,0.0963430931843032,0.0432511238002673,0.0402138257805856,0.164135584983599,8259,1.10880829015544,6.4172417968277,2.44519281563656,4.35703918722787,0.876632801161103
"L0237",0.057747051647011,0.141927612850752,0.0500203334688898,0.024806832045547,0.0512403416022773,0.167547783651891,0.204554697031314,0.00650671004473363,0.076860512403416,0.0284668564457096,0.0325335502236682,0.157787718584791,2465,1.29639175257732,3.65111561866126,2.58207016024253,4.75796178343949,1.10191082802548
"L0238",0.0643939393939394,0.127525252525253,0.0606060606060606,0.029040404040404,0.0416666666666667,0.127525252525253,0.196969696969697,0.00252525252525253,0.0808080808080808,0.077020202020202,0.0340909090909091,0.157828282828283,808,1.248,17.3267326732673,2.41758241758242,3.91011235955056,0.651685393258427
"L0239",0.0390153274500697,0.153738968880632,0.0250812819321876,0.0260102183000464,0.109614491407339,0.11611704598235,0.148629818857408,0.00557361820715281,0.0538783093358105,0.17045982350209,0.0171853228053878,0.134695773339526,2522,1.10344827586207,5.94766058683584,2.68487212830516,4.37614678899083,0.422018348623853
"L0240",0.0390153274500697,0.153738968880632,0.0250812819321876,0.0260102183000464,0.109614491407339,0.11611704598235,0.148629818857408,0.00557361820715281,0.0538783093358105,0.17045982350209,0.0171853228053878,0.134695773339526,2522,1.10344827586207,5.94766058683584,2.68487212830516,4.37614678899083,0.422018348623853
"L0241",0.0441361916771753,0.128625472887768,0.0586380832282472,0.0258511979823455,0.0611601513240857,0.165195460277427,0.201134930643127,0.00756620428751576,0.0725094577553594,0.0302648171500631,0.0390920554854981,0.165825977301387,1589,1.21292775665399,1.88797986154814,2.55179282868526,5.54216867469879,1.51807228915663
"L0245",0.044592516658124,0.133393131727319,0.0681701691440287,0.0349820604818042,0.0526652998462327,0.162480779087647,0.204126089185033,0.0129420809841107,0.0741927216811891,0.037288569964121,0.0265248590466427,0.148641722193747,7843,1.37327586206897,7.52263164605381,2.53969349716968,4.3936877076412,0.779069767441861
"L0246",0.0503910950661853,0.127105896510229,0.0544524669073406,0.0332430806257521,0.0312876052948255,0.163507821901324,0.184115523465704,0.00466305655836342,0.0836341756919374,0.0685920577617329,0.0373044524669073,0.161702767749699,6706,1.13860465116279,6.56128839844915,2.34939957229808,4.0015455950541,0.792890262751159
"L0247",0.0492462311557789,0.147738693467337,0.0442211055276382,0.0271356783919598,0.0341708542713568,0.182914572864322,0.220100502512563,0.00301507537688442,0.0763819095477387,0.0361809045226131,0.0311557788944724,0.147738693467337,997,1.48979591836735,13.0391173520562,2.56854410201913,5.01785714285714,1.42857142857143
"L0250",0.0711188204683434,0.13009540329575,0.0477016478751084,0.0268863833477884,0.0407632263660017,0.168256721595837,0.202081526452732,0.00607111882046834,0.0780572419774501,0.0216825672159584,0.0364267129228101,0.170858629661752,1157,1.18274111675127,6.05012964563526,2.34907407407407,4.97402597402597,1.38961038961039
"L0252",0.0473494595985589,0.14668039114771,0.0597014925373134,0.0257334019557386,0.0504374678332476,0.152341739577972,0.193515182707154,0.00566134843026248,0.0694801852804941,0.0452907874420998,0.0406587750900669,0.163149768399382,1950,1.18611987381703,1.53846153846154,2.53662597114317,4.35761589403973,1.08609271523179
"L0253",0.0460772104607721,0.123287671232877,0.0697384806973848,0.0286425902864259,0.0585305105853051,0.188044831880448,0.189290161892902,0,0.0846824408468244,0.024906600249066,0.0448318804483188,0.141967621419676,803,1.33333333333333,8.7173100871731,2.46091644204852,4.45901639344262,0.934426229508197
"L0254",0.0387755102040816,0.136734693877551,0.0591836734693878,0.0224489795918367,0.0346938775510204,0.173469387755102,0.206122448979592,0,0.1,0.0244897959183673,0.0530612244897959,0.151020408163265,501,1.36486486486486,3.99201596806387,2.34588235294118,3.025,0.3875
"L0255",0.0838323353293413,0.125748502994012,0.0467065868263473,0.0323353293413174,0.0467065868263473,0.153293413173653,0.202395209580838,0.00359281437125748,0.0910179640718563,0.0191616766467066,0.0275449101796407,0.167664670658683,838,1.20714285714286,3.5799522673031,2.1957950065703,4.14285714285714,0.727272727272727
"L0256",0.0488235294117647,0.128823529411765,0.0647058823529412,0.0294117647058824,0.07,0.141764705882353,0.168823529411765,0.00117647058823529,0.108823529411765,0.0264705882352941,0.0447058823529412,0.166470588235294,1714,1.01413427561837,5.8343057176196,2.62239902080783,5.87654320987654,1.76543209876543
"L0258",0.0315186246418338,0.114613180515759,0.0802292263610315,0.0143266475644699,0.0315186246418338,0.169054441260745,0.209169054441261,0,0.0687679083094556,0.0372492836676218,0.0601719197707736,0.183381088825215,351,1.140625,0,2.45426829268293,5.03703703703704,1.37037037037037
"L0260",0.0630630630630631,0.123873873873874,0.0540540540540541,0.0518018018018018,0.0608108108108108,0.141891891891892,0.184684684684685,0,0.103603603603604,0.0135135135135135,0.036036036036036,0.166666666666667,444,1.10810810810811,13.5135135135135,2.3495145631068,4.70588235294118,1.23529411764706
"L0261",0.0466926070038911,0.127918287937743,0.0802529182879377,0.0423151750972763,0.0428015564202335,0.148346303501946,0.180933852140078,0.00389105058365759,0.0894941634241245,0.0238326848249027,0.0476653696498054,0.165856031128405,2062,1.09090909090909,3.87972841901067,2.44379639448568,4.27683615819209,0.96045197740113
"L0262",0.0434746274200288,0.124945447792377,0.0714517851339431,0.038079762291657,0.065434792701611,0.152430474952412,0.176795580110497,0.00480059427085751,0.106225915780677,0.0214680347277032,0.034987696736153,0.159905288082084,108239,1.10562685093781,3.91725718086826,2.96928901573025,6.09597741707833,1.73088685015291
"L0263",0.0464461646727657,0.12807881773399,0.0520760028149191,0.0302603800140746,0.0619282195636875,0.195636875439831,0.20478536242083,0.00562983814215341,0.0605207600281492,0.0309641097818438,0.0365939479239972,0.147079521463758,1427,1.39234449760766,4.20462508759636,2.6781778104335,5.54545454545455,1.5
"L0264",0.0333333333333333,0.158333333333333,0.0666666666666667,0.00833333333333333,0.025,0.15,0.233333333333333,0,0.0583333333333333,0.075,0.0416666666666667,0.15,120,1.55555555555556,8.33333333333333,2.63636363636364,4.4,0.8
"L0266",0.0581613508442777,0.138836772983114,0.0562851782363977,0.0206378986866792,0.0562851782363977,0.163227016885553,0.221388367729831,0.00562851782363977,0.0675422138836773,0.00562851782363977,0.0337711069418387,0.172607879924953,534,1.28260869565217,0,2.4748490945674,4.7027027027027,1.02702702702703
"L0267",0.055045871559633,0.119266055045872,0.0642201834862385,0.00917431192660551,0.055045871559633,0.18348623853211,0.211009174311927,0,0.073394495412844,0.018348623853211,0.0458715596330275,0.165137614678899,111,1.27777777777778,18.018018018018,2.36893203883495,4.875,1
"L0268",0.0668380462724936,0.140531276778063,0.0565552699228792,0.0265638389031705,0.0402742073693231,0.149100257069409,0.199657240788346,0.00856898029134533,0.0805484147386461,0.0394173093401885,0.0411311053984576,0.150814053127678,1169,1.32386363636364,10.2651839178785,2.55,5.1304347826087,1.42028985507246
"L0269",0.0527758738862234,0.147361206305689,0.0589444825222755,0.043865661411926,0.0555174777244688,0.156271418779986,0.209732693625771,0.000685400959561343,0.0753941055517478,0.00891021247429746,0.0335846470185058,0.156956819739548,1464,1.33624454148472,2.04918032786885,2.52919438285292,4.55855855855856,0.972972972972973
"L0270",0.028169014084507,0.112676056338028,0.0422535211267606,0.028169014084507,0.0563380281690141,0.176056338028169,0.190140845070423,0.0140845070422535,0.133802816901408,0.00704225352112676,0.0422535211267606,0.169014084507042,144,1.125,6.94444444444444,2.29323308270677,4.72727272727273,0.909090909090909
"L0271",0.0573770491803279,0.122950819672131,0.0573770491803279,0.0573770491803279,0.0245901639344262,0.10655737704918,0.180327868852459,0.0245901639344262,0.0983606557377049,0.0737704918032787,0.0327868852459016,0.163934426229508,124,1.1,8.06451612903226,2.27184466019417,3.47619047619048,0.523809523809524
"L0272",0.0529411764705882,0.145882352941176,0.0458823529411765,0.0317647058823529,0.0611764705882353,0.152941176470588,0.194117647058824,0.00352941176470588,0.0941176470588235,0.0176470588235294,0.0470588235294118,0.152941176470588,852,1.26923076923077,9.38967136150235,2.52638190954774,4.82142857142857,1.125
"L0274",0.0334014348838314,0.115028270062242,0.0652824630588682,0.0455171758445384,0.0748800304081342,0.119161875801777,0.152848386943507,0.00593908870622892,0.130945027794935,0.0271297572100537,0.0592958616429895,0.170570627642894,21079,0.896100278551532,2.60923193699891,2.5258147383267,5.20423108218063,1.52563059397884
"L0275",0.0492765153398638,0.127542141116802,0.0585749092536423,0.0379394361294814,0.0592213216647606,0.129779722539904,0.176072795982298,0.0031326139923425,0.118890159614142,0.0255581522549848,0.0437074237979215,0.170304808313858,20193,1.03386861313869,3.71415837171297,2.31989203778677,4.37739234449761,0.989832535885168
"L0277",0.0591245025582717,0.128482092097783,0.0392268334280841,0.0352472996020466,0.0557134735645253,0.150653780557135,0.227970437748721,0.00170551449687322,0.0557134735645253,0.0801591813530415,0.0289937464468448,0.137009664582149,1763,1.66390041493776,11.3442994895065,2.63736939151813,4.71532846715328,0.795620437956204
"L0278",0.0633577310155535,0.15096065873742,0.0647301006404392,0.0324794144556267,0.0530649588289113,0.161482159194876,0.195333943275389,0.00343092406221409,0.0802836230558097,0.0203568161024703,0.035224153705398,0.139295516925892,4390,1.40229885057471,4.1002277904328,2.41733236504478,5.2046332046332,1.16602316602317
"L0280",0.0529850746268657,0.166417910447761,0.0507462686567164,0.0291044776119403,0.0514925373134328,0.159701492537313,0.214179104477612,0.00298507462686567,0.0634328358208955,0.0537313432835821,0.0373134328358209,0.117910447761194,1353,1.81645569620253,17.7383592017738,2.72123552123552,6.08474576271186,1.74576271186441
"L0286",0.0428816466552316,0.148084619782733,0.0526014865637507,0.0297312750142939,0.039451114922813,0.171526586620926,0.189251000571755,0.00628930817610063,0.0800457404230989,0.039451114922813,0.0474556889651229,0.153230417381361,1754,1.23507462686567,6.27137970353478,2.71275327771156,6.05263157894737,2.15789473684211
"L0287",0.0428816466552316,0.148084619782733,0.0526014865637507,0.0297312750142939,0.039451114922813,0.171526586620926,0.189251000571755,0.00628930817610063,0.0800457404230989,0.039451114922813,0.0474556889651229,0.153230417381361,1754,1.23507462686567,6.27137970353478,2.71275327771156,6.05263157894737,2.15789473684211
"L0288",0.0700509180681994,0.145039345779972,0.0660391914827959,0.0396543743249499,0.0415830890294708,0.145887980249961,0.186776731985805,0.00370313223268014,0.0816232062953248,0.0322481098595896,0.0372627680913439,0.150131152599907,13006,1.24409044193217,17.6841457788713,2.58830370493437,4.55211558307534,1.01444788441692
"L0289",0.066923304708321,0.11222978975422,0.0355344980752147,0.0257625111045306,0.0835060704767545,0.116079360379035,0.217352679893397,0.0509327805744744,0.0639620965353864,0.0666271838910275,0.0210245780278354,0.140065146579805,3535,1.55179704016913,2.26308345120226,2.36594663278272,3.91022443890274,0.389027431421446
"L0290",0.0933333333333333,0.16391713747646,0.0259887005649717,0.015743879472693,0.0595856873822976,0.173483992467043,0.259359698681733,0.00293785310734463,0.0451224105461394,0.0462523540489642,0.0187570621468927,0.0955178907721281,13340,2.71529968454259,14.8425787106447,3.39967386240099,6.13207547169811,1.34591194968553
"L0291",0.0518553538894398,0.132515394017666,0.0630405202832038,0.0375337284656719,0.0438412398238048,0.130059269850788,0.17603376305897,0.00644588455063306,0.0912686515532391,0.0608611425013261,0.0396439196512996,0.166901132353959,87165,1.05471880613514,9.65984053232375,2.40878514644079,3.47563805104408,0.646268368136118
"L0292",0.0576960919359282,0.134204415758196,0.072690778857885,0.0513203982840726,0.0376638199063324,0.146208036522492,0.187689401393207,0.00503758510763903,0.114605061198788,0.0101932386162383,0.0366405604313432,0.146050611987878,25463,1.28509835623821,17.3192475356399,2.59860175633046,4.28029925187032,0.885286783042394
"L0293",0.0533714640113014,0.145195190021707,0.0402783998897426,0.0303207800709782,0.043827309375323,0.140026875236881,0.185094580160562,0.00637425490128519,0.0578851255900493,0.127071632842918,0.0316989973469317,0.138855390552321,29077,1.33300248138958,10.2142586924373,2.72053610988037,4.73382352941176,0.991666666666667
"L0294",0.0646270818247647,0.134956553222303,0.0684739319333816,0.0465695148443157,0.0336712527154236,0.136223750905141,0.164102099927589,0.00316799420709631,0.0887943519188994,0.0580648081100652,0.0424511223750905,0.15889753801593,22191,1.03275420108231,12.3473480239737,2.41406901968485,4.4141524958859,1.02029621503017
"L0295",0.0517670972395253,0.141482525736017,0.0572462461477936,0.0327683430594715,0.0618484033833847,0.129475116385811,0.176599075470461,0.00515130155399646,0.0933832207724084,0.041275981902826,0.0631393023408301,0.145863386007475,244794,1.21071559014413,8.12111407959345,2.94623460801607,7.54371165644172,3.05304192229039
"L0296",0.0545188372023543,0.140455917062532,0.0685787696812166,0.049170924083535,0.0486331451106928,0.141411968569807,0.172662902213857,0.00277254937109737,0.094171073466583,0.0282871739714977,0.0489976397478414,0.150339099518987,167573,1.14848966613672,12.2215392694527,2.61332392252617,4.9953663481031,1.3326575924317
"L0297",0.0835820895522388,0.177065890061886,0.0343647615580633,0.0309428467419003,0.0331998543866036,0.189151801965781,0.249217327994175,0.00167455405897343,0.0502366217692028,0.0254095376774663,0.0273025118310885,0.097852202402621,13789,2.546875,57.0019580825296,2.61893482081455,5.58781869688385,1.08923512747875
"L0299",0.0490008642589634,0.141083728360789,0.0616138071916822,0.033931330696907,0.0595657753450488,0.12620276039075,0.171929916454967,0.00477175706466228,0.0988712254144515,0.0355917554932823,0.0670979231595212,0.150339156168976,191482,1.14361368545746,8.40810102255042,2.91565997223909,6.89419940433981,2.73890228336406
"L0300",0.0525219632306302,0.140165117545113,0.0555236463707603,0.0325640167614786,0.0633450037708332,0.129576817616534,0.179321849356461,0.00622312344858931,0.0899805714685273,0.0453448938922491,0.0602684034142273,0.145164593124597,200858,1.23530018923103,7.67208674785172,2.84065911238978,6.41667670803711,2.18448005783829
"L0301",0.0413900819992191,0.139038236265882,0.0709758808157871,0.032709578590094,0.0495599675607485,0.142762742918932,0.164539092301685,0.00387468837293125,0.103565314029976,0.0524434565824648,0.047787823266152,0.151353137296128,33477,1.08712046040881,5.04824207664964,2.86075422126814,4.55506607929515,1.21850220264317
"L0302",0.0541099221789883,0.145944795719844,0.055204280155642,0.030034046692607,0.0455830496108949,0.154000486381323,0.19449173151751,0.00351106517509728,0.0866822714007782,0.0398984678988327,0.0280733219844358,0.162466561284047,65928,1.19711853307138,10.1322655017595,2.33015257607915,4.13334426767263,0.682794817123175
"L0303",0.0578036462182804,0.142060852426706,0.0730475486573048,0.0428061098792806,0.0417282581916728,0.135408967726041,0.177753141167775,0.00465016013796502,0.0907859078590786,0.0261763981276176,0.0496119733924612,0.158167036215817,32593,1.12383177570093,19.2986224035836,2.5380870371597,4.62645590682196,1.14351081530782
"L0304",0.0702378554966324,0.133114049808686,0.0469669508402139,0.0217940972455304,0.0795685932290618,0.129847172808843,0.201785594414983,0.0402989416213555,0.0790091964825133,0.0172294197936945,0.0375914613680607,0.142556666890425,45491,1.4154763773348,5.01198039172584,3.51163886955936,8.25478927203065,3.75
"L0305",0.0639388979814512,0.152100381887616,0.0566284779050737,0.031860338243317,0.0438625204582651,0.171303873431533,0.209819967266776,0.00283687943262411,0.07746863066012,0.0169121658483361,0.0330605564648118,0.140207310420076,9172,1.49649805447471,14.5006541648495,2.5939056887962,5.13493530499076,1.181146025878
"L0306",0.0709219858156028,0.152482269503546,0.0460992907801418,0.0319148936170213,0.0390070921985816,0.127659574468085,0.195035460992908,0,0.049645390070922,0.134751773049645,0.0354609929078014,0.117021276595745,288,1.66666666666667,38.1944444444444,2.52767527675277,4.94117647058824,1.05882352941176
"L0307",0.0618242248306618,0.163542849930582,0.0413458706718835,0.0320585636753755,0.0418086583364887,0.172714460010939,0.212082965206782,0.00678404644705288,0.0570385796625857,0.0500862467920401,0.0393159156885018,0.121397618747108,95365,1.74701091665223,23.5725895244587,2.82699277351901,5.75551470588235,1.53975183823529
"L0308",0.0369794050343249,0.0882379862700229,0.0991304347826087,0.048695652173913,0.0398169336384439,0.0812814645308925,0.142425629290618,0.00302059496567506,0.142517162471396,0.0816475972540046,0.0538215102974828,0.182425629290618,11049,0.780732563973909,1.62910670648928,2.55284552845528,3.86196549137284,0.687921980495124
"L0309",0.0544407837089482,0.164855770915846,0.0470190319301812,0.030168939048754,0.0529862255090954,0.147514983701938,0.208001822578949,0.00598471837650275,0.0704847359013003,0.0410781255476499,0.0363201430023483,0.141144719778487,114253,1.4736776756891,11.0456618206962,2.66839259109386,5.72802593659942,1.57420749279539
"L0310",0.0644933920704846,0.153480176211454,0.0578854625550661,0.03215859030837,0.0509251101321586,0.136211453744493,0.178502202643172,0.0039647577092511,0.0807929515418502,0.0702202643171806,0.0470484581497797,0.12431718061674,11431,1.43586109142452,16.0965794768612,2.93871203805342,5.90196078431373,1.84509803921569
"L0311",0.0652475122811437,0.143342990301045,0.0696246378637108,0.0422597304446404,0.0411890666330772,0.135911323844313,0.185508250409371,0.00176344627786875,0.0918881471218038,0.0380085653104925,0.0476760297266658,0.137580299785867,31926,1.34836346990158,14.8468333020109,2.55790604747994,4.8784222737819,1.15406032482599
"L0312",0.0514655760054533,0.15507839127471,0.0565780504430811,0.0235173824130879,0.0446489434219496,0.176891615541922,0.215746421267894,0.00715746421267894,0.0647580095432856,0.0357873210633947,0.0303340149965917,0.138036809815951,2935,1.56296296296296,8.17717206132879,2.60485887817078,5.91911764705882,1.66176470588235
"L0313",0.0502418545222232,0.156520945514283,0.0805421191932098,0.0382860271972255,0.0485990690882541,0.151866386784704,0.18280551245779,0.00392443187003742,0.0797207264762252,0.0301633658848225,0.0376927991238478,0.139636761887378,21948,1.30915032679739,21.140878439949,2.89520858164482,5.45837512537613,1.63289869608826
"L0316",0.0548657457706038,0.150884681049201,0.0448316001862486,0.0324615862176005,0.0462362253608567,0.156976563712556,0.205781468260127,0.00624708986496973,0.0728232189973615,0.0509157224895235,0.0374902995498991,0.140485798541052,129064,1.46478484229133,13.3732101902932,2.87394480057848,5.7735628342246,1.67028743315508
"L0317",0.0575444913787134,0.131846825012118,0.039678692611315,0.0182120351776193,0.0718786787618586,0.130808115781456,0.199432172287238,0.00948687764005263,0.0602451353784364,0.126653278858805,0.0301225676892182,0.12409112942317,15008,1.60714285714286,10.7276119402985,2.57430495844081,4.75483304042179,0.682776801405975
"L0318",0.0525014979029359,0.147917914919113,0.0607399640503295,0.0289095266626723,0.0531755542240863,0.151662672258838,0.193154583582984,0.00456860395446375,0.0841072498502097,0.0405182744158179,0.0369982025164769,0.145745955662073,13371,1.32528263103803,7.4040834642136,2.86354745325092,5.87309644670051,1.79526226734349
"L0319",0.0499251562912741,0.149863520295853,0.0601391212468081,0.030994100554724,0.0368935458307652,0.143259663643568,0.202782424936163,0.00616359954213261,0.0847935194153386,0.0670951835872149,0.0319626661970591,0.1361274984591,11423,1.48965071151358,8.49163967434124,2.49773712084738,4.15028901734104,0.657996146435453
"L0320",0.0504830020434702,0.136881540652672,0.0777602328317543,0.0475571242801412,0.0449176419592544,0.124705864140194,0.154932193943897,0.00359929407393647,0.122995231902904,0.018089355378042,0.0575964456003468,0.160482073193387,129492,0.965417450441325,15.9778210236926,2.5690996543161,5.01547690461908,1.48602279544091
"L0321",0.0689308176100629,0.150440251572327,0.0352201257861635,0.0231446540880503,0.040251572327044,0.172578616352201,0.234465408805031,0.0349685534591195,0.0437735849056604,0.0752201257861635,0.0238993710691824,0.0971069182389937,4040,2.41450777202073,6.93069306930693,2.52001060164325,4.79487179487179,0.78021978021978
"L0323",0.0646721927567991,0.18851166089709,0.0437323339791025,0.0244862959316543,0.0274504822095891,0.168185812134108,0.228676384963106,0.00380051026349499,0.0597706990186426,0.0273128592752565,0.0366923915690073,0.126708377002149,94595,1.80474559278135,17.3370685554205,2.82572627785347,6.57043235704324,2.24769874476987
"L0324",0.0554704259883543,0.143683726631934,0.0561569108182654,0.0340913269996935,0.0387863928899785,0.160784554091327,0.199840637450199,0.00538155072019614,0.0923444682807233,0.0300827459393196,0.0385779957094698,0.144799264480539,81810,1.38012190992211,14.313653587581,2.63308740810507,4.83084947839046,1.11847988077496
"L0325",0.0627582086516583,0.152884945402774,0.0615251630289702,0.0297329248604879,0.064334473159012,0.145016334676548,0.19241867619205,0.00573302655497222,0.0716310524107949,0.0438811699950424,0.0324532523167275,0.137630772750963,79017,1.39807887688187,8.23873343710847,2.75330933037089,5.18979118329466,1.22761020881671
"L0326",0.0563707110010612,0.13938450654404,0.0545596038203042,0.0362221436151397,0.0441032897064025,0.153717721966749,0.201839405730456,0.0043579766536965,0.0868340997523877,0.0376087725504068,0.0401839405730456,0.144817828086311,71288,1.39374694675134,11.7972169229043,2.49633118801107,3.97861420017109,0.670373538637012
"L0327",0.0663225347098612,0.152118191527234,0.0486650053399786,0.0278034887860449,0.0358490566037736,0.170950516197935,0.229761480954076,0.00359558561765753,0.0715557137771449,0.0321466714133143,0.0314702741189035,0.129761480954076,28208,1.77064471879287,10.8834373227453,2.59806203029031,4.67149276085871,0.968047928107838
"L0328",0.063908613769682,0.124421117628898,0.0555727076258104,0.0355047854276011,0.0416795307193578,0.162704538437789,0.186168570546465,0.00463105896881754,0.0710095708552022,0.0926211793763507,0.0358135226921889,0.125964803951837,3288,1.47794117647059,11.5571776155718,2.73748789150791,4.865,1.165
"L0329",0.0540751670861904,0.14000520788126,0.0671816682579637,0.0317680756878743,0.0493446749414113,0.142652547521917,0.177675548997483,0.00438330006075861,0.108367329224894,0.0263865983855568,0.0328530509504383,0.165306831004253,23176,1.07482278813337,12.5560925094926,2.51613508442777,4.34248788368336,0.856219709208401
"L0330",0.0547327752736639,0.119338913930028,0.0631036703155183,0.0382056235243615,0.0525863919295986,0.143593045717965,0.17729126421979,0.0025756600128783,0.0998068254990341,0.0253273234599699,0.0463618802318094,0.177076625885383,4670,1.00121212121212,8.77944325481799,2.40352913861156,4.57851239669422,1.10192837465565
"L0331",0.0613524406627855,0.156889087923571,0.0400059710404538,0.0264964920137334,0.0403045230631438,0.174205105239588,0.220182116733841,0.00395581430064189,0.0619495447081654,0.0684430512016719,0.0300044782803403,0.116211374832064,13886,1.8946692357097,26.5015123145614,2.59492667459374,4.27691107644306,0.585803432137285
"L0332",0.0552761158468788,0.159315931593159,0.037591994493567,0.0176311748821941,0.0464340551702229,0.179435590617885,0.247207073648541,0.0040239318049452,0.0446868216233388,0.0728543442579552,0.0233493937629057,0.112193572298406,18977,2.2033978291647,7.37735153080044,2.98493756649308,5.30899376669635,0.901157613535174
"L0333",0.0920142846288276,0.171149608692349,0.0379530430818327,0.0149684674416838,0.054023250512879,0.167350505280754,0.26650710432338,0.00360914824101512,0.0378770610136008,0.0278474280069903,0.0237064052883519,0.102993693488337,26522,2.58760604942826,22.0571600935073,2.95801707779886,5.42313432835821,1.08507462686567
"L0334",0.0479325534031166,0.137071946194288,0.0640482167385023,0.032337896082982,0.0488087907924028,0.139913797186568,0.175756642826694,0.0046890541372614,0.111246625301947,0.042012030502534,0.0456117084260882,0.150570738407616,84783,1.16726958162944,11.924560348183,2.68702016583069,4.38978454120838,0.95118276329667
"L0335",0.0585052609444629,0.150881137431559,0.0720923273512499,0.0486546377995422,0.0440932655058352,0.13504573503603,0.165260782712076,0.00490913649340461,0.0937992834439978,0.0393297047239318,0.0463739516526887,0.141054776905222,123950,1.17160713261854,21.0084711577249,2.69589988895533,5.26630907509423,1.57857349956509
"L0337",0.0805181165762296,0.146683003675827,0.0414843339751444,0.0362331524593033,0.0402590582881148,0.183966392438299,0.215298442149484,0.0122527568702958,0.0439348853492036,0.0575879572903903,0.0353579555399965,0.106423945387712,5749,2.02302631578947,23.1344581666377,2.58351851851852,5.13390313390313,0.871794871794872
"L0338",0.043825315723513,0.148925093994023,0.0625469970114721,0.0337607249590282,0.0504386387737395,0.151778656126482,0.182627976477393,0.00580352839101514,0.0909476525595296,0.0360744239853466,0.0442302130531187,0.149040778945339,51969,1.22535575679172,8.58203929265524,2.83336667733675,6.33047858942065,2.28765743073048
"L0339",0.0489890590809628,0.133925601750547,0.0666695842450766,0.0399824945295405,0.042144420131291,0.138958424507659,0.18180306345733,0.00743107221006565,0.106573304157549,0.0306083150984683,0.0356061269146608,0.167308533916849,114568,1.08663353387392,10.2297325605754,2.32796988989299,4.00311998573721,0.733374933143163
"L0341",0.0492600422832981,0.155708245243129,0.0743128964059197,0.0375792811839323,0.0445031712473573,0.150105708245243,0.185095137420719,0.00428118393234672,0.0819238900634249,0.0201902748414376,0.0403805496828753,0.156659619450317,18973,1.18151147098516,16.6025404522216,2.70797792272955,5.18629343629344,1.68339768339768
"L0342",0.0492600422832981,0.155708245243129,0.0743128964059197,0.0375792811839323,0.0445031712473573,0.150105708245243,0.185095137420719,0.00428118393234672,0.0819238900634249,0.0201902748414376,0.0403805496828753,0.156659619450317,18973,1.18151147098516,16.6025404522216,2.70797792272955,5.18629343629344,1.68339768339768
"L0343",0.0597792765174739,0.153893316983446,0.0545677498467198,0.0315757204169221,0.0441446965052115,0.175965665236052,0.219497240956468,0.00429184549356223,0.0775597792765175,0.00735744941753525,0.029429797670141,0.141937461679951,3264,1.54643628509719,9.49754901960784,2.56878650227125,5.42307692307692,1.35164835164835
"L0344",0.0597792765174739,0.153893316983446,0.0545677498467198,0.0315757204169221,0.0441446965052115,0.175965665236052,0.219497240956468,0.00429184549356223,0.0775597792765175,0.00735744941753525,0.029429797670141,0.141937461679951,3264,1.54643628509719,9.49754901960784,2.56878650227125,5.42307692307692,1.35164835164835
"L0345",0.0544681157852997,0.147351092846929,0.0489768453432344,0.0296192158417745,0.0401691839996155,0.158886365547986,0.211492015428427,0.00665681362123451,0.07008879756798,0.0707376566574144,0.0332480203789818,0.128305876981123,83485,1.64834238621465,16.7455231478709,2.87864267429984,5.38281803162615,1.30611281567147
"L0346",0.0544681157852997,0.147351092846929,0.0489768453432344,0.0296192158417745,0.0401691839996155,0.158886365547986,0.211492015428427,0.00665681362123451,0.07008879756798,0.0707376566574144,0.0332480203789818,0.128305876981123,83485,1.64834238621465,16.7455231478709,2.87864267429984,5.38281803162615,1.30611281567147
"L0347",0.0687654726041698,0.150669609568408,0.0597130670802637,0.0315864825364632,0.0435171652697826,0.155486622721985,0.198183553553852,0.00984281325498852,0.0681092850538372,0.0531362782235213,0.0264264622543025,0.134563187878426,67214,1.47279175440541,17.5707441901985,2.47840553235908,4.1725768321513,0.683721715636609
"L0348",0.0687654726041698,0.150669609568408,0.0597130670802637,0.0315864825364632,0.0435171652697826,0.155486622721985,0.198183553553852,0.00984281325498852,0.0681092850538372,0.0531362782235213,0.0264264622543025,0.134563187878426,67214,1.47279175440541,17.5707441901985,2.47840553235908,4.1725768321513,0.683721715636609
"L0349",0.074835264434265,0.157362271268648,0.0381035200744678,0.0422433432133846,0.0349680327266492,0.170136932611518,0.224897729221272,0.00498493496313353,0.0478896700389486,0.0518825172084364,0.0421576072312177,0.110538177008059,82470,2.03457063711911,45.7378440645083,2.67563098457949,5.2409948542024,1.28430531732419
"L0350",0.074835264434265,0.157362271268648,0.0381035200744678,0.0422433432133846,0.0349680327266492,0.170136932611518,0.224897729221272,0.00498493496313353,0.0478896700389486,0.0518825172084364,0.0421576072312177,0.110538177008059,82470,2.03457063711911,45.7378440645083,2.67563098457949,5.2409948542024,1.28430531732419
"L0353",0.108453608247423,0.172835051546392,0.0507731958762887,0.0288659793814433,0.0452577319587629,0.192989690721649,0.243453608247423,0.00123711340206186,0.0454639175257732,0.00742268041237113,0.0219072164948454,0.081340206185567,19515,2.99302915082383,56.5206251601332,2.93689526847422,6.08413793103448,1.00965517241379
"L0354",0.108453608247423,0.172835051546392,0.0507731958762887,0.0288659793814433,0.0452577319587629,0.192989690721649,0.243453608247423,0.00123711340206186,0.0454639175257732,0.00742268041237113,0.0219072164948454,0.081340206185567,19515,2.99302915082383,56.5206251601332,2.93689526847422,6.08413793103448,1.00965517241379
"L0355",0.0742784380305603,0.178692699490662,0.0299943406904358,0.029003961516695,0.0287209960384833,0.178692699490662,0.241935483870968,0.00311262026032824,0.0543293718166384,0.0387662705149972,0.033106960950764,0.109366157328806,7112,2.21216041397154,54.6962879640045,2.73752228163993,5.19794344473008,1.18508997429306
"L0356",0.0742784380305603,0.178692699490662,0.0299943406904358,0.029003961516695,0.0287209960384833,0.178692699490662,0.241935483870968,0.00311262026032824,0.0543293718166384,0.0387662705149972,0.033106960950764,0.109366157328806,7112,2.21216041397154,54.6962879640045,2.73752228163993,5.19794344473008,1.18508997429306
"L0357",0.089746029422528,0.168367122886628,0.0469735782770987,0.0330381321818049,0.0363902510429627,0.189738710385713,0.234458025323867,0.00402547024811535,0.0461099319329576,0.0182390397423699,0.0326429041938081,0.100270804362146,68584,2.33824817518248,52.3883121427738,2.72507750288736,6.08377706780263,1.43911963081292
"L0358",0.089746029422528,0.168367122886628,0.0469735782770987,0.0330381321818049,0.0363902510429627,0.189738710385713,0.234458025323867,0.00402547024811535,0.0461099319329576,0.0182390397423699,0.0326429041938081,0.100270804362146,68584,2.33824817518248,52.3883121427738,2.72507750288736,6.08377706780263,1.43911963081292
"L0359",0.0462458371177717,0.128216772630942,0.0554041780199818,0.0389040266424463,0.0343627005752346,0.131017257039055,0.190811383590675,0.00643354526188314,0.0867393278837421,0.098698153194066,0.0289131092945807,0.154253708749622,13283,1.23699705593719,6.62500941052473,2.09112374289462,3.45405405405405,0.405945945945946
"L0360",0.0447476991431292,0.152649952396065,0.0323706759758807,0.0184068549666772,0.0463344969850841,0.175182481751825,0.206601079022533,0.00317359568390987,0.0631545541098064,0.0860044430339575,0.023484608060933,0.1478895588702,3160,1.39699570815451,3.16455696202532,2.31851085832472,4.40613026819923,0.662835249042146
"L0361",0.0456226880394575,0.134401972872996,0.0579531442663379,0.0332922318125771,0.0345252774352651,0.157829839704069,0.205918618988903,0.00123304562268804,0.093711467324291,0.0295930949445129,0.0332922318125771,0.172626387176326,813,1.19285714285714,2.460024600246,2.16946778711485,3.68,0.62
"L0362",0.0348712446351931,0.111230329041488,0.0841827610872675,0.0449749642346209,0.0438572961373391,0.124195278969957,0.164431330472103,0.00456008583690987,0.0988912732474964,0.0650929899856938,0.0450643776824034,0.178648068669528,22487,0.92042042042042,2.62373815982568,2.48383717449865,3.90441176470588,0.757761437908497
"L0366",0.0588235294117647,0.130365659777424,0.0286168521462639,0.027027027027027,0.0699523052464229,0.187599364069952,0.254372019077901,0.00794912559618442,0.0588235294117647,0.027027027027027,0.0461049284578696,0.103338632750397,631,2.46153846153846,9.50871632329635,2.95833333333333,5.19354838709677,1.2258064516129
"L0368",0.0539186915522166,0.143131040419455,0.0556403333724616,0.0320460147904684,0.0496537152247916,0.152365301091677,0.190945729154439,0.00309112963180342,0.0840865516296905,0.0408889932308174,0.0365066322338303,0.157725867668349,25749,1.21061771272637,9.08773156239077,2.55364359818341,4.67085152838428,1.03220524017467
"L0369",0.0341880341880342,0.170940170940171,0.0427350427350427,0.0170940170940171,0.0341880341880342,0.162393162393162,0.230769230769231,0,0.0512820512820513,0.0683760683760684,0.0427350427350427,0.145299145299145,118,1.58823529411765,67.7966101694915,2.12380952380952,3.69230769230769,0.461538461538462
"L0371",0.0570469798657718,0.157046979865772,0.0389261744966443,0.0308724832214765,0.0429530201342282,0.171812080536913,0.220805369127517,0.00536912751677852,0.0496644295302013,0.074496644295302,0.0261744966442953,0.124832214765101,1492,1.76881720430108,19.4369973190349,2.58374558303887,5.5974025974026,1.23376623376623
"L0372",0.0440060698027314,0.156297420333839,0.0455235204855842,0.0364188163884674,0.0485584218512898,0.182094081942337,0.198786039453718,0.00303490136570561,0.0698027314112291,0.0227617602427921,0.0379362670713202,0.154779969650986,661,1.2843137254902,4.53857791225416,2.3936,5.55555555555556,1.61111111111111
"L0373",0.0500689021589343,0.139526871841984,0.0498392282958199,0.029168580615526,0.0546623794212219,0.172485071198898,0.198782728525494,0.00953146531924667,0.0676389526871842,0.0427193385392742,0.0336472209462563,0.151929260450161,8724,1.30839002267574,6.1898211829436,2.72688251165072,4.76140350877193,1.07894736842105
"L0375",0.0637958532695375,0.125465178096757,0.0768208399787347,0.0311004784688995,0.0590111642743222,0.147262094630516,0.188197767145136,0.00239234449760766,0.099946836788942,0.0156831472620946,0.0366826156299841,0.153641679957469,3782,1.22491349480969,4.23056583818086,2.41066819615716,4.4271186440678,0.91864406779661
"L0378",0.0678433535576393,0.133480419194705,0.0551571980143409,0.0372311086596801,0.0540540540540541,0.163816878102592,0.194429123000552,0.00358521787093216,0.0788747931605075,0.0231660231660232,0.0397131825703254,0.148648648648649,3639,1.30797773654917,6.0456169277274,2.486646884273,4.48888888888889,0.97037037037037
"L0379",0.0509209100758397,0.157096424702059,0.0655471289274106,0.0346695557963164,0.0449620801733478,0.164680390032503,0.213434452871073,0.00541711809317443,0.0747562296858072,0.0178764897074756,0.0346695557963164,0.135969664138678,1847,1.56972111553785,3.78992961559285,2.56090487238979,4.66935483870968,1.01612903225806
"L0380",0.0554890219560878,0.144510978043912,0.0578842315369262,0.0327345309381238,0.0439121756487026,0.145309381237525,0.188423153692615,0.00399201596806387,0.0798403193612774,0.0622754491017964,0.0355289421157685,0.150099800399202,2519,1.25531914893617,10.3215561730846,2.46795698924731,4.59487179487179,0.943589743589744
"L0381",0.0702087286527514,0.138519924098672,0.0550284629981025,0.0398481973434535,0.047438330170778,0.163187855787476,0.189753320683112,0.00379506641366224,0.0702087286527514,0.0132827324478178,0.0284629981024668,0.180265654648956,527,1.05263157894737,7.59013282732448,2.43967280163599,4.73684210526316,1.13157894736842
"L0383",0.0482923334129448,0.131550035825173,0.0441366133269644,0.0227848101265823,0.049629806544065,0.168330546930977,0.228134702651063,0.00640076427036064,0.0748984953427275,0.0391210890852639,0.0289945068067829,0.157726295677096,21002,1.44639612356148,2.52356918388725,2.45153285426252,4.29094076655052,0.756678281068525
"L0384",0.040929203539823,0.142699115044248,0.0553097345132743,0.0188053097345133,0.0630530973451327,0.15929203539823,0.191371681415929,0.00221238938053097,0.0763274336283186,0.043141592920354,0.0331858407079646,0.173672566371681,904,1.10191082802548,3.31858407079646,2.37902264600715,4.66153846153846,1.03076923076923
"L0385",0.0522469857508221,0.136097917427841,0.0637559371574717,0.0305078553160395,0.0493240774570698,0.15893313847278,0.172268907563025,0.00694190719766167,0.0922542930215565,0.0241139934234563,0.0473145780051151,0.166240409207161,5494,1.03626373626374,7.64470331270477,2.54524539877301,5.67025089605735,1.85304659498208
"L0387",0.049558390578999,0.127085377821394,0.0689401373895976,0.0336113837095191,0.0468596663395486,0.146712463199215,0.185230618253189,0.00343473994111874,0.0870951913640824,0.0721295387634936,0.0336113837095191,0.145731108930324,4093,1.27104377104377,5.37503053994625,2.76977290524667,4.84410646387833,1.04562737642586
"L0388",0.05666063893912,0.148282097649186,0.0325497287522604,0.0210970464135021,0.0464135021097046,0.189873417721519,0.219409282700422,0.00361663652802893,0.0596745027124774,0.0506329113924051,0.0313441832429174,0.140446051838457,1660,1.56223175965665,15.6626506024096,2.46458200382897,5.34408602150538,1.2258064516129
"L0389",0.0548885077186964,0.097770154373928,0.0686106346483705,0.0514579759862779,0.0463121783876501,0.164665523156089,0.195540308747856,0,0.0909090909090909,0.0154373927958834,0.0617495711835334,0.152658662092624,583,1.28089887640449,3.43053173241852,2.22433460076046,4.01754385964912,0.631578947368421
"L0390",0.0474847202632816,0.155618241654913,0.0662905500705219,0.0258580159849553,0.0343206393982134,0.166431593794076,0.195110484250118,0.00564174894217207,0.0719322990126939,0.0267983074753173,0.0451339915373766,0.159379407616361,2130,1.22418879056047,16.4319248826291,2.55867602808425,4.97794117647059,1.46323529411765
"L0391",0.0626907073509015,0.14119278779473,0.0466019417475728,0.0246879334257975,0.0485436893203883,0.165880721220527,0.221914008321775,0.0058252427184466,0.0773925104022191,0.0257975034674064,0.0244105409153953,0.15506241331484,3608,1.43112701252236,4.98891352549889,2.41169486494509,4.73061224489796,0.857142857142857
"L0392",0.046740467404674,0.138991389913899,0.0541205412054121,0.0375153751537515,0.050430504305043,0.169741697416974,0.199876998769988,0.00615006150061501,0.0848708487084871,0.00615006150061501,0.0387453874538745,0.166666666666667,1628,1.19926199261993,8.5995085995086,2.501287001287,6.06756756756757,1.82432432432432
"L0394",0.063390847711928,0.122280570142536,0.0652663165791448,0.0367591897974494,0.0397599399849963,0.174043510877719,0.192423105776444,0.00750187546886722,0.0858964741185296,0.0262565641410353,0.027006751687922,0.159414853713428,2678,1.20705882352941,5.22778192681105,2.26052521884118,3.8932384341637,0.537366548042705
"L0395",0.0712250712250712,0.133903133903134,0.0598290598290598,0.0256410256410256,0.0398860398860399,0.168091168091168,0.193732193732194,0.0199430199430199,0.0826210826210826,0.0113960113960114,0.037037037037037,0.156695156695157,351,1.23636363636364,0,2.34782608695652,4.17241379310345,0.931034482758621
"L0396",0.0424528301886792,0.155660377358491,0.0424528301886792,0.0330188679245283,0.0330188679245283,0.183962264150943,0.207547169811321,0,0.0471698113207547,0.0518867924528302,0.0471698113207547,0.155660377358491,212,1.33333333333333,0,2.31155778894472,5.23076923076923,1.38461538461538
"L0397",0.0511627906976744,0.0883720930232558,0.072093023255814,0.0534883720930233,0.0465116279069767,0.144186046511628,0.169767441860465,0.00697674418604651,0.116279069767442,0.0674418604651163,0.0186046511627907,0.165116279069767,433,1.02816901408451,2.3094688221709,2.30927835051546,4,0.533333333333333
"L0398",0.0570835495588998,0.182667358588479,0.0394395433316035,0.0295796574987026,0.0399584846912299,0.161390762843799,0.206538661131292,0.00570835495588998,0.0539699014011417,0.0648676699532953,0.035806953814219,0.122989102231448,1929,1.67932489451477,14.5152928978745,2.56383561643836,5.50961538461539,1.44230769230769
"L0401",0.040785736825497,0.128589460397602,0.0620069422530767,0.0381035026822341,0.0482802145787315,0.126696118649416,0.16132849479331,0.00591669296307984,0.108709372041654,0.0748658882928369,0.0494635531713474,0.155254023351215,12741,1.03912601626016,6.74986264814379,2.54908557625949,4.08785529715762,0.831180017226529
"L0403",0.0259579509004582,0.167531159219762,0.0441988573703159,0.0292268914665383,0.0701936145240202,0.147167758812712,0.187518317926963,0.00655969224519508,0.0810037474218583,0.0749634323058027,0.0354934968803292,0.130185080926045,738601,1.44039790575916,9.32438488439631,2.60478643985881,4.95832098179878,0.748226319637952
"L0404",0.0259579509004582,0.167531159219762,0.0441988573703159,0.0292268914665383,0.0701936145240202,0.147167758812712,0.187518317926963,0.00655969224519508,0.0810037474218583,0.0749634323058027,0.0354934968803292,0.130185080926045,738601,1.44039790575916,9.32438488439631,2.60478643985881,4.95832098179878,0.748226319637952
"L0405",0.0259579509004582,0.167531159219762,0.0441988573703159,0.0292268914665383,0.0701936145240202,0.147167758812712,0.187518317926963,0.00655969224519508,0.0810037474218583,0.0749634323058027,0.0354934968803292,0.130185080926045,738601,1.44039790575916,9.32438488439631,2.60478643985881,4.95832098179878,0.748226319637952
"L0406",0.0585247842424034,0.129643292212137,0.0649760650618534,0.0451074927508879,0.0374551756086681,0.136969613781034,0.174939519242318,0.00459825335003346,0.0821851998009711,0.0739152068356124,0.0329941835526654,0.158691213561416,58509,1.10238944750784,13.9465723222068,2.36356143341513,4.19771428571429,0.753714285714286
"L0407",0.0607750773054359,0.147896617826971,0.0642526177884384,0.0451694939745109,0.0404589197468428,0.150391584544693,0.190060592048859,0.00774499320868133,0.0811682994730707,0.041431860435993,0.0351703609513626,0.135479582695142,103991,1.40287258248009,18.5112173168832,2.49301393080071,4.64538626609442,0.989672746781116
"L0408",0.0646492434662999,0.186764481124866,0.032859544551429,0.0140608283661929,0.0368332569157879,0.166895919303072,0.219012685312548,0.0247592847317744,0.0476845483723063,0.0892556931071374,0.027815986550512,0.0894085281980743,6747,2.44957264957265,9.04105528382985,2.86504014823965,5.8758865248227,1.43262411347518
"L0409",0.0409067666609852,0.100051133458326,0.0787455258223965,0.047639338673939,0.0344298619396625,0.112919720470428,0.149821032895858,0.00477245611044827,0.13405488324527,0.110107380262485,0.0279529572183399,0.158598943241861,11809,0.944653412144009,6.35108815310357,2.02470613844145,2.83905415713196,0.215865751334859
"L0410",0.0691927999290633,0.170395767445985,0.0556261638045695,0.0265716903614814,0.0381875683504271,0.170041084148612,0.212159725711583,0.00534980640203352,0.0605917299677829,0.0350840894984187,0.0374190878727869,0.119380486507256,33903,1.77717256746719,16.5177122968469,2.9518369867243,5.55701179554391,1.60091743119266
"L0411",0.0503072935949648,0.145812661977046,0.0605109218807849,0.0320325805257312,0.0401036653091448,0.147027027027027,0.19394298407997,0.0060422065901518,0.0924398370973713,0.0494483524620511,0.0406368011847464,0.141695668271011,67719,1.36872909698997,7.95936147905315,3.36535242700391,5.5162703379224,1.64486858573217
"L0412",0.0491000558971492,0.147434320849637,0.0694019005030743,0.0429290106204584,0.0426159865846842,0.14387926215763,0.200290665176076,0.0058133035215204,0.0910676355505869,0.0117607602012297,0.0468865287870319,0.148820570150922,44913,1.34585336538462,12.2013670874802,3.56343870364884,8.09459459459459,4.0530888030888
"L0413",0.0757195116576315,0.155802371193089,0.0328793688571554,0.0203182158755344,0.032130107100357,0.15531755476222,0.253691216007757,0.0395786504473533,0.0565912997487769,0.0481290493190533,0.0224337784829653,0.107408876548107,23332,2.36192039392696,4.07166123778502,3.34565602836879,6.40050377833753,1.69017632241814
"L0414",0.0474747867694971,0.12154381801737,0.0631133112241425,0.0387510576427453,0.0451601295430011,0.132946908765549,0.177611040331443,0.00516907695749006,0.0998220242552736,0.0730867607441915,0.0308199527343104,0.164501133014987,206279,1.07969493629726,7.07294489502082,2.5271927149602,4.49794878170065,0.857968672302337
"L0415",0.0521711846196267,0.138001198026109,0.0667899555969688,0.0465281013187795,0.0410941971798846,0.133114012151408,0.173366738611621,0.00540062563585711,0.104328107023666,0.0389928974166373,0.0404714137658905,0.159741568653552,210795,1.08529508050356,14.8912450485068,2.44859065115583,4.39500408544415,0.958153379245944
"L0416",0.0593979016186007,0.168893341066062,0.040301576422207,0.020741287499341,0.0423999578214794,0.175220119154321,0.228512679917752,0.00315284441398218,0.0620762376759635,0.030473981125112,0.0246638899140613,0.144166183371118,94907,1.5850643651258,16.2896309018302,2.60283577956245,5.6698275862069,1.54439655172414
"L0417",0.0537605696484201,0.172630173564753,0.0428793947485536,0.0294392523364486,0.0443702714730752,0.159123275478416,0.210280373831776,0.00651980418335559,0.0768580329327993,0.0381397418780596,0.0315086782376502,0.134490431686693,44995,1.56353408338848,9.93443715968441,2.6274996487613,5.06965572457966,1.23138510808647
"L0418",0.0637480294272202,0.138498423541776,0.0573436678928008,0.0413491854965843,0.0376379400945875,0.154263005780347,0.20290331056227,0.00436810299527063,0.0862782448765108,0.0314306358381503,0.0374408828166054,0.144738570677877,30507,1.40186067619696,16.9797095748517,2.65653248587571,4.62459990855053,1.01188843164152
"L0419",0.0478608746483504,0.145117094735304,0.0581637499543312,0.0335391472726608,0.0341967776113405,0.156150670417595,0.191224288480509,0.00230170618537869,0.0884512805524095,0.0515509115487194,0.0356947133827774,0.155748785210624,27445,1.22777386816796,20.1858261978502,2.37639383155397,4.54334724153918,0.914696337505795
"L0420",0.0578607831459499,0.143949554235107,0.051214089898572,0.0413622538745857,0.0307648243536295,0.170536327224619,0.197000350065239,0.00332789292549975,0.0670488591055606,0.0659713855764029,0.028087052587073,0.142876627007761,220720,1.37881439526522,16.9626676332004,2.3016384434787,4.18334874215367,0.665952994988078
"L0421",0.0660781513695963,0.145592626249513,0.0433597299753343,0.0314812410749059,0.0366091133324679,0.177787874853953,0.209853303907568,0.00714007529533948,0.0585486174217837,0.055368038426587,0.0379073088407114,0.130273919252239,15465,1.61086198305929,17.5234400258649,2.63747312946398,4.85414680648236,0.897044804575787
"L0422",0.0629402446833609,0.152708031411142,0.0523069663981666,0.0316807657308483,0.0529810252435038,0.15284284318021,0.205335175760844,0.00621819284823565,0.0674227360048532,0.0379832159347511,0.0348993967173334,0.142681406086751,59463,1.43911657021377,11.1666078065352,2.73414538450564,5.17524868344061,1.34259801053248
"L0423",0.0618308766485648,0.133747090768037,0.065244375484872,0.0292474786656323,0.03933281613654,0.151202482544608,0.198215671062839,0.00806826997672614,0.0798293250581846,0.0528316524437549,0.0307990690457719,0.149650892164469,12944,1.32452047693105,7.88009888751545,2.62973199329983,4.42388059701493,0.819900497512438
"L0424",0.0580602105887587,0.117232685748183,0.0570220969894706,0.0298086904938455,0.0704434228088388,0.115749666320629,0.17633100993623,0.0271392555242474,0.0831973898858075,0.113376835236542,0.0318849176924218,0.119753818775026,15262,1.47244582043344,4.84864369021098,2.32425288200308,3.79682365826944,0.380065717415115
"L0425",0.0367647058823529,0.174632352941176,0.0514705882352941,0.0147058823529412,0.0533088235294118,0.191176470588235,0.242647058823529,0.0147058823529412,0.0404411764705882,0.0330882352941176,0.0294117647058824,0.117647058823529,545,2.0625,7.3394495412844,2.62062256809339,5.25806451612903,1.06451612903226
"L0426",0.056834914921466,0.165657722513089,0.0641361256544503,0.0345222513089005,0.0330906413612565,0.157517997382199,0.192122054973822,0.00384489528795812,0.0819698952879581,0.0398192081151832,0.0359538612565445,0.134530431937173,49060,1.42809364548495,12.8821850794945,2.62246513544581,5.01757350456235,1.30517066576546
"L0427",0.0390143737166324,0.172484599589322,0.0431211498973306,0.0472279260780287,0.0143737166324435,0.184804928131417,0.225872689938398,0,0.053388090349076,0.0369609856262834,0.0451745379876797,0.137577002053388,489,1.64179104477612,14.3149284253579,3.05603448275862,5.16,1.6
"L0428",0.0458366962604251,0.136938391175679,0.0677966101694915,0.0395816518697875,0.0468455743879473,0.145177562550444,0.178840462738768,0.00443906376109766,0.103510895883777,0.0154358353510896,0.0462066182405165,0.169390637610977,29794,1.0557871749057,11.0089279720749,2.40863811532029,4.65312363477501,1.05024027959808
"L0429",0.0556701030927835,0.137189767086674,0.0563955708285605,0.0405116456662848,0.0395952653684612,0.167086674303169,0.196296296296296,0.00622374952271859,0.0715158457426499,0.0490263459335624,0.0408552882779687,0.139633447880871,26248,1.40579710144928,10.4007924413289,2.42844146714634,4.54114230396902,0.816069699903195
"L0430",0.0345525370567107,0.140233722871452,0.0821065412050387,0.035867860575707,0.049628168159053,0.126397531238934,0.154575808165124,0.00361713967723984,0.127535791976527,0.0272170789700005,0.0484393180553448,0.169828502048869,39724,0.910187667560322,3.07119121941396,2.39430704619692,4.39035486806187,1.10403397027601
"L0431",0.0510510510510511,0.12012012012012,0.0660660660660661,0.036036036036036,0.048048048048048,0.177177177177177,0.168168168168168,0.003003003003003,0.114114114114114,0.027027027027027,0.03003003003003,0.159159159159159,334,1.05660377358491,8.98203592814371,2.62738853503185,4.85,1.15
"L0432",0.0493492407809111,0.144468546637744,0.0446854663774403,0.0385032537960954,0.0355748373101952,0.144034707158351,0.18177874186551,0.0323210412147505,0.0894793926247289,0.0748373101952278,0.0516268980477223,0.113340563991323,9420,1.60382775119617,10.828025477707,2.67212749359189,5.74008810572687,1.75330396475771
"L0433",0.0762442162284167,0.146439453786254,0.0510326148290261,0.0266109919873603,0.0422525674303126,0.17162848436971,0.224827897528496,0.00498815032163413,0.0619794605574992,0.0406048978670579,0.0326825414738743,0.120708723620359,44441,1.86256544502618,15.4361963052137,3.63496677740864,7.55970829535096,2.81950774840474
"L0434",0.0592265706654279,0.134711415631169,0.075368714435025,0.0358843339914063,0.0497038671466729,0.150505167808617,0.175937754035536,0.00476135175937754,0.1096272209964,0.0212518871211241,0.0379746835443038,0.14504703286494,8617,1.21297037630104,21.3531391435534,2.43262411347518,4.80344827586207,1.06896551724138
"L0435",0.0510380701229735,0.137944158986488,0.0756508894507427,0.0467516697024894,0.0350705488948699,0.15388449374258,0.195688225538972,0.00449483003923914,0.0885010285548578,0.00747627980316994,0.0458092053394231,0.157690599824194,110532,1.24096316303661,12.7745811167807,3.70409381623643,7.82872041716807,4.17408744484557
"L0436",0.0537194531165895,0.170093659166756,0.0375713209172139,0.0198083754979007,0.0340187318333513,0.179351921627732,0.234686187964259,0.00333728065453763,0.080094735708903,0.0133491226181505,0.0424157605770266,0.13155345031758,9302,1.78396072013093,22.1457751021286,2.95581315276024,4.91016949152542,1.15932203389831
"L0437",0.0537653411880216,0.138831615120275,0.0586941580756014,0.0381148748159057,0.0416494845360825,0.148826705940108,0.194305351006382,0.00748159057437408,0.085360824742268,0.0418654884634266,0.0338144329896907,0.157290132547865,51112,1.23533083645443,10.917201439975,2.53533769998926,4.12697368421053,0.811184210526316
"L0438",0.0518036955763828,0.176001312524353,0.0479276470950145,0.0300034863928139,0.0376120260043888,0.161604561022128,0.216176862656631,0.00736244129529747,0.0681692336088267,0.0392526814462378,0.0377965997415968,0.126289452636328,48953,1.71175706398181,11.4395440524585,2.92221702724529,6.06387434554974,2.0261780104712
"L0439",0.0565434701302234,0.186630852402162,0.0439291421576961,0.0239366223521812,0.0251606541770086,0.183536771956071,0.224677841623882,0.0026520689537928,0.0649756893679236,0.0271327054503417,0.0321648362857434,0.128659345142974,29452,1.74630021141649,12.3251392095613,2.59019026880377,5.69562195969423,1.51702571230021
"L0440",0.0601122382905245,0.13749190589251,0.0595726311245413,0.0359378372544787,0.0404705374487373,0.137276063026117,0.205374487373192,0.00410101446147205,0.0887114180876322,0.0616231383552774,0.0377725016188215,0.131556227066695,9436,1.5611156685808,3.70919881305638,3.62997891933873,5.67688679245283,1.70047169811321
"L0441",0.0727272727272727,0.161627906976744,0.0767441860465116,0.0279598308668076,0.0584038054968288,0.143631078224101,0.19154334038055,0.00169133192389006,0.0814746300211417,0.0120507399577167,0.0456923890063425,0.126453488372093,38095,1.51473354231975,22.9426433915212,3.67135986242846,7.71444823663254,3.49374288964733
"L0442",0.0582919114324446,0.186172616357885,0.0384093990058744,0.0153637596023498,0.0424762765476728,0.15634884771803,0.2069588793493,0.0253050158156349,0.0411206507004067,0.106642566651604,0.0185268865793041,0.104383190239494,2315,1.98268398268398,8.207343412527,2.98654708520179,6.57954545454545,1.5
"L0443",0.0485232067510548,0.126582278481013,0.0559071729957806,0.0432489451476793,0.0485232067510548,0.172995780590717,0.209915611814346,0.0147679324894515,0.0727848101265823,0.0369198312236287,0.0443037974683544,0.125527426160338,953,1.67226890756303,8.39454354669465,2.38566552901024,4.52702702702703,0.675675675675676
"L0444",0.0522104692161649,0.108218063466233,0.0496338486574451,0.0295633306211012,0.0416327637645783,0.153919175481421,0.222674260916734,0.00135611608353675,0.0960130187144019,0.0501762950908598,0.0367507458638459,0.157851912123678,7497,1.4106529209622,9.60384153661465,2.91395446291381,5.88165680473373,2.23372781065089
"L0445",0.0510945223443962,0.146292746898013,0.0582770099868859,0.0414707959245435,0.0433672954705942,0.147130031272067,0.177262180974478,0.00576011298295168,0.0871784525370725,0.0617774639362453,0.0411177242005447,0.139271663472208,99426,1.27277995074605,9.97726952708547,2.73931881222182,4.75552443199502,1.09632741985683
"L0447",0.0541308658294779,0.152379378717779,0.0512144745538665,0.0286351619299405,0.0437210839391937,0.164358889623265,0.211062458691342,0.00483311302048909,0.0738598810310641,0.0351949768671514,0.0336087243886319,0.147000991407799,121462,1.43578935536447,13.6421267556931,2.52958798207854,4.95969641455117,1.16016749542005
"L0448",0.0562864256210038,0.147399988683302,0.0587619532620381,0.0416313019860805,0.0452950828948113,0.146720986816047,0.188988853052679,0.00386182312001358,0.0748882476093476,0.062425734170769,0.0324506309059017,0.141288971878006,70875,1.33760512615138,12.4867724867725,2.86256762065943,4.51880008218615,1.02321758783645
"L0449",0.0383471074380165,0.11228650137741,0.0841873278236915,0.0480440771349862,0.0556473829201102,0.108980716253444,0.144242424242424,0.00650137741046832,0.148099173553719,0.0179614325068871,0.0588429752066116,0.176859504132231,9114,0.815576323987539,3.62080315997367,2.89117512574303,6.03825136612022,2.5327868852459
"L0450",0.0738748500445029,0.148794551294455,0.0524360512364073,0.0231802174838435,0.0600595952169034,0.143570295267211,0.211833907356526,0.00909407530668318,0.0641616036531094,0.0456638674973879,0.0298363066444797,0.137494678998491,26988,1.54066985645933,10.8937305469097,2.58771543967689,4.58637469586375,0.851094890510949
"L0451",0.0858549628277031,0.113717881831225,0.0257760532150776,0.0144450241293857,0.0333898526151037,0.149683709403939,0.208980044345898,0.0102386852745533,0.0626222772922916,0.180122603365071,0.020656710577801,0.0945121951219512,68956,2.21114369501466,4.66964441092871,3.12148528079362,5.25384234010907,0.667823500247893
"L0452",0.0568914573028389,0.150497086047309,0.0600910916303443,0.0270009958045611,0.0484026315359877,0.146089426514521,0.195798031245409,0.00777054050965604,0.0744078227794375,0.0698369165972868,0.0339716277323408,0.129242372300309,61499,1.51496779082986,8.61802630937088,2.87829944673781,5.34838296509766,1.26769132244637
"L0453",0.0532033602122239,0.143630124007832,0.0685622249826305,0.0493189043518538,0.044002779122892,0.132776806956229,0.168315893635387,0.00805314019832832,0.0993325894267006,0.0342547950396867,0.0457713118723288,0.152778070193907,95310,1.10170192241439,15.0666246983527,2.5876642938433,5.08301090397467,1.46763981709462
"L0454",0.0530531723334393,0.143787734350175,0.0687956784238958,0.0463933905306641,0.0335107509797691,0.14031882215867,0.183296260989302,0.00399851710623875,0.0842998623027222,0.0371385446456943,0.055687956784239,0.149719309395191,75841,1.22426600636717,18.8288656531428,2.706714618269,5.47574945162077,1.81598830124299
"L0455",0.0452470034902027,0.140310859673436,0.066003698280025,0.0332060004789704,0.055533090183854,0.131728651462627,0.16558243984406,0.00562201379591933,0.101792998394271,0.0600754574756687,0.0423692548083529,0.152528532112613,255447,1.08558338266711,8.76894228548388,2.88917239803021,4.92249680156218,1.30556864857585
"L0456",0.0608623401287872,0.189159915724502,0.0598534081130004,0.0225971097065195,0.0397044422683166,0.157556604053533,0.211119024303392,0.00578652185524793,0.0555060981038013,0.0517967892222321,0.0344965725985934,0.111561173922075,67861,1.89240590504056,14.4265483856707,3.00421129726266,6.48606418918919,1.91216216216216
"L0457",0.0534299105240733,0.165436727737537,0.0525777588410737,0.024005112910098,0.0348700468683426,0.163485300383468,0.211572219855134,0.0064081806561568,0.0785087345547507,0.0353642948444823,0.0297315722198551,0.144610140605028,117771,1.46305244549204,12.2101366210697,2.64680967096891,4.75060687364252,1.04752778842468
"L0458",0.0588000731054879,0.161662817551963,0.0510243075747254,0.034293119776696,0.0358050741854553,0.15260770598302,0.196603917789556,0.00815790785385548,0.0639340721418246,0.0700815790785386,0.0377324006845332,0.129297024274345,60329,1.52056026728347,19.7583251835767,2.62948742900617,4.84298155737705,1.06839139344262
"L0459",0.0529579835655275,0.146492724091342,0.0614410064453255,0.0423929655141864,0.0341978781368358,0.157943697534829,0.177323971738023,0.00363241710779862,0.098761877339476,0.0420828811269353,0.0440098341048528,0.138762763294868,45268,1.27789305666401,19.5281435009278,2.53335558628582,4.51557907113463,1.04497354497354
"L0461",0.0346685614471386,0.128134529413506,0.0798768392693253,0.037806791603754,0.0392278769576931,0.125085117091512,0.158421411019333,0.00275335287325695,0.127601622405779,0.0374515202652693,0.0500932587263523,0.178879118927081,33900,0.885633896060907,5.19174041297935,2.21977363515313,3.82175925925926,0.769547325102881
"L0462",0.0595065312046444,0.114417029511369,0.0761973875181422,0.0324141267537494,0.0537010159651669,0.133043057571359,0.183841315916788,0.00532172230285438,0.098451862602806,0.0478955007256894,0.0411223996129656,0.154088050314465,4161,1.19309262166405,5.76784426820476,2.66197890507283,6.7,2.28888888888889
"L0463",0.0598589114046615,0.146621481430251,0.0602738778615395,0.0243101182654402,0.0364824676671969,0.15194688429352,0.227401618369182,0.00352721488346359,0.0814717477003942,0.0188809737879521,0.0307766788851235,0.158448025451276,29005,1.43518114360541,8.82606447164282,2.53251459633582,2.9352983465133,0.457464653726336
"L0464",0.0549683321604504,0.12384236453202,0.0636734693877551,0.0335960591133005,0.0653835327234342,0.135897255453906,0.176805066854328,0.00534834623504574,0.0832371569317382,0.0766361717100633,0.0424630541871921,0.138149190710767,143187,1.27981254138862,7.76606814864478,2.98074815273232,4.65263853696155,1.10928720943043
"L0465",0.0372897748643275,0.137794852506582,0.0540809198860889,0.0298748052227177,0.0350599108054376,0.14185159314384,0.17803986889474,0.00263285153941218,0.101445381763473,0.101096125947021,0.0261941862339477,0.154639729192413,37356,1.15132036136206,6.26405396723418,2.49546601008888,4.00493218249075,0.533415536374846
"L0466",0.0586246896126729,0.1434306635492,0.0646511880811266,0.0452848313486669,0.0401283236365614,0.150173091910898,0.19067297409965,0.00604462327587769,0.0803110216953945,0.0379714715531147,0.0447773367407971,0.13792978449604,110799,1.38239159001314,14.8376790404246,2.57051449338398,4.78841719788417,1.1443103214431
"L0467",0.0349842570843121,0.133773135422393,0.0564246089259833,0.0334516134406184,0.0508271277924934,0.146950538924151,0.176337314874973,0.00486447765172339,0.109034267912773,0.0300531427524281,0.0441801189464741,0.179119396271678,60298,0.984468005952381,5.53915552754652,2.2475624042534,4.59186215486818,1.02781814407307
"L0468",0.0749797984093905,0.158380470378089,0.0723854888784927,0.0227959001403479,0.0426572534342704,0.157317228767065,0.198911240590312,0.00693233530387445,0.0852294475396589,0.0106324161102369,0.0314719516863012,0.138306468761961,23561,1.43819188191882,20.7546368999618,2.67545804116716,5.02815934065934,1.17925824175824
"L0469",0.0311096856959589,0.147851186658114,0.0484284797947402,0.0275817831943554,0.0487491982039769,0.156189865298268,0.201731879409878,0.00801796023091726,0.0849903784477229,0.0516356638871071,0.0352790250160359,0.158434894162925,3120,1.27327935222672,4.16666666666667,2.66858108108108,5.5,1.5125
"L0470",0.057002457002457,0.156756756756757,0.0476658476658477,0.0226044226044226,0.0599508599508599,0.171498771498771,0.211302211302211,0.00687960687960688,0.0668304668304668,0.0196560196560197,0.030958230958231,0.148894348894349,2035,1.41914191419142,11.7936117936118,2.45502092050209,4.96850393700787,1.03937007874016
"L0473",0.0589604344453064,0.138867339022498,0.0605120248254461,0.0442203258339798,0.0310318076027929,0.162916989914663,0.199379363847944,0.021722265321955,0.0636152055857254,0.0418929402637704,0.034910783553142,0.141970519782777,1294,1.40437158469945,1.54559505409583,2.43039049235993,4.23076923076923,0.709401709401709
"L0474",0.0676328502415459,0.120772946859903,0.0434782608695652,0.0338164251207729,0.0531400966183575,0.135265700483092,0.193236714975845,0,0.0772946859903382,0.0821256038647343,0.0676328502415459,0.1256038647343,208,1.53846153846154,24.0384615384615,2.82323232323232,5.6,2.1
"L0475",0.0467289719626168,0.182242990654206,0.0514018691588785,0.0233644859813084,0.0514018691588785,0.177570093457944,0.219626168224299,0,0.0700934579439252,0.0233644859813084,0.0186915887850467,0.135514018691589,214,1.62068965517241,0,2.60975609756098,6.11111111111111,1.66666666666667
"L0476",0.0334029227557411,0.139874739039666,0.0334029227557411,0.0167014613778706,0.058455114822547,0.160751565762004,0.231732776617954,0.00208768267223382,0.0605427974947808,0.0688935281837161,0.0334029227557411,0.160751565762004,479,1.44155844155844,16.7014613778706,2.33481152993348,4.475,0.925
"L0477",0.0131578947368421,0.153508771929825,0.0350877192982456,0.0263157894736842,0.0307017543859649,0.206140350877193,0.236842105263158,0.0131578947368421,0.0482456140350877,0.0307017543859649,0.0526315789473684,0.153508771929825,228,1.54285714285714,0,2.83644859813084,4.92857142857143,1.21428571428571
"L0478",0.0462046204620462,0.145214521452145,0.0462046204620462,0.0429042904290429,0.0297029702970297,0.181518151815182,0.194719471947195,0.0033003300330033,0.0792079207920792,0.0066006600660066,0.0462046204620462,0.178217821782178,304,1.09259259259259,3.28947368421053,2.51034482758621,6.57142857142857,2.78571428571429
"L0479",0.05,0.0875,0.11875,0.025,0.04375,0.1625,0.20625,0.00625,0.075,0.025,0.0375,0.1625,161,1.26923076923077,6.2111801242236,2.75342465753425,4.53333333333333,0.666666666666667
"L0480",0.0589941972920696,0.147485493230174,0.0440038684719536,0.0203094777562863,0.0459381044487427,0.16972920696325,0.197775628626692,0.0106382978723404,0.0657640232108317,0.0841392649903288,0.0241779497098646,0.131044487427466,2081,1.50922509225092,7.68861124459394,2.62022703818369,4.60839160839161,0.804195804195804
"L0481",0.0493579454253612,0.133627608346709,0.0670144462279294,0.0284911717495987,0.0581861958266453,0.153691813804173,0.193418940609952,0.007223113964687,0.0963081861958267,0.0152487961476726,0.0264847512038523,0.170947030497592,2498,1.13145539906103,10.808646917534,2.553264604811,4.71764705882353,1.12941176470588
"L0482",0.0396393256958662,0.117306268240624,0.0708716295683234,0.042775623992682,0.056148451452716,0.121487999303045,0.167007884305441,0.00226510432547807,0.102060373742214,0.0514875637060592,0.0509648473232565,0.177984928344296,23005,0.938325991189427,2.30384698978483,2.54195705405914,4.49014084507042,1.09802816901408
"L0483",0.0622347949080622,0.121640735502122,0.057991513437058,0.0275813295615276,0.0431400282885431,0.162659123055163,0.2001414427157,0.00636492220650637,0.074964639321075,0.0381895332390382,0.0417256011315417,0.163366336633663,1418,1.22510822510823,6.34696755994358,2.33642691415313,4.224,0.944
"L0484",0.0562770562770563,0.147186147186147,0.0497835497835498,0.0367965367965368,0.0562770562770563,0.108225108225108,0.158008658008658,0.00865800865800866,0.101731601731602,0.0606060606060606,0.0627705627705628,0.153679653679654,465,1.02816901408451,6.45161290322581,3.02914798206278,6.57894736842105,2.84210526315789
"L0485",0.0551466326648893,0.146400834589081,0.0668685522197751,0.04364205401646,0.0428741161469804,0.137156601367799,0.178451373594529,0.00308624087168193,0.0891822186159731,0.0472788918511649,0.0419612843398632,0.147951199721804,69381,1.20615023014396,12.1214741788098,2.52855880026675,4.66124109867752,1.14811800610376
"L0486",0.0506528985688864,0.134138700218051,0.0644251735632472,0.042670242361964,0.0389483445700394,0.127534524674804,0.167385147497431,0.00532594801874734,0.0846261811072959,0.0835860547883406,0.0398631544650242,0.16084363016617,79973,1.04067004285158,6.32713540820027,2.3400890314375,4.07422895974909,0.791688447464715
"L0487",0.0451713990904574,0.143998165628463,0.070011846982841,0.0324072304811404,0.0398593648488554,0.15091527496465,0.181488133909122,0.00489165743111553,0.0846103871288264,0.0451713990904574,0.0389039630068407,0.16257117743723,26265,1.1163610719323,8.18579859128117,2.38709677419355,4.39489844119036,0.974964572508266
"L0488",0.0399779432037497,0.122415219189413,0.0631375792666115,0.0347394540942928,0.051006341328922,0.148883374689826,0.17921146953405,0.00716845878136201,0.113316790736146,0.0118555279845602,0.0399779432037497,0.188309897987317,3657,0.951683748169839,3.5548263604047,2.51098574821853,4.45172413793103,1.08275862068966
"L0489",0.0496592015579357,0.125121713729309,0.0443037974683544,0.0292112950340798,0.057935735150925,0.155306718597858,0.189386562804284,0.00340798442064265,0.103213242453749,0.0248296007789679,0.0462512171372931,0.171372930866602,2055,1.10511363636364,3.40632603406326,2.47812660833762,5.32142857142857,1.45535714285714
"L0490",0.04067617538299,0.172741679873217,0.0538827258320127,0.0285261489698891,0.0660327522451136,0.160063391442155,0.198098256735341,0.00369783412572636,0.0681458003169572,0.0301109350237718,0.0401479133650291,0.137876386687797,1896,1.4367816091954,8.43881856540084,2.90894039735099,5.86904761904762,1.8452380952381
"L0491",0.0857142857142857,0.114285714285714,0.121428571428571,0.0714285714285714,0.0571428571428571,0.171428571428571,0.121428571428571,0.00714285714285714,0.0428571428571429,0.0642857142857143,0.0285714285714286,0.114285714285714,142,1.0625,0,2.29365079365079,3.6875,0.4375
"L0492",0.0522720433343364,0.130935901294011,0.060637977730966,0.0316581402347277,0.0417995786939512,0.148751128498345,0.191303039422209,0.00508576587421005,0.0789948841408366,0.0628046945531147,0.0316882335239242,0.164068612699368,33443,1.16599413059428,5.4121938821278,2.21847807827986,3.83772764338135,0.593911388964393
"L0493",0.0523942452222461,0.133884474983895,0.0656001717844106,0.0359673609619927,0.0391883186600816,0.16523512991196,0.207107579987116,0.00450934077732446,0.0686063989692935,0.0617350225467039,0.0244792785054756,0.1412926776895,9339,1.46580547112462,6.4246707356248,2.32386634844869,3.80749219562955,0.555671175858481
"L0494",0.0495114006514658,0.14071661237785,0.0677524429967427,0.0267100977198697,0.0449511400651466,0.144625407166124,0.198697068403909,0.00651465798045603,0.104885993485342,0.0136807817589577,0.0377850162866449,0.164169381107492,1536,1.21031746031746,5.20833333333333,2.36498936924167,4.296,0.88
"L0495",0.0503296013393324,0.137246695266995,0.0629904781835304,0.0415751107390743,0.0425865857486659,0.138746468557079,0.182274772418123,0.00669666213246835,0.0861148896097102,0.0572355341634404,0.0410170555613686,0.153186146280213,28851,1.18989071038251,9.63571453329174,2.46494354203399,4.49772105742935,1.06289881494986
"L0499",0.032051282051282,0.151709401709402,0.047008547008547,0.0235042735042735,0.047008547008547,0.177350427350427,0.196581196581197,0.0106837606837607,0.0705128205128205,0.0854700854700855,0.014957264957265,0.143162393162393,470,1.37313432835821,0,2.32701421800948,3.62264150943396,0.471698113207547
"L0500",0.0462724935732648,0.133161953727506,0.0658097686375321,0.0365038560411311,0.029305912596401,0.146015424164524,0.193830334190231,0.00308483290488432,0.0987146529562982,0.0426735218508997,0.0313624678663239,0.173264781491003,1952,1.1186943620178,8.19672131147541,2.35217637083098,4.12021857923497,0.814207650273224
"L0501",0.0728232189973615,0.16688654353562,0.0447229551451187,0.0245382585751979,0.0473614775725594,0.170184696569921,0.224538258575198,0.00316622691292876,0.0506596306068602,0.0486807387862797,0.0266490765171504,0.119788918205805,7587,1.87444933920705,14.630288651641,2.62522522522523,5.55376344086022,1.25537634408602
"L0502",0.0728232189973615,0.16688654353562,0.0447229551451187,0.0245382585751979,0.0473614775725594,0.170184696569921,0.224538258575198,0.00316622691292876,0.0506596306068602,0.0486807387862797,0.0266490765171504,0.119788918205805,7587,1.87444933920705,14.630288651641,2.62522522522523,5.55376344086022,1.25537634408602
"L0503",0.0685714285714286,0.117142857142857,0.0428571428571429,0.0285714285714286,0.0428571428571429,0.182857142857143,0.228571428571429,0.00571428571428571,0.0914285714285714,0.00571428571428571,0.0142857142857143,0.171428571428571,350,1.33333333333333,2.85714285714286,2.41818181818182,4.95652173913043,0.782608695652174
"L0504",0.044562551103843,0.172935404742437,0.0408830744071954,0.0314799672935405,0.0318887980376124,0.171300081766149,0.208094848732625,0.00490596892886345,0.0662305805396566,0.053147996729354,0.0408830744071954,0.133687653311529,2449,1.5565749235474,15.9248672927726,2.45333333333333,5.65891472868217,1.62015503875969
"L0505",0.0518515933822173,0.11633459780371,0.0663024460273863,0.0280941723036125,0.0627532887030123,0.129384729650916,0.17664036368893,0.00820493392685346,0.0895663747252145,0.0605300806037555,0.0601761618256227,0.150161257358769,203793,1.17633780374452,7.41929310624016,2.86138094923086,7.05861051502146,2.62271995708155
"L0506",0.0554646733614338,0.154584641837917,0.0618529618971426,0.0313085841880903,0.0476434976775287,0.148554575089257,0.1865738474214,0.0034986327868461,0.0956213356896366,0.0248725327474417,0.0398820256247985,0.150142691678508,83910,1.24264355018292,12.8470980812776,2.52555372737628,5.21179351152826,1.42889206284432
"L0507",0.0547551373778954,0.150337046838076,0.0555065503610049,0.0293486665142061,0.046827185903928,0.155292016509306,0.204732812789267,0.0069478475829549,0.0870332255219053,0.0251233297396191,0.032833480348917,0.151262700512921,92046,1.35349172066235,9.52784477326554,2.57328740020018,4.81096069156744,1.09704778992008
"L0509",0.0563029020556227,0.134597944377267,0.0612152357920193,0.0421704957678355,0.0562273276904474,0.150392986698912,0.193470374848851,0.00506348246674728,0.0835852478839178,0.0241837968561064,0.0433041112454655,0.149486094316808,13278,1.29423660262892,5.12125320078325,2.38774845226458,4.58624127617149,1.01794616151545
"L0511",0.0612923864363404,0.150735764555342,0.0680742162507997,0.0304542546385157,0.0445297504798464,0.148688419705694,0.202431222008957,0.00678182981445937,0.0788227767114523,0.0442738323736404,0.0307101727447217,0.13320537428023,7828,1.51969260326609,4.47112927950945,2.50719225449516,4.45909849749583,0.801335559265442
"L0512",0.0647163120567376,0.157358156028369,0.0527482269503546,0.038563829787234,0.0438829787234043,0.152925531914894,0.213652482269504,0.00664893617021277,0.0713652482269504,0.0186170212765957,0.0447695035460993,0.134751773049645,2261,1.58552631578947,10.172490048651,2.50140712945591,5.27906976744186,1.37984496124031
"L0513",0.0229357798165138,0.13302752293578,0.0458715596330275,0.036697247706422,0.0458715596330275,0.165137614678899,0.220183486238532,0.00917431192660551,0.073394495412844,0.0229357798165138,0.0458715596330275,0.178899082568807,220,1.23076923076923,0,2.61352657004831,5,1.76923076923077
"L0514",0.0527405081358835,0.124916738034066,0.0717242363688267,0.0385383956608621,0.0408221524407651,0.131363593110667,0.165572366542963,0.00375868303359026,0.0999381482538776,0.0437957940812637,0.0477685793129698,0.179060805024265,42097,0.924671183738541,8.31413164833599,2.30328699493309,4.3783185840708,1.07079646017699
"L0515",0.0679484253765404,0.180853491556367,0.0640118667275217,0.0209949794614331,0.0375399361022364,0.164707895937928,0.218621633957097,0.00154039251483341,0.0668644454586947,0.0199680511182109,0.0401072569602921,0.116841624828845,17543,1.87109375,11.0015390754147,2.95187260395164,6.87585034013605,2.35034013605442
"L0516",0.047818718661006,0.149081887590195,0.0581442074182784,0.0333525516711218,0.044935967992732,0.149833149885564,0.182591680206859,0.00559078917483446,0.0799657564163041,0.0573754739067386,0.0428219508359977,0.148487866240369,57332,1.22967407930345,4.79662317728319,2.59157922203791,4.88774123403099,1.29219896711063
"L0517",0.0486661277283751,0.136135812449475,0.0573969280517381,0.0257073565076799,0.0379951495553759,0.149878738884398,0.219240097008892,0.00582053354890865,0.092805173807599,0.0465642683912692,0.0405820533548909,0.139207760711399,6206,1.57491289198606,3.86722526587174,2.43884635926651,4.14431239388795,0.67741935483871
"L0518",0.0530934062440389,0.138996629999364,0.0535385006676416,0.0366249125707382,0.0405671774655052,0.149043046989254,0.195905131302855,0.00610415209512304,0.0711515228587779,0.0578622750683538,0.0419024607363133,0.155210784002035,15868,1.2621876280213,10.0201663725737,2.34371299198885,4.09902280130293,0.785667752442997
"L0519",0.068007662835249,0.124521072796935,0.0545977011494253,0.0574712643678161,0.0613026819923372,0.176245210727969,0.207854406130268,0,0.0584291187739464,0.00766283524904215,0.0354406130268199,0.148467432950192,1045,1.4,5.74162679425837,2.52459016393443,4.92753623188406,1.11594202898551
"L0522",0.058742415885273,0.134583563154992,0.0562603419746277,0.0336458907887479,0.0430226144511859,0.176778819635962,0.178433535576393,0.00275785990071704,0.0683949255377827,0.0672917815774959,0.0300606729178158,0.150027578599007,3639,1.18933823529412,3.84721077219016,2.3973863973864,4.58455882352941,0.863970588235294
"L0523",0.0624491949629925,0.14831505540423,0.0571012963306285,0.0321159139202236,0.0562313714864306,0.14986951127337,0.201280643459163,0.00581851371201209,0.076239642902982,0.0374210293635288,0.0336561087263445,0.139501718458094,70309,1.44285422204048,12.1606053279097,2.64722339846349,5.0152635344622,1.12425471023134
"L0524",0.0468927839745049,0.152970635101298,0.045526974732529,0.0330070566810835,0.0425677213749146,0.151832460732984,0.202139767812429,0.0127475529251081,0.0785340314136126,0.0459822444798543,0.0359663100386979,0.151832460732984,4397,1.33133433283358,10.6891062087787,2.43115234375,4.64569536423841,1.06291390728477
"L0525",0.0600193610842207,0.111326234269119,0.0619554695062924,0.0396902226524685,0.05324298160697,0.174249757986447,0.200387221684414,0,0.0687318489835431,0.0522749273959342,0.0193610842207164,0.158760890609874,1035,1.26219512195122,3.86473429951691,2.19404630650496,3.45038167938931,0.389312977099237
"L0529",0.0498523225633223,0.136937259464781,0.0619946895790447,0.0318028580804917,0.0500014916912796,0.142904024583072,0.188997285121871,0.00456457531549271,0.089322473820818,0.0494048151794505,0.0346370715116799,0.159581133088696,33593,1.18433352028417,10.8058226416218,2.44936105909793,4.13350205631129,0.737108509965201
"L0530",0.0607985480943739,0.152450090744102,0.0716878402903811,0.0344827586206897,0.0326678765880218,0.148820326678766,0.186025408348457,0.00272232304900181,0.104355716878403,0.00998185117967332,0.0417422867513612,0.15426497277677,1104,1.20588235294118,12.6811594202899,2.67575462512171,4.64935064935065,1.16883116883117
"L0531",0.0341862845445241,0.126816786079836,0.0560900716479017,0.0321392016376663,0.0631525076765609,0.147697031729785,0.174206755373593,0.00388945752302968,0.0973387922210849,0.0447287615148413,0.0348004094165814,0.184953940634596,9790,0.941892639734366,3.06435137895812,2.3055617352614,4.43071161048689,0.853932584269663
"L0532",0.0557194265825025,0.130611763317798,0.0620907321102,0.035425638605392,0.0469588814819185,0.145920594655183,0.196596071028258,0.00802312547932275,0.0717066839714471,0.0676656244469353,0.0303226948262639,0.148958763494779,33974,1.31980198019802,7.41743686348384,2.46268084698668,4.42733758918513,0.770184003004131
"L0534",0.037344398340249,0.0912863070539419,0.037344398340249,0.012448132780083,0.0539419087136929,0.195020746887967,0.244813278008299,0,0.0746887966804979,0.0912863070539419,0.024896265560166,0.136929460580913,243,1.78787878787879,16.4609053497942,2.75229357798165,3.48,0.32
"L0535",0.0509841884478864,0.156502097450791,0.0613101000322685,0.0309777347531462,0.0432397547595999,0.145208131655373,0.183607615359793,0.00484027105517909,0.08486608583414,0.0493707647628267,0.0332365279122298,0.155856727976767,3104,1.17805383022774,5.47680412371134,2.40770298403886,4.7027027027027,1.11261261261261
"L0536",0.0441361916771753,0.128625472887768,0.0586380832282472,0.0258511979823455,0.0611601513240857,0.165195460277427,0.201134930643127,0.00756620428751576,0.0725094577553594,0.0302648171500631,0.0390920554854981,0.165825977301387,1589,1.21292775665399,1.88797986154814,2.55179282868526,5.54216867469879,1.51807228915663
"L0537",0.053405572755418,0.123065015479876,0.0557275541795666,0.0309597523219814,0.0441176470588235,0.164860681114551,0.196594427244582,0.0147058823529412,0.0835913312693498,0.0239938080495356,0.0479876160990712,0.160990712074303,1294,1.22115384615385,12.3647604327666,2.69349593495935,5.75,1.75
"L0538",0.0578631571968441,0.136320692169993,0.0764768282171982,0.0408738314658888,0.0484154345952397,0.13639527945369,0.169155671948551,0.00452496187761055,0.0926456938274879,0.0544570045746867,0.0348571239143406,0.14801432075847,120887,1.14283314669653,8.30527682877398,2.41589199160819,4.22458284827319,0.752231276678308
"L0540",0.0587568651381745,0.139482172434836,0.0579722779182286,0.0309476070089792,0.0573620434138262,0.157614854851364,0.196495510417575,0.0031383488797838,0.0845610670386191,0.0273733763403365,0.0319065469444687,0.154389329613809,11511,1.27272727272727,4.51741812179654,2.46301164100638,4.60419091967404,0.918509895227008
"L0541",0.0701295749033871,0.145260286428734,0.0471698113207547,0.0296658331438963,0.0534212320982041,0.17617640372812,0.219027051602637,0.00386451466242328,0.0777449420322801,0.00466015003409866,0.0342123209820414,0.138667879063424,8815,1.57950819672131,5.33182076006807,2.50072463768116,5.03738317757009,1.11775700934579
"L0543",0.0615711252653928,0.141188959660297,0.0615711252653928,0.0286624203821656,0.0562632696390658,0.177282377919321,0.208067940552017,0.00530785562632696,0.0626326963906582,0.0233545647558386,0.0329087048832272,0.141188959660297,945,1.47368421052632,10.5820105820106,2.40804597701149,4.46666666666667,0.813333333333333
"L0544",0.0577557755775578,0.170549407881965,0.0604413382514722,0.0279880929269398,0.0421924545395716,0.15951595159516,0.205558791173235,0.00721542742509545,0.0690804374555103,0.0281175176341164,0.0395068918656572,0.13207791367372,30963,1.55634492895639,15.728450085586,2.71419407117294,6.05497771173848,1.81054977711738
"L0545",0.0525183276202867,0.14146671003578,0.069332199064228,0.039432531838767,0.0492656441564291,0.13683789126029,0.179748292341181,0.00472890134360848,0.083093552180549,0.0498160982810819,0.0422848850301499,0.151474966847649,40084,1.18665345226297,8.73166350663606,2.50342567768841,4.37295597484277,0.976415094339623
"L0546",0.0505276312135518,0.125354068314357,0.0756734240488753,0.0513746181616218,0.0379755623437934,0.129075256873091,0.161621771730075,0.00409608442099417,0.0911552346570397,0.0651763399055818,0.0385865037489586,0.169383504582061,72322,0.954176571850152,11.448798429247,2.18495366391098,3.76113167004894,0.577891846723171
"L0547",0.0503947126858821,0.15687534422618,0.0622360932623462,0.028823205434184,0.0488342206719295,0.15476409032495,0.19285845419497,0.00477326968973747,0.0737102992472921,0.0483752524325317,0.0397466495318524,0.138608408298146,10909,1.39139072847682,4.67503895865799,2.63198666405177,4.73558368495077,1.10126582278481
"L0548",0.0597864768683274,0.135332994407728,0.0645653279105236,0.042755465175394,0.0477885104219624,0.153126588713777,0.19069649211998,0.0189628876461617,0.0751398068124047,0.039196746314184,0.0346212506354855,0.138027452974072,19886,1.38158379373849,9.05159408629186,2.51056511056511,4.2887323943662,0.749413145539906
"L0549",0.0558172031880758,0.126591450160439,0.0680053824655833,0.0437325328640927,0.0387641030949177,0.141729634613394,0.180053824655833,0.00843597971224511,0.0915536693924024,0.0516768450470966,0.0357882206810889,0.157851154124832,38768,1.14065573770492,6.2938505984317,2.32104783079642,4.07998915401302,0.758947939262473
"L0550",0.0548356002998822,0.127266329044202,0.0803102862650897,0.0426414112823024,0.0473385455713827,0.135650790250769,0.171070548815006,0.0057834422191282,0.0985939197356141,0.0377912758763139,0.042840312734283,0.155877537906027,65526,1.09746760895171,7.82895339254647,2.37691249496712,4.13381707728653,0.745865676679041
"L0551",0.0607688166780855,0.12465743368895,0.06451257707742,0.0371562102378389,0.0524615836351179,0.129759224821376,0.174133796613487,0.00314426935499657,0.0931046295390036,0.0459161201918371,0.0445825584809631,0.169802779680924,81901,1.0255061603862,9.97545817511386,2.47877876569038,4.94750414440965,1.36268189353472
"L0553",0.0583926453143535,0.166444246737841,0.0511269276393832,0.02858837485172,0.0363879003558719,0.159949584816133,0.205664294187426,0.00556049822064057,0.0788404507710558,0.041785290628707,0.0303825622775801,0.136877224199288,67685,1.50254576968909,14.670901972372,2.45522149368303,4.55605120248254,0.883048875096974
"L0554",0.0584679937061365,0.138415045330802,0.0691325957191738,0.0452059242238817,0.0482779290192063,0.133969379854642,0.178475985913734,0.00846674492369939,0.0905367266914758,0.040235770124129,0.0456305102525038,0.143185394240615,40171,1.24646781789639,11.3016852953623,2.48635818109081,4.86525082387404,1.21127792017576
"L0555",0.0812033829541554,0.160097369160191,0.0450332365883344,0.0185375901132853,0.0431607527385076,0.176013481883719,0.225166182941672,0.00646006928190244,0.0646319008831882,0.0403208188996037,0.0280872577474019,0.111287956808039,32150,2.02327537857543,5.06998444790047,2.88896239208812,4.88547631441957,0.899010931806351
"L0556",0.0514789998365746,0.150514789998366,0.0625919267854225,0.0326850792613172,0.0473933649289099,0.140055564634744,0.17519202484066,0.00326850792613172,0.0871057362314104,0.0531132537996405,0.0402026474914202,0.156398104265403,6127,1.12016718913271,4.08030031010282,2.58912016792024,4.7323600973236,1.24817518248175
"L0557",0.0414043740671036,0.163930170679473,0.0394574599260173,0.0257641638003764,0.0346550717113375,0.161788565124278,0.200207670841716,0.00421831397235382,0.0640534752417418,0.0830683366863521,0.0310857291193458,0.150366668829905,15803,1.3314630988347,5.44200468265519,2.34877328018693,4.551261829653,0.926656151419558
"L0558",0.0482350822427662,0.149357665986313,0.0565494056909593,0.0298655300756393,0.0349081522391644,0.149837915716172,0.177452275183095,0.00714371473166046,0.0848841397526714,0.0816424540761196,0.0390202905510866,0.141103373754352,33525,1.25760476494363,9.78374347501864,2.52887809864554,4.89650537634409,1.17562724014337
"L0559",0.0500675297744915,0.140912129438889,0.0684028867273298,0.0371072700236013,0.0566977258154732,0.137610673797083,0.18077515995689,0.00613907040831639,0.0937094991882785,0.0348972046766074,0.0367798529351578,0.156900997257882,73593,1.15216068167985,10.3406573994809,2.51437469700754,4.47765514745793,0.948434955672155
"L0560",0.0518643505200266,0.162840230139411,0.044838459836247,0.0198052666519141,0.037121044478867,0.167763885815446,0.218909050674928,0.00638968798406727,0.0588349192299181,0.0760123921221509,0.0191414029652578,0.136479309581766,36224,1.60397243615728,15.43175795053,2.50218392512257,4.61892097264438,0.889817629179331
"L0561",0.0403439153439153,0.126322751322751,0.0539021164021164,0.0248015873015873,0.0512566137566138,0.15542328042328,0.197089947089947,0.00363756613756614,0.0975529100529101,0.0486111111111111,0.0277777777777778,0.173280423280423,3028,1.13740458015267,1.65125495376486,2.35535714285714,4.49372384937239,0.799163179916318
"L0564",0.047741935483871,0.1476866359447,0.055926267281106,0.0286082949308756,0.0391520737327189,0.154175115207373,0.207760368663594,0.0109493087557604,0.0753364055299539,0.0670783410138249,0.0271520737327189,0.138433179723502,54589,1.50079893475366,8.9212112330323,2.51414698477401,4.24868189806678,0.711994727592267
"L0565",0.047741935483871,0.1476866359447,0.055926267281106,0.0286082949308756,0.0391520737327189,0.154175115207373,0.207760368663594,0.0109493087557604,0.0753364055299539,0.0670783410138249,0.0271520737327189,0.138433179723502,54589,1.50079893475366,8.9212112330323,2.51414698477401,4.24868189806678,0.711994727592267
"L0566",0.0560344827586207,0.142241379310345,0.0640394088669951,0.0338669950738916,0.0467980295566502,0.140394088669951,0.182881773399015,0.00862068965517241,0.0929802955665025,0.0116995073891626,0.0603448275862069,0.160098522167488,1633,1.14230769230769,11.6350275566442,2.65649350649351,5.4468085106383,1.75531914893617
"L0567",0.0560344827586207,0.142241379310345,0.0640394088669951,0.0338669950738916,0.0467980295566502,0.140394088669951,0.182881773399015,0.00862068965517241,0.0929802955665025,0.0116995073891626,0.0603448275862069,0.160098522167488,1633,1.14230769230769,11.6350275566442,2.65649350649351,5.4468085106383,1.75531914893617
"L0568",0.0399646922749133,0.128264442685822,0.0762464235709503,0.0405734461557192,0.0404212576855177,0.122724782370488,0.163389541608328,0.00575272417361661,0.10768856151458,0.0563097339745541,0.0464783587995374,0.172186035185974,32967,0.94891285133463,6.12733946067279,2.2613087545065,3.86659192825112,0.747477578475336
"L0569",0.0505202603452832,0.157129072504563,0.0420080266982982,0.0285666873582575,0.0325124303195314,0.168394721800537,0.204564032278882,0.00539005697357827,0.0681593293466169,0.0644717191024357,0.02977130670469,0.148512356567327,162941,1.37742095679523,15.6805223976777,2.39538321809057,4.64250928600908,0.997606273215023
"L0571",0.0546000706797031,0.138281894216044,0.0747879608905643,0.0417599246083166,0.0429231947225822,0.133982212274708,0.175403463305454,0.00472670514783838,0.0870391094357404,0.055159618329603,0.0368565202026152,0.15447932618683,68204,1.1354494328472,10.4979180106739,2.49000482082597,4.15429622199933,0.83884988298228
"L0572",0.0433405287208096,0.138543915225253,0.061702783773934,0.0391634661209386,0.0378458691934625,0.131395251044266,0.164979955706316,0.00367245101062488,0.110145496341566,0.0555913767486193,0.0516946539205517,0.161924252193659,35738,1.01887119113573,8.75818456544854,2.50734603616976,4.54895489548955,1.17601760176018
"L0573",0.0982142857142857,0.142857142857143,0.0223214285714286,0.0133928571428571,0.0714285714285714,0.205357142857143,0.285714285714286,0.00892857142857143,0.0223214285714286,0.0625,0.00446428571428571,0.0625,225,4.57142857142857,4.44444444444444,2.40975609756098,4.15,0.05
"L0574",0.0493741651412457,0.132315836342948,0.0773017365062089,0.0415821501014199,0.048854697471924,0.128951664770197,0.164819670509078,0.0054420422500371,0.111438183347351,0.0264433780240439,0.0514025627071687,0.162073912828378,40536,1.01694139194139,7.35149003355042,2.50651614287247,4.41028008618036,1.10464758387196
"L0575",0.0695652173913043,0.139130434782609,0.0666666666666667,0.0318840579710145,0.0405797101449275,0.159420289855072,0.217391304347826,0.00289855072463768,0.063768115942029,0.0405797101449275,0.0376811594202899,0.130434782608696,345,1.66666666666667,14.4927536231884,2.38557993730408,4.42857142857143,0.857142857142857
"L0576",0.0495253207110776,0.149792916117581,0.0635639942984697,0.0317013151171234,0.0367237716160611,0.144501519511605,0.184405507893392,0.00321383427910604,0.0898058252427184,0.0539964499905871,0.034538633246376,0.158230911975903,149427,1.1654202430526,8.064138341799,2.34992899079076,4.28136145138781,0.844316948364087
"L0577",0.0434782608695652,0.130434782608696,0.0434782608695652,0.0579710144927536,0.0289855072463768,0.0579710144927536,0.101449275362319,0,0.130434782608696,0.101449275362319,0.072463768115942,0.231884057971014,69,0.4375,0,2.53846153846154,5.75,2.5
"L0578",0.0651080495417586,0.150136180195225,0.0697600445319179,0.0267787916741218,0.040695016003658,0.152382656408421,0.204051609311942,0.00926422933937695,0.0765591141329198,0.0297210791037952,0.0302777280769766,0.145265501679887,50472,1.40468044341043,10.540497701696,2.54362185811101,4.43855546895298,0.890101325019486
"L0580",0.0572139303482587,0.151741293532338,0.0621890547263682,0.0348258706467662,0.0373134328358209,0.161691542288557,0.218905472636816,0.00995024875621891,0.0597014925373134,0.0646766169154229,0.0323383084577114,0.109452736318408,402,2,12.4378109452736,2.61052631578947,5.13636363636364,1.04545454545455
"L0581",0.0791607057701478,0.158321411540296,0.0462565569861707,0.0219360991893181,0.028135431568908,0.193609918931807,0.232713400095374,0.00238435860753457,0.0572246065808298,0.0233667143538388,0.0343347639484979,0.122556032427277,2099,1.8988326848249,13.8161029061458,2.66319444444444,6.34523809523809,2.01190476190476
"L0582",0.0420175865989188,0.136354144915431,0.0774227976149045,0.0386301941950303,0.05287580334563,0.129625762743324,0.171805758567087,0.00343379503955825,0.115612166771073,0.0190714832602492,0.0492099951277233,0.163940511821071,43213,1.04797622417209,7.65973202508504,2.49175545721985,5.01444170482564,1.2388164846777
"L0583",0.0624793023512529,0.169076792876329,0.0479817492732826,0.0257018802664017,0.0476689848033263,0.156087868418148,0.206387754351106,0.00621849357912941,0.0675387276005446,0.0517901166427494,0.0324171174154616,0.126651212422269,54570,1.62957582800697,9.58402052409749,2.69785847299814,5.22998014559894,1.32230311052283
"L0584",0.0624793023512529,0.169076792876329,0.0479817492732826,0.0257018802664017,0.0476689848033263,0.156087868418148,0.206387754351106,0.00621849357912941,0.0675387276005446,0.0517901166427494,0.0324171174154616,0.126651212422269,54570,1.62957582800697,9.58402052409749,2.69785847299814,5.22998014559894,1.32230311052283
"L0586",0.0420988716288013,0.122349845671204,0.0602978630100019,0.0361449847357857,0.0522693922987401,0.134780482045573,0.16557877515222,0.00392990268009243,0.111976926579973,0.0316078867918164,0.0737067584206176,0.165258310985174,59357,1.00193917125944,7.88449551021783,2.8673342770758,6.54189189189189,2.96891891891892
"L0587",0.0519616695307721,0.145865493839746,0.0464858882125069,0.0290099903882562,0.0348061631666327,0.17120554568491,0.217749686890164,0.00888358139399412,0.0672530801269915,0.0461363702560219,0.0276410450586899,0.153001485451315,34439,1.42318675042833,8.39164900258428,2.30614801490428,4.11124546553809,0.689842805320435
"L0588",0.0493770189201661,0.132990528929615,0.074252312830993,0.043597688267739,0.0452018370800097,0.145911617992836,0.17634649614345,0.0022414134089261,0.0892170435317644,0.040103720306766,0.0402355681543499,0.160524754433384,45635,1.09856262833676,18.5384025419086,2.35508674131385,4.23882820258193,0.891261171797418
"L0590",0.0625047152018106,0.147868728781592,0.0631837042625424,0.0400603545831762,0.0480573368540173,0.154205960015089,0.191022255752546,0.0033195020746888,0.0764994341757827,0.0346661637118069,0.0394568087514146,0.139155035835534,26565,1.37272973705611,18.4829663090533,2.59569580461855,4.79806046776954,1.09355390758699
"L0591",0.0625047152018106,0.147868728781592,0.0631837042625424,0.0400603545831762,0.0480573368540173,0.154205960015089,0.191022255752546,0.0033195020746888,0.0764994341757827,0.0346661637118069,0.0394568087514146,0.139155035835534,26565,1.37272973705611,18.4829663090533,2.59569580461855,4.79806046776954,1.09355390758699
"L0592",0.0707104557640751,0.162868632707775,0.0510221179624665,0.0284014745308311,0.0406333780160858,0.162114611260054,0.204088471849866,0.00628351206434316,0.0666890080428954,0.0408847184986595,0.033093163538874,0.133210455764075,11968,1.53207547169811,12.1156417112299,2.62458208692592,5.48338870431894,1.45514950166113
"L0593",0.0524661319372196,0.13779910729268,0.0614491391750847,0.0383707532078173,0.0398026646977884,0.140618183038561,0.190198118378808,0.00524661319372196,0.0867872604624627,0.0563255808750322,0.0326766676734794,0.158259780067345,89902,1.20180957093377,9.37687704389224,2.30155009920635,3.92864853195164,0.637845423143351
"L0594",0.0509691478380548,0.154184348357992,0.0614520013763046,0.029307642313721,0.047872462438353,0.153167412165004,0.194716519478533,0.00562755667698895,0.0820506938869136,0.0374584241312077,0.039813434262339,0.143380357074588,131158,1.35804180887372,6.06139160401958,2.63808507692433,4.84924982138604,1.14741605144082
"L0595",0.0488678894699121,0.135441828365142,0.0674488360364187,0.0394048788256842,0.0472619648023784,0.141905343349348,0.174541448782948,0.00418071297746397,0.0894938019271096,0.0540440102991532,0.0364053831656624,0.161003901998779,75613,1.08408210370126,7.69708912488593,2.41571428571429,4.31862047144439,0.917418130042715
"L0596",0.0427501701837985,0.126208304969367,0.075811209439528,0.0425005672793283,0.0561379623326526,0.123712275924665,0.156569094622192,0.00410710233719083,0.100612661674609,0.0520989335148627,0.0481733605627411,0.171318357159065,44231,0.913907284768212,6.69213899753566,2.46839129689909,4.51805107132374,1.17023774581743
"L0597",0.0321678321678322,0.111888111888112,0.0755244755244755,0.0377622377622378,0.0363636363636364,0.142657342657343,0.181818181818182,0.0041958041958042,0.106293706293706,0.0195804195804196,0.0433566433566434,0.208391608391608,722,0.87248322147651,4.15512465373961,2.37914691943128,3.7752808988764,0.730337078651685
"L0598",0.0558541545613016,0.114540964555491,0.0753922138291691,0.0466298663567693,0.0398750726321906,0.15492446252179,0.190586868099942,0.0139453805926787,0.0956565950029053,0.028108657757118,0.0313044741429402,0.153181289947705,13802,1.24419155998103,6.37588755252862,2.27024349979364,3.60746003552398,0.522202486678508
"L0599",0.057752779131051,0.164001948713406,0.040435803179946,0.0233402719340981,0.0417201824704371,0.180698879489791,0.237300146153505,0.00872492138712963,0.0550511537269144,0.029673590504451,0.0291864121528854,0.132113911156384,22611,1.79617834394904,12.0295431427181,2.60285486218716,5.14589665653495,1.08434650455927
"L0600",0.0566212156228334,0.162930436792235,0.0390570834296279,0.0205685232262538,0.0459902935058932,0.150450658654957,0.218627224404899,0.00415992604575919,0.0559278946152068,0.088745088976196,0.0268084122948925,0.130113242431246,4339,1.68028419182948,11.7538603364831,3.23645680819912,5.16528925619835,1.10743801652893
"L0601",0.0545576393895393,0.145608886812952,0.0527908369972483,0.0380370216179442,0.047652894408172,0.15993623264929,0.205954327142756,0.00359452900500594,0.0784602418691551,0.0417635531005351,0.0347877298620066,0.136856107145396,98962,1.50489686897166,11.3578949495766,2.43299645622785,4.43857382767084,0.794729363131378
"L0602",0.0505673003802281,0.17334144486692,0.0370859315589354,0.0266524714828897,0.0462904942965779,0.156203802281369,0.186774144486692,0.00831026615969582,0.0584760456273764,0.112127756653992,0.030132319391635,0.114038022813688,167335,1.63782341957855,12.8185974243284,2.75806421002689,4.57459325305635,0.929221435793731
"L0603",0.0486737886518026,0.146043915776419,0.056492939087296,0.033311723088198,0.0441638244496434,0.143056064492488,0.182839586210784,0.00327536150181808,0.0850128252106999,0.052653832060208,0.0392254136482792,0.165250725822364,178291,1.10643741684577,10.4043389739247,2.36199450094895,4.50381130447289,0.977275995972961
"L0604",0.0640243902439024,0.13109756097561,0.0518292682926829,0.0304878048780488,0.0548780487804878,0.146341463414634,0.155487804878049,0.00609756097560976,0.11890243902439,0.00914634146341463,0.0609756097560976,0.170731707317073,328,0.910714285714286,9.14634146341463,2.36184210526316,4.66666666666667,1
"L0605",0.0756903353057199,0.120315581854043,0.0744575936883629,0.0448717948717949,0.0419132149901381,0.156065088757396,0.18836291913215,0.00419132149901381,0.0808678500986193,0.014792899408284,0.0394477317554241,0.159023668639053,4087,1.18449612403101,9.542451676046,2.28866539820603,4.02200488997555,0.740831295843521
"L0606",0.0592353257942919,0.162627894453419,0.0361776080677535,0.0252606843883096,0.0423948695354188,0.179664169971117,0.217995789885935,0.00993782738532335,0.0413668184265923,0.0825378175943604,0.0268761932736085,0.11592500122387,20455,1.88048986486486,14.421901735517,2.61473803630363,5.26355140186916,1.00654205607477
"L0607",0.0217576917414986,0.161107021934344,0.0428382158103931,0.0308258501398498,0.0628293831885765,0.141851906374209,0.179567201530988,0.00688944501692919,0.0878845870749301,0.0933313705284852,0.0334756366848226,0.137641689974974,34049,1.30459893048128,5.19839055478869,2.90341292738322,5.85859226379201,1.21116043119848
"L0608",0.056372696163775,0.157726481359188,0.0576484360929339,0.0323287506753917,0.0394879029837306,0.1344479798283,0.181065017710272,0.00177102719577355,0.0818724860419043,0.0694002521462448,0.0366212403193852,0.1512577294831,66880,1.1970629093074,14.4288277511962,2.46627070355884,4.59469167830772,1.08800638595091
"L0609",0.0434073338534648,0.14582594510249,0.0467409036101851,0.0367401943400241,0.0432654798212639,0.166252925739414,0.200297893467622,0.00482303709482942,0.0687282786013192,0.0609263068302716,0.0367401943400241,0.146251507199092,14221,1.36954413191077,11.8135152239646,2.48216854698266,4.55587121212121,0.917613636363636
"L0610",0.0580601925185817,0.140611672962106,0.050201047885951,0.0280857804313391,0.0380163275252833,0.158888753503107,0.211770439868405,0.00572681856951383,0.0695747532594127,0.0449616181308639,0.0326550505665895,0.161447544778847,16551,1.31169811320755,7.85451030149236,2.41889637685995,4.0875314861461,0.826196473551637
"L0611",0.0423728813559322,0.161016949152542,0.0466101694915254,0.0338983050847458,0.0635593220338983,0.161016949152542,0.152542372881356,0,0.0635593220338983,0.11864406779661,0.038135593220339,0.11864406779661,239,1.28571428571429,12.5523012552301,2.47533632286996,4.8125,0.875
"L0612",0.0590297383775645,0.159043854696029,0.0436194240542067,0.0248447204968944,0.040913796348579,0.165631469979296,0.223014304536044,0.0040231507622812,0.0652879728966685,0.0399727084509693,0.0273856578204404,0.147233201581028,42562,1.51470118248642,9.25708378365678,2.37276988206834,4.89349511290866,1.04853387259858
"L0613",0.0604362129889119,0.15109053247228,0.0598269769708785,0.030949189716096,0.0487388814426709,0.166686974533934,0.199585719507737,0.00146216644328013,0.0737175581820397,0.018886316559035,0.03850371633971,0.150115754843426,8218,1.32954545454545,14.3587247505476,2.66457720353077,5.64588528678304,1.70822942643392
"L0614",0.0507139666098582,0.131541936231117,0.073398745801413,0.0446911660075781,0.0519052898059136,0.12452636629879,0.156179161771762,0.00388834654268081,0.0955209557059417,0.047355097043202,0.0509787050978705,0.169300263083872,60730,0.922498045347928,7.49217849497777,2.3881548322412,4.51362984218077,1.1026849764296
"L0616",0.0844827586206897,0.135775862068966,0.0767241379310345,0.0392241379310345,0.0530172413793103,0.137931034482759,0.178879310344828,0.00301724137931034,0.0793103448275862,0.0275862068965517,0.0448275862068966,0.139224137931034,2325,1.28482972136223,16.3440860215054,2.57254361799816,4.95238095238095,1.17687074829932
"L0617",0.049735194992778,0.146316803081367,0.0680548868560424,0.0362782859894078,0.0372893596533462,0.141068849301878,0.175156475686086,0.00498314877226769,0.0864227250842561,0.060519980741454,0.0380597014925373,0.15611458834858,41722,1.12197378565921,7.57394180528259,2.39313564405498,4.42176870748299,0.967465246968353
"L0618",0.0513513825816665,0.146416149570724,0.0576489756300482,0.036595370980229,0.0371269109439456,0.149663165436036,0.202805606591096,0.00957927456350169,0.0655989646525924,0.0569441074172935,0.0345385424249778,0.15173154920789,86971,1.33660802680679,7.80720010118315,2.40710596931801,4.12514092446449,0.807340598772391
"L0619",0.0678240740740741,0.181481481481481,0.0361111111111111,0.0127314814814815,0.0400462962962963,0.172685185185185,0.208564814814815,0.00555555555555556,0.0590277777777778,0.0546296296296296,0.0236111111111111,0.137731481481481,4324,1.51428571428571,7.16928769657724,2.56414592896835,6.03783783783784,1.65945945945946
"L0621",0.0557938103741616,0.140904680886964,0.0598996048875828,0.0276578692051351,0.0471463322037711,0.163345941309636,0.198582657236463,0.00625711835093294,0.0758728328576049,0.0374724054050254,0.0290358413363517,0.158030905946372,71240,1.25660645964944,6.24649073554183,2.44994611332898,4.51901565995526,0.889821029082774
"L0622",0.0515152242243924,0.155673392998536,0.0611608321136358,0.0383664851116923,0.0365669314010125,0.139933296542457,0.180651198502771,0.0031192264318449,0.0763490654317729,0.051011349185402,0.0468603786261007,0.158792619430381,41759,1.13765488062859,13.3384420125003,2.40150286934816,4.95185694635488,1.292984869326
"L0623",0.0685522531160115,0.156759348034516,0.0666347075743049,0.0431447746883988,0.0364333652924257,0.151006711409396,0.197986577181208,0.00671140939597315,0.0771812080536913,0.0201342281879195,0.0292425695110259,0.146212847555129,2090,1.35409836065574,12.4401913875598,2.41464672511604,4.78807947019868,0.874172185430464
"L0624",0.0554878761076715,0.139245364884936,0.0676868648098393,0.0353787360445906,0.0486791382273918,0.164761443852945,0.199823106319777,0.00470603941725214,0.074495602690119,0.0218780768653105,0.033276037581563,0.154581713198605,60197,1.29266976141639,8.50540724620828,2.45872591006424,4.70377494590046,0.994469824477038
"L0625",0.0488188976377953,0.11244094488189,0.0548031496062992,0.0251968503937008,0.0377952755905512,0.173543307086614,0.208188976377953,0.00692913385826772,0.087244094488189,0.0333858267716535,0.0324409448818898,0.179212598425197,3186,1.16168717047452,9.1023226616447,2.13443895553987,3.86118980169972,0.589235127478754
"L0626",0.0755693581780538,0.139281008846226,0.0366083192170149,0.0185394315829098,0.04394880481837,0.152362130623,0.224449463579898,0.00451722190852626,0.0417843026538679,0.12695275738754,0.0278562017692452,0.108130999435347,11622,2.0757180156658,13.4228187919463,2.83834620626988,5.23211678832117,0.783941605839416
"L0627",0.0635705374112379,0.158448281893124,0.053659503515502,0.0348168790737264,0.0450660541259051,0.152571621794947,0.199888063617178,0.00795214719634341,0.0714527243683173,0.0314238074694215,0.0410200202884694,0.140130359245829,86046,1.42644366783159,13.5160263115078,2.66113460661135,5.14801371244202,1.30530348860657
"L0628",0.0635705374112379,0.158448281893124,0.053659503515502,0.0348168790737264,0.0450660541259051,0.152571621794947,0.199888063617178,0.00795214719634341,0.0714527243683173,0.0314238074694215,0.0410200202884694,0.140130359245829,86046,1.42644366783159,13.5160263115078,2.66113460661135,5.14801371244202,1.30530348860657
"L0632",0.0576022369800769,0.172177560293604,0.0538040312245136,0.0285680997320284,0.0333915880228358,0.161132471163929,0.213351974833974,0.00207386694628918,0.0614004427356402,0.0516602586508214,0.0327391355004078,0.13209833391588,42953,1.61509966484389,9.14953553884478,2.47675026773928,4.88972162740899,1.08743754461099
"L0633",0.0431907285338848,0.154926543449227,0.0348649347292232,0.0226293567704967,0.0500516996251777,0.170791865925639,0.233854637887209,0.00664555598638577,0.0500086166041963,0.0757291801301107,0.0278962560854767,0.129410624272974,93424,1.80707449022056,6.36881315293715,2.51717155447151,4.50516631280963,0.70757254069356
"L0634",0.039407601205354,0.129131724637343,0.080006540680698,0.0425845032586606,0.0453876521292252,0.132378705412413,0.171038800252283,0.00462519563643159,0.0995818636268074,0.0463921138078441,0.0380761054918358,0.171389193861104,43081,0.99795556767071,5.38520461456326,2.20671480524957,3.7371064322967,0.608267336295152
"L0635",0.0431907285338848,0.154926543449227,0.0348649347292232,0.0226293567704967,0.0500516996251777,0.170791865925639,0.233854637887209,0.00664555598638577,0.0500086166041963,0.0757291801301107,0.0278962560854767,0.129410624272974,93424,1.80707449022056,6.36881315293715,2.51717155447151,4.50516631280963,0.70757254069356
"L0636",0.0505513975866809,0.174070566671758,0.0379593707041393,0.0267236902398045,0.0466656483885749,0.156987933404613,0.188244997708874,0.0099098823888804,0.0586100504047655,0.105770581945929,0.0301756529708263,0.114330227585154,165843,1.64650243146476,12.9399492290902,2.75218272429484,4.93762993762994,1.0462577962578
"L0637",0.068952554536652,0.163877655635929,0.0571509939055647,0.0294127698353933,0.042569915133565,0.171726376943669,0.207700632226462,0.00657287691519052,0.0627669875263428,0.0431850543942587,0.0299823432249245,0.116101839722048,88209,1.78895211930926,16.2001609813058,2.70006640507093,4.86542366623592,0.936680819641868
"L0638",0.0550382209867964,0.153300903405142,0.0517025712300208,0.0266851980542043,0.0515635858234885,0.171091035441279,0.214176511466296,0.00347463516330785,0.0711605281445448,0.019041000694927,0.0405837387074357,0.142182070882557,7210,1.50635386119257,14.8404993065187,2.85585327410804,6.8008658008658,2.68398268398268
"L0639",0.0319075133522133,0.164740653450668,0.0452787333928877,0.0337226540968962,0.0650409594586889,0.121172523900937,0.163547982437801,0.00384410696976033,0.0894455742877236,0.105667800733659,0.0423089350540741,0.133322562864691,212659,1.2267089600114,11.0505551140558,2.52567598961648,4.15189696856983,0.619164961874651
"L0640",0.0636186770428016,0.137743190661479,0.0550583657587549,0.0321011673151751,0.0437743190661479,0.167120622568093,0.202140077821012,0.00291828793774319,0.0805447470817121,0.0175097276264591,0.0488326848249027,0.14863813229572,5145,1.35994764397906,10.1068999028183,2.72234716826825,5.71653543307087,1.83858267716535
"L0643",0.0451995653323152,0.143234749919234,0.0657875414843314,0.0382390084877676,0.0406179329789421,0.131633821844988,0.16470380921613,0.00352433257951775,0.0906047167317689,0.0764486475373726,0.0382683779259303,0.161737495961702,34233,1.01834029417106,6.25127800660182,2.32848333012141,4.21430873348373,0.880760554302288
"L0646",0.0441480474612749,0.151360688698213,0.0607141845779175,0.0312632741483306,0.0392773199671509,0.147735961260726,0.184096508368023,0.00450259111375414,0.0912411859655085,0.0476311839832356,0.0415427746155807,0.156486279840285,35572,1.17643865363735,8.4898234566513,2.45543386179354,4.68866060845516,1.07902015013829
"L0647",0.0357142857142857,0.11734693877551,0.147959183673469,0.0306122448979592,0.0306122448979592,0.158163265306122,0.224489795918367,0,0.076530612244898,0.0102040816326531,0.0102040816326531,0.158163265306122,199,1.41935483870968,35.1758793969849,2.0887573964497,3.36666666666667,0.2
"L0648",0.0521294357724008,0.152050813169728,0.0577478599634272,0.0262634828929584,0.0474209136123111,0.14764264701985,0.191256106502708,0.00685518423307626,0.0793469906977977,0.0518820837639908,0.0401858673663195,0.147218615005433,113419,1.2991299129913,7.11520997363757,2.54016863910857,5.2744763382467,1.42063615205586
"L0649",0.0521294357724008,0.152050813169728,0.0577478599634272,0.0262634828929584,0.0474209136123111,0.14764264701985,0.191256106502708,0.00685518423307626,0.0793469906977977,0.0518820837639908,0.0401858673663195,0.147218615005433,113419,1.2991299129913,7.11520997363757,2.54016863910857,5.2744763382467,1.42063615205586
"L0650",0.0471014492753623,0.108695652173913,0.0434782608695652,0.0398550724637681,0.0869565217391304,0.141304347826087,0.210144927536232,0.0072463768115942,0.0615942028985507,0.0398550724637681,0.0760869565217391,0.13768115942029,276,1.52631578947368,3.6231884057971,2.40229885057471,5.26666666666667,1.73333333333333
"L0651",0.0582097475199894,0.140025214823662,0.0588567068113201,0.0320991340698716,0.0542948143724495,0.155635181314489,0.197870010948542,0.00446236024020437,0.074383729803258,0.0454032712915962,0.0343551972396404,0.144404631564978,60412,1.37024698449167,6.22392902072436,2.54963753883512,4.52870433401407,0.862945314272748
"L0652",0.04636161006949,0.131322931690049,0.0639832175167169,0.0415628687557362,0.0450242559328701,0.137642585551331,0.177972990690966,0.00403828503998951,0.082784843319785,0.0808705913203094,0.0302084699095319,0.158227350203225,38414,1.1247928405701,8.0439423126985,2.46830318690784,4.0790866054024,0.715399610136452
"L0653",0.0673936750272628,0.154961832061069,0.0553980370774264,0.0205016357688113,0.0522355507088332,0.157906215921483,0.221155943293348,0.0054525627044711,0.0680479825517993,0.0322791712104689,0.0375136314067612,0.127153762268266,9204,1.73927958833619,10.5388961321165,2.72642487046632,5.33718689788054,1.22543352601156
"L0654",0.0559864096314351,0.154479651377502,0.0473077775315754,0.0196838762094689,0.0400324987074378,0.169177930423222,0.21958785730113,0.00513331856119359,0.0794002511263757,0.0240416574340793,0.0261466873476623,0.159022084348918,27186,1.38086391082211,10.5201206503347,2.416709664616,4.60924158714214,1.08036162732295
"L0655",0.0621392843401308,0.142939592150827,0.0676221623701424,0.0302039245863794,0.055021161985379,0.173432089265102,0.211812235475183,0.00432858791843017,0.0640631011927665,0.0430934974990381,0.035205848403232,0.11013851481339,10432,1.92314410480349,8.24386503067485,2.62809832356269,4.64507042253521,0.773239436619718
"L0656",0.0605603086730414,0.15047810770005,0.0595957054185539,0.026463680590505,0.0337191746351283,0.168470055359839,0.209193088407985,0.00700385841301795,0.0716742157356148,0.0445814460660963,0.0301123972487838,0.138147961751384,23954,1.51426836672738,16.1977122818736,2.57580155095007,4.36092194866422,0.752750130958617
"L0657",0.0474405565361852,0.14757553732738,0.0508046931782785,0.0434015159381165,0.0441179524452289,0.156120859723809,0.198245249714464,0.00694631917765549,0.0709998961686222,0.0475859204651646,0.043380749662548,0.143380749662548,96446,1.38264899703092,12.5562490927566,2.45567534693426,5.05850091407678,1.1959448230015
"L0658",0.0735252439370015,0.162476213611887,0.0427547673994899,0.0186444795335844,0.0455888902384712,0.184805052836147,0.235535851653913,0.00402850317826633,0.0560751447427021,0.0160937689785012,0.0292724401797644,0.131199643710272,49582,1.79524764696806,13.7953289500222,2.70077329905813,6.06911142454161,1.68406205923836
"L0659",0.0735252439370015,0.162476213611887,0.0427547673994899,0.0186444795335844,0.0455888902384712,0.184805052836147,0.235535851653913,0.00402850317826633,0.0560751447427021,0.0160937689785012,0.0292724401797644,0.131199643710272,49582,1.79524764696806,13.7953289500222,2.70077329905813,6.06911142454161,1.68406205923836
"L0660",0.0591281865489757,0.150023055134708,0.0581154074171662,0.0208648969106119,0.0570532244252684,0.152509716092484,0.194774718397998,0.00275838218826164,0.081961003886437,0.0361718595612937,0.0418368355180818,0.144802713918714,121628,1.34510406004777,7.77781431907127,2.66796503895117,5.73536460116398,1.59722697706265
"L0661",0.0591281865489757,0.150023055134708,0.0581154074171662,0.0208648969106119,0.0570532244252684,0.152509716092484,0.194774718397998,0.00275838218826164,0.081961003886437,0.0361718595612937,0.0418368355180818,0.144802713918714,121628,1.34510406004777,7.77781431907127,2.66796503895117,5.73536460116398,1.59722697706265
"L0662",0.150326797385621,0.124183006535948,0.0457516339869281,0.0326797385620915,0.065359477124183,0.104575163398693,0.150326797385621,0.0196078431372549,0.0261437908496732,0.137254901960784,0.0261437908496732,0.117647058823529,155,1.27777777777778,0,3.63448275862069,4.5,1
"L0663",0.150326797385621,0.124183006535948,0.0457516339869281,0.0326797385620915,0.065359477124183,0.104575163398693,0.150326797385621,0.0196078431372549,0.0261437908496732,0.137254901960784,0.0261437908496732,0.117647058823529,155,1.27777777777778,0,3.63448275862069,4.5,1
"L0664",0.0609718776655663,0.159136340254853,0.0455921708046022,0.0188567447372362,0.0553070406761341,0.157658273592093,0.20275558507348,0.00330123259039322,0.0665846241999232,0.0527285631499098,0.0374986163472871,0.139608930908523,153894,1.45231099295742,6.00413271472572,2.72944548711824,5.72813713673497,1.47462166867551
"L0665",0.0609718776655663,0.159136340254853,0.0455921708046022,0.0188567447372362,0.0553070406761341,0.157658273592093,0.20275558507348,0.00330123259039322,0.0665846241999232,0.0527285631499098,0.0374986163472871,0.139608930908523,153894,1.45231099295742,6.00413271472572,2.72944548711824,5.72813713673497,1.47462166867551
"L0666",0.0490008642589634,0.141083728360789,0.0616138071916822,0.033931330696907,0.0595657753450488,0.12620276039075,0.171929916454967,0.00477175706466228,0.0988712254144515,0.0355917554932823,0.0670979231595212,0.150339156168976,191482,1.14361368545746,8.40810102255042,2.91565997223909,6.89419940433981,2.73890228336406
"L0667",0.0490008642589634,0.141083728360789,0.0616138071916822,0.033931330696907,0.0595657753450488,0.12620276039075,0.171929916454967,0.00477175706466228,0.0988712254144515,0.0355917554932823,0.0670979231595212,0.150339156168976,191482,1.14361368545746,8.40810102255042,2.91565997223909,6.89419940433981,2.73890228336406
"L0668",0.0490008642589634,0.141083728360789,0.0616138071916822,0.033931330696907,0.0595657753450488,0.12620276039075,0.171929916454967,0.00477175706466228,0.0988712254144515,0.0355917554932823,0.0670979231595212,0.150339156168976,191482,1.14361368545746,8.40810102255042,2.91565997223909,6.89419940433981,2.73890228336406
"L0669",0.0672706631346972,0.159005409255838,0.0450548716693008,0.0210137346125593,0.0433408276384035,0.188166418093182,0.234490127551588,0.00356164993433208,0.0587672239164793,0.0158270818956882,0.0301627228813748,0.133339269416557,44978,1.75859766277129,11.983636444484,2.70701307204827,5.58198198198198,1.4
"L0670",0.0672706631346972,0.159005409255838,0.0450548716693008,0.0210137346125593,0.0433408276384035,0.188166418093182,0.234490127551588,0.00356164993433208,0.0587672239164793,0.0158270818956882,0.0301627228813748,0.133339269416557,44978,1.75859766277129,11.983636444484,2.70701307204827,5.58198198198198,1.4
"L0671",0.0672706631346972,0.159005409255838,0.0450548716693008,0.0210137346125593,0.0433408276384035,0.188166418093182,0.234490127551588,0.00356164993433208,0.0587672239164793,0.0158270818956882,0.0301627228813748,0.133339269416557,44978,1.75859766277129,11.983636444484,2.70701307204827,5.58198198198198,1.4
"L0672",0.0456516286236428,0.131938223384814,0.0712366073028272,0.0396316336403053,0.0484107929910058,0.139284050596624,0.16089153259039,0.00601999498333751,0.0914824237646469,0.0540366216361486,0.0451499623750314,0.166266528111227,28000,0.967672413793103,6.75,2.52894534257121,4.65148514851485,1.20643564356436
"L0673",0.0427559562137798,0.153638119768191,0.0449452672247263,0.0329684481648422,0.0311654861558274,0.179008370895042,0.209401159047006,0.00334835801674179,0.0755956213779781,0.0292337411461687,0.0369607211848036,0.160978750804894,7774,1.3008,5.78852585541549,2.33559744940394,4.76785714285714,1.12678571428571
"L0674",0.0521967286328365,0.117679897281304,0.0500195388823759,0.0359515435717077,0.0453302071121532,0.0955172221291799,0.155194551443086,0.012504884720594,0.087422542287724,0.184670351141629,0.0355049405459722,0.128007592251438,19465,1.21238552115133,4.5723092730542,2.65084518079033,4.48471882640587,0.729828850855746
"L0675",0.0587025291798476,0.128889997039161,0.0607283663960356,0.0303563915164171,0.0467189228779355,0.16013464025806,0.205949728070312,0.00883576693521996,0.0770597310311511,0.0471085069579717,0.0225491265524926,0.152966293185395,64475,1.34637326813366,6.39007367196588,2.37344542485931,3.79930545507162,0.4751844884966
"L0676",0.049313005834745,0.13570487483531,0.051948051948052,0.0395256916996047,0.0523244871070958,0.155185394315829,0.195181629964239,0.00451722190852626,0.0685111989459816,0.0560888386975344,0.0344438170525127,0.15725578769057,10695,1.24117295032914,5.51659654043946,2.3693482688391,4.32077625570776,0.791095890410959
"L0677",0.049313005834745,0.13570487483531,0.051948051948052,0.0395256916996047,0.0523244871070958,0.155185394315829,0.195181629964239,0.00451722190852626,0.0685111989459816,0.0560888386975344,0.0344438170525127,0.15725578769057,10695,1.24117295032914,5.51659654043946,2.3693482688391,4.32077625570776,0.791095890410959
"L0678",0.0418761442561971,0.130423411118538,0.074017029438261,0.0327511551538752,0.0327511551538752,0.137601348406033,0.182296358722502,0.00409752695359042,0.0965098369707361,0.101275754845834,0.0301647728923891,0.136235506088169,34770,1.33809726962457,5.49324129997124,2.18057440487107,2.81328187383551,0.236225712004259
"L0679",0.0565166564342363,0.147271305181535,0.0673237849339377,0.0296628344112428,0.0422529288579767,0.152855689091108,0.175210045162864,0.00450787616796885,0.0921423345079603,0.0351042446363843,0.0554990202097508,0.141653280405036,119160,1.23689366502405,8.61866398120175,2.7425524638037,6.083443209644,2.02768883028819
"L0680",0.05459135373935,0.130640580624803,0.0451246449984222,0.0239823288103503,0.0413379615020511,0.160618491637741,0.224045440201956,0.00883559482486589,0.0773114547175765,0.0479646576207005,0.0173556326917009,0.168191858630483,3182,1.33208255159475,3.14267756128221,2.22432527164388,4.03343465045593,0.498480243161094
"L0681",0.0415554153114229,0.12510316034759,0.0639351424826448,0.0480120394193893,0.0377688237293072,0.125831351036458,0.169522792368562,0.00679644642943832,0.122530219913588,0.0444196320209719,0.0561677751347153,0.158357201805913,20695,1.07050889025138,11.7902875090602,2.37580299785867,3.97248134328358,0.849813432835821
"L0682",0.0387890255439924,0.137180700094607,0.0624408703878903,0.0302743614001892,0.032166508987701,0.17123935666982,0.209082308420057,0.00473036896877956,0.0775780510879849,0.0444654683065279,0.0368968779564806,0.15515610217597,1068,1.34756097560976,14.0449438202247,2.25540679711637,4.12244897959184,0.744897959183674
"L0683",0.0695670018469116,0.147101073140112,0.0570369744450212,0.0361053101724991,0.0451950121316739,0.158846464914716,0.19661761688053,0.00494924011057327,0.0776909984186574,0.0368778744824423,0.0361777380765563,0.133834695380307,83043,1.46910796428249,9.59743747215298,2.54047027632273,4.88963711185933,1.07744107744108
"L0684",0.0514948175663531,0.136241088011503,0.0450242645737224,0.0313042957282368,0.0459229524893655,0.153495895991852,0.20364268168474,0.0130908873045354,0.0729734587502247,0.0756994787610089,0.0260319932897969,0.145078185848661,33569,1.40367540780508,4.97482796627841,2.36250935476524,4.40084536808735,0.610778443113772
"L0685",0.0723204994797086,0.141519250780437,0.068678459937565,0.0483870967741935,0.0359001040582726,0.165452653485952,0.209157127991675,0.00468262226847034,0.058792924037461,0.0124869927159209,0.0400624349635796,0.142559833506764,1929,1.46715328467153,14.5152928978745,2.37049362174154,5,1.19047619047619
"L0686",0.0494130330618112,0.117692860565405,0.0703162434115956,0.0380929563967417,0.0396502156205079,0.119609487302348,0.177407762338285,0.00928366075706756,0.099544801149976,0.0890033540967897,0.0462386200287494,0.143747005270724,17008,1.23416666666667,12.8174976481656,2.44662193582675,3.79489795918367,0.65
"L0687",0.0598142154153838,0.154364358832662,0.0533801742059419,0.031328122944133,0.0384068840293676,0.152101260493145,0.205665640377885,0.00844714612773348,0.0677876897976369,0.0558537933212284,0.0273677008499776,0.145483013604905,76426,1.41367459527901,11.9854499777563,2.33199821343669,4.14474244359302,0.658010500922378
"L0688",0.0598142154153838,0.154364358832662,0.0533801742059419,0.031328122944133,0.0384068840293676,0.152101260493145,0.205665640377885,0.00844714612773348,0.0677876897976369,0.0558537933212284,0.0273677008499776,0.145483013604905,76426,1.41367459527901,11.9854499777563,2.33199821343669,4.14474244359302,0.658010500922378
"L0689",0.0565225744476465,0.118924111431316,0.0609029779058598,0.0298559077809798,0.0482228626320845,0.157656099903939,0.199269932756964,0.00799231508165226,0.0826897214217099,0.0382708933717579,0.0469164265129683,0.152776176753122,26529,1.30432595573441,10.8183497304836,2.61033536221506,5.77099784637473,1.65900933237617
"L0690",0.0568862275449102,0.130453378956373,0.0564585115483319,0.0402053036783576,0.0667236954662104,0.193327630453379,0.213002566295979,0,0.0645851154833191,0.0166809238665526,0.0350727117194183,0.126603934987169,2340,1.68243243243243,8.97435897435897,2.42948717948718,4.73076923076923,0.801282051282051
"L0691",0.0410219503418496,0.115509175962576,0.0798848506657071,0.0327455919395466,0.0500179920834833,0.122706009355883,0.187837351565311,0.00287873335732278,0.101475350845628,0.0708888089240734,0.0474991003958258,0.147535084562792,2811,1.27317073170732,3.91319815012451,2.38455382152861,3.84935897435897,0.625
"L0692",0.0503597122302158,0.129496402877698,0.0503597122302158,0.0431654676258993,0.0287769784172662,0.237410071942446,0.258992805755396,0,0.0503597122302158,0.0431654676258993,0.0215827338129496,0.0863309352517986,139,3,7.19424460431655,2.94160583941606,11.5,3.5
"L0693",0.0420385157350869,0.152829967120714,0.0566776264286833,0.033583842179427,0.0552489431658055,0.145843118835134,0.184163143886018,0.00348363864098951,0.0952716455299828,0.0410012525442305,0.0361280726475654,0.153730233286363,51265,1.19796308084023,6.98332195454989,2.60609728105503,4.91205504038289,1.08944062219563
"L0694",0.0832227488151659,0.160758293838863,0.0309004739336493,0.0261611374407583,0.035260663507109,0.201327014218009,0.238293838862559,0.00360189573459716,0.0472037914691943,0.0534597156398104,0.0272985781990521,0.0925118483412322,5376,2.57581967213115,51.5252976190476,2.67410358565737,4.52369077306733,0.758104738154613
"L0695",0.0576818146387092,0.140507555426879,0.0543077625469082,0.0396757346636527,0.0314243399440999,0.156642873846085,0.184849058494705,0.00495529102591227,0.0861329799672617,0.0527933365255058,0.0396423282072982,0.151386924712983,89941,1.22103714600956,7.78287988792653,2.38388523866875,4.73284466625078,1.03555832813475
"L0696",0.0718336483931947,0.15658475110271,0.0321361058601134,0.0154379332073094,0.0428481411468179,0.152804032766226,0.188090737240076,0.0056710775047259,0.0286704473850031,0.206679269061122,0.0163831127914304,0.0828607435412728,3511,2.26996197718631,12.5320421532327,3.67856071964018,5.59090909090909,0.693181818181818
"L0697",0.0553846153846154,0.140923076923077,0.0689230769230769,0.0393846153846154,0.0369230769230769,0.150769230769231,0.174153846153846,0.00553846153846154,0.115692307692308,0.0221538461538462,0.0301538461538462,0.16,1627,1.08846153846154,12.2925629993854,2.54736842105263,4.85046728971963,1.20560747663551
"L0698",0.0565166564342363,0.147271305181535,0.0673237849339377,0.0296628344112428,0.0422529288579767,0.152855689091108,0.175210045162864,0.00450787616796885,0.0921423345079603,0.0351042446363843,0.0554990202097508,0.141653280405036,119160,1.23689366502405,8.61866398120175,2.7425524638037,6.083443209644,2.02768883028819
"L0699",0.0558349356604053,0.136481289750037,0.0721786717941133,0.0429300399349209,0.0451116698713208,0.120470344623576,0.182554355864517,0.00373465463688803,0.0965463688803431,0.0520263274663511,0.0494749297441207,0.142656411773406,27282,1.27967858994298,6.487794149989,2.42457779963929,3.95152354570637,0.715373961218837
"L0700",0.0629067245119306,0.116052060737527,0.0466377440347072,0.0300072306579899,0.0553145336225597,0.137744034707158,0.198481561822126,0.00686912509038322,0.0831525668835864,0.100144613159798,0.0289226319595083,0.133767172812726,2890,1.48378378378378,4.84429065743945,2.34992163009404,3.55621301775148,0.49112426035503
"L0702",0.0741430430135091,0.168827902432418,0.0347135899085364,0.0217316649657314,0.0385491586416379,0.157519504326502,0.197940497898418,0.0083821445327426,0.041272267338657,0.140885808395688,0.0276422135052648,0.088392205040895,218424,2.23934336525308,23.7336556422371,3.13386161909863,6,1.13976398152899
"L0703",0.0667925418928487,0.156242624498466,0.0515695067264574,0.0236016049091338,0.0553457635119188,0.179372197309417,0.213948548501298,0.00472032098182676,0.0555817795610101,0.0287939579891433,0.0421288647628039,0.121902289355676,8486,1.75508228460794,11.312750412444,2.60651441407712,5.17088607594937,1.12869198312236
"L0704",0.0524021433112342,0.1639269821088,0.0353283080555808,0.0251566615202979,0.0412314957769503,0.178821178821179,0.213059667605122,0.00635727908455181,0.0540368722186904,0.0583961493052402,0.0315139406048497,0.139769321587503,11073,1.52436647173489,11.3790300731509,2.38521739130435,5.09668508287293,1.07872928176796
"L0705",0.0592435089061707,0.14718688611432,0.060916588800518,0.0433970732137996,0.0395388362015053,0.147206015435891,0.186363736692246,0.00533119477328075,0.0882214881140696,0.0398140041348764,0.0419182295077143,0.140862438105609,682527,1.32301938826676,15.3547039164751,2.47150143001598,4.68000245946998,1.05308356049271
"L0706",0.0383795863215882,0.140759796278973,0.0616879742230537,0.0267643696081488,0.0378598898243426,0.134289574888265,0.163132730485397,0.00990021827252884,0.0972352146346534,0.101418771437481,0.0387953435193847,0.149776530506184,38548,1.08917418459403,4.61761959115907,2.66382803943045,5.54751354012802,1.34810438207779
"L0707",0.0383795863215882,0.140759796278973,0.0616879742230537,0.0267643696081488,0.0378598898243426,0.134289574888265,0.163132730485397,0.00990021827252884,0.0972352146346534,0.101418771437481,0.0387953435193847,0.149776530506184,38548,1.08917418459403,4.61761959115907,2.66382803943045,5.54751354012802,1.34810438207779
"L0709",0.0609752187990895,0.136793511364729,0.0673762275724254,0.0368993043310999,0.0412699430427767,0.142446489062717,0.186697870248667,0.00770472007608545,0.0934931982602934,0.0411203368277071,0.0353391252310882,0.149884055183321,94162,1.24561528589762,9.97217561224273,2.50555064233848,4.17795275590551,0.815748031496063
"L0710",0.0599755201958384,0.129742962056304,0.0563035495716034,0.0122399020807834,0.0465116279069767,0.150550795593635,0.230110159118727,0.01468788249694,0.0673194614443084,0.0746634026927785,0.0232558139534884,0.134638922888617,831,1.70909090909091,3.6101083032491,2.32044198895028,3.28676470588235,0.242647058823529
"L0711",0.0192307692307692,0.153846153846154,0.0480769230769231,0.0384615384615385,0.0192307692307692,0.192307692307692,0.201923076923077,0.00961538461538462,0.125,0.0673076923076923,0.00961538461538462,0.115384615384615,104,1.75,0,2.42708333333333,4.625,0.375
"L0712",0.0468406002479945,0.147151858693727,0.046410405648202,0.0303413720677177,0.0498266568818483,0.156439000936306,0.205506490877344,0.00544069640914037,0.0718424981653466,0.0605309107472733,0.0295822051269074,0.150087304198193,39652,1.36924633282752,4.21164127912842,2.55560389363206,4.68023660403619,0.848643006263048
"L0713",0.0734409259523142,0.170779916248753,0.0545762104169635,0.0328155955669757,0.0360838247934948,0.168844720040083,0.217403895214411,0.00686741837471098,0.0577571029974856,0.0291106831104717,0.0360562448000221,0.116263462484314,217996,1.86992448503539,15.0966072771977,2.62193865763025,5.82151777137368,1.41056676272815
"L0714",0.0624637472926877,0.177078178131835,0.0367715533985749,0.0186305656220565,0.0435883927478621,0.172783728986733,0.220794286839402,0.00959998297120537,0.0528265138332349,0.0687165078199418,0.0250003991123741,0.111746143244092,189972,1.97585599314253,10.8226475480597,2.71023986987087,5.06463025282596,0.910432306497541
"L0715",0.0624637472926877,0.177078178131835,0.0367715533985749,0.0186305656220565,0.0435883927478621,0.172783728986733,0.220794286839402,0.00959998297120537,0.0528265138332349,0.0687165078199418,0.0250003991123741,0.111746143244092,189972,1.97585599314253,10.8226475480597,2.71023986987087,5.06463025282596,0.910432306497541
"L0716",0.0497499272275001,0.144592341686734,0.0518669454073937,0.034586784514012,0.0427902299610998,0.147053375320861,0.187753049829315,0.00447220090502527,0.0912699462806637,0.0591706581280267,0.0298234936092514,0.156871047130117,37858,1.19686234817814,13.9996830260447,2.33866705386961,4.14770459081836,0.695181066438551
"L0717",0.0497499272275001,0.144592341686734,0.0518669454073937,0.034586784514012,0.0427902299610998,0.147053375320861,0.187753049829315,0.00447220090502527,0.0912699462806637,0.0591706581280267,0.0298234936092514,0.156871047130117,37858,1.19686234817814,13.9996830260447,2.33866705386961,4.14770459081836,0.695181066438551
"L0718",0.0851986405718973,0.150123051681706,0.0457049103480605,0.0240243759521856,0.0421891480135943,0.161021914918552,0.226063518106176,0.00574241181296144,0.0576585022852455,0.0514473221610219,0.0303527481542248,0.120473455994375,8558,1.87645914396887,5.1413881748072,2.41626182562005,4.28125,0.627717391304348
"L0719",0.0851986405718973,0.150123051681706,0.0457049103480605,0.0240243759521856,0.0421891480135943,0.161021914918552,0.226063518106176,0.00574241181296144,0.0576585022852455,0.0514473221610219,0.0303527481542248,0.120473455994375,8558,1.87645914396887,5.1413881748072,2.41626182562005,4.28125,0.627717391304348
"L0720",0.0468516457829897,0.14791964338625,0.0581768978027694,0.0377667524839833,0.039295990729096,0.144913842486815,0.184751404133717,0.00427330730281222,0.0945296398964925,0.0418984941365483,0.0449240483825301,0.154698333475996,608796,1.194268871438,11.1350928718323,2.39681869948206,4.41758241758242,1.02090740142211
"L0721",0.0468516457829897,0.14791964338625,0.0581768978027694,0.0377667524839833,0.039295990729096,0.144913842486815,0.184751404133717,0.00427330730281222,0.0945296398964925,0.0418984941365483,0.0449240483825301,0.154698333475996,608796,1.194268871438,11.1350928718323,2.39681869948206,4.41758241758242,1.02090740142211
