"code","country","year","income","financing","in_main_sample","che_gdp","phys","phys_interpolated","beds","le","imr","inf_surv","che_pc_ppp","cbr","cdr","gni_pc","lf","edu","gdp_pc","dens","rur","pop","cases_pm","deaths_pm","r_mean","r_days","te_io_crs","te_oo_crs","te_io_vrs","te_oo_vrs","fresh_crs","fresh_vrs","diff"
"AFG","Afghanistan",2015,"Low","Public",TRUE,10.11,0.29,FALSE,0.44,62.27,64,0.015625,231.533667789642,39.364,7.528,590,8575264,3.26,565.6,51.87,75.54,33831764,NA,NA,NA,NA,0.62,0.62,0.76,0.97,0.61157231933526,0.888175341033146,-0.00842768066474009
"ARG","Argentina",2015,"Upper-mid","Mixed",TRUE,10.27,4.98,FALSE,4.95,76.6,10,0.1,2044.36740095168,17.665,7.449,12500,19343227,5.78,13679.6,15.89,8.51,43477012,NA,NA,NA,NA,0.29,0.29,0.34,0.93,0.262629865241625,0.316443038770078,-0.0273701347583746
"ARM","Armenia",2015,"Upper-mid","Mixed",TRUE,10.12,2.919,FALSE,4.29,74.8707317073171,12.8,0.078125,1015.35194765081,13.9,9.3,3910,1477065,2.81,3512.4,105.54,35.51,3004600,NA,NA,NA,NA,0.29,0.29,0.32,0.9,0.253421129397274,0.309823924106707,-0.0365788706027258
"AUS","Australia",2015,"High","Mixed",TRUE,10.14,3.486,FALSE,3.79,82.4,3.3,0.303030303030303,4760.54357572354,12.9,6.6,60780,12568796,NA,56970.4,3.1,13.12,23815995,NA,NA,NA,NA,0.44,0.44,0.6,0.99,0.449427292228298,0.604318845555703,0.00942729222829752
"AUT","Austria",2015,"High","Mixed",TRUE,10.52,5.124,FALSE,7.54,81.190243902439,3.1,0.32258064516129,5247.51839437757,9.8,9.6,47190,4460463,5.49,43915.2,104.73,32.44,8642699,NA,NA,NA,NA,0.36,0.36,0.39,0.98,0.346997155682735,0.379770860762844,-0.0130028443172653
"AZE","Azerbaijan",2015,"Upper-mid","Mixed",TRUE,4.34,3.328,FALSE,4.13,72.349,21.1,0.0473933649289099,647.518914149671,17.2,5.7,6610,4693026,2.95,5500.5,116.73,44.84,9649341,NA,NA,NA,NA,0.65,0.65,0.69,0.87,0.547360232411754,0.58818472578552,-0.102639767588246
"BEL","Belgium",2015,"High","Mixed",TRUE,10.88,3.221,FALSE,5.83,80.9926829268293,3.4,0.294117647058824,5032.23017951923,10.8,9.8,45520,4994454,6.47,40893.8,371.68,13.78,11274196,NA,NA,NA,NA,0.45,0.45,0.51,0.98,0.444629606548487,0.467819841495743,-0.0053703934515133
"BGD","Bangladesh",2015,"Lower-mid","Private",TRUE,2.27,0.476,FALSE,0.76,70.543,29.8,0.0335570469798658,95.7094284834595,20.254,5.638,1200,61920877,1.87,1224.4,1224.42,70.46,159383179,NA,NA,NA,NA,1,1,1,1,1,1,0
"BGR","Bulgaria",2015,"Upper-mid","Mixed",TRUE,7.39,4.041,FALSE,7.24,74.6146341463415,6.8,0.147058823529412,1388.45076597855,9.4,15.8,7530,3259536,3.88,7269,64.34,26.9,6984225,NA,NA,NA,NA,0.42,0.42,0.43,0.9,0.380075874787814,0.393423168297749,-0.0399241252121857
"BHR","Bahrain",2015,"High","Mixed",TRUE,4.75,0.927,FALSE,1.89,80.338,6.3,0.158730158730159,2283.39810616744,15.36,2.084,23640,777303,2.55,23734.1,1761.34,0,1370322,NA,NA,NA,NA,0.8,0.8,1,1,0.840989163058643,1,0.0409891630586434
"BLR","Belarus",2015,"Upper-mid","Public",TRUE,6.07,4.255,FALSE,10.25,73.6243902439025,3.1,0.32258064516129,1096.81250685851,12.5,12.6,6740,5097379,4.79,5967.1,46.61,23.37,9461076,NA,NA,NA,NA,0.58,0.58,0.6,0.89,0.563443553930466,0.589997250405106,-0.0165564460695335
"BTN","Bhutan",2015,"Lower-mid","Public",TRUE,3.44,0.339,FALSE,1.72,70.797,22.9,0.0436681222707424,334.923831761654,15.656,6.526,2740,341579,6.93,2954,19.43,63.3,740618,NA,NA,NA,NA,0.79,0.79,0.84,0.97,0.850954364854807,0.896795696823692,0.0609543648548068
"CAN","Canada",2015,"High","Mixed",TRUE,10.76,2.5388,FALSE,2.6,81.8258536585366,4.6,0.217391304347826,4773.7,10.7,7.4,47580,19705946,4.74,43594.2,3.98,18.75,35704498,NA,NA,NA,NA,0.47,0.47,0.82,0.99,0.487994788150793,0.774214999441659,0.0179947881507926
"CHE","Switzerland",2015,"High","Mixed",TRUE,10.98,4.196,FALSE,4.73,82.8975609756098,3.7,0.27027027027027,7166.6,10.5,8.2,88150,4810503,4.99,85265.1,209.63,24.4,8282396,NA,NA,NA,NA,0.35,0.35,1,1,0.353729377372518,1,0.00372937737251811
"CHL","Chile",2015,"High","Mixed",TRUE,8.35,2.138,FALSE,2.13,80.008,6.8,0.147058823529412,1875.5,13.147,6.106,14080,8996276,4.9,13434,24.33,12.53,18047625,NA,NA,NA,NA,0.49,0.49,0.79,0.97,0.492178970587495,0.709855833397678,0.00217897058749489
"CHN","China",2015,"Upper-mid","Mixed",TRUE,4.85,1.797,FALSE,3.82,76.975,8.2,0.121951219512195,647.4,11.99,7.07,8040,781077009,NA,8175.3,146.98,42.67,1379860000,NA,NA,NA,NA,0.62,0.62,0.71,0.94,0.57502055238876,0.69873962025326,-0.0449794476112396
"COL","Colombia",2015,"Upper-mid","Mixed",TRUE,7.52,2.022,FALSE,1.65,76.067,13.9,0.0719424460431655,999.7,14.764,5.252,7420,23769792,4.47,6248.5,42.33,22.84,46969940,NA,NA,NA,NA,0.46,0.46,0.74,0.95,0.452276161761164,0.650028190539105,-0.00772383823883555
"CPV","Cabo Verde",2015,"Lower-mid","Mixed",TRUE,4.4,0.743,FALSE,2.08,74.096,17.6,0.0568181818181818,298.1,17.459,5.136,3620,215930,4.81,3415.1,127.14,33.1,512394,NA,NA,NA,NA,0.63,0.63,0.75,0.95,0.629410709789176,0.718510853214531,-0.000589290210824212
"CRI","Costa Rica",2015,"Upper-mid","Mixed",TRUE,7.59,1.806,FALSE,1.16,80.407,7.8,0.128205128205128,1343.2,14.704,4.518,10770,2344336,6.87,11714.7,94.36,24.98,4818038,NA,NA,NA,NA,0.74,0.74,1,1,0.72661255534036,1,-0.0133874446596399
"CUB","Cuba",2015,"Upper-mid","Public",TRUE,12.81,7.803,FALSE,4.07,77.745,4.8,0.208333333333333,2911.5,10.938,9.123,7270,5217686,8.96,7727.9,108.31,23.13,11275065,NA,NA,NA,NA,0.31,0.31,0.37,0.94,0.315773827938611,0.355880629479213,0.00577382793861125
"CYP","Cyprus",2015,"High","Mixed",TRUE,6.79,2.498,FALSE,2.37,81.464,2.1,0.476190476190476,2136.1,11.242,6.043,25650,657397,6.3,23088.4,131.98,32.96,1219502,NA,NA,NA,NA,0.89,0.89,0.89,0.98,1,1,0.11
"CZE","Czechia",2015,"High","Mixed",TRUE,7.29,3.9516,FALSE,6.73,78.5780487804878,2.6,0.384615384615385,2489.1,10.5,10.5,18340,5305064,5.72,17931.6,136.59,26.96,10546059,NA,NA,NA,NA,0.53,0.53,0.54,0.95,0.520934716497504,0.529867122996671,-0.00906528350249614
"DEU","Germany",2015,"High","Mixed",TRUE,10.92,4.12,FALSE,8.09,80.6414634146341,3.3,0.303030303030303,5336.1,9,11.3,46590,42693402,4.76,41929.8,234.15,19.3,81686611,NA,NA,NA,NA,0.35,0.35,0.36,0.97,0.364051574154503,0.380217116426128,0.014051574154503
"DNK","Denmark",2015,"High","Public",TRUE,10.38,3.93,FALSE,2.53,80.7024390243902,3.5,0.285714285714286,5074.5,10.2,9.2,60350,2899972,NA,53094,142.09,12.27,5683483,NA,NA,NA,NA,0.62,0.62,0.68,0.98,0.602885183037063,0.674901989611835,-0.0171148169629367
"ECU","Ecuador",2015,"Upper-mid","Mixed",TRUE,7.77,1.806,FALSE,1.52,76.222,12.9,0.0775193798449612,845,18.357,4.869,5970,7577726,5.11,5976.2,65.49,37.04,16266225,NA,NA,NA,NA,0.48,0.48,0.8,0.96,0.481376435502683,0.671340853458891,0.00137643550268352
"EGY","Egypt",2015,"Lower-mid","Mixed",TRUE,5.06,0.763,FALSE,1.25,70.135,24.1,0.04149377593361,581.9,28.184,5.818,3100,30851683,NA,3307,100.05,57.39,99597342,NA,NA,NA,NA,0.61,0.61,0.66,0.94,0.569281194620128,0.622502372882648,-0.0407188053798719
"ESP","Spain",2015,"High","Mixed",TRUE,9.18,3.826,FALSE,2.96,82.8317073170732,2.7,0.37037037037037,3233,9,9.1,28700,23132898,4.25,25982.4,92.91,20.75,46422303,NA,NA,NA,NA,0.64,0.64,1,1,0.653677980447223,1,0.0136779804472227
"EST","Estonia",2015,"High","Mixed",TRUE,6.52,3.417,FALSE,4.82,77.590243902439,2.4,0.416666666666667,1939,10.6,11.6,18900,682925,5.05,17722.2,30.26,31.52,1315407,NA,NA,NA,NA,0.59,0.59,0.61,0.94,0.604523425562772,0.614746339764866,0.0145234255627722
"FIN","Finland",2015,"High","Public",TRUE,9.7,3.421,FALSE,4.28,81.4804878048781,2,0.5,4100,10.1,9.6,46860,2693252,7.07,42560.3,18.03,28.69,5479531,NA,NA,NA,NA,0.7,0.7,1,1,0.717581136307791,1,0.0175811363077908
"FJI","Fiji",2015,"Upper-mid","Mixed",TRUE,3.32,0.813,FALSE,1.88,66.48,16.1,0.062111801242236,390.1,20.998,8.791,4820,376446,4.81,5097.5,50.28,45.38,918578,NA,NA,NA,NA,0.76,0.76,0.78,0.89,0.688310677149977,0.726789390504286,-0.0716893228500229
"FRA","France",2015,"High","Mixed",TRUE,11.5,3.184,FALSE,6.28,82.3219512195122,3.2,0.3125,4711.9,12,8.9,41130,30261476,NA,36702.4,123.48,22.24,66548272,NA,NA,NA,NA,0.45,0.45,0.63,0.99,0.476429134955013,0.63507949894004,0.026429134955013
"GBR","United Kingdom",2015,"High","Mixed",TRUE,9.94,2.767,FALSE,2.6,80.9560975609756,3.9,0.256410256410256,4225.9,11.9,9.2,44630,33272035,5.55,45256,269.03,18.18,65087000,NA,NA,NA,NA,0.55,0.55,0.73,0.98,0.550107071177108,0.661044205771647,0.000107071177107843
"GEO","Georgia",2015,"Upper-mid","Mixed",TRUE,8.66,5.313,FALSE,3.38,73.241,8.9,0.112359550561798,1044,16.021,12.503,4500,1985928,3.11,4086.6,65.18,42.62,3725276,NA,NA,NA,NA,0.39,0.39,0.41,0.89,0.310471822304374,0.323947040465468,-0.079528177695626
"GHA","Ghana",2015,"Lower-mid","Private",TRUE,4.54,0.114,FALSE,0.69,63.175,37.9,0.0263852242744063,235.8,31.114,7.845,1880,12200598,4.43,1722.8,126.11,46.38,28696068,NA,NA,NA,NA,0.92,0.92,0.93,0.99,0.921429559480055,0.990439732307234,0.00142955948005485
"GMB","Gambia",2015,"Low","Public",TRUE,3.18,0.096,FALSE,1.02,62.971,43.5,0.0229885057471264,63.2,35.746,7.501,590,600677,2.16,619.5,219.82,40.75,2224529,NA,NA,NA,NA,1,1,1,1,1,1,0
"GRC","Greece",2015,"High","Mixed",TRUE,8.27,5.902,FALSE,4.25,81.0365853658537,3.6,0.277777777777778,2192.8,8.5,11.2,19920,4737907,3.68,17980.7,83.95,22.48,10820883,NA,NA,NA,NA,0.44,0.44,0.5,0.98,0.421038719233563,0.498567122746429,-0.0189612807664368
"HRV","Croatia",2015,"High","Mixed",TRUE,6.66,3.21,FALSE,5.6,77.2756097560976,4.2,0.238095238095238,1569.2,9,13.1,13570,1864017,NA,12283.9,74.19,44.42,4151725,NA,NA,NA,NA,0.51,0.51,0.53,0.93,0.483855186305556,0.499093357676335,-0.0261448136944444
"HUN","Hungary",2015,"High","Mixed",TRUE,6.85,3.098,FALSE,7,75.5682926829269,4.2,0.238095238095238,1842.4,9.4,13.4,13310,4709412,4.49,12783,107.36,29.52,9797755,NA,NA,NA,NA,0.49,0.49,0.49,0.91,0.46284731460051,0.466858089898522,-0.0271526853994899
"IDN","Indonesia",2015,"Lower-mid","Mixed",TRUE,2.92,0.27,FALSE,0.95,69.52,21.9,0.045662100456621,293.2,18.569,7.495,3390,127299364,3.58,3288.2,139.44,46.83,261799249,NA,NA,NA,NA,1,1,1,1,1,1,0
"IRN","Iran",2015,"Lower-mid","Mixed",TRUE,8.38,1.095,FALSE,1.79,75.907,14,0.0714285714285714,1147.5,18.879,4.617,5460,26476760,2.63,4952.7,50.73,26.64,82619362,NA,NA,NA,NA,0.5,0.5,0.72,0.95,0.452937540720804,0.732863886274681,-0.0470624592791962
"ISL","Iceland",2015,"High","Public",TRUE,8.13,3.773,FALSE,3.12,82.4682926829268,2,0.5,4000.1,12.5,6.6,53170,202438,7.46,53505.7,3.3,6.27,330815,NA,NA,NA,NA,0.79,0.79,1,1,0.808299803668626,1,0.0182998036686255
"ISR","Israel",2015,"High","Mixed",TRUE,7.02,3.431,FALSE,3.15,82.0512195121951,3.1,0.32258064516129,2620.6,21.3,5.3,36900,3941723,5.8,36138.1,387.25,8.3,8380100,NA,NA,NA,NA,0.56,0.56,0.67,0.99,0.579114699867057,0.678510446774327,0.0191146998670567
"ITA","Italy",2015,"High","Mixed",TRUE,8.85,3.848,FALSE,3.2,82.5439024390244,3,0.333333333333333,3304.3,8.1,10.8,33460,25270285,4.05,30639.9,203.67,30.39,60229605,NA,NA,NA,NA,0.56,0.56,0.71,1,0.565830749761286,0.716836441816593,0.00583074976128561
"JAM","Jamaica",2015,"Upper-mid","Mixed",TRUE,6.61,0.428,FALSE,1.71,72.214,17.2,0.0581395348837209,594.4,13.318,6.721,4940,1405947,5.46,5339.3,258.78,44.8,2802534,NA,NA,NA,NA,0.67,0.67,0.81,0.96,0.621190419291914,0.810278276750864,-0.0488095807080865
"KAZ","Kazakhstan",2015,"Upper-mid","Mixed",TRUE,3.04,3.726,FALSE,5.67,72.024,9.5,0.105263157894737,683.6,22.513,7.388,11040,9211841,2.79,10196.1,6.7,43.89,18084169,NA,NA,NA,NA,0.93,0.93,0.96,0.98,0.847746321281677,0.853725811955479,-0.0822536787183231
"KOR","Korea, Rep.",2015,"High","Mixed",TRUE,6.46,2.242,FALSE,11.62,82.0243902439024,2.9,0.344827586206897,2573.4,8.6,5.4,30130,27531028,4.24,30171.8,523.53,18.36,51014947,NA,NA,NA,NA,0.7,0.7,0.86,0.99,0.753199843897001,0.828655957896615,0.0531998438970011
"LAO","Lao PDR",2015,"Lower-mid","Mixed",TRUE,2.45,0.4,FALSE,1.15,66.688,39.9,0.025062656641604,149.3,24.962,7.507,1960,2725447,2.74,2121,29.47,66.88,6801645,NA,NA,NA,NA,1,1,1,1,0.96530960327022,1,-0.0346903967297802
"LKA","Sri Lanka",2015,"Lower-mid","Mixed",TRUE,3.68,0.83,FALSE,3.71,75.99,7.4,0.135135135135135,434.5,16.022,6.398,3920,8475356,2.11,4057.7,338.81,81.2,20970000,NA,NA,NA,NA,0.84,0.84,0.87,0.95,0.887541963852885,0.942427170922416,0.047541963852885
"LTU","Lithuania",2015,"High","Mixed",TRUE,6.47,4.338,FALSE,6.96,74.3219512195122,4.1,0.24390243902439,1858.1,10.3,14.4,15220,1470288,4.22,14269.8,46.47,32.77,2911109,NA,NA,NA,NA,0.51,0.51,0.52,0.9,0.487448024069575,0.498350054060431,-0.0225519759304254
"LUX","Luxembourg",2015,"High","Mixed",TRUE,5.08,2.908,FALSE,4.96,82.2926829268293,2.1,0.476190476190476,5546.7,10.7,7,73530,284538,3.77,105462,221.25,9.01,569604,NA,NA,NA,NA,0.82,0.82,0.82,0.99,0.86201724784406,1,0.0420172478440597
"LVA","Latvia",2015,"High","Mixed",TRUE,5.85,3.197,FALSE,5.69,74.4804878048781,4.3,0.232558139534884,1405.8,11.1,14.4,14580,1007753,5.47,13322,31.78,32.1,1977527,NA,NA,NA,NA,0.58,0.58,0.58,0.9,0.532846883532331,0.542368618910692,-0.0471531164676685
"MDA","Moldova",2015,"Lower-mid","Mixed",TRUE,8.5,3.159,FALSE,5.72,70.118,14.2,0.0704225352112676,623.7,15.227,13.094,3290,1628234,5.77,2749.6,98.76,60.3,2835978,NA,NA,NA,NA,0.31,0.31,0.32,0.84,0.281387797344812,0.286736068585421,-0.0286122026551876
"MEX","Mexico",2015,"Upper-mid","Mixed",TRUE,5.53,2.34,FALSE,1,74.431,15,0.0666666666666667,1054.4,18.227,5.768,10580,52800736,5.05,10021.2,62.28,22.81,121072306,NA,NA,NA,NA,0.67,0.67,0.94,0.99,0.664405752763124,0.896739768513183,-0.00559424723687629
"MLI","Mali",2015,"Low","Private",TRUE,4.11,0.094,FALSE,0.25,57.852,66.1,0.0151285930408472,80.6,44.474,10.59,890,6823303,3.2,838.1,15.24,74.15,18593022,NA,NA,NA,NA,1,1,1,1,1,1,0
"MLT","Malta",2015,"High","Mixed",TRUE,8.7,3.676,FALSE,4.59,81.7975609756098,5.8,0.172413793103448,3381,9.7,7.7,25470,211969,4.91,25529.7,1388.19,5.56,444220,NA,NA,NA,NA,0.39,0.39,0.69,0.99,0.358629605727761,0.495058576091698,-0.0313703942722386
"MNG","Mongolia",2015,"Lower-mid","Mixed",TRUE,4.23,3.243,FALSE,7.3,70.810243902439,15.7,0.0636942675159236,450,27.1,5.8,3770,1272830,4.22,3838.9,1.94,32,3026864,NA,NA,NA,NA,0.63,0.63,0.64,0.84,0.564604836156135,0.568967097514616,-0.065395163843865
"MUS","Mauritius",2015,"Upper-mid","Mixed",TRUE,5.55,1.973,FALSE,3.47,74.3531707317073,12.9,0.0775193798449612,1085.4,10.1,7.8,10660,618312,4.76,9630.5,632.39,60.33,1262879,NA,NA,NA,NA,0.5,0.5,0.56,0.91,0.45885651910774,0.517758281465264,-0.0411434808922598
"MYS","Malaysia",2015,"Upper-mid","Mixed",TRUE,3.82,1.489,FALSE,1.86,75.288,6.7,0.149253731343284,937.4,16.336,4.864,10350,15103051,4.89,9648.7,95.06,26.56,31232798,NA,NA,NA,NA,0.81,0.81,0.86,0.95,0.74274346784843,0.7886936670551,-0.0672565321515701
"NER","Niger",2015,"Low","Private",TRUE,5.35,0.032,FALSE,0.26,58.85,69.1,0.0144717800289436,62.7,46.577,10.386,560,7430131,4.49,485.7,15.74,83.7,19939498,NA,NA,NA,NA,1,1,1,1,1,1,0
"NIC","Nicaragua",2015,"Lower-mid","Mixed",TRUE,7.96,0.942,FALSE,0.92,72.899,15,0.0666666666666667,433.9,22.449,4.993,1910,2714759,4.08,2074.5,51.1,42.19,6149417,NA,NA,NA,NA,0.6,0.6,1,1,0.603641775245926,0.940185221221349,0.00364177524592579
"NLD","Netherlands",2015,"High","Mixed",TRUE,10.19,3.457,FALSE,3.46,81.509756097561,3.5,0.285714285714286,5205.2,10.1,8.7,49670,9385800,5.28,45793.8,503.12,9.72,16939923,NA,NA,NA,NA,0.45,0.45,0.59,0.98,0.463151380493852,0.541615908953626,0.0131513804938524
"NOR","Norway",2015,"High","Public",TRUE,10.07,4.091,FALSE,3.76,82.3048780487805,2.2,0.454545454545455,6144.9,11.3,7.8,93290,2832644,7.52,77221,14.21,18.76,5188607,NA,NA,NA,NA,0.62,0.62,0.62,1,0.61315749570987,0.629164199459976,-0.00684250429013022
"NZL","New Zealand",2015,"High","Mixed",TRUE,8.89,3.031,FALSE,2.7,81.6124390243903,4.7,0.212765957446809,3337,13.23,6.85,40660,2526061,5.7,38648.7,17.51,14.85,4609400,NA,NA,NA,NA,0.48,0.48,0.74,0.99,0.487353180813457,0.669383384765668,0.00735318081345709
"PAK","Pakistan",2015,"Lower-mid","Private",TRUE,2.49,0.85,FALSE,0.46,65.641,63.6,0.0157232704402516,111.8,30.697,7.164,1280,69229075,2.39,1380.5,281.87,64.1,217290883,NA,NA,NA,NA,1,1,1,1,1,1,0
"PAN","Panama",2015,"Upper-mid","Mixed",TRUE,6.94,1.579,FALSE,2.09,77.583,13.6,0.0735294117647059,1900,19.839,4.714,12570,1874167,3.27,14082.7,53.43,34.47,3960035,NA,NA,NA,NA,0.44,0.44,0.73,0.96,0.432376298721027,0.673152673002611,-0.00762370127897322
"POL","Poland",2015,"High","Mixed",TRUE,6.36,2.311,FALSE,6.59,77.4512195121951,4.2,0.238095238095238,1717.4,9.7,10.4,13320,18407499,4.79,12637.5,124.06,39.66,37986412,NA,NA,NA,NA,0.55,0.55,0.56,0.94,0.543289733920069,0.550459737057675,-0.00671026607993064
"PRT","Portugal",2015,"High","Mixed",TRUE,9.33,4.748,FALSE,3.36,81.1243902439025,2.9,0.344827586206897,2754.2,8.2,10.5,20450,5197927,4.89,19215.8,113.07,38.86,10358076,NA,NA,NA,NA,0.53,0.53,0.56,0.98,0.550007689070837,0.581923776421512,0.0200076890708371
"RUS","Russian Federation",2015,"Upper-mid","Mixed",TRUE,5.3,3.925,FALSE,7.55,71.1834146341463,6.6,0.151515151515152,1285.2,13.3,13,11740,75408951,3.83,9277.7,8.83,25.72,144640716,NA,NA,NA,NA,0.56,0.56,0.56,0.86,0.513320690395052,0.529277185306805,-0.0466793096049483
"RWA","Rwanda",2015,"Low","Public",TRUE,6.65,0.11,FALSE,0.74,65.419,33.9,0.0294985250737463,118.4,32.098,6.401,720,4154021,3.65,725.7,471.83,81.8,11640022,NA,NA,NA,NA,0.8,0.8,1,1,0.877099345121579,1,0.0770993451215787
"SEN","Senegal",2015,"Lower-mid","Mixed",TRUE,4.38,0.2074,FALSE,0.68,66.451,37.3,0.0268096514745308,131.1,34.505,6.615,1320,3825810,5.46,1218,75.8,53.73,14593331,NA,NA,NA,NA,0.89,0.89,1,1,0.865592092017396,1,-0.0244079079826044
"SGP","Singapore",2015,"High","Mixed",TRUE,4.18,2.255,FALSE,2.4,82.7439024390244,2.2,0.454545454545455,3650,9.7,4.8,53160,3360400,2.99,55645.6,7806.77,0,5535002,NA,NA,NA,NA,1,1,1,1,1,1,0
"SRB","Serbia",2015,"Upper-mid","Mixed",TRUE,8.46,3.043,FALSE,5.52,75.2878048780488,5.4,0.185185185185185,1312.5,9.3,14.6,6210,3113181,NA,5820.3,81.13,39.86,7095383,NA,NA,NA,NA,0.37,0.37,0.38,0.91,0.358847118055097,0.3617330341235,-0.0111528819449029
"SUR","Suriname",2015,"Upper-mid","Mixed",TRUE,5.81,1.006,FALSE,2.9,70.567,19,0.0526315789473684,960.9,19.479,7.186,8550,230457,5.53,8813.6,3.62,33.82,581627,NA,NA,NA,NA,0.48,0.48,0.49,0.89,0.448040909103118,0.448296746884519,-0.0319590908968819
"SVK","Slovak Republic",2015,"High","Mixed",TRUE,6.74,3.454,FALSE,5.75,76.5634146341463,5.2,0.192307692307692,2033.8,10.3,9.9,17800,2738069,4.56,16442.1,112.8,46.13,5423801,NA,NA,NA,NA,0.48,0.48,0.51,0.92,0.450067485478745,0.476627686784991,-0.0299325145212554
"SVN","Slovenia",2015,"High","Mixed",TRUE,8.58,2.83,FALSE,4.52,80.7756097560976,2.1,0.476190476190476,2689.4,10,9.6,22080,1012244,4.96,20697.3,102.45,46.34,2063531,NA,NA,NA,NA,0.8,0.8,0.99,1,0.822990420024236,0.882685512367366,0.0229904200242361
"SWE","Sweden",2015,"High","Public",TRUE,10.93,4.174,FALSE,2.44,82.2048780487805,2.3,0.434782608695652,5360.9,11.7,9.3,57900,5177451,7.49,51188.2,24.06,13.38,9799186,NA,NA,NA,NA,0.93,0.93,0.93,0.99,0.896987367904698,0.940086949037049,-0.0330126320953024
"TCD","Chad",2015,"Low","Mixed",TRUE,3.4,0.048,FALSE,0.47,51.32,72.1,0.013869625520111,80.9,46.51,13.876,1130,4641464,2.34,993.9,11.63,77.2,14647621,NA,NA,NA,NA,0.87,0.87,1,1,1,1,0.13
"TGO","Togo",2015,"Low","Private",TRUE,6.25,0.047,FALSE,0.64,59.23,45.4,0.0220264317180617,117.4,36.098,10.207,910,2380396,3.71,813.9,130.01,60.28,7071502,NA,NA,NA,NA,1,1,1,1,1,1,0
"THA","Thailand",2015,"Upper-mid","Mixed",TRUE,3.85,0.453,FALSE,2.13,76.563,10.1,0.099009900990099,608.3,10.594,6.818,5560,40014953,3.86,5688.9,138.07,53.05,70540795,NA,NA,NA,NA,1,1,1,1,1,1,0
"TTO","Trinidad and Tobago",2015,"High","Mixed",TRUE,5.65,2.541,FALSE,2.43,72.882,20.6,0.0485436893203883,1592.1,13.031,7.131,20650,684099,4.42,19887.2,263.09,46.07,1349667,NA,NA,NA,NA,0.47,0.47,0.54,0.9,0.424065889379765,0.466577100861191,-0.0459341106202353
"TUN","Tunisia",2015,"Lower-mid","Mixed",TRUE,6.21,1.285,FALSE,1.8,74.875,16,0.0625,670,19.415,5.996,4130,4077612,6.22,4014.9,73.39,32.12,11402264,NA,NA,NA,NA,0.51,0.51,0.76,0.95,0.467268543208539,0.634433286887768,-0.0427314567914609
"TUR","Turkiye",2015,"Upper-mid","Mixed",TRUE,4.12,1.765,FALSE,2.62,76.539,11,0.0909090909090909,1040.8,17.1,5.2,12080,30550902,4.31,11064.6,101.63,12.78,78218479,NA,NA,NA,NA,0.72,0.72,0.84,0.94,0.646147335225921,0.77879820401995,-0.0738526647740789
"VNM","Vietnam",2015,"Lower-mid","Mixed",TRUE,4.71,0.795,FALSE,2.51,73.955,15.5,0.0645161290322581,361.4,18.498,6.153,2460,54628714,3.42,2577.6,296.2,67.62,92823254,NA,NA,NA,NA,0.63,0.63,0.7,0.94,0.603228513725146,0.662505272310248,-0.0267714862748537
"AFG","Afghanistan",2016,"Low","Public",TRUE,11.82,0.284,FALSE,0.45,62.646,61.9,0.0161550888529887,261.566866928026,38.732,7.32,560,8883595,4.54,522.1,53.2,75.34,34700612,NA,NA,NA,NA,0.59,0.59,0.77,0.95,0.549344039163206,0.830050429388421,-0.0406559608367945
"ALB","Albania",2016,"Upper-mid","Mixed",TRUE,6.65,1.212,FALSE,2.82,78.643,7.6,0.131578947368421,806.720912809582,11.873,7.288,4670,1254637,3.92,4457.6,98.16,44.43,2689469,NA,NA,NA,NA,0.51,0.51,0.66,0.98,0.571690707750533,0.631381930430438,0.0616907077505328
"ARG","Argentina",2016,"Upper-mid","Mixed",TRUE,10.05,5.024,FALSE,4.94,76.105,9.7,0.103092783505155,2021.34394435431,16.789,7.865,12130,19497873,5.55,12700,16.04,8.41,43900313,NA,NA,NA,NA,0.33,0.33,0.39,0.91,0.278517648724897,0.322422376591485,-0.0514823512751028
"AUS","Australia",2016,"High","Mixed",TRUE,10.09,3.557,FALSE,3.82,82.4487804878049,3.2,0.3125,5026.32603186604,12.9,6.6,54330,12744765,NA,50084.4,3.14,12.98,24190907,NA,NA,NA,NA,0.46,0.46,0.61,0.99,0.45375036623222,0.61449762346484,-0.0062496337677802
"AUT","Austria",2016,"High","Mixed",TRUE,10.52,5.129,FALSE,7.42,81.6414634146342,3,0.333333333333333,5533.68204105967,10,9.2,45980,4541001,5.51,45061.5,105.87,32.28,8736668,NA,NA,NA,NA,0.38,0.38,0.41,0.98,0.36297298954063,0.401356327503596,-0.0170270104593702
"AZE","Azerbaijan",2016,"Upper-mid","Mixed",TRUE,4.42,3.262,FALSE,4.12,72.568,19.8,0.0505050505050505,635.626475256824,16.3,5.8,4790,4809412,2.9,3880.7,118.03,44.24,9757812,NA,NA,NA,NA,0.64,0.64,0.74,0.9,0.564246150810703,0.59782773552936,-0.0757538491892971
"BEL","Belgium",2016,"High","Mixed",TRUE,10.9,3.28,FALSE,5.76,81.4390243902439,3.4,0.294117647058824,5285.85296978273,10.8,9.5,43240,5001167,6.49,41854.5,373.57,13.55,11331422,NA,NA,NA,NA,0.44,0.44,0.53,0.98,0.425279048997377,0.446618937108092,-0.0147209510026226
"BEN","Benin",2016,"Lower-mid","Public",TRUE,3.62,0.045,FALSE,0.42,59.283,55.8,0.017921146953405,102.893474066563,38.554,9.783,1040,4901776,2.9,1010.5,103.74,53.39,11697842,NA,NA,NA,NA,1,1,1,1,1,1,0
"BGD","Bangladesh",2016,"Lower-mid","Private",TRUE,2.39,0.489,FALSE,0.79,71.075,28.5,0.0350877192982456,109.412957923441,20.226,5.575,1400,62629015,1.28,1649.3,1235.4,70.12,160811932,NA,NA,NA,NA,0.98,0.98,1,1,1,1,0.02
"BHR","Bahrain",2016,"High","Mixed",TRUE,4.62,0.83,FALSE,1.81,80.407,6.3,0.158730158730159,2183.97213531674,14.623,1.983,22720,818900,2.8,23800,1827.63,0,1423726,NA,NA,NA,NA,0.82,0.82,1,1,0.917676241911144,1,0.0976762419111445
"BLR","Belarus",2016,"Upper-mid","Public",TRUE,5.91,4.372,FALSE,10.06,73.8268292682927,2.9,0.344827586206897,1050.702270065,12.4,12.6,5640,5092675,4.95,5039.8,46.65,23.15,9469379,NA,NA,NA,NA,0.63,0.63,0.66,0.89,0.611154248674208,0.640840401211416,-0.0188457513257922
"BOL","Bolivia",2016,"Lower-mid","Mixed",TRUE,6.83,1.569,FALSE,1.23,67.392,22.1,0.0452488687782805,515.772834448334,23.272,7.614,3000,5100033,8.15,3035.9,10.32,31.26,11180020,NA,NA,NA,NA,0.45,0.45,0.5,0.87,0.461188235622521,0.499569821242325,0.0111882356225211
"BTN","Bhutan",2016,"Lower-mid","Public",TRUE,3.28,0.4,FALSE,1.71,71.119,21.6,0.0462962962962963,348.426859235791,14.81,6.568,2880,346258,6.4,3152.3,19.61,62.73,747866,NA,NA,NA,NA,0.77,0.77,0.86,0.94,0.913422706502423,0.952582797149227,0.143422706502423
"BWA","Botswana",2016,"Upper-mid","Public",TRUE,5.77,0.371,FALSE,2.57,64.32,42.8,0.0233644859813084,936.1,26.254,7.463,6060,918682,8.74,6749.1,3.94,34.31,2234776,NA,NA,NA,NA,0.46,0.46,0.5,0.87,0.541436152454017,0.547120366659718,0.0814361524540166
"CAN","Canada",2016,"High","Mixed",TRUE,11.06,2.3105,FALSE,2.58,81.94,4.6,0.217391304347826,5103.6,10.6,7.4,43900,19857477,4.82,42314.1,4.03,18.7,36110803,NA,NA,NA,NA,0.49,0.49,0.86,0.99,0.483374413601394,0.843040330505385,-0.006625586398606
"CHE","Switzerland",2016,"High","Mixed",TRUE,11.2,4.25,FALSE,4.69,83.6024390243903,3.7,0.27027027027027,7543.6,10.5,7.8,84250,4894095,4.98,83432.4,211.93,23.33,8373338,NA,NA,NA,NA,0.35,0.35,1,1,0.357612382708362,1,0.0076123827083624
"CHL","Chile",2016,"High","Mixed",TRUE,8.56,2.286,FALSE,2.11,80.295,6.7,0.149253731343284,1990.2,12.685,6.086,13310,9146668,5.37,13649.9,24.61,12.37,18267221,NA,NA,NA,NA,0.49,0.49,0.79,0.98,0.488571089742915,0.707658465901857,-0.00142891025708541
"CHN","China",2016,"Upper-mid","Mixed",TRUE,4.88,1.888,FALSE,4.05,77.214,7.6,0.131578947368421,682.9,13.57,7.04,8360,780932880,NA,8254.9,147.82,41.16,1387790000,NA,NA,NA,NA,0.62,0.62,0.74,0.94,0.602195521508762,0.714192335937804,-0.017804478491238
"COL","Colombia",2016,"Upper-mid","Mixed",TRUE,7.53,2.088,FALSE,1.72,76.228,13.5,0.0740740740740741,1056.4,14.271,5.31,6560,23971867,4.48,5959.8,42.76,22.8,47437512,NA,NA,NA,NA,0.45,0.45,0.7,0.95,0.450723596883237,0.638196182346813,0.000723596883237088
"CPV","Cabo Verde",2016,"Lower-mid","Mixed",TRUE,4.36,0.731,FALSE,2.07,74.35,16.2,0.0617283950617284,320.6,17.32,5.15,3580,216787,4.75,3609,127.18,31.96,512554,NA,NA,NA,NA,0.62,0.62,0.78,0.96,0.673872077987864,0.738929105465971,0.0538720779878641
"CRI","Costa Rica",2016,"Upper-mid","Mixed",TRUE,7.32,1.955,FALSE,1.16,79.988,7.7,0.12987012987013,1405,14.184,4.822,11170,2262369,6.89,12091,95.32,24.46,4866998,NA,NA,NA,NA,0.75,0.75,1,1,0.707565941880254,1,-0.0424340581197459
"CUB","Cuba",2016,"Upper-mid","Public",TRUE,12.22,8.003,FALSE,4.15,77.571,4.9,0.204081632653061,2819.1,10.299,9.44,7530,5229123,9.01,8110.6,108.28,23.09,11265612,NA,NA,NA,NA,0.32,0.32,0.37,0.93,0.312262513977867,0.35761693935461,-0.00773748602213292
"CYP","Cyprus",2016,"High","Mixed",TRUE,6.65,2.594,FALSE,2.36,81.534,2.1,0.476190476190476,2353.1,11.505,6.135,24400,663048,6.12,24280,133.89,33.04,1237112,NA,NA,NA,NA,1,1,1,1,1,1,0
"CZE","Czechia",2016,"High","Mixed",TRUE,7.32,4.0194,FALSE,6.73,79.0268292682927,2.6,0.384615384615385,2671.9,10.7,10.2,17660,5344644,5.5,18754,136.85,27.03,10566332,NA,NA,NA,NA,0.57,0.57,0.57,0.95,0.535941641902923,0.541921620046572,-0.0340583580970766
"DEU","Germany",2016,"High","Mixed",TRUE,10.97,4.166,FALSE,8.02,80.990243902439,3.3,0.303030303030303,5669.8,9.6,11.1,45340,43118037,4.76,42949,235.71,19.17,82348669,NA,NA,NA,NA,0.36,0.36,0.38,0.97,0.364038941747764,0.392114597248444,0.00403894174776431
"DNK","Denmark",2016,"High","Public",TRUE,10.28,3.999,FALSE,2.6,80.8536585365854,3.5,0.285714285714286,5328.2,10.8,9.2,57830,2943425,7.72,54501,143.2,12.3,5728010,NA,NA,NA,NA,0.62,0.62,0.67,0.97,0.579842522114105,0.660819654084857,-0.0401574778858954
"DZA","Algeria",2016,"Lower-mid","Public",TRUE,6,1.819,FALSE,1.6,75.31,21.6,0.0462962962962963,806.4,25.439,4.647,4920,12191778,6.5,4425,17.15,29.26,40850721,NA,NA,NA,NA,0.46,0.46,0.72,0.95,0.472051691778956,0.686424178122755,0.0120516917789558
"ECU","Ecuador",2016,"Upper-mid","Mixed",TRUE,7.59,2.055,FALSE,1.38,76.094,12.5,0.08,825.7,17.622,5.005,5750,7985502,4.46,5917.6,66.46,37.01,16505139,NA,NA,NA,NA,0.53,0.53,0.82,0.97,0.514261282976535,0.716316187543719,-0.0157387170234647
"ESP","Spain",2016,"High","Mixed",TRUE,8.88,3.803,FALSE,2.95,83.3292682926829,2.7,0.37037037037037,3343.2,8.8,8.8,27760,23054343,4.19,26755.6,93,20.64,46458139,NA,NA,NA,NA,0.68,0.68,1,1,0.653358228625372,1,-0.0266417713746279
"EST","Estonia",2016,"High","Mixed",TRUE,6.57,3.457,FALSE,4.69,77.6414634146342,2.3,0.434782608695652,2098.5,10.7,11.7,18640,691079,5.06,18666.4,30.27,31.28,1315790,NA,NA,NA,NA,0.63,0.63,0.64,0.93,0.61837753240182,0.63823313540404,-0.0116224675981803
"FIN","Finland",2016,"High","Public",TRUE,9.46,3.42,FALSE,3.97,81.4292682926829,2,0.5,4213.8,9.6,9.8,45160,2693204,6.91,43451.3,18.08,28.38,5495303,NA,NA,NA,NA,0.7,0.7,1,1,0.706720384172548,1,0.00672038417254761
"FRA","France",2016,"High","Mixed",TRUE,11.57,3.2,FALSE,6.21,82.5731707317073,3.2,0.3125,4967.8,11.8,8.9,39020,30280138,NA,37024.2,123.8,21.4,66724104,NA,NA,NA,NA,0.43,0.43,0.64,0.99,0.460172546003562,0.645317547761528,0.0301725460035621
"GBR","United Kingdom",2016,"High","Mixed",TRUE,9.87,2.773,FALSE,2.56,81.1560975609756,3.8,0.263157894736842,4348.9,11.8,9.1,43310,33593959,5.43,41258.5,271.18,17.98,65606000,NA,NA,NA,NA,0.58,0.58,0.76,0.98,0.558694511126296,0.694240474070489,-0.0213054888737039
"GEO","Georgia",2016,"Upper-mid","Mixed",TRUE,9.07,6.351,FALSE,3.64,73.136,8.7,0.114942528735632,1165.2,15.818,12.774,4180,1972634,3.52,4143.4,65.21,42.3,3727505,NA,NA,NA,NA,0.37,0.37,0.4,0.88,0.302980235075653,0.303225867771742,-0.0670197649243469
"GRC","Greece",2016,"High","Mixed",TRUE,8.45,6.122,FALSE,4.2,81.3878048780488,3.6,0.277777777777778,2322.7,8.6,11,18500,4715851,NA,17919.2,83.6,22.29,10775971,NA,NA,NA,NA,0.45,0.45,0.52,0.98,0.426857195374416,0.516497218787304,-0.0231428046255837
"HND","Honduras",2016,"Lower-mid","Mixed",TRUE,7.71,0.589,FALSE,0.63,71.615,16.5,0.0606060606060606,399.8,23.804,4.442,2090,3916766,6.1,2307.3,84.12,45.11,9412380,NA,NA,NA,NA,0.77,0.77,1,1,0.743434977902348,1,-0.0265650220976517
"HRV","Croatia",2016,"High","Mixed",TRUE,6.69,3.265,FALSE,5.54,77.9219512195122,4.1,0.24390243902439,1714.4,9.1,12.6,13090,1794702,NA,12820.2,73.38,44.27,4106867,NA,NA,NA,NA,0.52,0.52,0.56,0.94,0.504126042678264,0.530270393947301,-0.0158739573217359
"HUN","Hungary",2016,"High","Mixed",TRUE,6.97,3.212,FALSE,7,76.0634146341464,4,0.25,1959.4,9.8,13,13230,4780556,4.6,13215.9,106.94,29.53,9759755,NA,NA,NA,NA,0.49,0.49,0.5,0.91,0.478593769227383,0.482002820529527,-0.0114062307726173
"ISL","Iceland",2016,"High","Public",TRUE,8.16,3.85,FALSE,3.13,82.2048780487805,2,0.5,4359.9,12,6.9,59210,208038,7.43,62854.1,3.35,6.22,335439,NA,NA,NA,NA,0.82,0.82,1,1,0.800558957259957,1,-0.0194410427400434
"ISR","Israel",2016,"High","Mixed",TRUE,7.1,3.422,FALSE,3.11,82.4073170731707,3.1,0.32258064516129,2822.1,21.2,5.2,37240,4024474,5.8,37571.3,394.92,8.31,8546000,NA,NA,NA,NA,0.59,0.59,0.73,0.99,0.589378101536285,0.737679711682627,-0.000621898463714965
"ITA","Italy",2016,"High","Mixed",TRUE,8.72,3.963,FALSE,3.18,83.2439024390244,2.9,0.344827586206897,3527.4,7.9,10.2,32400,25548902,3.8,31391.6,203.29,30.4,60115223,NA,NA,NA,NA,0.6,0.6,0.93,1,0.581765749835273,0.923649177497266,-0.0182342501647267
"JAM","Jamaica",2016,"Upper-mid","Mixed",TRUE,6.59,0.471,FALSE,1.73,72.052,17.1,0.0584795321637427,619.4,12.941,6.911,4990,1407680,5.31,5302.3,259.46,44.45,2809915,NA,NA,NA,NA,0.55,0.55,0.68,0.94,0.593573339487719,0.71118682142294,0.0435733394877185
"JPN","Japan",2016,"High","Mixed",TRUE,10.66,2.423,FALSE,13.09,83.9848780487805,2,0.5,4324.3,7.8,10.5,39220,66529155,3.15,40215,348.63,8.55,127076000,NA,NA,NA,NA,0.91,0.91,1,1,0.957266208050063,1,0.0472662080500627
"KAZ","Kazakhstan",2016,"Upper-mid","Mixed",TRUE,3.42,3.707,FALSE,5.45,72.549,8.8,0.113636363636364,787.9,22.34,7.208,8500,9280982,2.98,7475.6,6.8,43.25,18363600,NA,NA,NA,NA,0.82,0.82,0.89,0.96,0.796657810012269,0.802446187351981,-0.0233421899877307
"KOR","Korea, Rep.",2016,"High","Mixed",TRUE,6.64,2.29,FALSE,11.97,82.2756097560976,2.8,0.357142857142857,2761,7.9,5.5,30850,27791833,4.12,30832.1,525.37,18.44,51217803,NA,NA,NA,NA,0.71,0.71,0.85,0.99,0.745654334051696,0.820951635489471,0.0356543340516963
"LAO","Lao PDR",2016,"Lower-mid","Mixed",TRUE,2.36,0.371,FALSE,1.21,67.014,38.1,0.026246719160105,159.2,24.567,7.201,2110,2778397,2.77,2303.2,29.93,66.17,6908802,NA,NA,NA,NA,1,1,1,1,1,1,0
"LBN","Lebanon",2016,"Upper-mid","Mixed",TRUE,7.92,2.136,FALSE,2.73,78.306,11.5,0.0869565217391304,1500.8,19.197,4.718,7670,2211422,2.18,8089,618.09,11.16,6323060,NA,NA,NA,NA,0.41,0.41,0.64,0.96,0.369662085340827,0.556192874900688,-0.0403379146591734
"LKA","Sri Lanka",2016,"Lower-mid","Mixed",TRUE,3.62,0.856,FALSE,3.72,76.136,7,0.142857142857143,458,15.651,6.493,4020,8605342,3.23,4149.2,342.67,81.03,21209000,NA,NA,NA,NA,0.85,0.85,0.9,0.97,0.934463944930598,0.97079733070972,0.0844639449305976
"LTU","Lithuania",2016,"High","Mixed",TRUE,6.65,4.466,FALSE,6.69,74.6707317073171,4,0.25,2033.3,10.3,14.3,14890,1479370,4.01,14934.3,45.93,32.81,2877325,NA,NA,NA,NA,0.52,0.52,0.53,0.9,0.494960229633215,0.505196941216662,-0.0250397703667853
"LUX","Luxembourg",2016,"High","Mixed",TRUE,5.07,2.884,FALSE,4.81,82.6853658536585,2.1,0.476190476190476,5806.3,10.4,6.8,73730,287759,NA,106899.3,226.07,8.46,582014,NA,NA,NA,NA,0.87,0.87,0.87,1,0.863905325443593,0.863905325443716,-0.00609467455640678
"LVA","Latvia",2016,"High","Mixed",TRUE,6.35,3.212,FALSE,5.72,74.580487804878,4,0.25,1631.1,11.2,14.6,14300,1000347,4.82,13838.5,31.49,32.07,1959537,NA,NA,NA,NA,0.55,0.55,0.56,0.9,0.517891984860718,0.529064513242632,-0.0321080151392824
"MDV","Maldives",2016,"Upper-mid","Mixed",TRUE,10.23,1.32,FALSE,4.94,78.913,8,0.125,1920.8,15.512,2.763,8720,194588,3.66,9947.8,1477.69,61.04,443308,NA,NA,NA,NA,0.4,0.4,0.74,0.99,0.413640849742644,0.505277208589502,0.0136408497426445
"MEX","Mexico",2016,"Upper-mid","Mixed",TRUE,5.38,2.345,FALSE,1,74.376,14.7,0.0680272108843537,1082.6,17.69,5.868,9740,53498509,4.76,9097.9,62.89,22.56,122251351,NA,NA,NA,NA,0.68,0.68,0.91,0.98,0.674229710982786,0.903585158368811,-0.00577028901721444
"MLI","Mali",2016,"Low","Private",TRUE,3.77,0.117,FALSE,0.23,58.286,64,0.015625,80,43.911,10.268,870,6976542,2.59,872.5,15.73,73.55,19191289,NA,NA,NA,NA,1,1,1,1,1,1,0
"MMR","Myanmar",2016,"Lower-mid","Public",TRUE,4.76,0.638,FALSE,1.07,65.64,42.6,0.0234741784037559,212.4,18.561,8.861,1230,24084188,NA,1229.2,78.89,70.19,51495696,NA,NA,NA,NA,0.52,0.52,0.56,0.89,0.573501199893638,0.587825997855639,0.0535011998936381
"MNG","Mongolia",2016,"Lower-mid","Mixed",TRUE,4.58,3.289,FALSE,7.55,70.2239024390244,15,0.0666666666666667,489,25.9,5.8,3460,1258931,5.18,3619.9,1.98,32.02,3088856,NA,NA,NA,NA,0.61,0.61,0.64,0.85,0.541172748330281,0.552940154823338,-0.068827251669719
"MUS","Mauritius",2016,"Upper-mid","Mixed",TRUE,5.54,2.144,FALSE,3.51,74.3948780487805,13,0.0769230769230769,1175.1,10.4,8.1,10650,615224,4.88,10095.1,632.82,60.44,1263747,NA,NA,NA,NA,0.49,0.49,0.58,0.9,0.47813129788864,0.532714949176968,-0.0118687021113604
"MYS","Malaysia",2016,"Upper-mid","Mixed",TRUE,3.7,1.576,FALSE,1.88,75.371,6.7,0.149253731343284,935.8,15.789,4.915,9800,15415068,4.75,9476.5,96.76,26.14,31789685,NA,NA,NA,NA,0.83,0.83,0.92,0.97,0.795892754253373,0.842232100631837,-0.0341072457466266
"NER","Niger",2016,"Low","Private",TRUE,4.53,0.033,FALSE,0.3,59.228,69.2,0.0144508670520231,53.6,45.881,10.156,520,7711696,2.96,499.9,16.33,83.61,20685753,NA,NA,NA,NA,1,1,1,1,1,1,0
"NIC","Nicaragua",2016,"Lower-mid","Mixed",TRUE,8.05,0.965,FALSE,0.91,73.18,14.2,0.0704225352112676,473.5,22.06,4.959,1980,2771179,4.08,2131.7,51.79,41.99,6232666,NA,NA,NA,NA,0.57,0.57,0.84,0.98,0.581122181599822,0.846492019652131,0.011122181599822
"NLD","Netherlands",2016,"High","Mixed",TRUE,9.89,3.501,FALSE,3.38,81.5609756097561,3.5,0.285714285714286,5274.4,10.1,8.7,46960,9434786,5.39,46808.5,505.8,9.42,17030314,NA,NA,NA,NA,0.48,0.48,0.61,0.98,0.470917002492259,0.577093552961601,-0.00908299750774066
"NOR","Norway",2016,"High","Public",TRUE,10.53,4.22,FALSE,3.68,82.4073170731707,2.1,0.476190476190476,6267.1,11.2,7.8,81840,2845954,7.98,73222.4,14.34,18.32,5234519,NA,NA,NA,NA,0.69,0.69,1,1,0.641955397064983,0.66662094416477,-0.0480446029350174
"NZL","New Zealand",2016,"High","Mixed",TRUE,8.77,3.115,FALSE,2.72,81.6585365853659,4.6,0.217391304347826,3506,12.6,6.61,39440,2634836,5.5,40088.3,17.9,15.31,4714100,NA,NA,NA,NA,0.5,0.5,0.74,0.98,0.490950031745453,0.714394528033295,-0.00904996825454674
"PAK","Pakistan",2016,"Lower-mid","Private",TRUE,2.57,0.89,FALSE,0.49,65.943,61.7,0.0162074554294976,119,29.956,7.039,1360,69799389,2.67,1424.7,285.57,63.84,220138869,NA,NA,NA,NA,1,1,1,1,1,1,0
"PAN","Panama",2016,"Upper-mid","Mixed",TRUE,7.09,1.573,FALSE,2.06,77.772,13.5,0.0740740740740741,2157,19.495,4.739,13180,1929484,3.32,14832.4,54.36,34.4,4029086,NA,NA,NA,NA,0.43,0.43,0.71,0.96,0.440534066333252,0.663818039194794,0.0105340663332522
"PER","Peru",2016,"Upper-mid","Mixed",TRUE,4.89,1.307,FALSE,1.64,75.951,13.4,0.0746268656716418,604.3,17.565,6.036,6130,16939632,3.81,6217,24.11,18.58,30866494,NA,NA,NA,NA,0.62,0.62,0.82,0.96,0.573088000701472,0.775496791920439,-0.0469119992985282
"POL","Poland",2016,"High","Mixed",TRUE,6.55,2.397,FALSE,6.59,77.8512195121951,4.1,0.24390243902439,1856.9,10.1,10.2,12740,18466235,4.63,12464,124.01,39.76,37970087,NA,NA,NA,NA,0.55,0.55,0.58,0.94,0.541633263023129,0.558329673888689,-0.00836673697687063
"PRT","Portugal",2016,"High","Mixed",TRUE,9.4,4.93,FALSE,3.39,81.1243902439025,2.9,0.344827586206897,2957,8.4,10.7,19950,5182106,NA,19980.3,112.72,38.87,10325452,NA,NA,NA,NA,0.54,0.54,0.57,0.97,0.541418625320971,0.581233039364078,0.00141862532097126
"ROU","Romania",2016,"Upper-mid","Mixed",TRUE,5.08,2.83,FALSE,6.81,75.209756097561,7.1,0.140845070422535,1210.8,10.4,13.1,9460,8458910,3.03,9404.5,85.63,46.45,19702267,NA,NA,NA,NA,0.61,0.61,0.68,0.91,0.572613691910793,0.608070815157174,-0.037386308089207
"RUS","Russian Federation",2016,"Upper-mid","Mixed",TRUE,5.29,3.964,FALSE,7.37,71.6512195121951,6,0.166666666666667,1284.1,12.9,12.9,9680,75488447,3.76,8663.2,8.85,25.63,145015460,NA,NA,NA,NA,0.57,0.57,0.57,0.86,0.546354815975753,0.564009065131442,-0.023645184024247
"RWA","Rwanda",2016,"Low","Public",TRUE,5.97,0.12,FALSE,0.73,65.733,33.2,0.0301204819277108,111.4,31.971,6.336,720,4269266,3.43,721.3,483.14,80.88,11919183,NA,NA,NA,NA,0.71,0.71,0.82,0.97,0.778809532756913,0.901885142211896,0.0688095327569127
"SEN","Senegal",2016,"Lower-mid","Mixed",TRUE,4.26,0.077,FALSE,0.72,66.724,36.8,0.0271739130434783,132,33.828,6.459,1270,4362873,5.11,1266.4,78.09,52.94,15034521,NA,NA,NA,NA,1,1,1,1,1,1,0
"SGP","Singapore",2016,"High","Mixed",TRUE,4.38,2.325,FALSE,2.5,82.8463414634146,2.1,0.476190476190476,3958.3,9.4,4.8,53600,3396546,2.94,57204,7908.72,0,5607283,NA,NA,NA,NA,1,1,1,1,1,1,0
"SLV","El Salvador",2016,"Lower-mid","Mixed",TRUE,8.71,1.5662,FALSE,1.08,70.908,12,0.0833333333333333,736.9,17.73,7.449,3600,2645808,3.83,3901.3,299.27,29.6,6200800,NA,NA,NA,NA,0.54,0.54,0.7,0.94,0.533498599341665,0.690070072415206,-0.0065014006583346
"SRB","Serbia",2016,"Upper-mid","Mixed",TRUE,8.15,2.926,FALSE,5.54,75.6878048780488,5.2,0.192307692307692,1338,9.2,14.3,5920,3203020,3.5,5982.4,80.7,39.61,7058322,NA,NA,NA,NA,0.38,0.38,0.41,0.91,0.386024406459437,0.393115405095058,0.00602440645943736
"SUR","Suriname",2016,"Upper-mid","Mixed",TRUE,5.99,1.087,FALSE,2.8,70.979,18.6,0.053763440860215,867.5,18.942,7.069,6660,236541,5.64,5644.2,3.66,33.86,587757,NA,NA,NA,NA,0.45,0.45,0.49,0.89,0.445673386621172,0.447408591011325,-0.00432661337882756
"SVK","Slovak Republic",2016,"High","Mixed",TRUE,7.06,3.476,FALSE,5.79,77.1658536585366,5.1,0.196078431372549,2110.7,10.6,9.6,16900,2756837,3.88,16636.1,112.95,46.26,5430798,NA,NA,NA,NA,0.46,0.46,0.51,0.93,0.44948996300765,0.484374947264278,-0.0105100369923495
"SVN","Slovenia",2016,"High","Mixed",TRUE,8.57,3.019,FALSE,4.5,81.1756097560976,2.1,0.476190476190476,2878.3,9.9,9.5,21610,998728,4.84,21447.8,102.52,46.35,2065042,NA,NA,NA,NA,0.76,0.76,0.91,0.99,0.755941928200487,0.769446162749661,-0.00405807179951256
"SWE","Sweden",2016,"High","Public",TRUE,10.96,4.233,FALSE,2.34,82.3073170731707,2.3,0.434782608695652,5550.5,11.8,9.2,53850,5244169,7.64,51703.5,24.36,13,9923085,NA,NA,NA,NA,1,1,1,1,0.930066077977537,0.990913821269772,-0.069933922022463
"TGO","Togo",2016,"Low","Private",TRUE,6.59,0.044,FALSE,0.65,59.677,44,0.0227272727272727,127.3,36.002,10.032,870,2455743,3.66,843.1,132.39,59.85,7200884,NA,NA,NA,NA,0.94,0.94,1,1,1,1,0.0600000000000001
"THA","Thailand",2016,"Upper-mid","Mixed",TRUE,3.94,0.433,FALSE,2,76.769,9.8,0.102040816326531,656.7,10.111,6.918,5550,39822992,3.77,5833.6,138.7,52.12,70859841,NA,NA,NA,NA,1,1,1,1,1,1,0
"TUR","Turkiye",2016,"Upper-mid","Mixed",TRUE,4.28,1.774,FALSE,2.67,76.595,10.5,0.0952380952380952,1110.6,16.6,5.3,11350,31514194,4.63,10984.4,103.01,11.9,79277962,NA,NA,NA,NA,0.68,0.68,0.84,0.94,0.650917555768159,0.776444313733904,-0.0290824442318407
"URY","Uruguay",2016,"High","Mixed",TRUE,8.64,4.008,FALSE,2.51,77.351,7.1,0.140845070422535,1973.1,13.726,9.581,16490,1725328,4.36,17009.8,19.31,4.84,3379283,NA,NA,NA,NA,0.42,0.42,0.57,0.94,0.415018115589479,0.535089393897156,-0.00498188441052122
"VNM","Vietnam",2016,"Lower-mid","Mixed",TRUE,4.87,0.825,FALSE,2.47,73.984,15.2,0.0657894736842105,407.8,17.313,6.195,2560,54888312,3.47,2735.1,299.95,67.15,94000117,NA,NA,NA,NA,0.61,0.61,0.73,0.93,0.605812896853206,0.643039063960366,-0.00418710314679438
"AFG","Afghanistan",2017,"Low","Public",TRUE,12.62,0.245,FALSE,0.42,62.406,60.1,0.0166389351081531,294.796437277569,38.171,7.315,530,9223903,4.34,525.5,54.72,75.16,35688935,NA,NA,NA,NA,0.45,0.45,0.46,0.89,0.465973804994788,0.556498037513072,0.0159738049947878
"ARG","Argentina",2017,"Upper-mid","Mixed",TRUE,10.26,5.094,FALSE,4.99,76.543,9.4,0.106382978723404,2399.4439117441,16.155,7.682,13070,19643677,5.45,14532.5,16.18,8.32,44288894,NA,NA,NA,NA,0.3,0.3,0.33,0.92,0.271241422798155,0.314339622733552,-0.0287585772018453
"ARM","Armenia",2017,"Upper-mid","Mixed",TRUE,10.36,2.903,FALSE,4.27,75.2170731707317,11.7,0.0854700854700855,1278.00393260604,12.6,9.1,3900,1456321,2.71,3869.1,104.65,35.29,2979400,NA,NA,NA,NA,0.29,0.29,0.31,0.9,0.258154475359633,0.332318479491136,-0.0318455246403668
"AUT","Austria",2017,"High","Mixed",TRUE,10.57,5.182,FALSE,7.37,81.6439024390244,3,0.333333333333333,5710.79107264942,10,9.5,44800,4567690,5.4,47163.7,106.61,32.09,8797566,NA,NA,NA,NA,0.38,0.38,0.4,0.98,0.358038734557208,0.395228447868027,-0.0219612654427916
"AZE","Azerbaijan",2017,"Upper-mid","Mixed",TRUE,4.07,3.197,FALSE,3.98,72.694,18.6,0.053763440860215,576.529979498239,14.6,5.8,4110,4876185,2.47,4147.2,119.21,43.57,9854033,NA,NA,NA,NA,0.74,0.74,0.76,0.92,0.606275166086693,0.628611686006299,-0.133724833913307
"BEL","Belgium",2017,"High","Mixed",TRUE,10.94,3.292,FALSE,5.66,81.4926829268293,3.3,0.303030303030303,5509.57633043985,10.5,9.6,42310,5037325,6.45,44035.3,375.01,13.33,11375158,NA,NA,NA,NA,0.48,0.48,0.58,0.98,0.455555639770048,0.598070198868976,-0.0244443602299516
"BGD","Bangladesh",2017,"Lower-mid","Private",TRUE,2.37,0.535,FALSE,0.84,71.606,27.3,0.0366300366300366,115.581150215712,19.991,5.512,1640,66147765,2.11,1811.1,1245.96,69.8,162186147,NA,NA,NA,NA,1,1,1,1,1,1,0
"BHS","Bahamas",2017,"High","Mixed",TRUE,6.6,1.895,FALSE,2.99,74.031,12.1,0.0826446280991736,2225.69398687005,11.421,8.12,29570,230010,2.7,31875.5,39.01,17.92,390485,NA,NA,NA,NA,0.44,0.44,0.46,0.9,0.396432358641599,0.435790108274902,-0.0435676413584012
"BLR","Belarus",2017,"Upper-mid","Public",TRUE,5.76,4.427,FALSE,10,74.1292682926829,2.8,0.357142857142857,1056.47330120896,10.8,12.6,5320,5079681,4.8,5785.5,46.6,22.98,9458989,NA,NA,NA,NA,0.65,0.65,0.68,0.89,0.631665940173661,0.663375289351833,-0.0183340598263391
"BLZ","Belize",2017,"Upper-mid","Mixed",TRUE,4.62,1.131,FALSE,1.04,72.062,12.1,0.0826446280991736,421.671241176752,21.286,5.094,5490,166282,5.95,6071.9,16.36,56.58,373202,NA,NA,NA,NA,0.68,0.68,0.8,0.97,0.743603604341244,0.784251700403615,0.0636036043412441
"BOL","Bolivia",2017,"Lower-mid","Mixed",TRUE,6.49,1.016,FALSE,1.26,67.536,20.8,0.0480769230769231,552.333472829502,22.911,7.591,3250,5298716,8.1,4048.4,10.47,30.92,11344587,NA,NA,NA,NA,0.5,0.5,0.51,0.88,0.491556213606606,0.497808832700072,-0.00844378639339416
"BRA","Brazil",2017,"Upper-mid","Mixed",TRUE,9.47,2.198,FALSE,2.34,75.383,13.3,0.075187969924812,1378.92393296078,14.123,6.256,8830,103476109,6.32,10080.5,24.49,13.8,204703445,NA,NA,NA,NA,0.36,0.36,0.46,0.91,0.353358003145406,0.487182095116779,-0.00664199685459382
"BRB","Barbados",2017,"High","Public",TRUE,6,2.541,FALSE,6.09,76.237,11.2,0.0892857142857143,1074.33208757318,11.628,9.427,19570,150789,3.96,20870.8,651.56,40.74,280171,NA,NA,NA,NA,0.46,0.46,0.53,0.93,0.451654808847911,0.528687181653467,-0.00834519115208882
"BTN","Bhutan",2017,"Lower-mid","Public",TRUE,3.11,0.31,FALSE,1.69,71.413,20.3,0.0492610837438424,352.284445101614,13.759,6.643,2960,351309,6.62,3435.3,19.78,62.14,754335,NA,NA,NA,NA,1,1,1,1,1,1,0
"CAN","Canada",2017,"High","Mixed",TRUE,10.92,2.6102,FALSE,2.51,81.8078048780488,4.5,0.222222222222222,5240.5,10.3,7.6,42900,20155417,4.96,45129.7,4.08,18.6,36545075,NA,NA,NA,NA,0.47,0.47,0.84,0.98,0.491102554284796,0.839274442398141,0.0211025542847964
"CHE","Switzerland",2017,"High","Mixed",TRUE,11.37,4.297,FALSE,4.65,83.5512195121951,3.6,0.277777777777778,7755.2,10.3,7.9,81790,4927955,5.02,83610.2,213.92,22.09,8451840,NA,NA,NA,NA,0.36,0.36,1,1,0.362144993644192,1,0.00214499364419202
"CHL","Chile",2017,"High","Mixed",TRUE,9.09,2.43,FALSE,2.09,80.61,6.5,0.153846153846154,2208.6,11.763,6.037,13200,9423968,5.43,14880,25,12.2,18558868,NA,NA,NA,NA,0.47,0.47,0.84,0.98,0.484177533930837,0.828855729444081,0.0141775339308371
"CHN","China",2017,"Upper-mid","Mixed",TRUE,4.97,2.003,FALSE,4.33,77.235,7,0.142857142857143,736,12.64,7.06,8830,779166682,NA,8979.7,148.72,39.76,1396215000,NA,NA,NA,NA,0.63,0.63,0.7,0.94,0.591531329713097,0.679611739986035,-0.0384686702869035
"COL","Colombia",2017,"Upper-mid","Mixed",TRUE,7.68,2.163,FALSE,1.74,76.418,13.1,0.0763358778625954,1105.8,14.177,5.315,6030,24367946,4.54,6479.5,43.38,22.78,48131078,NA,NA,NA,NA,0.47,0.47,0.68,0.96,0.455406417282141,0.636977213696201,-0.0145935827178586
"CRI","Costa Rica",2017,"Upper-mid","Mixed",TRUE,7.05,2.101,FALSE,1.15,79.994,7.7,0.12987012987013,1444.2,13.812,4.964,11580,2300637,7.07,12317.1,96.22,23.95,4913177,NA,NA,NA,NA,0.69,0.69,1,1,0.701351483326312,1,0.0113514833263123
"CYP","Cyprus",2017,"High","Mixed",TRUE,6.62,2.651,FALSE,2.26,81.543,2.2,0.454545454545455,2513.5,11.158,6.309,24600,678816,5.7,26247.5,135.74,33.11,1254275,NA,NA,NA,NA,0.91,0.91,0.91,0.98,1,1,0.09
"CZE","Czechia",2017,"High","Mixed",TRUE,7.24,4.0676,FALSE,6.71,78.9780487804878,2.6,0.384615384615385,2853.6,10.8,10.5,18350,5370664,3.76,20913.2,137.22,27.09,10594438,NA,NA,NA,NA,0.54,0.54,0.54,0.95,0.537520021440878,0.544947053406985,-0.00247997855912163
"DEU","Germany",2017,"High","Mixed",TRUE,11.05,4.226,FALSE,7.96,80.9926829268293,3.2,0.3125,5989.5,9.5,11.3,44730,43391708,4.78,45554,236.59,19.02,82657002,NA,NA,NA,NA,0.37,0.37,0.38,0.97,0.374862572024356,0.434867287312479,0.00486257202435569
"DNK","Denmark",2017,"High","Public",TRUE,10.11,4.109,FALSE,2.61,81.1024390243903,3.4,0.294117647058824,5589.9,10.6,9.2,56600,2970148,7.37,57521.6,144.12,11.98,5764980,NA,NA,NA,NA,0.58,0.58,0.66,0.98,0.586723527346274,0.666828575960455,0.00672352734627413
"ECU","Ecuador",2017,"Upper-mid","Mixed",TRUE,7.52,2.225,FALSE,1.4,76.22,12.2,0.0819672131147541,887.4,17.677,5.066,5930,8229598,4.61,6233.3,67.48,36.98,16759519,NA,NA,NA,NA,0.52,0.52,0.78,0.97,0.51784040495114,0.69758427235643,-0.0021595950488601
"ESP","Spain",2017,"High","Mixed",TRUE,9.02,3.854,FALSE,2.96,83.2829268292683,2.7,0.37037037037037,3598.6,8.4,9.1,27290,23026725,4.18,28381.3,93.23,20.53,46571232,NA,NA,NA,NA,0.64,0.64,1,1,0.645712495206505,1,0.00571249520650452
"EST","Estonia",2017,"High","Mixed",TRUE,6.47,3.468,FALSE,4.61,78.0926829268293,2.2,0.454545454545455,2234.3,10.5,11.8,19140,697564,4.86,20851.5,30.82,31.01,1317384,NA,NA,NA,NA,0.67,0.67,0.67,0.95,0.657312938487994,0.660780792563524,-0.0126870615120065
"FIN","Finland",2017,"High","Public",TRUE,9.19,3.437,FALSE,3.75,81.6317073170732,1.9,0.526315789473684,4341.4,9.1,9.8,44520,2708034,6.41,46085,18.12,28.04,5508214,NA,NA,NA,NA,0.74,0.74,1,1,0.762349197806604,1,0.0223491978066038
"FRA","France",2017,"High","Mixed",TRUE,11.45,3.217,FALSE,6.12,82.5756097560976,3.3,0.303030303030303,5099.7,11.5,9.1,38120,30347085,5.46,38687.2,124.16,21.35,66918020,NA,NA,NA,NA,0.45,0.45,0.66,0.99,0.465184125469698,0.700275425673216,0.0151841254696984
"GBR","United Kingdom",2017,"High","Mixed",TRUE,9.7,2.802,FALSE,2.53,81.2560975609756,3.8,0.263157894736842,4470.1,11.4,9.2,42140,33750454,5.45,40918.1,272.66,17.77,65964000,NA,NA,NA,NA,0.54,0.54,0.78,0.98,0.559800838931575,0.756213735334058,0.019800838931575
"GEO","Georgia",2017,"Upper-mid","Mixed",TRUE,8.7,6.478,FALSE,3.98,73.435,8.5,0.117647058823529,1173.3,14.905,12.654,4130,1957834,3.52,4418.8,65.22,42,3728004,NA,NA,NA,NA,0.43,0.43,0.43,0.88,0.313537952335635,0.314572909623607,-0.116462047664365
"GRC","Greece",2017,"High","Mixed",TRUE,8.11,6.067,FALSE,4.21,81.2878048780488,3.6,0.277777777777778,2324.1,8.2,11.6,17890,4695990,3.47,18632,83.43,22.11,10754679,NA,NA,NA,NA,0.46,0.46,0.51,0.98,0.439845827554496,0.519078585840152,-0.020154172445504
"GTM","Guatemala",2017,"Upper-mid","Mixed",TRUE,6.14,0.286,FALSE,0.45,71.583,21.6,0.0462962962962963,586.6,25.171,5.081,3980,6525645,2.95,4325,154.6,46.2,16567357,NA,NA,NA,NA,0.84,0.84,1,1,0.846840218387442,1,0.00684021838744231
"HND","Honduras",2017,"Lower-mid","Mixed",TRUE,7.01,0.304,FALSE,0.64,71.805,15.9,0.0628930817610063,393.8,23.504,4.446,2210,4091954,5.74,2413,85.69,44.61,9588137,NA,NA,NA,NA,0.85,0.85,1,1,0.8696443420086,1,0.0196443420085998
"HRV","Croatia",2017,"High","Mixed",TRUE,6.63,3.404,FALSE,5.61,77.7268292682927,4.1,0.24390243902439,1831.4,9,13.2,13350,1774192,3.87,13901.6,72.21,44.1,4041407,NA,NA,NA,NA,0.53,0.53,0.54,0.93,0.502309648269735,0.517371406009699,-0.0276903517302646
"HUN","Hungary",2017,"High","Mixed",TRUE,6.73,3.326,FALSE,7.02,75.8170731707317,3.7,0.27027027027027,1999,9.7,13.6,13310,4807691,4.64,14736.2,106.58,29.55,9726756,NA,NA,NA,NA,0.52,0.52,0.52,0.91,0.500535209950101,0.509323588075429,-0.0194647900498993
"IDN","Indonesia",2017,"Lower-mid","Mixed",TRUE,2.9,0.373,FALSE,1.02,69.953,20.1,0.0497512437810945,310.4,17.54,7.506,3490,130940742,1.05,3798.9,142.39,45.55,267346658,NA,NA,NA,NA,1,1,1,1,1,1,0
"IRN","Iran",2017,"Lower-mid","Mixed",TRUE,7.72,1.071,FALSE,1.9,76.396,13,0.0769230769230769,1163.1,18.045,4.631,5640,28624101,3.46,6000.9,52.4,25.6,85026754,NA,NA,NA,NA,0.49,0.49,0.68,0.97,0.479180984923976,0.848987684666022,-0.0108190150760242
"ISL","Iceland",2017,"High","Public",TRUE,8.32,3.872,FALSE,3.06,82.6609756097561,2,0.5,4629.7,11.9,6.5,62770,212416,7.58,72976.4,3.43,6.23,343400,NA,NA,NA,NA,0.79,0.79,0.79,1,0.819606758168828,1,0.0296067581688283
"ISR","Israel",2017,"High","Mixed",TRUE,7.17,3.43,FALSE,3.14,82.5512195121951,3,0.333333333333333,2949.8,21.1,5.2,38600,4094423,6,41013.3,402.65,8.33,8713300,NA,NA,NA,NA,0.58,0.58,0.71,0.99,0.594101944967065,0.718146128412457,0.0141019449670653
"ITA","Italy",2017,"High","Mixed",TRUE,8.69,3.999,FALSE,3.19,82.9463414634147,2.8,0.357142857142857,3658.5,7.6,10.8,31790,25724021,4.03,32844.1,202.9,30.48,60002252,NA,NA,NA,NA,0.57,0.57,0.74,1,0.590301991207914,0.760411191693885,0.0203019912079141
"JOR","Jordan",2017,"Lower-mid","Mixed",TRUE,7.11,2.222,FALSE,1.45,76.071,14.3,0.0699300699300699,658.7,23.217,3.098,4300,2712693,3.21,4449.3,115.28,9.12,10234226,NA,NA,NA,NA,0.47,0.47,0.66,0.95,0.503080723941297,0.689772878465365,0.0330807239412975
"KAZ","Kazakhstan",2017,"Upper-mid","Mixed",TRUE,3.05,3.6,FALSE,5.33,72.996,8.4,0.119047619047619,731.8,21.435,7.063,7780,9361725,2.75,8943.1,6.91,42.54,18651931,NA,NA,NA,NA,0.97,0.97,0.98,0.99,0.891567993763248,0.899385245901606,-0.0784320062367518
"KOR","Korea, Rep.",2017,"High","Mixed",TRUE,6.8,2.343,FALSE,12.26,82.6268292682927,2.7,0.37037037037037,2926.8,7,5.6,31940,28106147,4.11,33297,526.73,18.53,51361911,NA,NA,NA,NA,0.74,0.74,0.93,0.99,0.78529788956856,0.967228164451392,0.0452978895685598
"LAO","Lao PDR",2017,"Lower-mid","Mixed",TRUE,2.53,0.44,FALSE,1.58,67.345,36.4,0.0274725274725275,180.3,24.117,6.945,2240,2830876,2.5,2432.4,30.41,65.49,7018147,NA,NA,NA,NA,1,1,1,1,0.977458247160118,1,-0.0225417528398818
"LBN","Lebanon",2017,"Upper-mid","Mixed",TRUE,7.8,2.242,FALSE,2.73,78.192,11.8,0.0847457627118644,1636,18.648,4.984,8260,2158877,2.22,8608.2,602.16,10.95,6160128,NA,NA,NA,NA,0.41,0.41,0.69,0.96,0.374915938615907,0.623617002523182,-0.0350840613840928
"LCA","St. Lucia",2017,"Upper-mid","Mixed",TRUE,4.46,6.245,FALSE,1.32,72.522,16.8,0.0595238095238095,718.7,12.1,7.991,10260,98031,3.63,11333.1,289.09,78.22,176342,NA,NA,NA,NA,0.73,0.73,0.81,0.97,0.626609242897192,0.671390859070223,-0.103390757102808
"LKA","Sri Lanka",2017,"Lower-mid","Mixed",TRUE,3.33,0.887,FALSE,3.77,76.239,6.7,0.149253731343284,440.3,15.371,6.608,4220,8776309,2.59,4398.9,346.61,80.85,21453000,NA,NA,NA,NA,0.93,0.93,0.97,0.99,0.988879214986671,1,0.0588792149866707
"LTU","Lithuania",2017,"High","Mixed",TRUE,6.44,4.555,FALSE,6.56,75.4804878048781,3.7,0.27027027027027,2152.4,9.8,14.1,15260,1466105,3.81,16800.2,45.38,32.9,2842639,NA,NA,NA,NA,0.55,0.55,0.55,0.91,0.521444227857998,0.532258967041556,-0.0285557721420016
"LUX","Luxembourg",2017,"High","Mixed",TRUE,5.14,2.984,FALSE,4.66,82.0951219512195,2.1,0.476190476190476,5961.6,10.4,7.1,75800,293587,3.49,110193.2,231.64,7.9,596336,NA,NA,NA,NA,0.83,0.83,0.83,0.99,0.848249027238523,0.848249027237371,0.018249027238523
"LVA","Latvia",2017,"High","Mixed",TRUE,6.19,3.205,FALSE,5.57,74.6292682926829,3.8,0.263157894736842,1703.6,10.7,14.8,14360,995587,4.53,15132.5,31.21,32.03,1942248,NA,NA,NA,NA,0.58,0.58,0.59,0.9,0.533948958270355,0.548553836125029,-0.0460510417296452
"MDA","Moldova",2017,"Lower-mid","Mixed",TRUE,7.13,3.285,FALSE,5.76,70.375,14,0.0714285714285714,794.9,13.762,13.253,3300,1522181,5.71,3453.3,95.91,60.03,2755189,NA,NA,NA,NA,0.4,0.4,0.4,0.85,0.345127408202796,0.354493922393614,-0.054872591797204
"MDV","Maldives",2017,"Upper-mid","Mixed",TRUE,9.15,1.894,FALSE,4.94,79.228,7.4,0.135135135135135,1808.7,14.342,2.685,9400,210295,3.82,10509.6,1527.62,60.67,458287,NA,NA,NA,NA,0.42,0.42,0.7,0.98,0.390860622543138,0.726006635996073,-0.0291393774568622
"MEX","Mexico",2017,"Upper-mid","Mixed",TRUE,5.31,2.409,FALSE,0.99,74.261,14.4,0.0694444444444444,1088.3,17.214,5.997,9270,54114274,4.4,9649.3,63.48,22.28,123400057,NA,NA,NA,NA,0.69,0.69,0.86,0.97,0.690798181453321,0.863962366243208,0.000798181453321223
"MLI","Mali",2017,"Low","Private",TRUE,3.67,0.113,FALSE,0.22,58.562,61.9,0.0161550888529887,80.4,43.444,10.033,860,7140459,3.18,924.1,16.24,72.94,19813011,NA,NA,NA,NA,1,1,1,1,1,1,0
"MMR","Myanmar",2017,"Lower-mid","Public",TRUE,4.69,0.889,FALSE,1.06,65.909,41.1,0.024330900243309,220.8,18.341,8.855,1230,23847667,2.17,1272.8,79.5,70.09,51894938,NA,NA,NA,NA,0.58,0.58,0.59,0.87,0.575168206037717,0.588523202586943,-0.00483179396228317
"MOZ","Mozambique",2017,"Low","Public",TRUE,7.81,0.077,FALSE,0.77,60.148,51.4,0.0194552529182879,100.1,39.755,8.633,480,12130020,5.49,470.9,35.82,67.37,28166393,NA,NA,NA,NA,0.65,0.65,0.66,0.93,0.66345140173251,0.693172814518278,0.0134514017325099
"MUS","Mauritius",2017,"Upper-mid","Mixed",TRUE,5.6,2.268,FALSE,3.52,74.5146341463415,13.3,0.075187969924812,1239.8,10.7,8.1,11020,621819,4.88,10986.7,633.39,60.55,1264887,NA,NA,NA,NA,0.5,0.5,0.54,0.9,0.46497589725862,0.513177985660001,-0.0350241027413797
"MYS","Malaysia",2017,"Upper-mid","Mixed",TRUE,3.71,1.787,FALSE,1.89,75.542,6.7,0.149253731343284,981.3,15.329,4.931,9560,15779343,4.68,9862.5,98.48,25.76,32355644,NA,NA,NA,NA,0.85,0.85,0.89,0.96,0.784591232216305,0.822572507782053,-0.0654087677836952
"NER","Niger",2017,"Low","Private",TRUE,5.58,0.022,FALSE,0.18,59.524,69.3,0.0144300144300144,67.4,45.057,9.957,520,7997473,2.58,529.9,16.92,83.5,21435446,NA,NA,NA,NA,1,1,1,1,1,1,0
"NIC","Nicaragua",2017,"Lower-mid","Mixed",TRUE,8.33,1,FALSE,0.92,73.389,13.4,0.0746268656716418,518.4,21.647,4.949,2050,2827514,4.36,2182.6,52.49,41.81,6316231,NA,NA,NA,NA,0.54,0.54,0.7,0.98,0.565930710352078,0.717904727736344,0.0259307103520782
"NLD","Netherlands",2017,"High","Mixed",TRUE,9.94,3.565,FALSE,3.24,81.7609756097561,3.5,0.285714285714286,5584.8,9.9,8.8,46710,9491538,5.09,49513.7,508.8,8.88,17131296,NA,NA,NA,NA,0.46,0.46,0.64,0.98,0.480936195205032,0.622254830446974,0.020936195205032
"NOR","Norway",2017,"High","Public",TRUE,10.23,4.346,FALSE,3.6,82.609756097561,2.1,0.476190476190476,6630.8,10.7,7.7,76270,2848702,7.85,78771.2,14.45,18.03,5276968,NA,NA,NA,NA,0.67,0.67,0.67,0.99,0.66008233357853,0.691666666666634,-0.00991766642146996
"NPL","Nepal",2017,"Lower-mid","Mixed",TRUE,4.72,0.681,FALSE,0.29,68.74,29.6,0.0337837837837838,170.2,21.572,7.07,970,7596203,4.77,1034.3,195.4,34.42,28011258,NA,NA,NA,NA,1,1,1,1,1,1,0
"NZL","New Zealand",2017,"High","Mixed",TRUE,8.62,3.253,FALSE,2.7,81.8585365853659,4.5,0.222222222222222,3641.2,12.38,6.92,38790,2732646,5.28,42912.2,18.28,15.83,4813600,NA,NA,NA,NA,0.49,0.49,0.74,0.98,0.500347914904877,0.724321995535004,0.0103479149048773
"PAK","Pakistan",2017,"Lower-mid","Private",TRUE,2.79,0.932,FALSE,0.5,66.223,59.8,0.0167224080267559,133.5,29.738,6.94,1450,70494278,2.58,1519.2,289.64,63.56,223273967,NA,NA,NA,NA,1,1,1,1,1,1,0
"PAN","Panama",2017,"Upper-mid","Mixed",TRUE,7.16,1.589,FALSE,2.15,77.901,13.3,0.075187969924812,2407.9,19.081,4.782,14230,1960954,3.38,15694.6,55.3,34.34,4098707,NA,NA,NA,NA,0.44,0.44,0.73,0.97,0.436043217120971,0.790149308908015,-0.00395678287902895
"PHL","Philippines",2017,"Lower-mid","Mixed",TRUE,3.96,0.66,FALSE,0.98,69.966,22.3,0.0448430493273543,307.9,20.571,5.565,3440,43266495,3.96,3038.1,362.61,47.4,108119693,NA,NA,NA,NA,0.79,0.79,0.81,0.97,0.734635558167085,0.757528123254405,-0.0553644418329153
"POL","Poland",2017,"High","Mixed",TRUE,6.54,2.36,FALSE,6.58,77.7536585365854,4,0.25,1972.4,10.6,10.6,12780,18534927,4.54,13913.3,124.02,39.85,37974826,NA,NA,NA,NA,0.56,0.56,0.57,0.94,0.558955101183718,0.561038360972166,-0.001044898816282
"PRT","Portugal",2017,"High","Mixed",TRUE,9.33,5.103,FALSE,3.38,81.4243902439025,2.9,0.344827586206897,3062,8.3,10.6,20030,5221693,5.03,21442.4,112.44,38.87,10300300,NA,NA,NA,NA,0.52,0.52,0.57,0.98,0.538912889759385,0.577894464978259,0.0189128897593851
"ROU","Romania",2017,"Upper-mid","Mixed",TRUE,5.19,2.912,FALSE,6.86,75.209756097561,6.6,0.151515151515152,1394.1,10.8,13.4,10030,8547354,3.12,10728,85.14,46.64,19588715,NA,NA,NA,NA,0.62,0.62,0.64,0.91,0.560474311000721,0.576916556568246,-0.0595256889992795
"RUS","Russian Federation",2017,"Upper-mid","Mixed",TRUE,5.36,4.058,FALSE,7.21,72.4514634146342,5.5,0.181818181818182,1395.6,11.5,12.4,9160,74950044,4.69,10658.9,8.87,25.54,145293260,NA,NA,NA,NA,0.59,0.59,0.59,0.87,0.547627563011274,0.564795341474425,-0.0423724369887264
"RWA","Rwanda",2017,"Low","Public",TRUE,5.38,0.135,FALSE,0.72,66.14,32.7,0.0305810397553517,105.8,31.666,6.234,720,4388612,3.12,751,494.61,79.75,12202060,NA,NA,NA,NA,0.85,0.85,0.92,0.99,0.842881856676201,1,-0.00711814332379901
"SGP","Singapore",2017,"High","Mixed",TRUE,4.36,2.389,FALSE,2.49,83.0951219512195,2.1,0.476190476190476,4180.3,8.9,5,55360,3388507,2.88,61436.1,7882.38,0,5612253,NA,NA,NA,NA,1,1,1,1,1,1,0
"SUR","Suriname",2017,"Upper-mid","Mixed",TRUE,5.32,1.139,FALSE,2.83,71.247,18,0.0555555555555556,935.1,18.448,7.041,5700,240368,5.46,6049.5,3.7,33.9,593713,NA,NA,NA,NA,0.53,0.53,0.54,0.91,0.484461645021444,0.486362954039327,-0.0455383549785557
"SVK","Slovak Republic",2017,"High","Mixed",TRUE,6.73,3.423,FALSE,5.82,77.1658536585366,5,0.2,2038.2,10.7,9.9,16710,2751313,3.92,17645.5,113.13,46.39,5439232,NA,NA,NA,NA,0.5,0.5,0.52,0.93,0.468031944485368,0.4952462616617,-0.0319680555146322
"SVN","Slovenia",2017,"High","Mixed",TRUE,8.26,3.107,FALSE,4.51,81.0292682926829,2,0.5,2988.8,9.8,9.9,22040,1028260,4.82,23303.1,102.61,44.75,2066388,NA,NA,NA,NA,0.79,0.79,0.94,0.99,0.801236311785409,0.929127775988598,0.011236311785409
"SWE","Sweden",2017,"High","Public",TRUE,10.95,4.269,FALSE,2.21,82.409756097561,2.3,0.434782608695652,5670.3,11.5,9.1,52240,5331498,7.64,53210.2,24.69,12.76,10057698,NA,NA,NA,NA,1,1,1,1,0.981958408179723,1,-0.0180415918202765
"TCD","Chad",2017,"Low","Mixed",TRUE,3.51,0.042,FALSE,0.44,51.875,68.3,0.0146412884333821,73.6,44.917,13.277,830,4877629,1.84,854.5,12.41,76.54,15622759,NA,NA,NA,NA,0.95,0.95,1,1,1,1,0.05
"TGO","Togo",2017,"Low","Private",TRUE,6.5,0.072,FALSE,0.64,60.145,42.6,0.0234741784037559,129.1,35.738,9.881,850,2533890,3.77,872.1,134.66,59.42,7324386,NA,NA,NA,NA,0.81,0.81,0.81,0.94,0.904386297350811,0.957030436139283,0.0943862973508109
"THA","Thailand",2017,"Upper-mid","Mixed",TRUE,3.85,0.788,FALSE,2.12,76.989,9.5,0.105263157894737,677.1,9.765,7.029,5800,39720340,3.47,6413.1,139.29,50.77,71160187,NA,NA,NA,NA,0.91,0.91,1,1,0.843480224110844,1,-0.0665197758891561
"TTO","Trinidad and Tobago",2017,"High","Mixed",TRUE,6.57,3.222,FALSE,2.47,72.984,19.9,0.050251256281407,1756.7,12.491,7.494,16930,673740,3.33,17566.1,264.45,46.07,1356633,NA,NA,NA,NA,0.44,0.44,0.48,0.89,0.374969740563857,0.410379995015995,-0.065030259436143
"TUR","Turkiye",2017,"Upper-mid","Mixed",TRUE,4.18,1.805,FALSE,2.72,77.037,10.1,0.099009900990099,1139.1,16.2,5.3,11140,32535361,4.32,10756.4,104.35,11.97,80312698,NA,NA,NA,NA,0.74,0.74,0.85,0.95,0.662914376092238,0.792030847933621,-0.0770856239077621
"URY","Uruguay",2017,"High","Mixed",TRUE,8.72,5.01,FALSE,2.47,77.618,6.8,0.147058823529412,2057.8,12.707,9.488,16720,1721302,4.42,19184.7,19.36,4.77,3388438,NA,NA,NA,NA,0.43,0.43,0.55,0.93,0.430030204951582,0.542029302409828,3.02049515815694e-05
"ALB","Albania",2018,"Upper-mid","Mixed",TRUE,6.59,1.50066666666667,TRUE,2.83,79.238,7.8,0.128205128205128,891.451398571055,10.898,7.375,5400,1267869,3.08,5897.7,95.17,43.62,2607733,NA,NA,NA,NA,0.47,0.47,0.65,0.96,0.516928597479489,0.788578551404979,0.0469285974794895
"AUT","Austria",2018,"High","Mixed",TRUE,10.52,5.241,FALSE,7.27,81.6926829268293,2.9,0.344827586206897,5968.05550478901,9.7,9.5,48710,4608423,5.25,51194.1,107.13,31.9,8840521,NA,NA,NA,NA,0.35,0.35,0.38,0.97,0.340041532522069,0.37827436633068,-0.00995846747793128
"AZE","Azerbaijan",2018,"Upper-mid","Mixed",TRUE,3.84,3.236,FALSE,3.95,73.016,17.5,0.0571428571428571,580.508543069207,14,5.8,4080,4955866,2.46,4739.8,120.26,42.82,9939771,NA,NA,NA,NA,0.7,0.7,0.77,0.92,0.626350714849349,0.640623169914146,-0.0736492851506508
"BEL","Belgium",2018,"High","Mixed",TRUE,10.99,3.355,FALSE,5.62,81.5951219512195,3.3,0.303030303030303,5782.49056208068,10.4,9.7,45980,5093485,6.39,47487.2,374.74,13.11,11427054,NA,NA,NA,NA,0.46,0.46,0.57,0.98,0.427365547268376,0.563109246154689,-0.0326344527316241
"BEN","Benin",2018,"Lower-mid","Public",TRUE,3.44,0.073,FALSE,0.44,59.71,53.1,0.0188323917137476,101.821094387433,36.955,9.477,1120,5267149,2.93,1151.7,109.82,52,12383347,NA,NA,NA,NA,1,1,1,1,1,1,0
"BGD","Bangladesh",2018,"Lower-mid","Private",TRUE,2.32,0.573,FALSE,0.88,72.122,26.2,0.0381679389312977,127.164276133592,20.069,5.442,2020,67683856,2.09,1965.2,1256.23,69.48,163523103,NA,NA,NA,NA,1,1,1,1,1,1,0
"BGR","Bulgaria",2018,"Upper-mid","Mixed",TRUE,7.34,4.217,FALSE,7.57,74.9634146341464,5.8,0.172413793103448,1753.56327690919,9.3,16.2,8860,3181267,4.05,9849.9,61.82,26.4,6710798,NA,NA,NA,NA,0.4,0.4,0.42,0.9,0.383685727502825,0.384938455174627,-0.0163142724971748
"BLR","Belarus",2018,"Upper-mid","Public",TRUE,5.53,4.486,FALSE,9.93,74.1756097560976,2.6,0.384615384615385,1102.02202824589,9.9,12.7,5730,5054114,4.84,6360,46.5,22.79,9438785,NA,NA,NA,NA,0.64,0.64,0.68,0.89,0.621949081721387,0.655405107396446,-0.0180509182786129
"BLZ","Belize",2018,"Upper-mid","Mixed",TRUE,4.76,1.086,FALSE,1.04,72.322,11.7,0.0854700854700855,453.119819271393,21.144,5.07,5610,179388,6.13,6012,16.67,56.84,380226,NA,NA,NA,NA,0.66,0.66,0.79,0.97,0.744313129680426,0.780322689553342,0.0843131296804257
"BTN","Bhutan",2018,"Lower-mid","Public",TRUE,3.07,0.421,FALSE,1.72,71.711,19.1,0.0523560209424084,359.108306659599,12.941,6.48,3150,356713,6.48,3400.2,19.92,61.53,759759,NA,NA,NA,NA,0.82,0.82,1,1,0.938846139230139,0.991123501620101,0.118846139230139
"BWA","Botswana",2018,"Upper-mid","Public",TRUE,6.04,0.402,FALSE,2.5,66.371,38.7,0.0258397932816537,953.5,25.897,6.685,6680,962977,7.91,7408,4.06,33.84,2299141,NA,NA,NA,NA,0.44,0.44,0.51,0.9,0.516204885906206,0.531190708820968,0.0762048859062056
"CAN","Canada",2018,"High","Mixed",TRUE,10.92,2.411,FALSE,2.54,81.8036585365854,4.5,0.222222222222222,5426.9,10.1,7.7,45060,20391340,4.89,46539.2,4.13,18.45,37072620,NA,NA,NA,NA,0.49,0.49,0.87,0.98,0.496134687810781,0.881212483562841,0.0061346878107808
"CHE","Switzerland",2018,"High","Mixed",TRUE,11.2,4.338,FALSE,4.63,83.7536585365854,3.6,0.277777777777778,7914.5,10.3,7.9,84760,4963632,4.93,87002.3,215.5,20.71,8514329,NA,NA,NA,NA,0.35,0.35,1,1,0.360572235469774,1,0.0105722354697737
"CHL","Chile",2018,"High","Mixed",TRUE,9.15,2.569,FALSE,2.05,80.559,6.3,0.158730158730159,2315.5,11.698,6.196,14460,9671888,5.47,15659.5,25.45,12.04,18893191,NA,NA,NA,NA,0.47,0.47,0.82,0.98,0.489343726819038,0.80435358438729,0.019343726819038
"CHN","China",2018,"Upper-mid","Mixed",TRUE,5.07,2.122,FALSE,4.59,77.709,6.4,0.15625,814.6,10.86,7.08,9720,776868988,NA,10085.7,149.42,38.5,1402760000,NA,NA,NA,NA,0.57,0.57,0.66,0.94,0.562296416964812,0.65103253976293,-0.00770358303518837
"COL","Colombia",2018,"Upper-mid","Mixed",TRUE,7.72,2.242,FALSE,1.73,76.579,12.7,0.078740157480315,1176.1,14.195,5.35,6350,24727292,4.45,6817,44.19,22.72,49024465,NA,NA,NA,NA,0.46,0.46,0.68,0.95,0.457916153762877,0.638000480255028,-0.00208384623712327
"CPV","Cabo Verde",2018,"Lower-mid","Mixed",TRUE,4.79,0.711,FALSE,2.19,74.84,14.1,0.0709219858156028,378.8,15.451,5.162,4040,204314,4.79,4295,127.4,29.6,513415,NA,NA,NA,NA,0.58,0.58,0.78,0.97,0.665903127059534,0.719263319081372,0.0859031270595345
"CRI","Costa Rica",2018,"Upper-mid","Mixed",TRUE,7.29,2.253,FALSE,1.12,80.09,7.8,0.128205128205128,1566.3,13.622,5.056,12100,2422784,6.77,12620,97.1,23.45,4957818,NA,NA,NA,NA,0.69,0.69,1,1,0.682461952053696,1,-0.00753804794630442
"CYP","Cyprus",2018,"High","Mixed",TRUE,6.78,2.789,FALSE,2.18,81.556,2.3,0.434782608695652,2749.6,11.029,6.382,27120,698503,NA,29120.4,137.53,33.17,1270737,NA,NA,NA,NA,0.9,0.9,0.91,0.98,1,1,0.1
"CZE","Czechia",2018,"High","Mixed",TRUE,7.37,4.069,FALSE,6.72,79.0292682926829,2.5,0.4,3075.2,10.7,10.6,20700,5405110,4.22,23706,137.68,27.15,10629928,NA,NA,NA,NA,0.5,0.5,0.5,0.94,0.494500884459483,0.499837839626698,-0.00549911554051657
"DEU","Germany",2018,"High","Mixed",TRUE,11.18,4.287,FALSE,7.94,80.8926829268293,3.2,0.3125,6302.1,9.5,11.5,48770,43612526,4.88,48916.2,237.29,18.86,82905782,NA,NA,NA,NA,0.36,0.36,0.38,0.96,0.355764861384394,0.389878804135479,-0.00423513861560598
"DNK","Denmark",2018,"High","Public",TRUE,10.14,4.196,FALSE,2.61,80.9536585365854,3.4,0.294117647058824,5804.2,10.6,9.5,61090,2992952,7.33,61324.8,144.84,11.89,5793636,NA,NA,NA,NA,0.58,0.58,0.65,0.97,0.584897885688441,0.654609331711603,0.00489788568844141
"DOM","Dominican Republic",2018,"Upper-mid","Mixed",TRUE,4.22,1.426,FALSE,1.24,73.555,31.1,0.0321543408360129,759,19.848,5.857,7600,4935940,3.93,7883,223.18,26.24,10782053,NA,NA,NA,NA,0.68,0.68,0.74,0.96,0.625603967022286,0.752525012169011,-0.0543960329777137
"ESP","Spain",2018,"High","Mixed",TRUE,9.07,3.996,FALSE,2.95,83.4317073170732,2.7,0.37037037037037,3731.5,7.9,9.1,29530,23008131,4.15,30602.4,93.64,20.44,46782011,NA,NA,NA,NA,0.64,0.64,1,1,0.645104107553938,1,0.00510410755393831
"EST","Estonia",2018,"High","Mixed",TRUE,6.56,3.483,FALSE,4.53,78.2439024390244,2,0.5,2441.6,10.9,11.9,21600,702066,5.14,23618.1,30.92,30.72,1321977,NA,NA,NA,NA,0.75,0.75,1,1,0.698328110410156,0.699892536700445,-0.051671889589844
"FIN","Finland",2018,"High","Public",TRUE,9.11,3.463,FALSE,3.61,81.7341463414634,1.9,0.526315789473684,4484.3,8.6,9.9,47900,2745547,6.32,49654.3,18.15,27.66,5515525,NA,NA,NA,NA,0.76,0.76,1,1,0.75142670881182,1,-0.00857329118817984
"FRA","France",2018,"High","Mixed",TRUE,11.31,3.214,FALSE,6.04,82.6756097560976,3.3,0.303030303030303,5255.3,11.3,9.1,40960,30534890,5.43,41418.2,124.61,21.33,67158348,NA,NA,NA,NA,0.44,0.44,0.65,0.99,0.443993643802524,0.687070370357509,0.00399364380252398
"GBR","United Kingdom",2018,"High","Mixed",TRUE,9.79,2.828,FALSE,2.48,81.2560975609756,3.8,0.263157894736842,4614.2,11,9.2,42540,34015275,5.2,43704.3,273.99,17.55,66287000,NA,NA,NA,NA,0.57,0.57,0.79,0.98,0.572836206950105,0.763043887571097,0.00283620695010545
"GEO","Georgia",2018,"Upper-mid","Mixed",TRUE,7.76,7.51,FALSE,4.22,73.985,8.3,0.120481927710843,1144,14.334,12.078,4580,1893021,3.46,4804.1,65.2,41.7,3726549,NA,NA,NA,NA,0.38,0.38,0.4,0.88,0.338656138470872,0.339031196952536,-0.0413438615291283
"GRC","Greece",2018,"High","Mixed",TRUE,8.07,6.105,FALSE,4.2,81.7878048780488,3.6,0.277777777777778,2403.2,8.1,11.2,19060,4668888,3.58,19873.4,83.27,21.95,10732882,NA,NA,NA,NA,0.44,0.44,0.52,0.98,0.42343545188815,0.531350043259383,-0.0165645481118499
"GTM","Guatemala",2018,"Upper-mid","Mixed",TRUE,6.11,0.363,FALSE,0.44,71.496,20.8,0.0480769230769231,607.4,24.315,5.135,4270,6638657,3.13,4353,157.2,46.15,16845685,NA,NA,NA,NA,0.9,0.9,1,1,0.941090474765652,1,0.0410904747656518
"GUY","Guyana",2018,"Upper-mid","Public",TRUE,4.9,1.79,FALSE,1.68,68.829,27.9,0.03584229390681,610.3,21.236,7.407,6100,311302,4.45,6048.4,4.02,73.58,791556,NA,NA,NA,NA,0.53,0.53,0.53,0.87,0.475391254958412,0.490497950413762,-0.0546087450415881
"HRV","Croatia",2018,"High","Mixed",TRUE,6.71,3.497,FALSE,5.7,77.919512195122,4.1,0.24390243902439,1982,9.3,13.2,14670,1735734,3.92,15460.5,71.27,43.91,3988775,NA,NA,NA,NA,0.48,0.48,0.51,0.93,0.465664187770313,0.481049514586095,-0.0143358122296869
"HTI","Haiti",2018,"Low","Public",TRUE,4.32,0.238,FALSE,5.29,64.077,46,0.0217391304347826,138.4,24.222,7.927,1430,4823338,1.64,1496.4,397.76,48.63,10962362,NA,NA,NA,NA,0.59,0.59,0.66,0.92,0.72554304452035,0.741420582880232,0.13554304452035
"HUN","Hungary",2018,"High","Mixed",TRUE,6.55,3.384,FALSE,6.95,76.0658536585366,3.6,0.277777777777778,2112.9,9.6,13.5,15180,4835700,4.61,16605.1,106.37,29.53,9706964,NA,NA,NA,NA,0.5,0.5,0.5,0.91,0.484166005608416,0.490560120689429,-0.0158339943915839
"IDN","Indonesia",2018,"Lower-mid","Mixed",TRUE,2.87,0.421,FALSE,1.15,70.08,19.3,0.0518134715025907,326.1,17.146,7.562,3810,134532894,0.99,3861,143.78,44.9,269951846,NA,NA,NA,NA,0.93,0.93,1,1,1,1,0.07
"IRL","Ireland",2018,"High","Public",TRUE,6.75,3.276,FALSE,2.97,82.2048780487805,3,0.333333333333333,5873.4,12.5,6.4,59110,2413701,3.3,80804.1,71.1,36.92,4898022,NA,NA,NA,NA,0.62,0.62,0.72,0.99,0.616547780859638,0.725153626089977,-0.00345221914036176
"IRN","Iran",2018,"Lower-mid","Mixed",TRUE,6.64,1.505,FALSE,1.93,76.621,12.6,0.0793650793650794,984.7,16.664,4.645,5390,29067669,3.62,4783,53.08,25.2,86117998,NA,NA,NA,NA,0.43,0.43,0.64,0.96,0.479723105667601,0.722418682713418,0.0497231056676012
"ISL","Iceland",2018,"High","Public",TRUE,8.44,3.891,FALSE,2.87,82.8609756097561,2.1,0.476190476190476,4824.6,12,6.4,72840,216594,7.56,75633.9,3.5,6.15,352721,NA,NA,NA,NA,0.83,0.83,0.87,0.99,0.82564719303925,0.826054396659633,-0.0043528069607498
"ISR","Israel",2018,"High","Mixed",TRUE,7.24,3.477,FALSE,3.1,82.8024390243903,2.9,0.344827586206897,3035.3,20.8,5,41960,4172972,6.07,42269.4,410.48,8.35,8882800,NA,NA,NA,NA,0.6,0.6,0.74,0.99,0.598735769669192,0.755495525297078,-0.00126423033080802
"ITA","Italy",2018,"High","Mixed",TRUE,8.65,3.987,FALSE,3.15,83.3463414634146,2.7,0.37037037037037,3768.2,7.3,10.6,34270,25784537,4.24,35062.3,202.48,30.52,59877221,NA,NA,NA,NA,0.61,0.61,0.84,1,0.61001496112958,0.861760461742653,1.49611295801044e-05
"JAM","Jamaica",2018,"Upper-mid","Mixed",TRUE,6.84,0.548,FALSE,1.69,71.606,17.2,0.0581395348837209,686.3,12.305,7.366,5610,1446091,5.41,5976.9,260.4,43.7,2820097,NA,NA,NA,NA,0.53,0.53,0.67,0.95,0.551314499001047,0.62746274998244,0.0213144990010472
"JPN","Japan",2018,"High","Mixed",TRUE,10.74,2.485,FALSE,12.93,84.2109756097561,1.9,0.526315789473684,4522.3,7.4,11,42720,68187091,3.08,40645.5,347.9,8.36,126811000,NA,NA,NA,NA,0.99,0.99,1,1,0.981963516988927,1,-0.00803648301107318
"KAZ","Kazakhstan",2018,"Upper-mid","Mixed",TRUE,2.9,3.531,FALSE,5.2,73.369,8.2,0.121951219512195,707.2,21.702,6.97,7800,9452255,2.62,9472.5,7.01,41.76,18932727,NA,NA,NA,NA,0.95,0.95,1,1,0.901252339413618,0.907330451329202,-0.0487476605863815
"KOR","Korea, Rep.",2018,"High","Mixed",TRUE,7.14,2.386,FALSE,12.43,82.6268292682927,2.6,0.384615384615385,3247,6.4,5.8,34610,28257879,4.22,35364,528.97,18.62,51585058,NA,NA,NA,NA,0.72,0.72,0.87,0.99,0.76698024598485,0.898542481738033,0.0469802459848504
"LAO","Lao PDR",2018,"Lower-mid","Mixed",TRUE,2.25,0.361,FALSE,1.46,67.594,34.8,0.028735632183908,168.2,23.599,6.766,2460,2946540,2.34,2545.1,30.88,64.79,7128045,NA,NA,NA,NA,1,1,1,1,1,1,0
"LBN","Lebanon",2018,"Upper-mid","Mixed",TRUE,8.07,2.412,FALSE,2.73,78.263,12.2,0.0819672131147541,1774.2,18.09,5.195,8700,2102355,2.62,9174.5,584.96,10.73,5984119,NA,NA,NA,NA,0.39,0.39,0.68,0.96,0.366659038391899,0.594457062206843,-0.023340961608101
"LBR","Liberia",2018,"Low","Public",TRUE,10.44,0.14,FALSE,1.64,60.999,63.4,0.0157728706624606,179.4,32.955,8.64,620,2206322,2.5,692.2,51.34,47.68,4944726,NA,NA,NA,NA,0.72,0.72,0.73,0.91,0.375640752342343,0.395070190831324,-0.344359247657657
"LKA","Sri Lanka",2018,"Lower-mid","Mixed",TRUE,3.64,0.958,FALSE,3.81,76.485,6.5,0.153846153846154,502.8,15.15,6.677,4350,8523299,1.99,4358.6,350.28,80.68,21670000,NA,NA,NA,NA,0.82,0.82,0.9,0.96,0.893413644168666,0.921718184658493,0.0734136441686656
"LTU","Lithuania",2018,"High","Mixed",TRUE,6.47,4.596,FALSE,6.43,75.6804878048781,3.5,0.285714285714286,2354.8,9.5,14,17550,1473979,3.86,19247.2,45.01,32.85,2819200,NA,NA,NA,NA,0.51,0.51,0.52,0.9,0.492073975887887,0.501149771930482,-0.0179260241121127
"LVA","Latvia",2018,"High","Mixed",TRUE,6.41,3.303,FALSE,5.49,74.7829268292683,3.6,0.277777777777778,1903.8,10,15,16010,994948,4.39,17252.2,30.97,31.98,1927174,NA,NA,NA,NA,0.52,0.52,0.53,0.89,0.48862546381224,0.501059066752906,-0.0313745361877597
"MDV","Maldives",2018,"Upper-mid","Mixed",TRUE,7.29,1.862,FALSE,4.95,79.433,6.9,0.144927536231884,1597.3,13.395,2.642,10220,226484,3.86,11423.3,1576.99,60.31,473099,NA,NA,NA,NA,0.45,0.45,0.68,0.98,0.449504611995509,0.64603025507094,-0.000495388004490782
"MEX","Mexico",2018,"Upper-mid","Mixed",TRUE,5.24,2.456,FALSE,0.98,74.301,14,0.0714285714285714,1095.9,17.037,6.071,9560,55142830,4.14,10084.8,64.08,21.97,124573711,NA,NA,NA,NA,0.69,0.69,0.85,0.97,0.70015011640544,0.864587121974536,0.0101501164054405
"MLI","Mali",2018,"Low","Private",TRUE,3.73,0.12,FALSE,0.25,58.873,59.7,0.016750418760469,84,42.585,9.774,930,7290683,2.98,996.4,16.75,72.3,20442030,NA,NA,NA,NA,1,1,1,1,1,1,0
"MMR","Myanmar",2018,"Lower-mid","Public",TRUE,4.54,0.696,FALSE,1.06,66.232,39.8,0.0251256281407035,253.1,18.054,8.827,1310,24244077,1.99,1298.2,80.09,70.01,52272247,NA,NA,NA,NA,0.55,0.55,0.58,0.89,0.607545301399839,0.619057476789345,0.0575453013998394
"MNG","Mongolia",2018,"Lower-mid","Mixed",TRUE,4.53,3.526,FALSE,7.86,70.8270731707317,13.5,0.0740740740740741,565.7,24.5,5.6,3650,1310964,NA,4107.6,2.06,32.13,3208189,NA,NA,NA,NA,0.66,0.66,0.69,0.88,0.527581827988826,0.538370279372672,-0.132418172011174
"MOZ","Mozambique",2018,"Low","Public",TRUE,7.98,0.085,FALSE,0.77,60.79,50.3,0.0198807157057654,105.8,39.448,8.324,470,12515124,5.39,517.5,36.9,67.01,29018644,NA,NA,NA,NA,0.51,0.51,0.55,0.9,0.530138118951062,0.562812181105323,0.0201381189510622
"MUS","Mauritius",2018,"Upper-mid","Mixed",TRUE,5.6,1.858,FALSE,3.56,74.4163414634146,13.7,0.072992700729927,1269.2,10.3,8.6,12190,619649,4.67,11818.7,633.74,60.65,1265577,NA,NA,NA,NA,0.45,0.45,0.5,0.91,0.445770157801103,0.486397089772818,-0.00422984219889688
"MYS","Malaysia",2018,"Upper-mid","Mixed",TRUE,3.76,1.858,FALSE,1.9,75.734,6.8,0.147058823529412,1044.9,14.808,4.946,10200,16212579,4.48,10901.8,100.17,25.44,32910967,NA,NA,NA,NA,0.79,0.79,0.83,0.95,0.734698696758932,0.767449252868685,-0.0553013032410685
"NER","Niger",2018,"Low","Private",TRUE,5.3,0.037,FALSE,0.24,59.765,69.3,0.0144300144300144,67.5,44.181,9.769,580,8289312,3.45,576.9,17.52,83.36,22188069,NA,NA,NA,NA,1,1,1,1,1,1,0
"NIC","Nicaragua",2018,"Lower-mid","Mixed",TRUE,8.5,0.682,FALSE,0.95,73.879,12.9,0.0775193798449612,504.5,21.209,4.832,1990,2871355,4.47,2035.2,53.18,41.63,6400080,NA,NA,NA,NA,0.57,0.57,0.76,0.99,0.604399971072667,0.950129140883079,0.0343999710726667
"NLD","Netherlands",2018,"High","Mixed",TRUE,9.85,3.632,FALSE,3.15,81.8121951219512,3.5,0.285714285714286,5811.2,9.8,8.9,51290,9608481,5.27,53955.1,511.78,7.39,17231624,NA,NA,NA,NA,0.48,0.48,0.65,0.98,0.484957811356232,0.632091378849117,0.00495781135623186
"NOR","Norway",2018,"High","Public",TRUE,9.96,4.466,FALSE,3.52,82.7585365853659,2,0.5,7019.1,10.4,7.7,81200,2883492,7.6,85579.1,14.55,17.75,5311916,NA,NA,NA,NA,0.72,0.72,1,1,0.711549091535561,0.732954545454549,-0.0084509084644393
"NPL","Nepal",2018,"Lower-mid","Mixed",TRUE,4.53,0.749,FALSE,0.29,69.036,28.3,0.0353356890459364,179.2,21.122,7.07,1120,7630668,4.43,1179.2,195.88,34.19,28079689,NA,NA,NA,NA,1,1,1,1,1,1,0
"NZL","New Zealand",2018,"High","Mixed",TRUE,8.57,3.311,FALSE,2.59,81.7073170731707,4.5,0.222222222222222,3644.3,11.84,6.78,41570,2787916,5.19,43204.1,18.61,15.2,4900600,NA,NA,NA,NA,0.5,0.5,0.75,0.98,0.506713469390416,0.716153998958256,0.00671346939041595
"PAK","Pakistan",2018,"Lower-mid","Private",TRUE,2.83,0.917,FALSE,0.5,66.481,58.1,0.0172117039586919,140.8,29.343,6.852,1560,71401725,2.33,1569.3,294.38,63.25,226928892,NA,NA,NA,NA,0.97,0.97,1,1,1,1,0.03
"PAN","Panama",2018,"Upper-mid","Mixed",TRUE,7.6,1.609,FALSE,1.96,78.266,12.9,0.0775193798449612,2466.8,18.52,4.722,14910,2053703,3.45,16151.3,56.19,34.29,4167860,NA,NA,NA,NA,0.41,0.41,0.77,0.97,0.451989882020222,0.808061571431534,0.0419898820202223
"PER","Peru",2018,"Upper-mid","Mixed",TRUE,5.08,1.373,FALSE,1.61,76.018,12.8,0.078125,679.8,16.93,6.173,6500,18124121,3.71,6978.5,24.92,17.31,31897584,NA,NA,NA,NA,0.59,0.59,0.79,0.97,0.58743999769687,0.812085994965846,-0.00256000230313036
"PHL","Philippines",2018,"Lower-mid","Mixed",TRUE,3.95,0.695,FALSE,0.94,69.761,22.5,0.0444444444444444,330.5,19.418,5.753,3610,44041398,3.86,3168.5,367.12,46.79,109465287,NA,NA,NA,NA,0.74,0.74,0.81,0.97,0.755201505057731,0.766260168842689,0.0152015050577307
"PRT","Portugal",2018,"High","Mixed",TRUE,9.42,5.276,FALSE,3.43,81.3243902439024,2.9,0.344827586206897,3271.2,8.4,10.9,22040,5230976,4.68,23541.1,112.26,38.88,10283822,NA,NA,NA,NA,0.53,0.53,0.56,0.97,0.525470133224542,0.564741435851583,-0.00452986677545764
"PRY","Paraguay",2018,"Upper-mid","Mixed",TRUE,6.74,1.466,FALSE,0.9,73.627,17.6,0.0568181818181818,953.7,21.836,5.514,6060,3257956,3.3,6258.4,16.18,36.08,6427382,NA,NA,NA,NA,0.59,0.59,0.76,0.96,0.603723162787613,0.77775420523911,0.0137231627876133
"RUS","Russian Federation",2018,"Upper-mid","Mixed",TRUE,5.36,4.097,FALSE,7.14,72.6621951219512,5.1,0.196078431372549,1547.7,10.9,12.5,10180,74826387,4.68,11211.9,8.88,25.46,145398106,NA,NA,NA,NA,0.54,0.54,0.55,0.87,0.525768198513782,0.540348829739389,-0.0142318014862182
"RWA","Rwanda",2018,"Low","Public",TRUE,5.46,0.132,FALSE,0.73,66.354,32.2,0.031055900621118,116,31.231,6.206,760,4514731,3.07,772.8,506.2,78.46,12487996,NA,NA,NA,NA,0.6,0.6,0.61,0.97,0.746092604074039,0.764601163774625,0.146092604074039
"SGP","Singapore",2018,"High","Mixed",TRUE,4.07,2.443,FALSE,2.58,83.2975609756098,2,0.5,4237.4,8.8,5,56440,3390276,2.85,67032.8,7897.31,0,5638676,NA,NA,NA,NA,1,1,1,1,1,1,0
"SLV","El Salvador",2018,"Lower-mid","Mixed",TRUE,8.32,2.963,FALSE,1.08,71.384,11.1,0.0900900900900901,766,16.683,7.437,3940,2664932,3.61,4183.5,300.18,28.24,6219807,NA,NA,NA,NA,0.52,0.52,0.59,0.92,0.533673097029673,0.556338534054191,0.0136730970296732
"SUR","Suriname",2018,"Upper-mid","Mixed",TRUE,6.61,0.787,FALSE,2.85,71.468,17.6,0.0568181818181818,1179.5,18.092,7.061,5730,244674,4.92,6665.7,3.74,33.93,599513,NA,NA,NA,NA,0.44,0.44,0.56,0.92,0.479456965936968,0.496188622796385,0.0394569659369678
"SVK","Slovak Republic",2018,"High","Mixed",TRUE,6.64,3.523,FALSE,5.7,77.2658536585366,5,0.2,2092.6,10.6,10,18460,2742867,3.94,19573.4,113.29,46.51,5446771,NA,NA,NA,NA,0.46,0.46,0.49,0.92,0.447400090546488,0.470705534151877,-0.012599909453512
"SVN","Slovenia",2018,"High","Mixed",TRUE,8.35,3.185,FALSE,4.44,81.3780487804878,2,0.5,3236.6,9.4,9.9,24510,1038040,4.98,25888,102.99,44.81,2073894,NA,NA,NA,NA,0.78,0.78,0.9,0.98,0.752453393593223,0.764746131965528,-0.027546606406777
"SWE","Sweden",2018,"High","Public",TRUE,11.09,4.322,FALSE,2.13,82.5585365853659,2.2,0.454545454545455,5924,11.4,9.1,54930,5397382,7.7,54018.5,24.98,12.53,10175214,NA,NA,NA,NA,1,1,1,1,1,1,0
"TGO","Togo",2018,"Low","Private",TRUE,6.16,0.074,FALSE,0.63,60.608,41.4,0.0241545893719807,127.3,35.431,9.757,920,2602312,4.09,942.5,137.12,58.99,7458206,NA,NA,NA,NA,0.62,0.62,0.68,0.9,0.647122419689538,0.69485563717265,0.0271224196895383
"THA","Thailand",2018,"Upper-mid","Mixed",TRUE,3.87,0.518,FALSE,2.1,77.19,9.2,0.108695652173913,730.4,9.4,7.167,6430,40193292,3.2,7099.8,139.71,45.42,71376079,NA,NA,NA,NA,0.85,0.85,1,1,1,1,0.15
"TTO","Trinidad and Tobago",2018,"High","Mixed",TRUE,6.65,3.939,FALSE,2.44,72.658,19.5,0.0512820512820513,1763.1,12.06,7.742,16800,672830,3.47,17571.5,264.95,46.07,1359193,NA,NA,NA,NA,0.42,0.42,0.44,0.89,0.369917208354365,0.380525810813038,-0.0500827916456347
"TUR","Turkiye",2018,"Upper-mid","Mixed",TRUE,4.12,1.814,FALSE,2.75,77.454,9.7,0.103092783505155,1124.7,15.4,5.2,10760,33302540,4.3,9684.1,105.77,11.83,81407204,NA,NA,NA,NA,0.67,0.67,0.81,0.95,0.650710433569954,0.77706758992063,-0.0192895664300456
"TZA","Tanzania",2018,"Lower-mid","Public",TRUE,4.33,0.05,FALSE,0.44,65.488,35.9,0.0278551532033426,110,37.335,6.382,1010,27078758,3.7,1023.1,64.84,67.17,57437145,NA,NA,NA,NA,1,1,1,1,1,1,0
"USA","United States",2018,"High","Private",TRUE,16.51,2.548,FALSE,2.76,78.6390243902439,5.6,0.178571428571429,10180.5,11.6,8.678,63040,167002008,4.9,62875.7,35.91,19.72,328529577,NA,NA,NA,NA,0.37,0.37,0.57,0.94,0.379087162247604,0.58391891581843,0.00908716224760431
"ARE","United Arab Emirates",2019,"High","Public",TRUE,4.4,2.71,FALSE,1.83,82.596,5,0.2,3409.700148469,10.094,0.958,46690,6256531,3.86,45938.6,133,14.97,9445785,NA,NA,NA,NA,0.79,0.79,1,1,0.802141553227711,1,0.0121415532277106
"ARG","Argentina",2019,"Upper-mid","Mixed",TRUE,10.12,5.25,FALSE,3.69,76.847,8.9,0.112359550561798,2379.69410922038,13.902,7.676,11210,20580300,4.77,9956,16.43,8.14,44973465,NA,NA,NA,NA,0.32,0.32,0.4,0.92,0.295353228641508,0.339827063693181,-0.0246467713584917
"AUT","Austria",2019,"High","Mixed",TRUE,10.63,5.318,FALSE,7.19,81.8951219512195,2.9,0.344827586206897,6428.20230300818,9.6,9.4,50900,4627750,5.24,49886,107.61,31.68,8879920,NA,NA,NA,NA,0.37,0.37,0.4,0.98,0.352881908182202,0.39235693245794,-0.0171180918177981
"AZE","Azerbaijan",2019,"Upper-mid","Mixed",TRUE,4.18,3.148,FALSE,3.94,73.29,16.5,0.0606060606060606,691.39652893836,14.1,5.6,4510,4998924,3.18,4805.8,121.28,41.87,10024283,NA,NA,NA,NA,0.65,0.65,0.66,0.9,0.535744399645204,0.542634395347551,-0.114255600354796
"BEL","Belgium",2019,"High","Mixed",TRUE,10.86,3.424,FALSE,5.57,81.9951219512195,3.3,0.303030303030303,6176.00593172252,10.2,9.5,48070,5146209,6.32,46716.6,376.76,12.9,11488980,NA,NA,NA,NA,0.46,0.46,0.6,0.98,0.434629831644666,0.591736379226083,-0.0253701683553337
"BEN","Benin",2019,"Lower-mid","Public",TRUE,3,0.06,FALSE,0.4,59.888,51.8,0.0193050193050193,94.5345382639284,36.036,9.335,1170,5459336,2.73,1130.8,112.87,51.29,12726755,NA,NA,NA,NA,1,1,1,1,1,1,0
"BGD","Bangladesh",2019,"Lower-mid","Private",TRUE,2.13,0.63,FALSE,0.89,72.625,25.4,0.0393700787401575,128.629979474583,20.131,5.372,2220,69165404,1.13,2129.8,1266.91,69.18,164913055,NA,NA,NA,NA,1,1,1,1,1,1,0
"BLR","Belarus",2019,"Upper-mid","Public",TRUE,5.86,4.546,FALSE,9.93,74.2268292682927,2.4,0.416666666666667,1305.00109860036,9.3,12.8,6370,5025008,4.98,6837.8,46.41,22.54,9419758,NA,NA,NA,NA,0.65,0.65,0.69,0.89,0.648158139422906,0.682170881829581,-0.0018418605770939
"BRA","Brazil",2019,"Upper-mid","Mixed",TRUE,9.61,2.351,FALSE,2.29,75.809,12.9,0.0775193798449612,1545.03321144692,13.548,6.452,9410,106262669,5.96,9029.8,24.82,13.32,207455459,NA,NA,NA,NA,0.33,0.33,0.53,0.92,0.3566088783178,0.505460928053784,0.0266088783177997
"BTN","Bhutan",2019,"Lower-mid","Public",TRUE,3.38,0.336,FALSE,2.09,72.005,17.9,0.0558659217877095,417.631234872107,12.421,6.35,3370,384922,4.51,3576.9,20.05,60.93,764824,NA,NA,NA,NA,0.77,0.77,1,1,0.961991008655609,1,0.191991008655609
"CAN","Canada",2019,"High","Mixed",TRUE,11.05,2.418,FALSE,2.51,82.1585365853659,4.5,0.222222222222222,5555,9.9,7.6,46580,20799435,4.77,46353,4.2,18.26,37618495,NA,NA,NA,NA,0.51,0.51,0.93,0.99,0.527091880232752,0.926319004783598,0.0170918802327524
"CHE","Switzerland",2019,"High","Mixed",TRUE,11.43,4.349,FALSE,4.59,83.9048780487805,3.5,0.285714285714286,8422.4,10,7.9,84160,4978225,5.01,85873,217.04,19.22,8575280,NA,NA,NA,NA,0.36,0.36,1,1,0.375731057749576,1,0.015731057749576
"CHL","Chile",2019,"High","Mixed",TRUE,9.31,2.627,FALSE,2.02,80.324,6,0.166666666666667,2384.4,10.94,6.46,14700,9843775,5.63,14497,25.84,11.87,19197744,NA,NA,NA,NA,0.48,0.48,0.88,0.98,0.504276422159247,0.787351148229012,0.0242764221592469
"CHN","China",2019,"Upper-mid","Mixed",TRUE,5.27,2.255,FALSE,4.82,77.94,6,0.166666666666667,917.2,10.41,7.09,10510,775928449,NA,10343,149.95,37.29,1407745000,NA,NA,NA,NA,0.6,0.6,0.65,0.94,0.5354312620488,0.632287102537417,-0.0645687379511998
"COL","Colombia",2019,"Upper-mid","Mixed",TRUE,7.83,2.317,FALSE,1.75,76.793,12.3,0.0813008130081301,1267.7,14.218,5.38,6630,25000012,4.51,6472.5,44.98,22.54,49907985,NA,NA,NA,NA,0.43,0.43,0.73,0.96,0.459108086809805,0.637856474712564,0.0291080868098054
"CRI","Costa Rica",2019,"Upper-mid","Mixed",TRUE,7.22,2.376,FALSE,1.11,80.296,7.9,0.126582278481013,1685.4,12.661,5.124,12310,2534006,6.74,12951.9,97.92,22.96,4999553,NA,NA,NA,NA,0.72,0.72,1,1,0.690441743460542,1,-0.0295582565394578
"CYP","Cyprus",2019,"High","Mixed",TRUE,7,2.928,FALSE,2.13,81.454,2.5,0.4,3128.2,11.014,6.6,28380,715150,5.16,29227.2,139.25,33.23,1286671,NA,NA,NA,NA,0.9,0.9,0.92,0.98,0.95931020757758,0.976171695105939,0.05931020757758
"CZE","Czechia",2019,"High","Mixed",TRUE,7.49,4.112,FALSE,6.7,79.2292682926829,2.4,0.416666666666667,3422.4,10.5,10.5,22440,5394887,4.47,24062.7,138.23,27.21,10671870,NA,NA,NA,NA,0.53,0.53,0.53,0.95,0.525483499453856,0.53371446829391,-0.00451650054614405
"DEU","Germany",2019,"High","Mixed",TRUE,11.43,4.373,FALSE,7.87,81.2926829268293,3.1,0.32258064516129,6779.5,9.4,11.3,50350,43981829,5.03,47656.2,237.82,18.69,83092962,NA,NA,NA,NA,0.34,0.34,0.38,0.97,0.365887145543636,0.413837776074923,0.0258871455436365
"DNK","Denmark",2019,"High","Public",TRUE,10.18,4.251,FALSE,2.59,81.4512195121951,3.3,0.303030303030303,6171.2,10.5,9.3,63020,3034322,7.28,59404.3,145.36,11.79,5814422,NA,NA,NA,NA,0.6,0.6,0.69,0.97,0.611206372887583,0.679469088739747,0.0112063728875825
"DOM","Dominican Republic",2019,"Upper-mid","Mixed",TRUE,4.37,1.431,FALSE,1.25,73.112,30.9,0.0323624595469256,863.4,19.43,6.132,7940,5117215,4.04,8183,226.03,26.46,10894043,NA,NA,NA,NA,0.64,0.64,0.74,0.97,0.59555011845115,0.677798075326774,-0.0444498815488501
"ESP","Spain",2019,"High","Mixed",TRUE,9.22,4.376,FALSE,2.93,83.8317073170732,2.6,0.384615384615385,4076,7.6,8.8,30560,23229297,4.2,29786.5,94.32,20.37,47118501,NA,NA,NA,NA,0.65,0.65,1,1,0.682711127889352,1,0.0327111278893522
"EST","Estonia",2019,"High","Mixed",TRUE,6.65,3.469,FALSE,4.53,78.6463414634147,1.9,0.526315789473684,2702.3,10.6,11.6,23490,700344,5.16,24021.3,31.04,30.42,1326898,NA,NA,NA,NA,0.78,0.78,1,1,0.762057450214508,1,-0.0179425497854918
"FIN","Finland",2019,"High","Public",TRUE,9.22,3.566,FALSE,3.35,81.9829268292683,1.9,0.526315789473684,4821.3,8.3,9.8,49590,2749091,6.45,48358.2,18.17,27.26,5521606,NA,NA,NA,NA,0.79,0.79,1,1,0.828299370190581,1,0.0382993701905805
"FRA","France",2019,"High","Mixed",TRUE,11.17,3.243,FALSE,5.96,82.8268292682927,3.3,0.303030303030303,5719.3,11.2,9.1,42720,30500444,5.37,40408.3,125.02,21.31,67382061,NA,NA,NA,NA,0.44,0.44,0.66,0.99,0.456678583651214,0.703768242470093,0.0166785836512137
"GBR","United Kingdom",2019,"High","Mixed",TRUE,9.98,2.932,FALSE,2.44,81.3691219512195,3.8,0.263157894736842,4983.8,10.645,9.019,43640,34205897,5.26,43160.7,275.4,17.33,66628000,NA,NA,NA,NA,0.58,0.58,0.83,0.98,0.59792915253299,0.769071915288074,0.0179291525329903
"GEO","Georgia",2019,"Upper-mid","Mixed",TRUE,7.31,7.452,FALSE,4.61,74.165,8.2,0.121951219512195,1201.7,13.588,12.081,4780,1854016,3.83,4741.3,65.09,41.37,3720161,NA,NA,NA,NA,0.43,0.43,0.43,0.88,0.345723240115709,0.34729897020109,-0.0842767598842909
"GMB","Gambia",2019,"Low","Public",TRUE,3.15,0.077,FALSE,0.96,64.427,38.2,0.0261780104712042,76.2,31.921,6.807,720,675484,2.81,738.2,242.77,38.36,2456844,NA,NA,NA,NA,0.99,0.99,1,1,1,1,0.01
"GRC","Greece",2019,"High","Mixed",TRUE,8.12,6.163,FALSE,4.15,81.6390243902439,3.5,0.285714285714286,2590.8,7.8,11.7,19770,4672995,3.55,19335.4,83.18,21.81,10721582,NA,NA,NA,NA,0.45,0.45,0.53,0.97,0.443733322009083,0.502897898724869,-0.00626667799091657
"HRV","Croatia",2019,"High","Mixed",TRUE,6.79,3.59,FALSE,5.78,78.2243902439024,4,0.25,2223.3,9.1,13.1,15770,1716971,3.95,15563.7,70.57,43.7,3949390,NA,NA,NA,NA,0.51,0.51,0.52,0.94,0.469558957117783,0.485090115013129,-0.0404410428822167
"HUN","Hungary",2019,"High","Mixed",TRUE,6.25,3.494,FALSE,6.91,76.3195121951219,3.4,0.294117647058824,2224.3,9.6,13.4,16840,4843975,4.2,17012.9,106.23,29.54,9694824,NA,NA,NA,NA,0.56,0.56,0.56,0.91,0.532303038317296,0.542549622926086,-0.0276969616827042
"IDN","Indonesia",2019,"Lower-mid","Mixed",TRUE,2.88,0.462,FALSE,1.16,70.349,18.5,0.0540540540540541,345,16.909,7.558,4020,137425585,0.96,4106.9,145.13,44.26,272489381,NA,NA,NA,NA,0.92,0.92,1,1,0.967827135477161,0.971965135548914,0.0478271354771606
"ISL","Iceland",2019,"High","Public",TRUE,8.64,3.892,FALSE,2.8,83.1634146341463,2.1,0.476190476190476,5227.3,12.3,6.3,75560,221428,7.6,69296.3,3.58,6.02,360563,NA,NA,NA,NA,0.84,0.84,0.84,0.99,0.853933024376393,0.854118154925045,0.0139330243763933
"ISR","Israel",2019,"High","Mixed",TRUE,7.21,3.521,FALSE,3.1,82.8048780487805,2.9,0.344827586206897,3114.7,20.1,5.1,44110,4229687,6.07,44091.9,418.39,8.38,9054000,NA,NA,NA,NA,0.6,0.6,0.74,0.99,0.623260526031842,0.71918016290157,0.0232605260318417
"ITA","Italy",2019,"High","Mixed",TRUE,8.62,4.024,FALSE,3.14,83.4975609756098,2.6,0.384615384615385,4014.2,7,10.6,35030,25761500,4.08,33812.8,201.98,30.49,59729081,NA,NA,NA,NA,0.63,0.63,0.79,1,0.649693305061656,0.8140754459407,0.0196933050616561
"JOR","Jordan",2019,"Lower-mid","Mixed",TRUE,7.07,2.519,FALSE,1.36,76.865,13.7,0.072992700729927,666.9,22.236,3.033,4580,2794037,2.99,4557.8,120.19,8.48,10671891,NA,NA,NA,NA,0.48,0.48,0.74,0.96,0.531136584392541,0.727455480294306,0.0511365843925408
"KAZ","Kazakhstan",2019,"Upper-mid","Mixed",TRUE,2.87,3.62,FALSE,5.01,73.658,8.1,0.123456790123457,799.7,21.424,6.911,8500,9556218,2.86,9457.1,7.12,40.92,19209555,NA,NA,NA,NA,1,1,1,1,0.878061055606616,0.88718036956515,-0.121938944393384
"KGZ","Kyrgyz Republic",2019,"Lower-mid","Mixed",TRUE,4.25,1.759,FALSE,4.09,71.6,16,0.0625,229,26.9,5.2,1240,2614491,5.08,1422,34.36,65.12,6590211,NA,NA,NA,NA,0.59,0.59,0.59,0.86,0.518105577146014,0.52811463046754,-0.0718944228539863
"KOR","Korea, Rep.",2019,"High","Mixed",TRUE,7.69,2.458,FALSE,12.43,83.2268292682927,2.6,0.384615384615385,3578.4,5.9,5.7,35790,28561856,4.42,33827,530.38,18.71,51764822,NA,NA,NA,NA,0.72,0.72,0.94,1,0.769032671677711,0.978659100777835,0.049032671677711
"LAO","Lao PDR",2019,"Lower-mid","Mixed",TRUE,2.6,0.363,FALSE,1.68,67.911,33.3,0.03003003003003,202.1,23.151,6.599,2520,3065141,2.12,2589.3,31.36,64.09,7237636,NA,NA,NA,NA,0.97,0.97,1,1,0.995255629775299,0.99728429917322,0.025255629775299
"LBN","Lebanon",2019,"Upper-mid","Mixed",TRUE,8.69,2.611,FALSE,2.73,78.208,12.6,0.0793650793650794,1887.5,17.622,5.458,8630,2042509,2.52,8905.9,566.43,10.5,5794594,NA,NA,NA,NA,0.38,0.38,0.67,0.95,0.349416722414101,0.565463230453976,-0.0305832775858992
"LTU","Lithuania",2019,"High","Mixed",TRUE,6.94,4.568,FALSE,6.34,76.2829268292683,3.3,0.303030303030303,2815.9,8.9,13.6,19200,1481171,3.94,19608.8,44.89,32.75,2811089,NA,NA,NA,NA,0.52,0.52,0.53,0.91,0.484768306259349,0.49496404971909,-0.0352316937406507
"LVA","Latvia",2019,"High","Mixed",TRUE,6.86,3.267,FALSE,5.42,75.3878048780488,3.3,0.303030303030303,2202.7,9.8,14.5,17010,982724,4.59,17295,30.76,31.93,1913822,NA,NA,NA,NA,0.53,0.53,0.54,0.9,0.504224750502313,0.5119498980477,-0.0257752494976868
"MDA","Moldova",2019,"Lower-mid","Mixed",TRUE,6.5,4.033,FALSE,5.8,70.181,14.1,0.0709219858156028,864.7,12.637,13.919,4490,1481802,6.23,4405.3,92.76,59.23,2664224,NA,NA,NA,NA,0.42,0.42,0.42,0.85,0.338448711620102,0.351719053813948,-0.0815512883798977
"MDV","Maldives",2019,"Upper-mid","Mixed",TRUE,7.5,2.235,FALSE,6.36,79.707,6.4,0.15625,1731.3,12.597,2.579,10730,243098,4.12,11740.3,1625.77,59.95,487731,NA,NA,NA,NA,0.44,0.44,0.59,0.97,0.43795742252112,0.591153674549902,-0.00204257747888026
"MMR","Myanmar",2019,"Lower-mid","Public",TRUE,3.81,0.757,FALSE,1.05,66.457,38.4,0.0260416666666667,232.6,17.774,8.847,1380,23767370,2,1426,80.65,69.92,52640713,NA,NA,NA,NA,0.54,0.54,0.57,0.9,0.641040064133868,0.653862753560639,0.101040064133868
"MOZ","Mozambique",2019,"Low","Public",TRUE,7.9,0.086,FALSE,0.72,61.306,49.2,0.0203252032520325,109.7,39.117,8.078,500,12903560,6,519.1,38,66.58,29884380,NA,NA,NA,NA,0.6,0.6,0.6,0.9,0.678669270559247,0.681743867474308,0.0786692705592469
"MUS","Mauritius",2019,"Upper-mid","Mixed",TRUE,5.7,2.558,FALSE,3.66,74.2358536585366,14,0.0714285714285714,1346.8,10.2,8.9,12710,628768,4.54,11568.3,633.94,60.75,1265985,NA,NA,NA,NA,0.45,0.45,0.46,0.89,0.405535980033481,0.432420245210254,-0.044464019966519
"MYS","Malaysia",2019,"Upper-mid","Mixed",TRUE,3.84,2.021,FALSE,1.9,75.9,6.8,0.147058823529412,1111,14.233,4.98,10750,16636582,4.16,10920.2,101.78,25.16,33440596,NA,NA,NA,NA,0.79,0.79,0.81,0.95,0.698491304635693,0.734322418906709,-0.0915086953643073
"NER","Niger",2019,"Low","Private",TRUE,5.67,0.039,FALSE,0.29,60.031,69.3,0.0144300144300144,80.6,43.366,9.573,600,8590335,3.53,541.3,18.12,83.19,22947757,NA,NA,NA,NA,1,1,1,1,1,1,0
"NLD","Netherlands",2019,"High","Mixed",TRUE,9.94,3.713,FALSE,2.99,82.1121951219512,3.5,0.285714285714286,6217.2,9.8,8.8,52940,9742856,5.06,53555,515.14,6.11,17344874,NA,NA,NA,NA,0.51,0.51,0.7,0.98,0.52220677189115,0.660544122449106,0.0122067718911502
"NOR","Norway",2019,"High","Public",TRUE,10.44,4.578,FALSE,3.48,82.9585365853659,2,0.5,7432.1,10.2,7.6,82500,2911217,7.86,79329.3,14.65,17.51,5347896,NA,NA,NA,NA,0.75,0.75,1,1,0.728838109591091,0.772988505747142,-0.0211618904089089
"NPL","Nepal",2019,"Lower-mid","Mixed",TRUE,4.45,0.815,FALSE,0.29,69.299,27.1,0.03690036900369,189.4,20.648,7.024,1240,7802999,3.89,1203.1,198.21,34.01,28414064,NA,NA,NA,NA,1,1,1,1,1,1,0
"NZL","New Zealand",2019,"High","Mixed",TRUE,8.62,3.37,FALSE,2.54,82.0560975609756,4.4,0.227272727272727,3887.6,11.98,6.88,43090,2819371,5.17,42872.3,18.88,16.2,4970300,NA,NA,NA,NA,0.52,0.52,0.8,0.98,0.531607152450943,0.739281461706263,0.0116071524509427
"PAK","Pakistan",2019,"Lower-mid","Private",TRUE,2.85,1.049,FALSE,0.5,66.729,56.3,0.0177619893428064,143.4,28.986,6.772,1520,73727954,2.21,1390.4,299.4,62.89,230800899,NA,NA,NA,NA,0.9,0.9,1,1,1,1,0.1
"PAN","Panama",2019,"Upper-mid","Mixed",TRUE,8.14,1.637,FALSE,1.94,78.514,12.6,0.0793650793650794,2702,17.57,4.719,15640,2125347,3.28,16478,57.09,34.25,4234700,NA,NA,NA,NA,0.38,0.38,0.86,0.98,0.436569734142934,0.85626169114022,0.056569734142934
"PHL","Philippines",2019,"Lower-mid","Mixed",TRUE,4.17,0.732,FALSE,0.98,69.68,22.6,0.0442477876106195,371.8,18.104,5.896,3760,45267971,3.41,3400.8,371.62,46.28,110804683,NA,NA,NA,NA,0.67,0.67,0.82,0.98,0.699495386148469,0.737640406708077,0.029495386148469
"PRT","Portugal",2019,"High","Mixed",TRUE,9.51,5.422,FALSE,3.49,81.6756097560976,2.8,0.357142857142857,3584.1,8.4,10.8,23250,5245523,4.63,23343.4,112.29,38.89,10286263,NA,NA,NA,NA,0.53,0.53,0.57,0.97,0.548814707553366,0.583792190715247,0.0188147075533662
"RUS","Russian Federation",2019,"Upper-mid","Mixed",TRUE,5.65,4.165,FALSE,7.03,73.0839024390244,4.8,0.208333333333333,1759.4,10.1,12.3,11190,73911859,3.7,11447.7,8.88,25.38,145453291,NA,NA,NA,NA,0.56,0.56,0.57,0.87,0.50798056500356,0.525013236517646,-0.0520194349964398
"RWA","Rwanda",2019,"Low","Public",TRUE,4.91,0.117,FALSE,0.73,66.691,31.7,0.0315457413249211,114.8,30.672,6.132,820,4505832,3.24,823.4,517.88,77.03,12776103,NA,NA,NA,NA,0.83,0.83,0.84,0.97,0.886101479029021,0.921049935726447,0.0561014790290215
"SEN","Senegal",2019,"Lower-mid","Mixed",TRUE,4.5,0.088,FALSE,0.71,67.668,34.8,0.028735632183908,164,30.405,5.979,1430,4904458,5.04,1431.2,84.94,50.06,16352922,NA,NA,NA,NA,1,1,1,1,0.996358468370014,1,-0.00364153162998648
"SGP","Singapore",2019,"High","Mixed",TRUE,4.41,2.519,FALSE,2.69,83.5951219512195,2,0.5,4670.5,8.8,5,58510,3454121,2.73,66068.7,7965.88,0,5703569,NA,NA,NA,NA,1,1,1,1,1,1,0
"STP","Sao Tome and Principe",2019,"Lower-mid","Public",TRUE,5.48,0.492,FALSE,2.91,68.043,11.3,0.0884955752212389,255.2,29.229,6.117,1810,30096,6.11,1935.3,222.28,32.09,213392,NA,NA,NA,NA,0.67,0.67,0.72,0.93,0.773931994388209,0.805668483686131,0.103931994388209
"SVK","Slovak Republic",2019,"High","Mixed",TRUE,6.91,3.569,FALSE,5.76,77.6658536585366,5,0.2,2350.4,10.5,9.8,19230,2735233,4.27,19406.1,113.44,46.63,5454147,NA,NA,NA,NA,0.47,0.47,0.49,0.93,0.428058573824417,0.459866450349944,-0.0419414261755831
"SVN","Slovenia",2019,"High","Mixed",TRUE,8.57,3.27,FALSE,4.44,81.5292682926829,2,0.5,3642.6,9.3,9.9,25900,1035062,4.93,25814.2,103.71,44.55,2088385,NA,NA,NA,NA,0.75,0.75,0.75,0.98,0.758325870861214,0.770336391437308,0.00832587086121439
"SWE","Sweden",2019,"High","Public",TRUE,10.93,4.288,FALSE,2.07,83.109756097561,2.2,0.454545454545455,6267.4,11.1,8.6,56100,5458324,7.66,51649,25.24,12.29,10278887,NA,NA,NA,NA,1,1,1,1,1,1,0
"TGO","Togo",2019,"Low","Private",TRUE,5.91,0.074,FALSE,0.56,61.061,40.2,0.0248756218905473,130.9,34.907,9.58,950,2646782,4.2,917.7,140.1,58.55,7619925,NA,NA,NA,NA,0.79,0.79,0.81,0.91,0.990381330762593,1,0.200381330762593
"THA","Thailand",2019,"Upper-mid","Mixed",TRUE,3.79,0.548,FALSE,2.21,77.197,8.9,0.112359550561798,756.8,9.056,7.422,7070,39952678,3.02,7605.7,140,44.07,71522271,NA,NA,NA,NA,0.84,0.84,1,1,0.988471706088882,1,0.148471706088882
"TTO","Trinidad and Tobago",2019,"High","Mixed",TRUE,6.91,4.205,FALSE,1.95,72.836,19.2,0.0520833333333333,1868.7,12.088,7.948,17240,671805,3.55,17212.6,265.88,46.07,1363985,NA,NA,NA,NA,0.42,0.42,0.51,0.91,0.402969927509709,0.426288124568506,-0.0170300724902908
"TUR","Turkiye",2019,"Upper-mid","Mixed",TRUE,4.36,1.884,FALSE,2.78,77.737,9.4,0.106382978723404,1200.4,14.4,5.3,9970,33686201,4.45,9395.2,107.3,11.34,82579440,NA,NA,NA,NA,0.69,0.69,0.79,0.95,0.586378218148815,0.750318392295572,-0.103621781851185
"USA","United States",2019,"High","Private",TRUE,16.54,3.482,FALSE,2.72,78.7878048780488,5.5,0.181818181818182,10550.2,11.4,8.697,65840,168920514,4.96,65228,36.1,19.87,330226227,NA,NA,NA,NA,0.37,0.37,0.58,0.94,0.388851519378837,0.530332322538299,0.0188515193788372
"ALB","Albania",2020,"Upper-mid","Mixed",TRUE,7.47,1.879,FALSE,2.9,77.824,8.1,0.123456790123457,1070.47456964305,10.536,9.08,5970,1238064,3.33,6027.9,92.28,42.86,2528480,19585.41,401.04,1.09978798586572,283,0.55,0.55,0.62,0.95,0.537768289968987,0.646789184070114,-0.0122317100310128
"ARE","United Arab Emirates",2020,"High","Public",TRUE,5.82,2.83,FALSE,1.91,81.936,4.7,0.212765957446809,3787.52209458405,10.465,1.118,41310,6178311,3.98,37991.7,132.37,14.8,9401038,19614.37,63.95,1.12420138888889,288,0.92,0.92,1,1,0.947476382443566,1,0.0274763824435655
"ARG","Argentina",2020,"Upper-mid","Mixed",TRUE,10.67,5.304,FALSE,3.19,75.878,8.7,0.114942528735632,2389.92172226818,11.799,8.45,9040,19317784,5.28,8535.6,16.51,8.06,45191965,35894.81,1046.23,1.1627972027972,286,0.42,0.42,0.47,0.92,0.40982699042967,0.418297803773041,-0.0101730095703305
"AUT","Austria",2020,"High","Mixed",TRUE,11.41,5.344,FALSE,7.05,81.1926829268293,2.9,0.344827586206897,6691.04851151445,9.4,10.3,49000,4607777,5.58,48716.4,108.06,31.46,8916864,38030.25,777.63,1.13658783783784,296,0.48,0.48,0.59,0.97,0.479187343928195,0.584486984946182,-0.000812656071805251
"BEL","Belgium",2020,"High","Mixed",TRUE,11.46,3.506,FALSE,5.53,80.6951219512195,3.2,0.3125,6441.8068068689,9.9,11,46330,5124712,6.75,45906.3,378.39,12.7,11538604,54867.74,1664.17,1.15716666666667,300,0.6,0.6,0.68,0.97,0.545321575778179,0.641434462280744,-0.0546784242218215
"BTN","Bhutan",2020,"Lower-mid","Public",TRUE,4.08,0.486,FALSE,2.13,72.253,16.9,0.0591715976331361,524.292575542293,12.952,6.275,3040,400199,5.47,3191.7,20.19,60.31,770006,764.48,0,0.871298701298701,154,0.72,0.72,1,1,0.771323630495444,0.825815225216594,0.0513236304954435
"CAN","Canada",2020,"High","Mixed",TRUE,13.02,2.415,FALSE,2.54,81.53,4.5,0.222222222222222,6301.5,9.5,8.1,43900,20505333,4.89,43537.9,4.24,18.05,38028638,13890.35,379.53,1.15812080536913,298,0.64,0.64,1,1,0.61264155988311,1,-0.0273584401168897
"CHE","Switzerland",2020,"High","Mixed",TRUE,11.99,4.388,FALSE,4.48,83,3.5,0.285714285714286,8749.7,9.9,8.8,83150,4988638,5.28,87529.7,218.63,17.66,8638167,49512.07,816.86,1.19255813953488,301,0.52,0.52,0.9,1,0.502932070072131,0.883349521766204,-0.0170679299278692
"CHL","Chile",2020,"High","Mixed",TRUE,9.7,2.798,FALSE,2.02,79.349,5.8,0.172413793103448,2458.4,10.097,7.393,12960,8906788,5.63,13118,26.08,11.7,19370624,30603.64,838.95,1.14512027491409,291,0.62,0.62,0.81,0.98,0.623781497632055,0.787396629637358,0.0037814976320546
"CHN","China",2020,"Upper-mid","Mixed",TRUE,5.5,2.385,FALSE,5,78.019,5.5,0.181818181818182,1002,8.52,7.07,10740,760877838,NA,10627.5,150.31,36.48,1411100000,67.59,3.35,1.02357558139535,344,0.67,0.67,0.8,0.97,0.688293670251362,0.844432256460517,0.0182936702513615
"COL","Colombia",2020,"Upper-mid","Mixed",TRUE,8.7,2.394,FALSE,1.7,74.757,11.9,0.0840336134453781,1349.8,14.106,6.621,5850,25151123,5.26,5339.7,45.63,22.36,50629997,30436.21,805.79,1.178125,288,0.55,0.55,0.65,0.94,0.544111603356949,0.591919758484931,-0.00588839664305141
"CRI","Costa Rica",2020,"Upper-mid","Mixed",TRUE,7.83,2.494,FALSE,1.17,79.725,8.1,0.123456790123457,1729.4,11.366,5.573,11780,2419333,6.63,12475.7,98.6,22.48,5034320,32284.45,413.83,1.12926315789474,285,0.81,0.81,1,1,0.772194232346441,1,-0.0378057676535594
"CZE","Czechia",2020,"High","Mixed",TRUE,8.97,4.153,FALSE,6.63,78.2268292682927,2.4,0.416666666666667,4023.6,10.3,12.1,22190,5343016,4.63,23472.9,138.58,27.27,10697858,63248.23,1065,1.16897610921502,293,0.69,0.69,0.69,0.94,0.679693360373316,0.711528715783248,-0.0103066396266841
"DEU","Germany",2020,"High","Mixed",TRUE,12.47,4.443,FALSE,7.77,81.0414634146342,3.1,0.32258064516129,7316.3,9.3,11.9,48540,43372704,5.52,47394.9,238.02,18.53,83160871,19743.76,559.06,1.19350819672131,305,0.46,0.46,0.53,0.97,0.450320721889791,0.559861553171857,-0.00967927811020936
"ESP","Spain",2020,"High","Mixed",TRUE,10.79,4.546,FALSE,2.94,82.2317073170732,2.6,0.384615384615385,4249.1,7.2,10.4,27410,22918332,4.85,27234,94.8,20.3,47359424,40134.09,1128.28,1.22736842105263,304,0.76,0.76,0.91,0.99,0.754804370266502,0.806469130648539,-0.00519562973349819
"EST","Estonia",2020,"High","Mixed",TRUE,7.47,3.479,FALSE,4.46,78.5951219512195,1.8,0.555555555555556,3040.2,9.9,11.9,23580,700345,5.44,23934,31.1,30.12,1329522,22984.36,210.36,1.1088698630137,292,1,1,1,1,1,1,0
"FIN","Finland",2020,"High","Public",TRUE,9.7,3.61,FALSE,2.75,81.9317073170732,1.9,0.526315789473684,5169.6,8.4,10,49630,2744434,6.68,48828.7,18.19,26.92,5529543,6832.46,110.96,1.08216949152542,295,1,1,1,1,1,1,0
"FRA","France",2020,"High","Mixed",TRUE,12.13,3.252,FALSE,5.86,82.1756097560976,3.3,0.303030303030303,6013.2,10.9,9.9,39690,30289755,5.66,39169.9,125.43,21.29,67601110,36377.6,988.43,1.21254901960784,306,0.55,0.55,0.78,0.99,0.546208075922014,0.787462786792321,-0.00379192407798579
"GBR","United Kingdom",2020,"High","Mixed",TRUE,12.1,3.028,FALSE,2.42,80.331756097561,3.9,0.256410256410256,5808.4,10.204,10.268,39350,34258263,5.44,40815.1,275.86,17.1,66740000,34386.28,1327.02,1.19315789473684,304,0.69,0.69,0.89,0.98,0.637540604776814,0.825172544660757,-0.0524593952231861
"GEO","Georgia",2020,"Upper-mid","Mixed",TRUE,9.23,5.121,FALSE,4.9,73.509,8,0.125,1520,13.053,12.963,4330,1864522,3.81,4300.9,65.13,41,3722716,58397.28,626.39,1.15297101449275,276,0.36,0.36,0.39,0.88,0.359172748663519,0.382343553760787,-0.000827251336481039
"GMB","Gambia",2020,"Low","Public",TRUE,4.01,0.078,FALSE,1.14,64.418,37,0.027027027027027,101.6,31.525,6.797,720,695109,2.89,720.3,248.59,37.79,2515733,1438.28,46.65,0.889512195121951,164,1,1,1,1,1,1,0
"GTM","Guatemala",2020,"Upper-mid","Mixed",TRUE,6.46,1.281,FALSE,0.43,69.971,19.5,0.0512820512820513,707.1,22.043,5.835,4360,6751370,3.29,4477.6,161.98,45.45,17357325,7573.51,266.87,1.11441509433962,265,0.83,0.83,1,1,0.825740511709564,0.846891856056489,-0.0042594882904361
"HND","Honduras",2020,"Lower-mid","Mixed",TRUE,9.22,0.489,FALSE,0.71,70.864,14.5,0.0689655172413793,496.4,22.803,5.06,2120,4083200,6.1,2307.6,90.44,43.13,10119640,11339.86,292.53,1.13754512635379,277,0.85,0.85,1,1,0.823988847074523,1,-0.0260111529254765
"HUN","Hungary",2020,"High","Mixed",TRUE,7.23,3.14,FALSE,6.76,75.419512195122,3.4,0.294117647058824,2567.8,9.7,14.6,16330,4829178,4.12,16387,105.97,29.71,9670419,32636.31,934.19,1.14785964912281,285,0.65,0.65,0.68,0.91,0.666887796913155,0.696736343835929,0.0168877969131552
"IDN","Indonesia",2020,"Lower-mid","Mixed",TRUE,3.42,0.62,FALSE,1.38,68.817,17.7,0.0564971751412429,401.2,16.674,8.843,3850,137375390,1.02,3853.7,146.37,43.72,274814866,2558.42,76.17,1.15415807560137,291,0.86,0.86,0.87,0.96,0.874849969463445,0.879566230232206,0.0148499694634445
"IND","India",2020,"Lower-mid","Mixed",TRUE,3.34,0.723,FALSE,1.61,70.156,28.3,0.0353356890459364,232.8,16.744,7.214,1900,532528354,4.29,1907,471.76,65.87,1402617695,7147.25,103.56,1.19575342465753,292,0.75,0.75,0.81,0.96,0.745670590844385,0.807601120827925,-0.00432940915561497
"IRL","Ireland",2020,"High","Public",TRUE,6.97,3.458,FALSE,2.89,82.4560975609756,3.1,0.32258064516129,6856.8,11.1,6.4,64420,2459907,3.19,86514.1,73.16,36.53,5039747,16668.45,436.4,1.14140410958904,292,0.93,0.93,1,1,0.88998578570572,1,-0.0400142142942798
"ISR","Israel",2020,"High","Mixed",TRUE,7.75,3.567,FALSE,3.06,82.6487804878049,2.8,0.357142857142857,3322.8,19.2,5.3,43330,4204894,6.52,44590.8,425.84,8.42,9215100,43842.55,356.14,1.1738566552901,293,0.87,0.87,1,1,0.868110388608756,1,-0.00188961139124411
"ITA","Italy",2020,"High","Mixed",TRUE,9.56,3.97,FALSE,3.16,82.1951219512195,2.5,0.4,4235.5,6.8,12.5,32600,24984272,4.42,32091.5,201,30.48,59438851,34203.5,1201.41,1.17503205128205,312,0.81,0.81,0.91,0.99,0.803562110656247,0.862056018383511,-0.00643788934375333
"JPN","Japan",2020,"High","Mixed",TRUE,11.45,2.592,FALSE,12.62,84.56,1.8,0.555555555555556,4856,6.8,11.1,41880,68656452,3.31,41099,346.4,8.22,126261000,1738.53,25.7,1.13496815286624,314,1,1,1,1,1,1,0
"KAZ","Kazakhstan",2020,"Upper-mid","Mixed",TRUE,3.83,3.663,FALSE,6.54,71.195,8,0.125,1089.9,22.57,8.585,8380,9543571,4.45,8781.5,7.22,40.01,19482117,9840.07,133.22,1.08064285714286,280,0.78,0.78,0.81,0.94,0.797067429719929,0.826808865118914,0.0170674297199289
"KOR","Korea, Rep.",2020,"High","Mixed",TRUE,8.03,2.507,FALSE,12.65,83.4268292682927,2.5,0.4,3841.9,5.3,5.9,35000,28369827,4.53,33645.8,531.11,18.82,51836239,1097.96,15.6,1.1271746031746,315,0.87,0.87,1,1,0.902941129188577,1,0.0329411291885771
"LAO","Lao PDR",2020,"Lower-mid","Mixed",TRUE,2.06,0.356,FALSE,1.27,68.339,31.9,0.0313479623824451,159.2,22.618,6.473,2470,3161020,1.92,2583.8,31.83,63.38,7346533,5.42,0,NA,0,1,1,1,1,1,1,0
"LKA","Sri Lanka",2020,"Lower-mid","Mixed",TRUE,4.27,1.167,FALSE,3.87,76.928,6,0.166666666666667,537.4,13.8,6,3880,8485010,1.56,3847.6,354.33,80.34,21919000,1797.86,8.36,1.05003546099291,282,0.95,0.95,1,1,0.924309133027795,1,-0.0256908669722048
"LTU","Lithuania",2020,"High","Mixed",TRUE,7.42,4.481,FALSE,6.01,75.0292682926829,3.1,0.32258064516129,3060.5,8.4,15.5,19800,1494750,4.47,20428.6,44.88,32.57,2810369,47647.4,574.03,1.11772241992883,281,0.69,0.69,0.7,0.91,0.686127014581391,0.701007883383615,-0.00387298541860892
"LVA","Latvia",2020,"High","Mixed",TRUE,7.51,3.338,FALSE,5.28,75.1853658536585,3.1,0.32258064516129,2448.2,9.2,15.2,17350,982835,5,17564.2,30.54,31.88,1900449,19313.6,335.98,1.13423076923077,286,0.68,0.68,0.69,0.91,0.678437386327771,0.695452759889684,-0.0015626136722291
"MDA","Moldova",2020,"Lower-mid","Mixed",TRUE,7,4.038,FALSE,5.59,69.914,14.3,0.0699300699300699,944.4,12.077,14.759,4360,1469067,6.6,4375.8,91.75,58.66,2635130,46380.46,973.69,1.11325088339223,283,0.37,0.37,0.38,0.85,0.354172677725704,0.367209730570309,-0.015827322274296
"MEX","Mexico",2020,"Upper-mid","Mixed",TRUE,6.05,2.425,FALSE,1,70.449,13.4,0.0746268656716418,1171.4,16.565,8.429,8920,52956486,4.5,8841.3,65.23,21.32,126799054,11300.67,1118.78,1.17125,288,0.78,0.78,0.78,0.93,0.770230748059227,0.771513684664618,-0.00976925194077349
"MOZ","Mozambique",2020,"Low","Public",TRUE,7.55,0.084,FALSE,0.71,61.39,48.6,0.0205761316872428,106.6,38.736,8.007,480,13187062,6.17,462.4,39.15,66.1,30783688,556.16,4.87,1.09884615384615,234,0.71,0.71,0.72,0.98,0.746021207026822,0.746110018460524,0.0360212070268215
"MUS","Mauritius",2020,"Upper-mid","Mixed",TRUE,6.1,2.689,FALSE,3.68,74.1770731707317,14.1,0.0709219858156028,1282.6,10.7,8.8,10780,589990,4.35,9135.8,633.96,60.84,1266014,412.97,7.84,0.253032490974729,277,0.42,0.42,0.5,0.91,0.429074183023673,0.582504818357355,0.00907418302367274
"MYS","Malaysia",2020,"Upper-mid","Mixed",TRUE,4.08,2.183,FALSE,1.93,76.057,6.8,0.147058823529412,1121.7,13.393,5.034,10110,16871915,3.91,9957.5,103.15,24.95,33889558,2994.62,13,1.15905723905724,297,0.92,0.92,1,1,0.930788135323874,1,0.0107881353238737
"NER","Niger",2020,"Low","Private",TRUE,6.17,0.035,FALSE,0.28,59.89,69.1,0.0144717800289436,92.4,42.6,9.526,570,9140912,3.82,575.5,18.72,82.99,23717613,122.83,3.99,0.938860294117647,272,1,1,1,1,1,1,0
"NLD","Netherlands",2020,"High","Mixed",TRUE,10.95,3.805,FALSE,2.88,81.3585365853659,3.5,0.285714285714286,6867.4,9.7,9.7,51490,9793423,5.29,53468,518.01,5.75,17441500,43184.75,644.48,1.16199335548173,301,0.66,0.66,0.81,0.98,0.639248812258685,0.739764885461942,-0.0207511877413146
"NOR","Norway",2020,"High","Public",TRUE,11.42,4.682,FALSE,3.4,83.209756097561,2,0.5,7683.8,9.8,7.5,78460,2925043,8.37,71057.6,14.77,17.3,5379475,8657.83,77.15,1.11806666666667,300,0.85,0.85,1,1,0.811049267507027,1,-0.0389507324929733
"NPL","Nepal",2020,"Lower-mid","Mixed",TRUE,5.21,0.857,FALSE,0.28,69.106,25.9,0.0386100386100386,220.6,20.168,7.272,1190,7977675,4.24,1154.2,202.07,33.89,28966574,8688.45,91.54,1.15289915966387,238,1,1,1,1,1,1,0
"NZL","New Zealand",2020,"High","Mixed",TRUE,9.25,3.442,FALSE,2.5,82.2560975609756,4.3,0.232558139534884,4213.1,11.36,6.43,41880,2869748,5.64,42054.7,19.26,16.19,5072400,348.62,4.87,0.858943661971831,284,0.67,0.67,1,1,0.680780844697874,0.939632534277899,0.0107808446978741
"OMN","Oman",2020,"High","Public",TRUE,5.12,2.003,FALSE,1.16,77.763,8.6,0.116279069767442,1800.1,18.856,2.444,17190,2220588,6.88,16784.9,14.61,19.98,4522497,27121.32,315.21,1.13092857142857,280,0.93,0.93,1,1,0.983649124635503,1,0.053649124635503
"PAN","Panama",2020,"Upper-mid","Mixed",TRUE,10.22,1.63,FALSE,1.92,76.33,12.2,0.0819672131147541,2761.5,16.718,5.864,13070,2098423,4.3,13290.6,57.88,34.21,4293261,51504.6,853.49,1.14149825783972,287,0.5,0.5,0.77,0.97,0.50644531176402,0.749440075005471,0.00644531176401975
"PHL","Philippines",2020,"Lower-mid","Mixed",TRUE,5.16,0.752,FALSE,0.99,70.097,22.7,0.0440528634361234,425.3,17.017,5.831,3350,42533348,3.86,3227.6,375.9,45.89,112081264,4115.35,79.56,1.12664383561644,292,0.83,0.83,1,1,0.80642125061748,0.863128574918684,-0.0235787493825195
"POL","Poland",2020,"High","Mixed",TRUE,6.43,3.303,FALSE,6.15,76.4,3.8,0.263157894736842,2356.1,9.5,12.7,15640,18197725,4.8,16151,122.55,40.13,37515748,32822.69,708.78,1.17027397260274,292,0.69,0.69,0.74,0.93,0.706493625575343,0.767505691386832,0.0164936255753431
"PRT","Portugal",2020,"High","Mixed",TRUE,10.52,5.576,FALSE,3.47,81.3292682926829,2.8,0.357142857142857,3755.4,8.1,11.9,21910,5138884,4.86,22299.4,112.41,38.9,10297081,36236.09,642.7,1.16655290102389,293,0.69,0.69,0.72,0.97,0.677535575785417,0.699357322823698,-0.0124644242145825
"PRY","Paraguay",2020,"Upper-mid","Mixed",TRUE,7.68,1.296,FALSE,1.01,72.72,16.5,0.0606060606060606,1098.3,21.036,6.095,5550,3281326,3.94,5365.5,16.62,33.88,6603739,15367,318.62,1.15435424354244,271,0.71,0.71,0.9,0.99,0.653959869798285,0.809614680566826,-0.0560401302017153
"RUS","Russian Federation",2020,"Upper-mid","Mixed",TRUE,8.04,3.807,FALSE,7.05,71.3387804878049,4.6,0.217391304347826,2538.8,9.8,14.6,10660,73410465,4.02,10108.3,8.87,25.31,145245148,20952.4,376.27,1.19176470588235,289,0.53,0.53,0.53,0.86,0.492987160082915,0.495028648466251,-0.0370128399170855
"SVK","Slovak Republic",2020,"High","Mixed",TRUE,7.06,3.671,FALSE,5.69,76.8658536585366,5,0.2,2494.7,10.4,10.8,19420,2705756,4.72,19735.5,113.54,46.75,5458827,30607.9,323.94,1.18407665505226,287,0.55,0.55,0.62,0.93,0.557304584804928,0.641103923495103,0.00730458480492813
"SVN","Slovenia",2020,"High","Mixed",TRUE,9.49,3.303,FALSE,4.28,80.5317073170732,1.9,0.526315789473684,3976.1,8.9,11.4,25380,1031435,5.42,25392.1,104.41,44.62,2102419,54561.91,1362.03,1.14,293,1,1,1,1,0.99366166629141,1,-0.00633833370858961
"SWE","Sweden",2020,"High","Public",TRUE,11.42,4.322,FALSE,2.05,82.3560975609756,2.1,0.476190476190476,6584.4,10.9,9.5,54590,5463932,7.95,52568.6,25.42,12.06,10353442,39869.91,888.98,1.24286666666667,300,1,1,1,1,1,1,0
"THA","Thailand",2020,"Upper-mid","Mixed",TRUE,4.36,0.509,FALSE,2.32,77.331,8.7,0.114942528735632,835,8.792,7.618,6910,40252215,3.15,6983,140.23,42.76,71641484,85.61,0.84,1.01951890034364,291,0.97,0.97,1,1,1,1,0.03
"TUR","Turkiye",2020,"Upper-mid","Mixed",TRUE,4.62,1.989,FALSE,2.92,76.525,9.1,0.10989010989011,1282.4,13.4,6.1,9330,31770146,4.03,8798.1,108.34,11.07,83384680,24505.06,225.41,1.16135888501742,287,0.65,0.65,0.79,0.95,0.658240137246327,0.899223914495024,0.00824013724632744
"USA","United States",2020,"High","Private",TRUE,18.52,3.518,FALSE,2.71,76.9804878048781,5.5,0.181818181818182,11648.5,10.9,10.27,64630,166565253,5.4,64465.3,36.25,20,331578104,55310.59,1004.06,1.25211920529801,302,0.42,0.42,0.54,0.93,0.405567560764559,0.52726969031994,-0.0144324392354414
