orf,bytes,used_in_paper
YAL001C,3627479,FALSE
YAL002W,3894383,FALSE
YAL003W,1046396,FALSE
YAL004W,666259,FALSE
YAL005C,2148386,FALSE
YAL007C,708721,FALSE
YAL008W,614698,FALSE
YAL009W,799711,FALSE
YAL010C,1510445,FALSE
YAL011W,1922933,FALSE
YAL012W,1209167,FALSE
YAL013W,1243541,FALSE
YAL014C,835096,FALSE
YAL015C,1224332,FALSE
YAL016W,2003813,FALSE
YAL017W,4142078,FALSE
YAL018C,999889,FALSE
YAL019W,3498071,FALSE
YAL020C,1024154,FALSE
YAL021C,2902592,FALSE
YAL022C,1582226,FALSE
YAL023C,2316212,FALSE
YAL024C,4366520,FALSE
YAL025C,984724,FALSE
YAL026C,4124891,FALSE
YAL027W,806788,FALSE
YAL028W,1617611,FALSE
YAL029C,4509071,FALSE
YAL030W,483268,FALSE
YAL031C,2319245,FALSE
YAL032C,1163672,FALSE
YAL033W,551005,FALSE
YAL034C,1282970,FALSE
YAL035W,3284750,FALSE
YAL036C,1135364,FALSE
YAL037W,823975,FALSE
YAL038W,1532687,FALSE
YAL039C,865426,FALSE
YAL040C,1782404,FALSE
YAL041W,2604347,FALSE
YAL042W,1272860,FALSE
YAL043C,2395070,FALSE
YAL044C,529774,FALSE
YAL045C,323530,FALSE
YAL046C,372058,FALSE
YAL047C,1900691,FALSE
YAL048C,2023022,FALSE
YAL049C,760282,FALSE
YAL051W,3189716,FALSE
YAL053W,2390015,FALSE
YAL054C,2176694,FALSE
YAL055W,560104,FALSE
YAL056W,2684216,FALSE
YAL058W,1536731,FALSE
YAL059W,658171,FALSE
YAL060W,1175804,FALSE
YAL061W,1279937,FALSE
YAL062W,1402268,FALSE
YAL063C,5467499,FALSE
YAL064W,301288,FALSE
YAL065C,566170,FALSE
YAL066W,326563,FALSE
YAL067C,1867328,FALSE
YAL068C,378124,FALSE
YAL069W,417553,FALSE
YAR002W,1658051,FALSE
YAR003W,1306223,FALSE
YAR007C,1897658,FALSE
YAR008W,848239,FALSE
YAR014C,2164562,FALSE
YAR015W,942262,FALSE
YAR018C,1333520,FALSE
YAR019C,2971340,FALSE
YAR020C,180979,FALSE
YAR023C,565159,FALSE
YAR027W,733996,FALSE
YAR028W,725908,FALSE
YAR029W,283090,FALSE
YAR030C,362959,FALSE
YAR031W,1140419,FALSE
YAR033W,779491,FALSE
YAR035W,2130188,FALSE
YAR042W,4195661,FALSE
YAR047C,336673,FALSE
YAR050W,7824140,FALSE
YAR053W,311398,FALSE
YAR060C,350827,FALSE
YAR064W,314431,FALSE
YAR066W,629863,FALSE
YAR068W,523708,FALSE
YAR069C,308365,FALSE
YAR070C,314431,FALSE
YAR071W,1430576,FALSE
YAR073W,1238486,FALSE
YAR075W,490345,FALSE
YBL001C,330607,FALSE
YBL002W,429685,FALSE
YBL003C,436762,FALSE
YBL004W,7576445,FALSE
YBL005W,3049187,FALSE
YBL006C,560104,FALSE
YBL007C,4146122,FALSE
YBL008W,2623556,FALSE
YBL009W,2153441,FALSE
YBL010C,863404,FALSE
YBL011W,2422367,FALSE
YBL012C,421597,FALSE
YBL013W,1242530,FALSE
YBL014C,2731733,FALSE
YBL015W,1610534,FALSE
YBL016W,1084814,FALSE
YBL017C,4829558,FALSE
YBL018C,495400,FALSE
YBL019W,1609523,FALSE
YBL020W,1755107,FALSE
YBL021C,450916,FALSE
YBL022C,3450554,FALSE
YBL023C,2652875,FALSE
YBL024W,2100869,FALSE
YBL025W,453949,FALSE
YBL026W,432718,FALSE
YBL027W,978658,FALSE
YBL028C,336673,FALSE
YBL029W,1222310,FALSE
YBL030C,978658,FALSE
YBL031W,1054484,FALSE
YBL032W,1170749,FALSE
YBL033C,1060550,FALSE
YBL034C,4713293,FALSE
YBL035C,2169617,FALSE
YBL036C,793645,FALSE
YBL037W,3141188,FALSE
YBL038W,717820,FALSE
YBL039C,1770272,FALSE
YBL040C,777469,FALSE
YBL041W,774436,FALSE
YBL042C,1959329,FALSE
YBL043W,793645,FALSE
YBL044W,391267,FALSE
YBL045C,1401257,FALSE
YBL046W,1429565,FALSE
YBL047C,4303838,FALSE
YBL048W,335662,FALSE
YBL049W,432718,FALSE
YBL050W,1017076,FALSE
YBL051C,2060429,FALSE
YBL052C,2619512,FALSE
YBL053W,396322,FALSE
YBL054W,1676249,FALSE
YBL055C,1281959,FALSE
YBL056W,1433609,FALSE
YBL057C,645028,FALSE
YBL058W,1418444,FALSE
YBL059W,669292,FALSE
YBL060W,2097836,FALSE
YBL061C,2126144,FALSE
YBL062W,396322,FALSE
YBL063W,3386861,FALSE
YBL064C,805777,FALSE
YBL065W,364981,FALSE
YBL066C,3499082,FALSE
YBL067C,2281838,FALSE
YBL068W,1002922,FALSE
YBL069W,1328465,FALSE
YBL070C,336673,FALSE
YBL071C,439795,FALSE
YBL072C,945295,FALSE
YBL073W,329596,FALSE
YBL074C,1090880,FALSE
YBL075C,1983593,FALSE
YBL076C,3265541,FALSE
YBL077W,447883,FALSE
YBL078C,369025,FALSE
YBL079W,4587929,FALSE
YBL080C,1655018,FALSE
YBL081W,1402268,FALSE
YBL082C,1476071,FALSE
YBL083C,441817,FALSE
YBL084C,2386982,FALSE
YBL085W,3059297,FALSE
YBL086C,1427543,FALSE
YBL087C,968548,FALSE
YBL088C,8504543,FALSE
YBL089W,1406312,FALSE
YBL090W,551005,FALSE
YBL091C,1291058,FALSE
YBL092W,777469,FALSE
YBL093C,681424,FALSE
YBL094C,347794,FALSE
YBL095W,833074,FALSE
YBL096C,325552,FALSE
YBL097W,2310146,FALSE
YBL098W,1409345,FALSE
YBL099W,1667150,FALSE
YBL100C,333640,FALSE
YBL101C,3402026,FALSE
YBL102W,666259,FALSE
YBL103C,1488203,FALSE
YBL104C,3163430,FALSE
YBL105C,3507170,FALSE
YBL106C,3099737,FALSE
YBL107C,609643,FALSE
YBL108W,364981,FALSE
YBL109W,448894,FALSE
YBL111C,2137265,FALSE
YBL112C,332629,FALSE
YBL113C,2539643,FALSE
YBR001C,2380916,FALSE
YBR002C,881602,FALSE
YBR003W,1450796,FALSE
YBR004C,1333520,FALSE
YBR005W,661204,FALSE
YBR006W,1523588,FALSE
YBR007C,2255552,FALSE
YBR008C,1699502,FALSE
YBR009C,326563,FALSE
YBR010W,426652,FALSE
YBR011C,884635,FALSE
YBR012C,445861,FALSE
YBR013C,421597,FALSE
YBR014C,629863,FALSE
YBR015C,1824866,FALSE
YBR016W,510565,FALSE
YBR017C,2860130,FALSE
YBR018C,1125254,FALSE
YBR019C,2141309,FALSE
YBR020W,1696469,FALSE
YBR021W,2016956,FALSE
YBR022W,569203,FALSE
YBR023C,3547610,FALSE
YBR024W,928108,FALSE
YBR025C,1209167,FALSE
YBR026C,1166705,FALSE
YBR027C,353860,FALSE
YBR028C,1606490,TRUE
YBR029C,1402268,FALSE
YBR030W,1917878,FALSE
YBR031W,1112111,FALSE
YBR032W,327574,FALSE
YBR033W,2810591,FALSE
YBR034C,1069649,FALSE
YBR035C,705688,FALSE
YBR036C,1263761,FALSE
YBR037C,963493,FALSE
YBR038W,2934944,FALSE
YBR039W,957427,FALSE
YBR040W,941251,FALSE
YBR041W,2056385,FALSE
YBR042C,1264772,FALSE
YBR043C,2106935,FALSE
YBR044C,1767239,FALSE
YBR045C,1953263,FALSE
YBR046C,1027187,FALSE
YBR047W,544939,FALSE
YBR048W,1014043,FALSE
YBR049C,2507291,FALSE
YBR050C,1188947,FALSE
YBR051W,371047,FALSE
YBR052C,652105,FALSE
YBR053C,1099979,FALSE
YBR054W,1128287,FALSE
YBR055C,2740832,FALSE
YBR056W,1533698,FALSE
YBR057C,1124243,FALSE
YBR058C,2382938,FALSE
YBR059C,3474818,FALSE
YBR060C,1904735,FALSE
YBR061C,954394,FALSE
YBR062C,722875,FALSE
YBR063C,1253651,FALSE
YBR064W,473158,FALSE
YBR065C,1122221,FALSE
YBR066C,681424,FALSE
YBR067C,875536,FALSE
YBR068C,1861262,FALSE
YBR069C,1892603,FALSE
YBR070C,732985,FALSE
YBR071W,660193,FALSE
YBR072W,663226,FALSE
YBR073W,2925845,TRUE
YBR074W,2975384,FALSE
YBR076W,1087847,FALSE
YBR077C,505510,FALSE
YBR078W,1696469,FALSE
YBR079C,3216002,FALSE
YBR080C,2313179,FALSE
YBR081C,4064231,FALSE
YBR082C,564148,FALSE
YBR083W,1525610,FALSE
YBR084W,2971340,FALSE
YBR085W,945295,FALSE
YBR086C,3153320,FALSE
YBR087W,1087847,FALSE
YBR088C,809821,FALSE
YBR089W,617731,FALSE
YBR090C,781513,FALSE
YBR091C,344761,FALSE
YBR092C,1439675,FALSE
YBR093C,1440686,FALSE
YBR094W,2302058,FALSE
YBR095C,1318355,FALSE
YBR096W,711754,FALSE
YBR097W,4426169,FALSE
YBR098W,2114012,FALSE
YBR099C,399355,FALSE
YBR101C,902833,FALSE
YBR102C,2300036,FALSE
YBR103W,1668161,FALSE
YBR104W,1012021,FALSE
YBR105C,1152551,FALSE
YBR106W,584368,FALSE
YBR107C,757249,FALSE
YBR108W,3656798,FALSE
YBR109C,460015,FALSE
YBR110W,1375982,FALSE
YBR111C,714787,FALSE
YBR112C,4121858,FALSE
YBR113W,571225,FALSE
YBR114W,2423378,FALSE
YBR115C,4237112,FALSE
YBR116C,579313,FALSE
YBR117C,2086715,FALSE
YBR118W,1403279,FALSE
YBR119W,1012021,FALSE
YBR120C,505510,FALSE
YBR121C,2043242,FALSE
YBR122C,551005,FALSE
YBR123C,1988648,FALSE
YBR124W,375091,FALSE
YBR125C,1206134,FALSE
YBR126C,1515500,FALSE
YBR127C,1582226,FALSE
YBR128C,1057517,FALSE
YBR129C,1021120,FALSE
YBR130C,1303190,FALSE
YBR131W,2149397,FALSE
YBR132C,1832954,FALSE
YBR133C,2522456,FALSE
YBR134W,469114,FALSE
YBR135W,523708,FALSE
YBR136W,7246859,FALSE
YBR137W,622786,FALSE
YBR138C,1604468,FALSE
YBR139W,1554929,FALSE
YBR140C,9433652,FALSE
YBR141C,1036286,FALSE
YBR142W,2538632,FALSE
YBR143C,1339586,FALSE
YBR144C,338695,FALSE
YBR145W,1082792,FALSE
YBR146W,857338,FALSE
YBR147W,949339,FALSE
YBR148W,1870361,FALSE
YBR149W,1058528,FALSE
YBR150C,3640622,FALSE
YBR151W,1072682,FALSE
YBR152W,994834,FALSE
YBR153W,757249,FALSE
YBR154C,666259,FALSE
YBR155W,1181870,FALSE
YBR156C,2131199,FALSE
YBR157C,789601,FALSE
YBR158W,1679282,TRUE
YBR159W,1066616,TRUE
YBR160W,917998,FALSE
YBR161W,1177826,FALSE
YBR162C,1503368,FALSE
YBR163W,1788470,FALSE
YBR164C,569203,FALSE
YBR165W,854305,FALSE
YBR166C,1385081,FALSE
YBR167C,438784,FALSE
YBR168W,1266794,FALSE
YBR169C,2116034,FALSE
YBR170C,1773305,FALSE
YBR171W,638962,FALSE
YBR172C,2322278,FALSE
YBR173C,463048,FALSE
YBR174C,330607,FALSE
YBR175W,970570,FALSE
YBR176W,961471,FALSE
YBR177C,1382048,FALSE
YBR178W,395311,FALSE
YBR179C,2607380,FALSE
YBR180W,1751063,FALSE
YBR181C,1093913,FALSE
YBR182C,1385081,FALSE
YBR183W,972592,FALSE
YBR184W,1603457,FALSE
YBR185C,857338,FALSE
YBR186W,1887548,FALSE
YBR187W,863404,FALSE
YBR188C,438784,FALSE
YBR189W,1106045,FALSE
YBR190W,328585,FALSE
YBR191W,965515,FALSE
YBR192W,1157606,FALSE
YBR193C,690523,FALSE
YBR194W,388234,FALSE
YBR195C,1294091,FALSE
YBR196C,1694447,FALSE
YBR197C,672325,FALSE
YBR198C,2434499,FALSE
YBR199W,1422488,FALSE
YBR200W,1685348,FALSE
YBR201W,655138,FALSE
YBR202W,2577050,FALSE
YBR203W,2820701,FALSE
YBR204C,1178837,FALSE
YBR205W,1239497,FALSE
YBR206W,338695,FALSE
YBR207W,1429565,FALSE
YBR208C,5596907,FALSE
YBR209W,333640,FALSE
YBR210W,444850,FALSE
YBR211C,996856,FALSE
YBR212W,2203991,FALSE
YBR213W,845206,FALSE
YBR214W,1612556,FALSE
YBR215W,1996736,FALSE
YBR216C,2060429,FALSE
YBR217W,578302,FALSE
YBR218C,3595127,FALSE
YBR219C,840151,FALSE
YBR220C,1712645,FALSE
YBR221C,1139408,FALSE
YBR222C,1662095,FALSE
YBR223C,1664117,FALSE
YBR224W,545950,FALSE
YBR225W,2771162,FALSE
YBR226C,445861,FALSE
YBR227C,1591325,FALSE
YBR228W,937207,FALSE
YBR229C,2909669,FALSE
YBR230C,538873,FALSE
YBR231C,966526,FALSE
YBR232C,433729,FALSE
YBR233W,1324421,FALSE
YBR234C,1178837,FALSE
YBR235W,3412136,FALSE
YBR236C,1336553,FALSE
YBR237W,2589182,FALSE
YBR238C,2264651,FALSE
YBR239C,1618622,TRUE
YBR240C,1379015,FALSE
YBR241C,1494269,FALSE
YBR242W,737029,FALSE
YBR243C,1372949,FALSE
YBR244W,535840,FALSE
YBR245C,3450554,FALSE
YBR246W,1189958,FALSE
YBR247C,1503368,FALSE
YBR248C,1688381,FALSE
YBR249C,1136375,FALSE
YBR250W,1602446,FALSE
YBR251W,945295,FALSE
YBR252W,460015,FALSE
YBR253W,381157,FALSE
YBR254C,544939,FALSE
YBR255W,2119067,FALSE
YBR256C,736018,FALSE
YBR257W,860371,FALSE
YBR258C,445861,FALSE
YBR259W,2102891,FALSE
YBR260C,2034143,FALSE
YBR261C,718831,FALSE
YBR262C,335662,FALSE
YBR263W,1500335,FALSE
YBR264C,617731,FALSE
YBR265W,985735,FALSE
YBR266C,469114,FALSE
YBR267W,1206134,FALSE
YBR268W,332629,FALSE
YBR269C,432718,FALSE
YBR270C,1667150,FALSE
YBR271W,1284992,FALSE
YBR272C,1462928,TRUE
YBR273C,1336553,FALSE
YBR274W,1613567,FALSE
YBR275C,5826404,FALSE
YBR276C,2467862,FALSE
YBR277C,422608,FALSE
YBR278W,634918,FALSE
YBR279W,1464950,FALSE
YBR280C,1946186,FALSE
YBR281C,2677139,FALSE
YBR282W,456982,FALSE
YBR283C,1500335,FALSE
YBR284W,2442587,FALSE
YBR285W,450916,FALSE
YBR286W,1642886,FALSE
YBR287W,1309256,FALSE
YBR288C,1496291,FALSE
YBR289W,3834734,FALSE
YBR290W,987757,FALSE
YBR291C,921031,FALSE
YBR292C,422608,FALSE
YBR293W,1494269,TRUE
YBR294W,2623556,FALSE
YBR295W,3847877,FALSE
YBR296C,1795547,FALSE
YBR297W,1508423,FALSE
YBR298C,2042231,FALSE
YBR299W,1792514,FALSE
YBR300C,543928,FALSE
YBR301W,399355,FALSE
YBR302C,1173782,FALSE
YCL001W,584368,FALSE
YCL002C,943273,FALSE
YCL004W,1605479,FALSE
YCL005W,790612,FALSE
YCL007C,429685,FALSE
YCL008C,1183892,FALSE
YCL009C,951361,FALSE
YCL010C,799711,FALSE
YCL011C,1310267,FALSE
YCL012C,488323,FALSE
YCL014W,5002439,FALSE
YCL016C,1166705,FALSE
YCL017C,1522577,FALSE
YCL018W,1145474,FALSE
YCL022C,532807,FALSE
YCL023C,387223,FALSE
YCL024W,3176573,FALSE
YCL025C,1934054,TRUE
YCL027W,1586270,FALSE
YCL028W,1562006,FALSE
YCL029C,1385081,FALSE
YCL030C,2437532,FALSE
YCL031C,914965,FALSE
YCL032W,1063583,FALSE
YCL033C,524719,FALSE
YCL034W,1087847,FALSE
YCL035C,349816,FALSE
YCL036W,1755107,FALSE
YCL037C,1333520,FALSE
YCL038C,1621655,FALSE
YCL039W,2276783,FALSE
YCL040W,1530665,FALSE
YCL041C,672325,FALSE
YCL042W,417553,FALSE
YCL043C,1742975,FALSE
YCL044C,1278926,FALSE
YCL045C,2319245,FALSE
YCL046W,358915,FALSE
YCL047C,796678,FALSE
YCL048W,1418444,FALSE
YCL049C,964504,FALSE
YCL050C,987757,FALSE
YCL051W,1826888,FALSE
YCL052C,1276904,FALSE
YCL054W,2567951,FALSE
YCL055W,1031231,FALSE
YCL056C,450916,FALSE
YCL057W,2173661,FALSE
YCL058C,493378,FALSE
YCL059C,972592,FALSE
YCL061C,3365630,FALSE
YCL063W,1303190,FALSE
YCL064C,1109078,FALSE
YCL065W,387223,FALSE
YCL066W,544939,FALSE
YCL067C,651094,FALSE
YCL068C,803755,FALSE
YCL069W,1407323,FALSE
YCL073C,2036165,FALSE
YCL076W,936196,FALSE
YCR001W,338695,FALSE
YCR002C,990790,FALSE
YCR003W,570214,FALSE
YCR004C,763315,FALSE
YCR005C,1410356,FALSE
YCR006C,553027,FALSE
YCR007C,765337,FALSE
YCR008W,1849130,FALSE
YCR009C,817909,FALSE
YCR010C,872503,FALSE
YCR011C,3195782,FALSE
YCR012W,1280948,FALSE
YCR013C,677380,FALSE
YCR014C,1852163,FALSE
YCR015C,1000900,FALSE
YCR016W,893734,FALSE
YCR017C,2941010,FALSE
YCR018C,694567,FALSE
YCR019W,1115144,FALSE
YCR020C,670303,FALSE
YCR021C,1024154,FALSE
YCR022C,381157,FALSE
YCR023C,1870361,FALSE
YCR024C,1506401,FALSE
YCR025C,469114,FALSE
YCR026C,2424389,FALSE
YCR027C,648061,FALSE
YCR028C,1648952,TRUE
YCR030C,2707469,FALSE
YCR031C,743095,FALSE
YCR032W,6587687,FALSE
YCR033W,3732623,FALSE
YCR034W,1066616,FALSE
YCR035C,1209167,FALSE
YCR036W,1037297,FALSE
YCR037C,2814635,FALSE
YCR038C,1965395,FALSE
YCR039C,651094,FALSE
YCR040W,544939,FALSE
YCR041W,347794,FALSE
YCR042C,4333157,FALSE
YCR043C,471136,FALSE
YCR044C,1150529,FALSE
YCR045C,1503368,FALSE
YCR046C,526741,FALSE
YCR047C,848239,FALSE
YCR048W,1988648,FALSE
YCR049C,592456,FALSE
YCR050C,323530,FALSE
YCR051W,687490,FALSE
YCR052W,1485170,FALSE
YCR053W,1573127,FALSE
YCR054C,1721744,FALSE
YCR057C,2850020,FALSE
YCR059C,830041,FALSE
YCR060W,350827,FALSE
YCR061W,2133221,TRUE
YCR063W,520675,FALSE
YCR064C,464059,FALSE
YCR065W,1724777,FALSE
YCR066W,1491236,FALSE
YCR067C,4074341,FALSE
YCR068W,1591325,FALSE
YCR069W,979669,FALSE
YCR071C,456982,FALSE
YCR072C,1577171,FALSE
YCR073C,4086473,FALSE
YCR075C,803755,FALSE
YCR076C,796678,FALSE
YCR077C,2464829,FALSE
YCR079W,1354751,FALSE
YCR081W,4353377,FALSE
YCR082W,402388,FALSE
YCR083W,399355,FALSE
YCR084C,2250497,FALSE
YCR085W,374080,FALSE
YCR086W,590434,FALSE
YCR087W,629863,FALSE
YCR088W,1921922,FALSE
YCR089W,6309662,FALSE
YCR090C,566170,FALSE
YCR091W,2210057,FALSE
YCR092C,3113891,FALSE
YCR093W,6456257,FALSE
YCR094W,1200068,FALSE
YCR095C,1112111,FALSE
YCR096C,375091,FALSE
YCR097W,505510,FALSE
YCR098C,1656029,FALSE
YCR099C,488323,FALSE
YCR100C,980680,FALSE
YCR101C,605599,FALSE
YCR102C,1145474,FALSE
YCR104W,477202,FALSE
YCR105W,1110089,FALSE
YCR106W,2549753,FALSE
YCR107W,1130309,FALSE
YCR108C,467092,FALSE
YDL001W,1318355,FALSE
YDL002C,629863,FALSE
YDL003W,1730843,FALSE
YDL004W,499444,FALSE
YDL005C,1415411,FALSE
YDL006W,866437,FALSE
YDL007W,1339586,FALSE
YDL008W,515620,FALSE
YDL009C,352849,FALSE
YDL010W,714787,FALSE
YDL011C,338695,FALSE
YDL012C,480235,FALSE
YDL013W,1891592,FALSE
YDL014W,1018087,FALSE
YDL015C,954394,FALSE
YDL016C,317464,FALSE
YDL017W,1551896,FALSE
YDL018C,697600,FALSE
YDL019C,3908537,FALSE
YDL020C,1642886,FALSE
YDL021W,964504,TRUE
YDL022W,1200068,FALSE
YDL023C,369025,FALSE
YDL024C,1546841,FALSE
YDL025C,1897658,FALSE
YDL026W,335662,FALSE
YDL027C,1298135,FALSE
YDL028C,2331377,FALSE
YDL029W,1324421,FALSE
YDL030W,1621655,FALSE
YDL031W,3086594,FALSE
YDL032W,326563,FALSE
YDL033C,1278926,FALSE
YDL034W,363970,FALSE
YDL035C,3331256,FALSE
YDL036C,1417433,FALSE
YDL037C,1201079,FALSE
YDL039C,4048055,FALSE
YDL040C,2606369,FALSE
YDL041W,369025,FALSE
YDL042C,1718711,FALSE
YDL043C,820942,FALSE
YDL044C,1361828,FALSE
YDL045C,942262,FALSE
YDL046W,538873,FALSE
YDL047W,957427,TRUE
YDL048C,1528643,FALSE
YDL049C,827008,FALSE
YDL050C,388234,FALSE
YDL051W,850261,FALSE
YDL052C,934174,FALSE
YDL053C,588412,FALSE
YDL054C,1565039,FALSE
YDL055C,1111100,FALSE
YDL056W,2540654,FALSE
YDL057W,1021120,FALSE
YDL058W,5915372,FALSE
YDL059C,741073,FALSE
YDL060W,2404169,FALSE
YDL061C,626830,FALSE
YDL062W,443839,FALSE
YDL063C,1894625,FALSE
YDL064W,601555,FALSE
YDL065C,1057517,FALSE
YDL066W,1313300,FALSE
YDL067C,193111,FALSE
YDL068W,344761,FALSE
YDL069C,708721,FALSE
YDL070W,1994714,FALSE
YDL071C,398344,FALSE
YDL072C,629863,FALSE
YDL073W,3060308,FALSE
YDL074C,2151419,FALSE
YDL075W,794656,FALSE
YDL076C,906877,FALSE
YDL077C,3195782,FALSE
YDL078C,1054484,FALSE
YDL079C,1902713,FALSE
YDL080C,1863284,FALSE
YDL081C,353860,FALSE
YDL082W,987757,FALSE
YDL083C,891712,FALSE
YDL084W,1372949,FALSE
YDL085W,1667150,FALSE
YDL086W,842173,FALSE
YDL087C,805777,FALSE
YDL088C,1688381,FALSE
YDL089W,1482137,FALSE
YDL090C,1321388,FALSE
YDL091C,1394180,FALSE
YDL092W,456982,FALSE
YDL093W,2267684,FALSE
YDL094C,542917,FALSE
YDL095W,2492126,FALSE
YDL096C,341728,FALSE
YDL097C,1330487,FALSE
YDL098C,602566,FALSE
YDL099W,1048418,FALSE
YDL100C,1087847,FALSE
YDL101C,1570094,FALSE
YDL102W,3341366,FALSE
YDL103C,1460906,FALSE
YDL104C,1248596,FALSE
YDL105W,1233431,FALSE
YDL106C,1730843,FALSE
YDL107W,1078748,FALSE
YDL108W,1026176,FALSE
YDL109C,1981571,FALSE
YDL110C,527752,TRUE
YDL111C,817909,FALSE
YDL112W,4371575,FALSE
YDL113C,1957307,FALSE
YDL114W,948328,FALSE
YDL115C,1234442,FALSE
YDL116W,2216123,FALSE
YDL117W,2716568,FALSE
YDL118W,396322,FALSE
YDL119C,945295,FALSE
YDL120W,541906,FALSE
YDL121C,466081,FALSE
YDL122W,2485049,FALSE
YDL123W,439795,FALSE
YDL124W,963493,FALSE
YDL125C,608632,FALSE
YDL126C,2547731,FALSE
YDL127W,948328,FALSE
YDL128W,1262750,FALSE
YDL129W,897778,FALSE
YDL130W,645028,FALSE
YDL131W,1408334,FALSE
YDL132W,2486060,FALSE
YDL133W,1339586,FALSE
YDL134C,1138397,FALSE
YDL135C,626830,FALSE
YDL136W,796678,FALSE
YDL137W,946306,FALSE
YDL138W,2331377,FALSE
YDL139C,690523,FALSE
YDL140C,5574665,FALSE
YDL141W,2197925,FALSE
YDL142C,872503,FALSE
YDL143W,1615589,FALSE
YDL144C,1094924,FALSE
YDL145C,3656798,FALSE
YDL146W,1546841,FALSE
YDL147W,1363850,FALSE
YDL148C,2470895,FALSE
YDL149W,3045143,FALSE
YDL150W,1312289,FALSE
YDL151C,617731,FALSE
YDL152W,386212,FALSE
YDL153C,1961351,FALSE
YDL154W,2748920,FALSE
YDL155W,1309256,FALSE
YDL156W,1598402,FALSE
YDL157C,372058,FALSE
YDL158C,341728,FALSE
YDL159W,1580204,FALSE
YDL160C,1548863,FALSE
YDL161W,1578182,FALSE
YDL162C,374080,FALSE
YDL163W,317464,FALSE
YDL164C,2304080,FALSE
YDL165W,593467,FALSE
YDL166C,611665,FALSE
YDL167C,2314190,FALSE
YDL168W,1188947,FALSE
YDL169C,690523,FALSE
YDL170W,1618622,FALSE
YDL171C,6520961,TRUE
YDL172C,517642,FALSE
YDL173W,936196,FALSE
YDL174C,1849130,FALSE
YDL175C,1057517,FALSE
YDL176W,2161529,FALSE
YDL177C,529774,FALSE
YDL178W,1628732,FALSE
YDL179W,939229,FALSE
YDL180W,1676249,FALSE
YDL181W,271969,FALSE
YDL182W,1312289,FALSE
YDL183C,984724,FALSE
YDL184C,89988,FALSE
YDL185W,3331256,FALSE
YDL186W,869470,FALSE
YDL187C,351838,FALSE
YDL188C,1157606,FALSE
YDL189W,1614578,FALSE
YDL190C,2928878,FALSE
YDL191W,881602,FALSE
YDL192W,563137,FALSE
YDL193W,1154573,FALSE
YDL194W,2726678,FALSE
YDL195W,3881240,FALSE
YDL196W,354871,FALSE
YDL197C,1627721,FALSE
YDL198C,950350,FALSE
YDL199C,2098847,FALSE
YDL200C,584368,FALSE
YDL201W,881602,FALSE
YDL202W,781513,FALSE
YDL203C,1924955,FALSE
YDL204W,1206134,FALSE
YDL205C,1005955,FALSE
YDL206W,2326322,FALSE
YDL207W,1645919,FALSE
YDL208W,487312,FALSE
YDL209C,1042352,FALSE
YDL210W,1826888,FALSE
YDL211C,1152551,FALSE
YDL212W,651094,FALSE
YDL213C,699622,FALSE
YDL214C,2141309,FALSE
YDL215C,3330245,FALSE
YDL216C,1349696,FALSE
YDL217C,641995,FALSE
YDL218W,975625,FALSE
YDL219W,540895,FALSE
YDL220C,2841932,FALSE
YDL221W,612676,TRUE
YDL222C,957427,FALSE
YDL223C,3542555,FALSE
YDL224C,2003813,FALSE
YDL225W,1688381,FALSE
YDL226C,1081781,FALSE
YDL227C,1913834,FALSE
YDL228C,660193,FALSE
YDL229W,1873394,FALSE
YDL230W,1030220,FALSE
YDL231C,3428312,FALSE
YDL232W,140539,FALSE
YDL233W,1403279,FALSE
YDL234C,2349575,FALSE
YDL235C,520675,FALSE
YDL236W,960460,FALSE
YDL237W,1197035,FALSE
YDL238C,1583237,FALSE
YDL239C,2414279,FALSE
YDL240W,3098726,FALSE
YDL241W,389245,FALSE
YDL242W,375091,FALSE
YDL243C,1083803,FALSE
YDL244W,1045385,FALSE
YDL245C,1733876,FALSE
YDL246C,1096946,FALSE
YDL247W,1861262,FALSE
YDL248W,1291058,FALSE
YDR001C,2291948,FALSE
YDR002W,654127,FALSE
YDR003W,653116,FALSE
YDR004W,1410356,FALSE
YDR005C,1313300,TRUE
YDR006C,2746898,FALSE
YDR007W,693556,FALSE
YDR008C,365992,FALSE
YDR009W,1605479,FALSE
YDR010C,408454,FALSE
YDR011W,4567709,FALSE
YDR012W,1112111,FALSE
YDR013W,645028,FALSE
YDR014W,2009879,FALSE
YDR015C,254782,FALSE
YDR016C,299266,FALSE
YDR017C,3213980,FALSE
YDR018C,1221299,FALSE
YDR019C,1228376,FALSE
YDR020C,717820,FALSE
YDR021W,1224332,FALSE
YDR022C,609643,FALSE
YDR023W,1415411,FALSE
YDR024W,518653,FALSE
YDR025W,843184,FALSE
YDR026C,1785437,FALSE
YDR027C,2720612,FALSE
YDR028C,3095693,FALSE
YDR029W,329596,FALSE
YDR030C,1549874,FALSE
YDR031W,381157,FALSE
YDR032C,614698,FALSE
YDR033W,984724,FALSE
YDR034C,2438543,FALSE
YDR035W,1148507,FALSE
YDR036C,1533698,FALSE
YDR037W,1808690,FALSE
YDR038C,3327212,FALSE
YDR039C,3323168,FALSE
YDR040C,3336311,FALSE
YDR041W,629863,FALSE
YDR042C,620764,FALSE
YDR043C,714787,FALSE
YDR044W,1008988,FALSE
YDR045C,347794,FALSE
YDR046C,1846097,FALSE
YDR047W,1158617,FALSE
YDR048C,334651,FALSE
YDR049W,1931021,FALSE
YDR050C,766348,FALSE
YDR051C,1058528,FALSE
YDR052C,2230277,FALSE
YDR053W,412498,FALSE
YDR054C,914965,FALSE
YDR055W,1401257,FALSE
YDR056C,635929,FALSE
YDR057W,1658051,FALSE
YDR058C,1069649,FALSE
YDR059C,560104,FALSE
YDR060W,3150287,FALSE
YDR061W,1692425,FALSE
YDR062W,1715678,FALSE
YDR063W,466081,FALSE
YDR064W,1028198,FALSE
YDR065W,1121210,FALSE
YDR066C,608632,FALSE
YDR067C,693556,FALSE
YDR068W,1108067,FALSE
YDR069C,2825756,FALSE
YDR070C,297244,FALSE
YDR071C,593467,FALSE
YDR072C,1637831,FALSE
YDR073W,736018,FALSE
YDR074W,2731733,FALSE
YDR075W,948328,FALSE
YDR076W,1245563,FALSE
YDR077W,1266794,FALSE
YDR078C,705688,FALSE
YDR079W,378124,FALSE
YDR080W,3387872,FALSE
YDR081C,2825756,FALSE
YDR082W,1521566,FALSE
YDR083W,1208156,FALSE
YDR084C,618742,FALSE
YDR085C,1902713,FALSE
YDR086C,256804,FALSE
YDR087C,899800,FALSE
YDR088C,1175804,FALSE
YDR089W,2652875,FALSE
YDR090C,955405,FALSE
YDR091C,1858229,FALSE
YDR092W,753205,FALSE
YDR093W,4923581,FALSE
YDR094W,354871,FALSE
YDR095C,460015,FALSE
YDR096W,2742854,FALSE
YDR097C,3782162,FALSE
YDR098C,882613,FALSE
YDR099W,1906757,FALSE
YDR100W,447883,FALSE
YDR101C,1812734,FALSE
YDR102C,351838,FALSE
YDR103W,2914724,FALSE
YDR104C,3796316,FALSE
YDR105C,1451807,FALSE
YDR106W,875536,FALSE
YDR107C,2054363,FALSE
YDR108W,2131199,FALSE
YDR109C,2188826,FALSE
YDR110W,1733876,FALSE
YDR111C,1552907,FALSE
YDR112W,323530,FALSE
YDR113C,1151540,FALSE
YDR114C,415531,FALSE
YDR115W,332629,FALSE
YDR116C,878569,FALSE
YDR117C,1728821,FALSE
YDR118W,1991681,FALSE
YDR119W,2392037,FALSE
YDR120C,1742975,FALSE
YDR121W,611665,FALSE
YDR122W,3315080,FALSE
YDR123C,936196,FALSE
YDR124W,1005955,FALSE
YDR125C,1388114,TRUE
YDR126W,1033253,FALSE
YDR127W,4957955,TRUE
YDR128W,3497060,FALSE
YDR129C,2079638,TRUE
YDR130C,905866,FALSE
YDR131C,1729832,FALSE
YDR132C,1516511,FALSE
YDR133C,390256,FALSE
YDR135C,4609160,FALSE
YDR136C,620764,FALSE
YDR137W,2025044,FALSE
YDR138W,2294981,FALSE
YDR139C,322519,FALSE
YDR140W,714787,FALSE
YDR141C,5177342,FALSE
YDR142C,1151540,FALSE
YDR143C,1977527,FALSE
YDR144C,1885526,FALSE
YDR145W,2493137,FALSE
YDR146C,2164562,FALSE
YDR147W,1633787,FALSE
YDR148C,1455851,FALSE
YDR149C,726919,FALSE
YDR150W,8741117,FALSE
YDR151C,1088858,FALSE
YDR152W,822964,FALSE
YDR153C,1296113,FALSE
YDR154C,383179,FALSE
YDR155C,505510,FALSE
YDR156W,466081,FALSE
YDR157W,457993,FALSE
YDR158W,1121210,FALSE
YDR159W,3987395,FALSE
YDR160W,2667029,FALSE
YDR161W,1187936,FALSE
YDR162C,729952,FALSE
YDR163W,544939,FALSE
YDR164C,2214101,FALSE
YDR165W,1366883,FALSE
YDR166C,2960219,FALSE
YDR167W,658171,FALSE
YDR168W,1549874,FALSE
YDR169C,1570094,FALSE
YDR170C,6672611,FALSE
YDR171W,1151540,FALSE
YDR172W,2160518,FALSE
YDR173C,1235453,FALSE
YDR174W,778480,FALSE
YDR175C,982702,FALSE
YDR176W,2144342,FALSE
YDR177W,666259,FALSE
YDR178W,564148,FALSE
YDR179C,519664,FALSE
YDR180W,4543445,FALSE
YDR181C,1478093,FALSE
YDR182W,1503368,FALSE
YDR183W,711754,FALSE
YDR184C,905866,FALSE
YDR185C,557071,TRUE
YDR186C,2768129,FALSE
YDR187C,537862,FALSE
YDR188W,1670183,FALSE
YDR189W,2053352,FALSE
YDR190C,1418444,FALSE
YDR191W,1136375,FALSE
YDR192C,1410356,FALSE
YDR193W,415531,FALSE
YDR194C,2028077,FALSE
YDR195W,1635809,FALSE
YDR196C,745117,FALSE
YDR197W,1194002,FALSE
YDR198C,1466972,FALSE
YDR199W,381157,FALSE
YDR200C,1891592,FALSE
YDR201W,514609,FALSE
YDR202C,1078748,FALSE
YDR203W,332629,FALSE
YDR204W,1030220,FALSE
YDR205W,2240387,FALSE
YDR206W,2731733,FALSE
YDR207C,2601314,FALSE
YDR208W,2457752,FALSE
YDR209C,447883,FALSE
YDR210W,257815,FALSE
YDR211W,2173661,FALSE
YDR212W,1709612,FALSE
YDR213W,2795426,FALSE
YDR214W,1080770,FALSE
YDR215C,432718,FALSE
YDR216W,4146122,FALSE
YDR217C,4011659,FALSE
YDR218C,1326443,FALSE
YDR219C,1424510,FALSE
YDR220C,309376,FALSE
YDR221W,2145353,FALSE
YDR222W,1272860,FALSE
YDR223W,1447763,FALSE
YDR224C,447883,FALSE
YDR225W,414520,FALSE
YDR226W,687490,FALSE
YDR227W,4325069,FALSE
YDR228C,2074583,FALSE
YDR229W,1388114,FALSE
YDR230W,367003,FALSE
YDR231C,635929,FALSE
YDR232W,1892603,FALSE
YDR233C,927097,FALSE
YDR234W,2116034,FALSE
YDR235W,1664117,FALSE
YDR236C,675358,FALSE
YDR237W,899800,FALSE
YDR238C,3012791,FALSE
YDR239C,2452697,FALSE
YDR240C,1506401,FALSE
YDR241W,380146,FALSE
YDR242W,1709612,FALSE
YDR243C,1798580,FALSE
YDR244W,1883504,FALSE
YDR245W,1206134,FALSE
YDR246W,703666,FALSE
YDR247W,1424510,FALSE
YDR248C,600544,FALSE
YDR249C,1145474,FALSE
YDR250C,290167,FALSE
YDR251W,2556830,FALSE
YDR252W,467092,FALSE
YDR253C,593467,FALSE
YDR254W,1403279,FALSE
YDR255C,1291058,FALSE
YDR256C,1577171,FALSE
YDR257C,1512467,FALSE
YDR258C,2473928,FALSE
YDR259C,1242530,FALSE
YDR260C,529774,FALSE
YDR261C,1723766,FALSE
YDR262W,839140,FALSE
YDR263C,1412378,FALSE
YDR264C,2331377,FALSE
YDR265W,1036286,FALSE
YDR266C,1952252,FALSE
YDR267C,1015054,FALSE
YDR268W,1186925,FALSE
YDR269C,338695,FALSE
YDR270W,3060308,FALSE
YDR271C,397333,FALSE
YDR272W,848239,FALSE
YDR273W,1214222,FALSE
YDR274C,415531,FALSE
YDR275W,728941,FALSE
YDR276C,180979,FALSE
YDR277C,1327454,FALSE
YDR278C,418564,FALSE
YDR279W,1110089,FALSE
YDR280W,939229,FALSE
YDR281C,329596,FALSE
YDR282C,1269827,FALSE
YDR283C,5084330,FALSE
YDR284C,890701,FALSE
YDR285W,2669051,FALSE
YDR286C,359926,FALSE
YDR287W,924064,FALSE
YDR288W,933163,FALSE
YDR289C,1345652,FALSE
YDR290W,347794,FALSE
YDR291W,3310025,FALSE
YDR292C,1897658,FALSE
YDR293C,3826646,FALSE
YDR294C,1800602,FALSE
YDR295C,2058407,FALSE
YDR296W,699622,FALSE
YDR297W,1072682,FALSE
YDR298C,657160,FALSE
YDR299W,1819811,FALSE
YDR300C,1312289,FALSE
YDR301W,4150166,FALSE
YDR302W,678391,FALSE
YDR303C,2704436,FALSE
YDR304C,696589,FALSE
YDR305C,762304,FALSE
YDR306C,1463939,FALSE
YDR307W,2023022,FALSE
YDR308C,438784,FALSE
YDR309C,1184903,FALSE
YDR310C,3256442,FALSE
YDR311W,1961351,FALSE
YDR312W,1401257,FALSE
YDR313C,905866,FALSE
YDR314C,2114012,FALSE
YDR315C,866437,FALSE
YDR316W,1462928,FALSE
YDR317W,1269827,FALSE
YDR318W,1271849,FALSE
YDR319C,845206,FALSE
YDR320C,2043242,FALSE
YDR321W,1171760,FALSE
YDR322W,1127276,FALSE
YDR323C,1576160,FALSE
YDR324C,2367773,FALSE
YDR325W,3170507,FALSE
YDR326C,4376630,FALSE
YDR327W,343750,FALSE
YDR328C,602566,FALSE
YDR329C,1351718,FALSE
YDR330W,1591325,FALSE
YDR331W,1262750,TRUE
YDR332W,2130188,FALSE
YDR333C,2257574,FALSE
YDR334W,4630391,FALSE
YDR335W,3766997,FALSE
YDR336W,967537,FALSE
YDR337W,881602,FALSE
YDR338C,2123111,FALSE
YDR339C,587401,FALSE
YDR340W,558082,FALSE
YDR341C,1909790,FALSE
YDR342C,1764206,FALSE
YDR343C,1751063,FALSE
YDR344C,476191,FALSE
YDR345C,1766228,FALSE
YDR346C,1519544,FALSE
YDR347W,987757,FALSE
YDR348C,1531676,FALSE
YDR349C,1821833,FALSE
YDR350C,2090759,FALSE
YDR351W,2634677,FALSE
YDR352W,975625,FALSE
YDR353W,981691,FALSE
YDR354W,1166705,FALSE
YDR355C,317464,FALSE
YDR356W,2927867,FALSE
YDR357C,384190,FALSE
YDR358W,1703546,FALSE
YDR359C,3011780,FALSE
YDR360W,450916,FALSE
YDR361C,872503,FALSE
YDR362C,2052341,FALSE
YDR363W,1398224,FALSE
YDR364C,1400246,FALSE
YDR365C,1940120,FALSE
YDR366C,429685,FALSE
YDR367W,788590,FALSE
YDR368W,960460,FALSE
YDR369C,2607380,FALSE
YDR370C,1355762,FALSE
YDR371W,1564028,FALSE
YDR372C,1061561,FALSE
YDR373W,590434,FALSE
YDR374C,943273,FALSE
YDR375C,1397213,FALSE
YDR376W,1509434,FALSE
YDR377W,320497,FALSE
YDR378C,275002,FALSE
YDR379W,3076484,FALSE
YDR380W,1940120,FALSE
YDR381W,1505390,FALSE
YDR382W,350827,FALSE
YDR383C,736018,FALSE
YDR384C,848239,FALSE
YDR385W,2567951,FALSE
YDR386W,1931021,FALSE
YDR387C,1699502,FALSE
YDR388W,1606490,FALSE
YDR389W,2003813,FALSE
YDR390C,1952252,FALSE
YDR391C,717820,FALSE
YDR392W,1036286,FALSE
YDR393W,1428554,FALSE
YDR394W,1312289,FALSE
YDR395W,2878328,FALSE
YDR396W,518653,FALSE
YDR397C,549994,FALSE
YDR398W,1998758,FALSE
YDR399W,684457,FALSE
YDR400W,1045385,FALSE
YDR401W,581335,FALSE
YDR402C,1497302,FALSE
YDR403W,1639853,FALSE
YDR404C,532807,FALSE
YDR405W,811843,FALSE
YDR406W,4722392,FALSE
YDR407C,3923702,FALSE
YDR408C,663226,FALSE
YDR409W,2891471,FALSE
YDR410C,739051,FALSE
YDR411C,1048418,FALSE
YDR412W,726919,FALSE
YDR413C,593467,FALSE
YDR414C,1112111,FALSE
YDR415C,1148507,FALSE
YDR416W,2621534,FALSE
YDR417C,387223,FALSE
YDR418W,514609,FALSE
YDR419W,1931021,FALSE
YDR420W,5818316,FALSE
YDR421W,2971340,FALSE
YDR422C,2525489,FALSE
YDR423C,1254662,FALSE
YDR424C,474169,FALSE
YDR425W,1909790,FALSE
YDR426C,440806,FALSE
YDR427W,1206134,FALSE
YDR428C,805777,FALSE
YDR429C,845206,FALSE
YDR430C,3014813,FALSE
YDR431W,328585,FALSE
YDR432W,1433609,FALSE
YDR433W,538873,FALSE
YDR434W,1634798,FALSE
YDR435C,1027187,FALSE
YDR436W,2177705,FALSE
YDR437W,438784,FALSE
YDR438W,1145474,FALSE
YDR439W,1097957,FALSE
YDR440W,1780382,FALSE
YDR441C,564148,FALSE
YDR442W,408454,FALSE
YDR443C,4388762,FALSE
YDR444W,2097836,FALSE
YDR445C,441817,FALSE
YDR446W,930130,FALSE
YDR447C,745117,FALSE
YDR448W,1348685,FALSE
YDR449C,1348685,TRUE
YDR450W,906877,FALSE
YDR451C,1085825,FALSE
YDR452W,2079638,FALSE
YDR453C,609643,FALSE
YDR454C,581335,FALSE
YDR455C,323530,FALSE
YDR456W,1934054,FALSE
YDR457W,9934097,FALSE
YDR458C,2026055,FALSE
YDR459C,1148507,FALSE
YDR460W,987757,FALSE
YDR461W,123352,FALSE
YDR462W,460015,FALSE
YDR463W,1588292,FALSE
YDR464W,4366520,FALSE
YDR465C,1264772,FALSE
YDR466W,2752964,FALSE
YDR467C,349816,FALSE
YDR468C,693556,FALSE
YDR469W,544939,FALSE
YDR470C,1543808,FALSE
YDR471W,817909,FALSE
YDR472W,872503,FALSE
YDR473C,1450796,FALSE
YDR475C,2699381,FALSE
YDR476C,694567,FALSE
YDR477W,1980560,FALSE
YDR478W,668281,FALSE
YDR479C,1694447,FALSE
YDR480W,993823,FALSE
YDR481C,1730843,FALSE
YDR482C,423619,FALSE
YDR483W,1363850,FALSE
YDR484W,1958318,FALSE
YDR485C,2462807,FALSE
YDR486C,720853,FALSE
YDR487C,645028,FALSE
YDR488C,1630754,FALSE
YDR489W,924064,FALSE
YDR490C,2348564,FALSE
YDR491C,517642,FALSE
YDR492W,972592,FALSE
YDR493W,387223,FALSE
YDR494W,1109078,FALSE
YDR495C,3081539,FALSE
YDR496C,2003813,FALSE
YDR497C,1785437,FALSE
YDR498C,1175804,FALSE
YDR499W,2279816,FALSE
YDR500C,691534,FALSE
YDR501W,1600424,FALSE
YDR502C,1203101,FALSE
YDR503C,845206,FALSE
YDR504C,477202,FALSE
YDR505C,2734766,FALSE
YDR506C,1858229,FALSE
YDR507C,3526379,FALSE
YDR508C,2026055,FALSE
YDR509W,372058,FALSE
YDR510W,320497,FALSE
YDR511W,417553,FALSE
YDR512C,582346,FALSE
YDR513W,447883,FALSE
YDR514C,1480115,FALSE
YDR515W,1406312,FALSE
YDR516C,1530665,FALSE
YDR517W,1172771,FALSE
YDR518W,1583237,FALSE
YDR519W,424630,FALSE
YDR520C,2355641,FALSE
YDR521W,350827,FALSE
YDR522C,1542797,FALSE
YDR523C,1500335,FALSE
YDR524C,1476071,FALSE
YDR525W,354871,FALSE
YDR526C,487312,FALSE
YDR527W,1345652,FALSE
YDR528W,1297124,FALSE
YDR529C,399355,FALSE
YDR530C,999889,FALSE
YDR531W,1127276,FALSE
YDR532C,1181870,FALSE
YDR533C,737029,FALSE
YDR534C,2627600,FALSE
YDR535C,781513,FALSE
YDR536W,1739942,FALSE
YDR537C,623797,FALSE
YDR538W,751183,FALSE
YDR539W,1547852,FALSE
YDR540C,561115,FALSE
YDR541C,1057517,FALSE
YDR542W,378124,FALSE
YDR543C,359926,FALSE
YDR544C,618742,FALSE
YDR545W,5461433,FALSE
YEL001C,696589,FALSE
YEL002C,1330487,FALSE
YEL003W,439795,FALSE
YEL004W,1095935,FALSE
YEL005C,890701,FALSE
YEL006W,1030220,FALSE
YEL007W,2428433,FALSE
YEL008W,402388,FALSE
YEL009C,866437,FALSE
YEL010W,552016,FALSE
YEL011W,2149397,FALSE
YEL012W,814876,FALSE
YEL013W,1767239,FALSE
YEL014C,326563,FALSE
YEL015W,1705568,FALSE
YEL016C,1533698,FALSE
YEL017W,1096946,FALSE
YEL018W,860371,FALSE
YEL019C,830041,FALSE
YEL020C,1713656,FALSE
YEL021W,824986,FALSE
YEL022W,4439312,FALSE
YEL023C,2099858,FALSE
YEL024W,666259,FALSE
YEL025C,3621413,FALSE
YEL026W,396322,FALSE
YEL027W,499444,FALSE
YEL028W,480235,FALSE
YEL029C,960460,FALSE
YEL030W,2065484,FALSE
YEL031W,3699260,FALSE
YEL032W,2959208,FALSE
YEL033W,527752,FALSE
YEL034W,490345,FALSE
YEL035C,539884,FALSE
YEL036C,1696469,FALSE
YEL037C,1300157,FALSE
YEL038W,720853,FALSE
YEL039C,356893,FALSE
YEL040W,1519544,FALSE
YEL041W,1523588,FALSE
YEL042W,1585259,FALSE
YEL043W,2950109,FALSE
YEL044W,526741,FALSE
YEL045C,447883,FALSE
YEL046C,1187936,FALSE
YEL047C,1439675,FALSE
YEL048C,475180,FALSE
YEL049W,399355,FALSE
YEL050C,1206134,FALSE
YEL051W,790612,FALSE
YEL052W,1558973,FALSE
YEL053C,2251508,FALSE
YEL054C,514609,FALSE
YEL055C,3240266,FALSE
YEL056W,1230398,FALSE
YEL057C,727930,FALSE
YEL058W,1703546,FALSE
YEL059W,381157,FALSE
YEL060C,1963373,FALSE
YEL061C,3048176,FALSE
YEL062W,1879460,FALSE
YEL063C,1822844,FALSE
YEL064C,1472027,FALSE
YEL065W,1969439,FALSE
YEL066W,559093,FALSE
YEL067C,614698,FALSE
YEL068C,353860,FALSE
YEL069C,1846097,FALSE
YEL070W,1613567,FALSE
YEL071W,1518533,FALSE
YEL072W,720853,FALSE
YEL073C,338695,FALSE
YEL074W,729952,FALSE
YEL075C,384190,FALSE
YEL076C,669292,FALSE
YEL077C,3961109,FALSE
YER001W,2326322,FALSE
YER002W,758260,FALSE
YER003C,1419455,FALSE
YER004W,714787,FALSE
YER005W,1924955,FALSE
YER006W,1591325,FALSE
YER007W,1585259,FALSE
YER008C,4084451,FALSE
YER009W,394300,FALSE
YER010C,726919,FALSE
YER011W,964504,FALSE
YER012W,614698,FALSE
YER013W,3503126,FALSE
YER014W,1648952,TRUE
YER015W,2297003,FALSE
YER016W,1057517,FALSE
YER017C,2349575,FALSE
YER018C,684457,FALSE
YER019W,1461917,FALSE
YER020W,1376993,FALSE
YER021W,1600424,FALSE
YER022W,2127155,FALSE
YER023W,881602,FALSE
YER024W,2827778,FALSE
YER025W,1630754,FALSE
YER026C,852283,FALSE
YER027C,1291058,FALSE
YER028C,1214222,FALSE
YER029C,608632,FALSE
YER030W,532807,FALSE
YER031C,690523,FALSE
YER032W,2696348,FALSE
YER033C,3455609,FALSE
YER034W,591445,FALSE
YER035W,453949,FALSE
YER036C,1886537,FALSE
YER037W,1012021,FALSE
YER038C,1442708,FALSE
YER039C,787579,FALSE
YER040W,2249486,FALSE
YER041W,2329355,FALSE
YER042W,573247,FALSE
YER043C,1375982,FALSE
YER044C,463048,FALSE
YER045C,1504379,FALSE
YER046W,447883,FALSE
YER047C,2780261,FALSE
YER048C,1200068,FALSE
YER049W,1991681,FALSE
YER050C,432718,FALSE
YER051W,1507412,FALSE
YER052C,1627721,FALSE
YER053C,924064,FALSE
YER054C,1689392,FALSE
YER055C,915976,FALSE
YER056C,1637831,FALSE
YER057C,405421,FALSE
YER058W,338695,FALSE
YER059W,1315322,FALSE
YER060W,1617611,FALSE
YER061C,1354751,FALSE
YER062C,798700,FALSE
YER063W,675358,FALSE
YER064C,1546841,FALSE
YER065C,1707590,FALSE
YER066W,616720,FALSE
YER067W,503488,FALSE
YER068W,1806668,FALSE
YER069W,2631644,FALSE
YER070W,2715557,FALSE
YER071C,397333,FALSE
YER072W,405421,FALSE
YER073W,1594358,FALSE
YER074W,914965,FALSE
YER075C,3064352,FALSE
YER076C,934174,FALSE
YER077C,2100869,FALSE
YER078C,1564028,FALSE
YER079W,663226,FALSE
YER080W,1918889,FALSE
YER081W,1436642,FALSE
YER082C,1694447,FALSE
YER083C,878569,FALSE
YER084W,402388,FALSE
YER085C,538873,FALSE
YER086W,1761173,FALSE
YER087W,1761173,FALSE
YER088C,2046275,FALSE
YER089C,1438664,FALSE
YER090W,1552907,FALSE
YER091C,2340476,FALSE
YER092W,393289,FALSE
YER093C,4352366,FALSE
YER094C,635929,FALSE
YER095W,1229387,FALSE
YER096W,1570094,FALSE
YER097W,371047,FALSE
YER098W,2307113,FALSE
YER099C,978658,FALSE
YER100W,772414,FALSE
YER101C,1321388,FALSE
YER102W,1007977,FALSE
YER103W,1978538,FALSE
YER104W,645028,FALSE
YER105C,4263398,FALSE
YER106W,954394,FALSE
YER107C,1121210,FALSE
YER109C,2676128,FALSE
YER110C,3403037,FALSE
YER111C,3490994,FALSE
YER112W,651094,FALSE
YER113C,2156474,FALSE
YER114C,3168485,FALSE
YER115C,594478,FALSE
YER116C,845206,FALSE
YER117W,935185,FALSE
YER118C,1151540,FALSE
YER119C,1372949,FALSE
YER120W,781513,FALSE
YER121W,362959,FALSE
YER122C,1530665,FALSE
YER123W,1603457,FALSE
YER124C,1752074,FALSE
YER125W,2505269,FALSE
YER126C,805777,FALSE
YER127W,1122221,FALSE
YER128W,629863,FALSE
YER129W,3480884,FALSE
YER130C,1379015,FALSE
YER131W,742084,FALSE
YER132C,5337080,FALSE
YER133W,1554929,FALSE
YER134C,555049,FALSE
YER135C,772414,FALSE
YER136W,1382048,FALSE
YER137C,676369,FALSE
YER139C,699622,FALSE
YER140W,1701524,FALSE
YER141W,1489214,FALSE
YER142C,930130,FALSE
YER143W,1358795,FALSE
YER144C,2455730,FALSE
YER145C,1240508,FALSE
YER146W,296233,FALSE
YER147C,1906757,FALSE
YER148W,742084,FALSE
YER149C,1291058,FALSE
YER150W,463048,FALSE
YER151C,2843954,FALSE
YER152C,1357784,FALSE
YER153C,864415,FALSE
YER154W,1233431,FALSE
YER155C,6642281,FALSE
YER156C,1039319,FALSE
YER157W,2443598,FALSE
YER158C,1950230,FALSE
YER159C,444850,FALSE
YER161C,1024154,FALSE
YER162C,2304080,FALSE
YER163C,717820,FALSE
YER164W,4466609,FALSE
YER165W,1776338,FALSE
YER166W,4785074,FALSE
YER167W,2599292,FALSE
YER168C,1677260,FALSE
YER169W,2428433,FALSE
YER170W,699622,FALSE
YER171W,2398103,FALSE
YER172C,6600830,FALSE
YER173W,2049308,FALSE
YER174C,754216,FALSE
YER175C,921031,FALSE
YER176W,3415169,FALSE
YER177W,854305,FALSE
YER178W,1288025,FALSE
YER179W,1120199,FALSE
YER180C,823975,FALSE
YER181C,406432,FALSE
YER182W,754216,FALSE
YER183C,654127,FALSE
YER184C,2429444,FALSE
YER185W,935185,FALSE
YER186C,956416,FALSE
YER187W,442828,FALSE
YER188W,746128,FALSE
YER189W,384190,FALSE
YER190W,5115671,FALSE
YFL001W,1355762,FALSE
YFL002C,1852163,FALSE
YFL003C,2683205,FALSE
YFL004W,2528522,FALSE
YFL005W,682435,FALSE
YFL007W,6513884,FALSE
YFL008W,3746777,FALSE
YFL009W,2389004,FALSE
YFL010C,724897,FALSE
YFL011W,1678271,FALSE
YFL012W,466081,FALSE
YFL013C,2113001,FALSE
YFL014W,344761,FALSE
YFL015C,549994,FALSE
YFL016C,1578182,FALSE
YFL017C,497422,FALSE
YFL018C,1527632,FALSE
YFL019C,385201,FALSE
YFL020C,409465,FALSE
YFL021W,1786448,FALSE
YFL022C,1539764,FALSE
YFL023W,3283739,FALSE
YFL024C,3008747,FALSE
YFL025C,3189716,FALSE
YFL026W,1323410,FALSE
YFL027C,1536731,FALSE
YFL028C,890701,FALSE
YFL029C,1130309,FALSE
YFL030W,1181870,FALSE
YFL031W,1063583,FALSE
YFL032W,435751,FALSE
YFL033C,5822360,TRUE
YFL034W,3296882,FALSE
YFL036W,4116803,FALSE
YFL037W,1403279,FALSE
YFL038C,638962,FALSE
YFL039C,1493258,FALSE
YFL040W,1730843,FALSE
YFL041W,1901702,FALSE
YFL042C,2088737,FALSE
YFL044C,927097,FALSE
YFL045C,784546,FALSE
YFL046W,641995,FALSE
YFL047W,2180738,FALSE
YFL048C,1363850,FALSE
YFL049W,1904735,FALSE
YFL050C,2715557,FALSE
YFL051C,638962,FALSE
YFL052W,1430576,FALSE
YFL053W,1811723,FALSE
YFL054C,1998758,FALSE
YFL055W,1709612,FALSE
YFL056C,669292,FALSE
YFL057C,479224,FALSE
YFL058W,1045385,FALSE
YFL059W,917998,FALSE
YFL060C,689512,FALSE
YFL061W,696589,FALSE
YFL062W,1269827,FALSE
YFL063W,521686,FALSE
YFL064C,541906,FALSE
YFL065C,323530,FALSE
YFL066C,1213211,FALSE
YFL067W,719842,FALSE
YFL068W,499444,FALSE
YFR001W,632896,FALSE
YFR002W,2562896,FALSE
YFR003C,517642,FALSE
YFR004W,942262,FALSE
YFR005C,1430576,FALSE
YFR006W,1639853,FALSE
YFR007W,1127276,FALSE
YFR008W,748150,FALSE
YFR009W,2297003,FALSE
YFR010W,1539764,FALSE
YFR011C,529774,FALSE
YFR012W,654127,FALSE
YFR013W,2437532,FALSE
YFR014C,1388114,FALSE
YFR015C,2161529,FALSE
YFR016C,4055132,FALSE
YFR017C,606610,FALSE
YFR018C,1130309,FALSE
YFR019W,7302464,FALSE
YFR020W,731974,FALSE
YFR021W,1530665,FALSE
YFR022W,2310146,FALSE
YFR023W,1871372,FALSE
YFR025C,1030220,FALSE
YFR026C,537862,FALSE
YFR027W,866437,FALSE
YFR028C,1700513,FALSE
YFR029W,2100869,FALSE
YFR030W,3165452,FALSE
YFR031C,3562775,FALSE
YFR032C,964504,FALSE
YFR033C,563137,FALSE
YFR034C,1034264,FALSE
YFR035C,385201,FALSE
YFR036W,408454,FALSE
YFR037C,1703546,FALSE
YFR038W,2614457,FALSE
YFR039C,1640864,FALSE
YFR040W,3194771,FALSE
YFR041C,913954,FALSE
YFR042W,620764,FALSE
YFR043C,732985,FALSE
YFR044C,1473038,FALSE
YFR045W,1031231,FALSE
YFR046C,1115144,FALSE
YFR047C,929119,FALSE
YFR048W,2028077,FALSE
YFR049W,387223,FALSE
YFR050C,820942,FALSE
YFR051C,1675238,FALSE
YFR052W,845206,FALSE
YFR053C,1485170,FALSE
YFR054C,621775,FALSE
YFR055W,1222310,FALSE
YFR056C,385201,FALSE
YFR057W,476191,FALSE
YGL001C,1072682,FALSE
YGL002W,669292,FALSE
YGL003C,1730843,FALSE
YGL004C,1279937,FALSE
YGL005C,860371,FALSE
YGL006W,3573896,FALSE
YGL007W,400366,FALSE
YGL008C,2813624,FALSE
YGL009C,2398103,FALSE
YGL010W,552016,FALSE
YGL011C,778480,FALSE
YGL012W,1448774,FALSE
YGL013C,3467741,FALSE
YGL014W,2871251,FALSE
YGL015C,409465,FALSE
YGL016W,3294860,FALSE
YGL017W,1539764,FALSE
YGL018C,572236,FALSE
YGL019W,857338,FALSE
YGL020C,726919,FALSE
YGL021W,2369795,FALSE
YGL022W,2191859,FALSE
YGL023C,1940120,FALSE
YGL024W,371047,FALSE
YGL025C,1537742,FALSE
YGL026C,2158496,FALSE
YGL027C,2543687,FALSE
YGL028C,1851152,FALSE
YGL029W,378124,FALSE
YGL030W,567181,FALSE
YGL031C,993823,FALSE
YGL032C,308365,FALSE
YGL033W,781513,FALSE
YGL034C,427663,FALSE
YGL035C,1585259,FALSE
YGL036W,2872262,TRUE
YGL037C,669292,FALSE
YGL038C,1473038,FALSE
YGL039W,1095935,FALSE
YGL040C,1051451,FALSE
YGL041C,218386,FALSE
YGL042C,326563,FALSE
YGL043W,951361,FALSE
YGL044C,921031,FALSE
YGL045W,1660073,FALSE
YGL047W,626830,FALSE
YGL048C,1244552,FALSE
YGL049C,2786327,FALSE
YGL050W,842173,FALSE
YGL051W,723886,FALSE
YGL052W,320497,FALSE
YGL053W,799711,FALSE
YGL054C,432718,FALSE
YGL055W,1560995,FALSE
YGL056C,1670183,FALSE
YGL057C,884635,FALSE
YGL058W,566170,FALSE
YGL059W,1514489,FALSE
YGL060W,1958318,FALSE
YGL061C,763315,FALSE
YGL062W,3590072,FALSE
YGL063W,1157606,FALSE
YGL064C,1730843,FALSE
YGL065C,1540775,FALSE
YGL066W,2306102,FALSE
YGL067W,1180859,FALSE
YGL068W,611665,FALSE
YGL069C,490345,FALSE
YGL070C,384190,FALSE
YGL071W,2122100,FALSE
YGL072C,377113,FALSE
YGL073W,2540654,FALSE
YGL074C,343750,FALSE
YGL075C,1187936,FALSE
YGL076C,1721744,FALSE
YGL077C,1773305,FALSE
YGL078C,1628732,FALSE
YGL079W,676369,FALSE
YGL080W,409465,FALSE
YGL081W,1034264,FALSE
YGL082W,1170749,FALSE
YGL083W,2546720,FALSE
YGL084C,1712645,FALSE
YGL085W,907888,FALSE
YGL086W,2496170,FALSE
YGL087C,519664,FALSE
YGL088W,388234,FALSE
YGL089C,441817,FALSE
YGL090W,1294091,FALSE
YGL091C,1008988,FALSE
YGL092W,4100627,FALSE
YGL093W,2795426,FALSE
YGL094C,3395960,FALSE
YGL095C,1771283,FALSE
YGL096W,855316,FALSE
YGL097W,1476071,FALSE
YGL098W,757249,FALSE
YGL099W,1957307,FALSE
YGL100W,1072682,FALSE
YGL101W,666259,FALSE
YGL102C,445861,FALSE
YGL103W,990790,FALSE
YGL104C,1490225,FALSE
YGL105W,1154573,FALSE
YGL106W,466081,FALSE
YGL107C,1973483,FALSE
YGL108C,438784,FALSE
YGL109W,340717,FALSE
YGL110C,1908779,FALSE
YGL111W,1418444,FALSE
YGL112C,1579193,FALSE
YGL113W,2040209,TRUE
YGL114W,2251508,FALSE
YGL115W,990790,FALSE
YGL116W,1868339,FALSE
YGL117W,818920,FALSE
YGL118C,568192,FALSE
YGL119W,1545830,FALSE
YGL120C,2340476,FALSE
YGL121C,396322,FALSE
YGL122C,1741964,FALSE
YGL123W,784546,FALSE
YGL124C,1968428,FALSE
YGL125W,1833965,FALSE
YGL126W,1172771,FALSE
YGL127C,399355,FALSE
YGL128C,875536,FALSE
YGL129C,1379015,FALSE
YGL130W,1406312,FALSE
YGL131C,4277552,FALSE
YGL132W,351838,FALSE
YGL133W,3897416,FALSE
YGL134W,1328465,FALSE
YGL135W,672325,FALSE
YGL136C,984724,FALSE
YGL137W,2917757,FALSE
YGL138C,1072682,TRUE
YGL139W,2446631,FALSE
YGL140C,3714425,FALSE
YGL141W,2792393,FALSE
YGL142C,1906757,FALSE
YGL143C,1266794,FALSE
YGL144C,2091770,FALSE
YGL145W,2140298,FALSE
YGL146C,959449,FALSE
YGL147C,593467,FALSE
YGL148W,1154573,FALSE
YGL149W,332629,FALSE
YGL150C,5104550,TRUE
YGL151W,3447521,FALSE
YGL152C,705688,FALSE
YGL153W,1071671,FALSE
YGL154C,839140,FALSE
YGL155W,1154573,FALSE
YGL156W,3299915,FALSE
YGL157W,1067627,FALSE
YGL158W,1601435,FALSE
YGL159W,1136375,FALSE
YGL160W,1803635,FALSE
YGL161C,954394,FALSE
YGL162W,940240,FALSE
YGL163C,2795426,FALSE
YGL164C,1409345,FALSE
YGL165C,596500,FALSE
YGL166W,696589,FALSE
YGL167C,2897537,FALSE
YGL168W,348805,FALSE
YGL169W,1306223,FALSE
YGL170C,1266794,FALSE
YGL171W,1724777,FALSE
YGL172W,1451807,FALSE
YGL173C,4690040,FALSE
YGL174W,820942,FALSE
YGL175C,1060550,FALSE
YGL176C,1696469,FALSE
YGL177W,396322,FALSE
YGL178W,3421235,FALSE
YGL179C,1712645,FALSE
YGL180W,2762063,FALSE
YGL181W,1901702,FALSE
YGL182C,342739,FALSE
YGL183C,763315,FALSE
YGL184C,1424510,FALSE
YGL185C,1186925,FALSE
YGL186C,1796558,FALSE
YGL187C,874525,FALSE
YGL188C,187045,FALSE
YGL189C,763315,FALSE
YGL190C,1640864,FALSE
YGL191W,405421,FALSE
YGL192W,1833965,FALSE
YGL193C,326563,FALSE
YGL194C,1385081,FALSE
YGL195W,8184056,TRUE
YGL196W,1313300,FALSE
YGL197W,4577819,TRUE
YGL198W,726919,FALSE
YGL199C,489334,FALSE
YGL200C,629863,FALSE
YGL201C,3107825,FALSE
YGL202W,1530665,FALSE
YGL203C,2443598,FALSE
YGL204C,354871,FALSE
YGL205W,2282849,FALSE
YGL206C,5060066,FALSE
YGL207W,3153320,FALSE
YGL208W,1273871,FALSE
YGL209W,1172771,TRUE
YGL210W,687490,FALSE
YGL211W,1103012,TRUE
YGL212W,973603,FALSE
YGL213C,1218266,FALSE
YGL214W,502477,FALSE
YGL215W,1385081,FALSE
YGL216W,2513357,FALSE
YGL217C,387223,FALSE
YGL218W,671314,FALSE
YGL219C,1409345,FALSE
YGL220W,378124,FALSE
YGL221C,887668,FALSE
YGL222C,545950,FALSE
YGL223C,1281959,FALSE
YGL224C,863404,FALSE
YGL225W,1036286,FALSE
YGL226W,387223,FALSE
YGL227W,3047165,FALSE
YGL228W,1852163,FALSE
YGL229C,2553797,FALSE
YGL230C,473158,FALSE
YGL231C,590434,FALSE
YGL232W,949339,FALSE
YGL233W,2774195,FALSE
YGL234W,2446631,FALSE
YGL235W,556060,FALSE
YGL236C,2043242,FALSE
YGL237C,907888,FALSE
YGL238W,2925845,FALSE
YGL239C,330607,FALSE
YGL240W,772414,FALSE
YGL241W,3059297,FALSE
YGL242C,563137,FALSE
YGL243W,1278926,FALSE
YGL244W,1721744,FALSE
YGL245W,2161529,FALSE
YGL246C,1187936,FALSE
YGL247W,619753,FALSE
YGL248W,1133342,FALSE
YGL249W,2151419,FALSE
YGL250W,766348,FALSE
YGL251C,3773063,FALSE
YGL252C,1797569,FALSE
YGL253W,1488203,FALSE
YGL254W,925075,FALSE
YGL255W,1180859,FALSE
YGL256W,1173782,FALSE
YGL257C,1707590,FALSE
YGL258W,638962,FALSE
YGL259W,526741,FALSE
YGL260W,255793,FALSE
YGL261C,391267,FALSE
YGL262W,579313,FALSE
YGL263W,1292069,FALSE
YGR001C,949339,FALSE
YGR002C,1457873,FALSE
YGR003W,2335421,FALSE
YGR004W,1415411,FALSE
YGR005C,1236464,FALSE
YGR006W,775447,FALSE
YGR007W,994834,FALSE
YGR008C,268936,FALSE
YGR009C,2012912,FALSE
YGR010W,1262750,FALSE
YGR011W,341728,FALSE
YGR012W,1206134,FALSE
YGR013W,1901702,FALSE
YGR014W,4473686,FALSE
YGR015C,1015054,FALSE
YGR016W,591445,FALSE
YGR017W,917998,FALSE
YGR018C,344761,FALSE
YGR019W,1442708,FALSE
YGR020C,372058,FALSE
YGR021W,893734,FALSE
YGR022C,344761,FALSE
YGR023W,3278684,FALSE
YGR024C,732985,FALSE
YGR025W,326563,FALSE
YGR026W,857338,FALSE
YGR027C,674347,FALSE
YGR028W,1112111,FALSE
YGR029W,688501,FALSE
YGR030C,494389,FALSE
YGR031W,1051451,FALSE
YGR032W,5786975,FALSE
YGR033C,739051,FALSE
YGR034W,912943,FALSE
YGR035C,376102,FALSE
YGR036C,740062,TRUE
YGR037C,278035,FALSE
YGR038W,705688,FALSE
YGR039W,327574,FALSE
YGR040W,1130309,FALSE
YGR041W,1674227,FALSE
YGR042W,856327,FALSE
YGR043C,1024154,FALSE
YGR044C,960460,FALSE
YGR045C,384190,FALSE
YGR046W,1182881,FALSE
YGR047C,3122990,FALSE
YGR048W,1109078,FALSE
YGR049W,581335,FALSE
YGR050C,388234,FALSE
YGR051C,351838,FALSE
YGR052W,1144463,FALSE
YGR053C,872503,FALSE
YGR054W,1961351,TRUE
YGR055W,1756118,FALSE
YGR056W,2828789,FALSE
YGR057C,748150,FALSE
YGR058W,1030220,FALSE
YGR059W,1569083,FALSE
YGR060W,951361,FALSE
YGR061C,4186562,FALSE
YGR062C,972592,FALSE
YGR063C,323530,FALSE
YGR064W,384190,FALSE
YGR065C,1812734,FALSE
YGR066C,909910,FALSE
YGR067C,2491115,FALSE
YGR068C,1797569,FALSE
YGR069W,375091,FALSE
YGR070W,3524357,FALSE
YGR071C,2631644,FALSE
YGR072W,1187936,FALSE
YGR073C,388234,FALSE
YGR074W,456982,FALSE
YGR075C,748150,FALSE
YGR076C,491356,FALSE
YGR077C,1806668,FALSE
YGR078C,617731,FALSE
YGR079W,1182881,FALSE
YGR080W,1021120,FALSE
YGR081C,651094,FALSE
YGR082W,569203,FALSE
YGR083C,1990670,FALSE
YGR084C,1042352,FALSE
YGR085C,541906,FALSE
YGR086C,1150529,FALSE
YGR087C,1741964,FALSE
YGR088W,1718711,FALSE
YGR089W,2864174,FALSE
YGR090W,3766997,FALSE
YGR091W,1523588,FALSE
YGR092W,1769261,FALSE
YGR093W,1551896,FALSE
YGR094W,3370685,FALSE
YGR095C,699622,FALSE
YGR096W,967537,FALSE
YGR097W,3517280,FALSE
YGR098C,4958966,FALSE
YGR099W,2104913,FALSE
YGR100W,2895515,FALSE
YGR101W,1063583,TRUE
YGR102C,569203,FALSE
YGR103W,1937087,FALSE
YGR104C,945295,FALSE
YGR105W,247705,FALSE
YGR106C,818920,FALSE
YGR107W,476191,FALSE
YGR108W,1442708,FALSE
YGR109C,1166705,FALSE
YGR110W,1365872,FALSE
YGR111W,1239497,FALSE
YGR112W,1212200,FALSE
YGR113W,1054484,FALSE
YGR114C,427663,FALSE
YGR115C,821953,FALSE
YGR116W,4434257,FALSE
YGR117C,1474049,FALSE
YGR118W,785557,FALSE
YGR119C,1680293,FALSE
YGR120C,820942,FALSE
YGR121C,1557962,FALSE
YGR122W,1233431,FALSE
YGR123C,1570094,FALSE
YGR124W,1774316,FALSE
YGR125W,3157364,FALSE
YGR126W,711754,FALSE
YGR127W,989779,FALSE
YGR128C,2176694,FALSE
YGR129W,679402,FALSE
YGR130C,3241277,FALSE
YGR131W,621775,FALSE
YGR132C,884635,FALSE
YGR133W,569203,FALSE
YGR134W,3426290,FALSE
YGR135W,796678,FALSE
YGR136W,745117,FALSE
YGR137W,391267,FALSE
YGR138C,1930010,FALSE
YGR139W,378124,FALSE
YGR140W,2985494,FALSE
YGR141W,1430576,FALSE
YGR142W,1261739,FALSE
YGR143W,2379905,FALSE
YGR144W,1002922,FALSE
YGR145W,2158496,FALSE
YGR146C,654127,FALSE
YGR147C,887668,FALSE
YGR148C,892723,TRUE
YGR149W,1326443,TRUE
YGR150C,2634677,FALSE
YGR151C,350827,FALSE
YGR152C,839140,FALSE
YGR153W,721864,FALSE
YGR154C,1095935,FALSE
YGR155W,1551896,FALSE
YGR156W,1309256,FALSE
YGR157W,2656919,FALSE
YGR158C,772414,FALSE
YGR159C,1889570,FALSE
YGR160W,1214222,FALSE
YGR161C,811843,FALSE
YGR162W,3035033,FALSE
YGR163W,1048418,TRUE
YGR164W,500455,FALSE
YGR165W,1061561,FALSE
YGR166W,1742975,FALSE
YGR167W,726919,FALSE
YGR168C,1157606,FALSE
YGR169C,1239497,FALSE
YGR170W,3494027,FALSE
YGR171C,1758140,FALSE
YGR172C,767359,FALSE
YGR173W,1187936,FALSE
YGR174C,529774,TRUE
YGR175C,1518533,FALSE
YGR176W,363970,FALSE
YGR177C,1666139,FALSE
YGR178C,2203991,FALSE
YGR179C,1247585,FALSE
YGR180C,1060550,FALSE
YGR181W,332629,FALSE
YGR182C,384190,FALSE
YGR183C,512587,FALSE
YGR184C,5929526,FALSE
YGR185C,1209167,FALSE
YGR186W,2294981,FALSE
YGR187C,1242530,FALSE
YGR188C,3159386,FALSE
YGR189C,1987637,FALSE
YGR190C,382168,FALSE
YGR191W,1843064,FALSE
YGR192C,1021120,FALSE
YGR193C,1314311,FALSE
YGR194C,1856207,FALSE
YGR195W,789601,FALSE
YGR196C,2599292,FALSE
YGR197C,1713656,FALSE
YGR198W,2493137,FALSE
YGR199W,2343509,FALSE
YGR200C,2405180,FALSE
YGR201C,697600,FALSE
YGR202C,1309256,FALSE
YGR203W,463048,FALSE
YGR204W,2885405,FALSE
YGR205W,893734,FALSE
YGR206W,320497,FALSE
YGR207C,805777,FALSE
YGR208W,951361,FALSE
YGR209C,329596,FALSE
YGR210C,1271849,FALSE
YGR211W,1488203,FALSE
YGR212W,1437653,FALSE
YGR213C,981691,FALSE
YGR214W,1262750,TRUE
YGR215W,348805,FALSE
YGR216C,1877438,FALSE
YGR217W,6228782,FALSE
YGR218W,3303959,FALSE
YGR219W,356893,FALSE
YGR220C,830041,FALSE
YGR221C,1900691,FALSE
YGR222W,902833,FALSE
YGR223C,1437653,FALSE
YGR224W,1875416,FALSE
YGR225W,1906757,FALSE
YGR226C,223441,FALSE
YGR227W,1679282,FALSE
YGR228W,378124,FALSE
YGR229C,1564028,FALSE
YGR230W,431707,FALSE
YGR231C,954394,FALSE
YGR232W,708721,FALSE
YGR233C,3710381,FALSE
YGR234W,1224332,FALSE
YGR235C,720853,FALSE
YGR236C,302299,FALSE
YGR237C,2405180,FALSE
YGR238C,2707469,FALSE
YGR239C,887668,FALSE
YGR240C,3007736,FALSE
YGR241C,1746008,TRUE
YGR242W,323530,FALSE
YGR243W,456982,FALSE
YGR244C,1309256,FALSE
YGR245C,2378894,FALSE
YGR246C,1834976,FALSE
YGR247W,739051,FALSE
YGR248W,788590,FALSE
YGR249W,1459895,FALSE
YGR250C,2449664,FALSE
YGR251W,610654,FALSE
YGR252W,1345652,FALSE
YGR253C,802744,FALSE
YGR254W,1339586,FALSE
YGR255C,1466972,FALSE
YGR256W,1506401,FALSE
YGR257C,1124243,FALSE
YGR258C,3141188,FALSE
YGR259C,456982,FALSE
YGR260W,1633787,FALSE
YGR261C,2498192,FALSE
YGR262C,805777,FALSE
YGR263C,1300157,FALSE
YGR264C,2291948,FALSE
YGR265W,436762,FALSE
YGR266W,2140298,FALSE
YGR267C,751183,FALSE
YGR268C,614698,FALSE
YGR269W,405421,FALSE
YGR270W,4204760,FALSE
YGR271W,5990186,FALSE
YGR273C,547972,FALSE
YGR274C,3271607,FALSE
YGR275W,490345,FALSE
YGR276C,1691414,FALSE
YGR277C,939229,FALSE
YGR278W,1849130,FALSE
YGR279C,1206134,FALSE
YGR280C,866437,FALSE
YGR281W,4493906,FALSE
YGR282C,963493,FALSE
YGR283C,1050440,FALSE
YGR284C,954394,FALSE
YGR285C,1327454,FALSE
YGR286C,1151540,FALSE
YGR287C,2026055,FALSE
YGR288W,1480115,FALSE
YGR289C,1891592,FALSE
YGR290W,462037,FALSE
YGR291C,239617,FALSE
YGR292W,1785437,FALSE
YGR293C,491356,FALSE
YGR294W,378124,FALSE
YGR295C,1212200,FALSE
YGR296W,5802140,FALSE
YHL001W,855316,FALSE
YHL002W,1399235,FALSE
YHL003C,1261739,FALSE
YHL004W,1213211,FALSE
YHL005C,420586,FALSE
YHL006C,469114,FALSE
YHL007C,2877317,FALSE
YHL008C,2087726,FALSE
YHL009C,1019098,FALSE
YHL010C,1853174,FALSE
YHL011C,985735,FALSE
YHL012W,1520555,FALSE
YHL013C,945295,FALSE
YHL014C,1242530,FALSE
YHL015W,387223,FALSE
YHL016C,2246453,FALSE
YHL017W,1628732,FALSE
YHL018W,379135,FALSE
YHL019C,1893614,TRUE
YHL020C,1460906,FALSE
YHL021C,1426532,FALSE
YHL022C,1222310,FALSE
YHL023C,3590072,FALSE
YHL024W,2358674,FALSE
YHL025W,1049429,FALSE
YHL026C,1009999,FALSE
YHL027W,2142320,FALSE
YHL028W,2203991,FALSE
YHL029C,2073572,FALSE
YHL030W,5682842,FALSE
YHL031C,690523,FALSE
YHL032C,2164562,FALSE
YHL033C,790612,FALSE
YHL034C,972592,FALSE
YHL035C,4885163,FALSE
YHL036W,1685348,FALSE
YHL037C,452938,FALSE
YHL038C,1924955,FALSE
YHL039W,1790492,FALSE
YHL040C,1954274,FALSE
YHL041W,480235,FALSE
YHL042W,495400,FALSE
YHL043W,538873,FALSE
YHL044W,729952,FALSE
YHL045W,380146,FALSE
YHL046C,378124,FALSE
YHL047C,1906757,FALSE
YHL048W,1338575,FALSE
YHL049C,837118,FALSE
YHL050C,3079517,FALSE
YHR001W,1340597,FALSE
YHR002W,1098968,FALSE
YHR003C,1342619,FALSE
YHR004C,1367894,FALSE
YHR005C,1445741,FALSE
YHR006W,1656029,FALSE
YHR007C,1621655,FALSE
YHR008C,720853,FALSE
YHR009C,1601435,FALSE
YHR010W,1065605,FALSE
YHR011W,1369916,FALSE
YHR012W,990790,FALSE
YHR013C,736018,FALSE
YHR014W,897778,FALSE
YHR015W,2073572,FALSE
YHR016C,1705568,FALSE
YHR017W,1181870,FALSE
YHR018C,1418444,FALSE
YHR019C,1694447,FALSE
YHR020W,2196914,FALSE
YHR021C,847228,FALSE
YHR022C,793645,FALSE
YHR023W,5861789,FALSE
YHR024C,1476071,FALSE
YHR025W,1096946,FALSE
YHR026W,660193,FALSE
YHR027C,3041099,FALSE
YHR028C,2496170,FALSE
YHR029C,906877,FALSE
YHR030C,1684337,FALSE
YHR031C,2208035,FALSE
YHR032W,1777349,FALSE
YHR033W,1348685,FALSE
YHR034C,1128287,FALSE
YHR035W,1952252,FALSE
YHR036W,1442708,FALSE
YHR037W,1760162,FALSE
YHR038W,712765,FALSE
YHR039C,1967417,FALSE
YHR040W,1198046,FALSE
YHR041C,759271,FALSE
YHR042W,2109968,FALSE
YHR043C,770392,FALSE
YHR044C,765337,FALSE
YHR045W,1712645,FALSE
YHR046C,908899,FALSE
YHR047C,2612435,FALSE
YHR048W,1575149,FALSE
YHR049W,751183,FALSE
YHR050W,1732865,FALSE
YHR051W,463048,FALSE
YHR052W,1156595,FALSE
YHR053C,199177,FALSE
YHR054C,1088858,FALSE
YHR055C,199177,FALSE
YHR056C,2692304,FALSE
YHR057C,635929,FALSE
YHR058C,908899,FALSE
YHR059W,408454,FALSE
YHR060W,563137,FALSE
YHR061C,985735,FALSE
YHR062C,939229,FALSE
YHR063C,1164683,FALSE
YHR064C,1645919,FALSE
YHR065C,1533698,FALSE
YHR066W,1415411,FALSE
YHR067W,882613,FALSE
YHR068W,1188947,FALSE
YHR069C,1103012,FALSE
YHR070W,1533698,FALSE
YHR071W,708721,FALSE
YHR072W,2231288,FALSE
YHR073W,3078506,FALSE
YHR074W,2179727,FALSE
YHR075C,1249607,FALSE
YHR076W,1151540,FALSE
YHR077C,3665897,FALSE
YHR078W,1717700,FALSE
YHR079C,3398993,TRUE
YHR080C,4156232,FALSE
YHR081W,572236,FALSE
YHR082C,3156353,FALSE
YHR083W,1012021,FALSE
YHR084W,2102891,FALSE
YHR085W,1027187,FALSE
YHR086W,1606490,FALSE
YHR087W,350827,FALSE
YHR088W,908899,FALSE
YHR089C,702655,FALSE
YHR090C,870481,FALSE
YHR091C,1964384,FALSE
YHR092C,1773305,FALSE
YHR093W,654127,FALSE
YHR094C,1743986,FALSE
YHR095W,576280,FALSE
YHR096C,1811723,FALSE
YHR097C,1271849,FALSE
YHR098C,2837888,FALSE
YHR099W,11427345,FALSE
YHR100C,586390,FALSE
YHR101C,1121210,FALSE
YHR102W,3348443,TRUE
YHR103W,2613446,FALSE
YHR104W,1005955,FALSE
YHR105W,663226,FALSE
YHR106W,1055495,FALSE
YHR107C,1345652,FALSE
YHR108W,1788470,FALSE
YHR109W,1790492,FALSE
YHR110W,657160,FALSE
YHR111W,1348685,FALSE
YHR112C,1160639,FALSE
YHR113W,1500335,FALSE
YHR114W,1940120,FALSE
YHR115C,1351718,FALSE
YHR116W,475180,FALSE
YHR117W,1961351,FALSE
YHR118C,1345652,FALSE
YHR119W,3289805,FALSE
YHR120W,2923823,FALSE
YHR121W,581335,FALSE
YHR122W,714787,FALSE
YHR123W,1293080,FALSE
YHR124W,1924955,FALSE
YHR125W,331618,FALSE
YHR126C,496411,FALSE
YHR127W,840151,FALSE
YHR128W,669292,FALSE
YHR129C,1178837,FALSE
YHR130C,353860,FALSE
YHR131C,2727689,FALSE
YHR132C,1318355,FALSE
YHR133C,896767,FALSE
YHR134W,830041,FALSE
YHR135C,1794536,FALSE
YHR136C,469114,FALSE
YHR137W,1571105,FALSE
YHR138C,359926,FALSE
YHR139C,1002922,FALSE
YHR140W,739051,FALSE
YHR141C,795667,FALSE
YHR142W,972592,FALSE
YHR143W,1154573,FALSE
YHR144C,960460,FALSE
YHR145C,737029,FALSE
YHR146W,1424510,FALSE
YHR147C,663226,FALSE
YHR148W,569203,FALSE
YHR149C,2264651,FALSE
YHR150W,1770272,FALSE
YHR151C,1609523,FALSE
YHR152W,544939,FALSE
YHR153C,615709,FALSE
YHR154W,3290816,FALSE
YHR155W,3774074,FALSE
YHR156C,1045385,FALSE
YHR157W,566170,FALSE
YHR158C,3574907,FALSE
YHR159W,1562006,FALSE
YHR160C,874525,FALSE
YHR161C,2029088,FALSE
YHR162W,405421,FALSE
YHR163W,769381,FALSE
YHR164C,4638479,FALSE
YHR165C,7421762,FALSE
YHR166C,1912823,FALSE
YHR167W,805777,FALSE
YHR168W,1585259,FALSE
YHR169W,1335542,FALSE
YHR170W,1585259,FALSE
YHR171W,1936076,FALSE
YHR172W,2525489,FALSE
YHR173C,357904,FALSE
YHR174W,1341608,FALSE
YHR175W,588412,FALSE
YHR176W,1336553,FALSE
YHR177W,1491236,FALSE
YHR178W,2267684,FALSE
YHR179W,1235453,FALSE
YHR180W,510565,FALSE
YHR181W,705688,FALSE
YHR182W,2470895,FALSE
YHR183W,1497302,FALSE
YHR184W,1760162,FALSE
YHR185C,732985,FALSE
YHR186C,4788107,FALSE
YHR187W,951361,FALSE
YHR188C,1865306,FALSE
YHR189W,590434,FALSE
YHR190W,1360817,FALSE
YHR191C,417553,FALSE
YHR192W,857338,FALSE
YHR193C,541906,FALSE
YHR194W,1770272,FALSE
YHR195W,987757,FALSE
YHR196W,1761173,FALSE
YHR197W,2340476,FALSE
YHR198C,987757,FALSE
YHR199C,954394,FALSE
YHR200W,857338,FALSE
YHR201C,1218266,FALSE
YHR202W,1843064,FALSE
YHR203C,1081781,FALSE
YHR204W,2430455,FALSE
YHR205W,2564918,TRUE
YHR206W,1949219,TRUE
YHR207C,1610534,FALSE
YHR208W,1206134,FALSE
YHR209W,980680,FALSE
YHR210C,1058528,FALSE
YHR211W,6866723,FALSE
YHR212C,350827,FALSE
YHR213W,614698,FALSE
YHR214W,629863,FALSE
YHR215W,1430576,FALSE
YHR216W,1662095,FALSE
YHR217C,699622,FALSE
YHR218W,1943153,FALSE
YHR219W,1943153,FALSE
YIL001W,1630754,FALSE
YIL002C,2911691,FALSE
YIL003W,902833,FALSE
YIL004C,581335,FALSE
YIL005W,2148386,FALSE
YIL006W,1145474,FALSE
YIL007C,681424,FALSE
YIL008W,314431,FALSE
YIL009W,2156474,FALSE
YIL010W,668281,FALSE
YIL011W,1436642,FALSE
YIL012W,363970,FALSE
YIL013C,4300805,FALSE
YIL014W,1931021,FALSE
YIL015W,1819811,FALSE
YIL016W,496411,FALSE
YIL017C,2875295,FALSE
YIL018W,1195013,FALSE
YIL019W,1069649,FALSE
YIL020C,857338,FALSE
YIL021W,978658,FALSE
YIL022W,1322399,FALSE
YIL023C,1076726,FALSE
YIL024C,587401,FALSE
YIL025C,399355,FALSE
YIL026C,3520313,FALSE
YIL027C,441817,FALSE
YIL028W,415531,FALSE
YIL029C,447883,FALSE
YIL030C,4038956,FALSE
YIL031W,3223079,FALSE
YIL032C,392278,FALSE
YIL033C,1284992,FALSE
YIL034C,885646,FALSE
YIL035C,1263761,FALSE
YIL036W,1832954,FALSE
YIL037C,2108957,FALSE
YIL038C,2586149,FALSE
YIL039W,1448774,FALSE
YIL040W,432718,FALSE
YIL041W,1002922,FALSE
YIL042C,1209167,FALSE
YIL043C,875536,FALSE
YIL044C,917998,FALSE
YIL045W,1651985,FALSE
YIL046W,1961351,FALSE
YIL047C,2749931,FALSE
YIL048W,3508181,FALSE
YIL049W,781513,FALSE
YIL050W,880591,FALSE
YIL051C,453949,FALSE
YIL052C,930130,FALSE
YIL053W,772414,FALSE
YIL054W,389245,FALSE
YIL055C,1945175,FALSE
YIL056W,1960340,FALSE
YIL057C,511576,FALSE
YIL058W,314431,FALSE
YIL059C,394300,FALSE
YIL060W,492367,FALSE
YIL061C,939229,FALSE
YIL062C,481246,FALSE
YIL063C,1036286,FALSE
YIL064W,797689,FALSE
YIL065C,485290,FALSE
YIL066C,2649842,FALSE
YIL067C,2072561,FALSE
YIL068C,2585138,FALSE
YIL069C,844195,FALSE
YIL070C,821953,FALSE
YIL071C,1360817,FALSE
YIL072W,1849130,FALSE
YIL073C,3064352,FALSE
YIL074C,1441697,FALSE
YIL075C,2882372,FALSE
YIL076W,911932,FALSE
YIL077C,984724,FALSE
YIL078W,2240387,FALSE
YIL079C,1106045,FALSE
YIL082W,893734,FALSE
YIL083C,1121210,FALSE
YIL084C,1005955,FALSE
YIL085C,1584248,FALSE
YIL086C,332629,FALSE
YIL087C,509554,FALSE
YIL088C,1500335,FALSE
YIL089W,644017,FALSE
YIL090W,1507412,FALSE
YIL091C,2203991,FALSE
YIL092W,1948208,FALSE
YIL093C,814876,FALSE
YIL094C,1139408,FALSE
YIL095W,2472917,FALSE
YIL096C,1036286,FALSE
YIL097W,1585259,FALSE
YIL098C,486301,FALSE
YIL099W,1688381,FALSE
YIL100W,445861,FALSE
YIL101C,2159507,FALSE
YIL102C,321508,FALSE
YIL103W,1303190,FALSE
YIL104C,1551896,FALSE
YIL105C,2214101,FALSE
YIL106W,1083803,FALSE
YIL107C,2523467,FALSE
YIL108W,2146364,FALSE
YIL109C,2822723,FALSE
YIL110W,1164683,FALSE
YIL111W,573247,FALSE
YIL112W,3449543,FALSE
YIL113W,648061,FALSE
YIL114C,868459,FALSE
YIL115C,4885163,FALSE
YIL116W,1181870,FALSE
YIL117C,1000900,FALSE
YIL118W,714787,FALSE
YIL119C,1583237,FALSE
YIL120W,1734887,FALSE
YIL121W,1658051,FALSE
YIL122W,1078748,FALSE
YIL123W,2421356,FALSE
YIL124W,914965,FALSE
YIL125W,3099737,FALSE
YIL126W,4217903,FALSE
YIL127C,638962,FALSE
YIL128W,3144221,FALSE
YIL129C,7256969,FALSE
YIL130W,3296882,FALSE
YIL131C,1482137,FALSE
YIL132C,660193,FALSE
YIL133C,914965,FALSE
YIL134W,957427,FALSE
YIL135C,1336553,FALSE
YIL136W,1229387,FALSE
YIL137C,2883383,FALSE
YIL138C,502477,FALSE
YIL139C,757249,FALSE
YIL140W,2555819,FALSE
YIL141W,407443,FALSE
YIL142W,1612556,FALSE
YIL143C,2570984,FALSE
YIL144W,2109968,FALSE
YIL145C,963493,FALSE
YIL146C,1618622,FALSE
YIL147C,3729590,FALSE
YIL148W,849250,FALSE
YIL149C,5115671,FALSE
YIL150C,1747019,FALSE
YIL151C,3405059,FALSE
YIL152W,777469,FALSE
YIL153W,1213211,FALSE
YIL154C,1084814,FALSE
YIL155C,1982582,FALSE
YIL156W,3358553,FALSE
YIL157C,611665,FALSE
YIL158W,641995,FALSE
YIL159W,4302827,FALSE
YIL160C,1278926,FALSE
YIL161W,726919,FALSE
YIL162W,1638842,FALSE
YIL163C,396322,FALSE
YIL164C,621775,FALSE
YIL165C,375091,FALSE
YIL166C,1660073,FALSE
YIL169C,4299794,FALSE
YIL172C,1800602,FALSE
YIL173W,4712282,FALSE
YIL176C,378124,TRUE
YIL177C,5738447,FALSE
YIR001C,774436,FALSE
YIR002C,3026945,FALSE
YIR003W,2193881,FALSE
YIR004W,1330487,FALSE
YIR005W,465070,FALSE
YIR006C,5542313,FALSE
YIR007W,2331377,FALSE
YIR008C,1254662,FALSE
YIR009W,405421,FALSE
YIR010W,2144342,FALSE
YIR011C,981691,FALSE
YIR012W,1321388,FALSE
YIR013C,382168,FALSE
YIR014W,748150,FALSE
YIR015W,450916,FALSE
YIR016W,1035275,FALSE
YIR017C,581335,FALSE
YIR018W,757249,FALSE
YIR019C,8320541,FALSE
YIR020C,346783,FALSE
YIR021W,1115144,FALSE
YIR022W,520675,FALSE
YIR023W,3317102,FALSE
YIR024C,669292,FALSE
YIR025W,1181870,FALSE
YIR026C,1121210,FALSE
YIR027C,1409345,FALSE
YIR028W,1946186,FALSE
YIR029W,1057517,FALSE
YIR030C,754216,FALSE
YIR031C,1695458,FALSE
YIR032C,605599,FALSE
YIR033W,3408092,FALSE
YIR034C,1146485,FALSE
YIR035C,786568,FALSE
YIR036C,811843,FALSE
YIR037W,508543,FALSE
YIR038C,723886,FALSE
YIR039C,1696469,FALSE
YIR040C,381157,FALSE
YIR041W,414520,FALSE
YIR042C,750172,FALSE
YJL001W,784546,FALSE
YJL002C,1459895,FALSE
YJL003W,372058,FALSE
YJL004C,629863,FALSE
YJL005W,6184298,FALSE
YJL006C,993823,FALSE
YJL007C,336673,FALSE
YJL008C,1736909,FALSE
YJL009W,341728,FALSE
YJL010C,2037176,FALSE
YJL011C,503488,FALSE
YJL012C,2214101,FALSE
YJL013C,1643897,FALSE
YJL014W,1661084,FALSE
YJL015C,302299,FALSE
YJL016W,1715678,FALSE
YJL019W,2248475,FALSE
YJL020C,6588698,FALSE
YJL022W,323530,FALSE
YJL023C,1066616,FALSE
YJL024C,680413,FALSE
YJL025W,1573127,FALSE
YJL026W,1224332,FALSE
YJL027C,436762,FALSE
YJL028W,365992,FALSE
YJL029C,2530544,FALSE
YJL030W,608632,FALSE
YJL031C,1099979,FALSE
YJL032W,329596,FALSE
YJL033W,2351597,FALSE
YJL034W,2114012,FALSE
YJL035C,772414,FALSE
YJL036W,1297124,FALSE
YJL037W,694567,FALSE
YJL038C,678391,FALSE
YJL039C,5121737,FALSE
YJL041W,2861141,FALSE
YJL042W,4355399,FALSE
YJL043W,798700,FALSE
YJL044C,1407323,FALSE
YJL045W,1937087,FALSE
YJL046W,1254662,FALSE
YJL047C,2569973,FALSE
YJL048C,1248596,FALSE
YJL049W,1379015,FALSE
YJL050W,3296882,FALSE
YJL051W,2507291,FALSE
YJL052W,1021120,FALSE
YJL053W,1163672,FALSE
YJL054W,1463939,FALSE
YJL055W,758260,FALSE
YJL056C,2683205,FALSE
YJL057C,2046275,FALSE
YJL058C,1661084,FALSE
YJL059W,1251629,FALSE
YJL060W,1360817,FALSE
YJL061W,2179727,FALSE
YJL062W,2544698,FALSE
YJL063C,736018,FALSE
YJL064W,417553,FALSE
YJL065C,532807,FALSE
YJL066C,778480,FALSE
YJL067W,367003,FALSE
YJL068C,924064,FALSE
YJL069C,1816778,FALSE
YJL070C,2720612,FALSE
YJL071W,1757129,FALSE
YJL072C,660193,FALSE
YJL073W,1985615,FALSE
YJL074C,3744755,FALSE
YJL075C,468103,FALSE
YJL076W,3754865,FALSE
YJL077C,426652,FALSE
YJL078C,3370685,FALSE
YJL079C,1022132,FALSE
YJL080C,3720491,FALSE
YJL081C,1497302,FALSE
YJL082W,2280827,FALSE
YJL083W,1873394,FALSE
YJL084C,3218024,FALSE
YJL085W,1935065,FALSE
YJL086C,386212,FALSE
YJL087C,2522456,FALSE
YJL088W,1039319,FALSE
YJL089W,2544698,FALSE
YJL090C,2400125,FALSE
YJL091C,1501346,FALSE
YJL092W,3588050,FALSE
YJL093C,2156474,FALSE
YJL094C,2661974,FALSE
YJL095W,4518170,FALSE
YJL096W,502477,FALSE
YJL097W,672325,FALSE
YJL098W,3264530,TRUE
YJL099W,2279816,FALSE
YJL100W,1857218,FALSE
YJL101C,2077616,FALSE
YJL102W,2499203,FALSE
YJL103C,1888559,FALSE
YJL104W,467092,FALSE
YJL105W,1719722,FALSE
YJL106W,1984604,FALSE
YJL107C,1189958,FALSE
YJL108C,1201079,FALSE
YJL109C,5379542,FALSE
YJL110C,1685348,FALSE
YJL111W,1682315,FALSE
YJL112W,2179727,FALSE
YJL115W,905866,FALSE
YJL116C,1046396,FALSE
YJL117W,957427,FALSE
YJL118W,698611,FALSE
YJL119C,343750,FALSE
YJL120W,342739,FALSE
YJL121C,737029,FALSE
YJL122W,544939,FALSE
YJL123C,1593347,FALSE
YJL124C,536851,FALSE
YJL125C,1175804,FALSE
YJL126W,945295,FALSE
YJL127C,1955285,FALSE
YJL128C,2045264,FALSE
YJL129C,3877196,FALSE
YJL130C,7189232,FALSE
YJL131C,1094924,FALSE
YJL132W,2288915,FALSE
YJL133W,966526,FALSE
YJL134W,1254662,FALSE
YJL135W,367003,FALSE
YJL136C,759271,FALSE
YJL137C,1173782,FALSE
YJL138C,1212200,FALSE
YJL139C,1312289,FALSE
YJL140W,688501,FALSE
YJL141C,2764085,FALSE
YJL142C,409465,FALSE
YJL143W,493378,FALSE
YJL144W,331618,FALSE
YJL145W,905866,FALSE
YJL146W,1436642,FALSE
YJL147C,1172771,FALSE
YJL148W,761293,FALSE
YJL149W,2080649,FALSE
YJL150W,318475,FALSE
YJL151C,424630,FALSE
YJL152W,397333,FALSE
YJL153C,1632776,FALSE
YJL154C,2878328,FALSE
YJL155C,1385081,FALSE
YJL156C,2137265,FALSE
YJL157C,2532566,FALSE
YJL158C,721864,FALSE
YJL159W,1491236,FALSE
YJL160C,902833,FALSE
YJL161W,560104,FALSE
YJL162C,2008868,FALSE
YJL163C,1697480,FALSE
YJL164C,1218266,FALSE
YJL165C,2662985,FALSE
YJL166W,299266,FALSE
YJL167W,1081781,FALSE
YJL168C,2251508,FALSE
YJL169W,398344,FALSE
YJL170C,649072,FALSE
YJL171C,1215233,FALSE
YJL172W,1770272,TRUE
YJL173C,384190,FALSE
YJL174W,851272,FALSE
YJL175W,529774,FALSE
YJL176C,2525489,FALSE
YJL177W,898789,FALSE
YJL178C,837118,FALSE
YJL179W,344761,FALSE
YJL180C,1000900,FALSE
YJL181W,1870361,FALSE
YJL182C,345772,FALSE
YJL183W,1294091,FALSE
YJL184W,387223,FALSE
YJL185C,903844,FALSE
YJL186W,1792514,FALSE
YJL187C,2560874,FALSE
YJL188C,331618,FALSE
YJL189W,566170,FALSE
YJL190C,408454,FALSE
YJL191W,859360,FALSE
YJL192C,723886,FALSE
YJL193W,1236464,FALSE
YJL194W,1570094,FALSE
YJL195C,721864,FALSE
YJL196C,980680,FALSE
YJL197W,3818558,FALSE
YJL198W,2686238,FALSE
YJL199C,355882,FALSE
YJL200C,2407202,FALSE
YJL201W,1836998,FALSE
YJL202C,362959,FALSE
YJL203W,863404,FALSE
YJL204C,2561885,FALSE
YJL205C,325552,FALSE
YJL206C,2316212,FALSE
YJL207C,6122627,FALSE
YJL208C,1016065,FALSE
YJL209W,1997747,FALSE
YJL210W,900811,FALSE
YJL211C,461026,FALSE
YJL212C,2451686,FALSE
YJL213W,1025165,FALSE
YJL214W,1802624,FALSE
YJL215C,376102,FALSE
YJL216C,1841042,FALSE
YJL217W,696589,FALSE
YJL218W,610654,FALSE
YJL219W,1736909,FALSE
YJL220W,524719,FALSE
YJL221C,1800602,FALSE
YJL222W,4712282,FALSE
YJL223C,378124,FALSE
YJL225C,5738447,FALSE
YJR001W,1843064,FALSE
YJR002W,1845086,FALSE
YJR003C,1588292,FALSE
YJR004C,1985615,FALSE
YJR005W,2145353,FALSE
YJR006W,1514489,FALSE
YJR007W,936196,FALSE
YJR008W,1039319,FALSE
YJR009C,1021120,FALSE
YJR010W,1564028,FALSE
YJR011C,805777,FALSE
YJR012C,713776,FALSE
YJR013W,1236464,FALSE
YJR014W,614698,FALSE
YJR015W,1598402,FALSE
YJR016C,1788470,FALSE
YJR017C,529774,FALSE
YJR018W,383179,FALSE
YJR019C,1127276,FALSE
YJR020W,349816,FALSE
YJR021C,1051451,FALSE
YJR022W,344761,FALSE
YJR023C,552016,FALSE
YJR024C,755227,FALSE
YJR025C,555049,FALSE
YJR030C,2319245,FALSE
YJR031C,4285640,FALSE
YJR032W,1206134,FALSE
YJR033C,4129946,FALSE
YJR034W,341728,FALSE
YJR035W,3327212,FALSE
YJR036C,2723645,FALSE
YJR037W,399355,FALSE
YJR038C,386212,FALSE
YJR039W,3446510,FALSE
YJR040W,2385971,FALSE
YJR041C,3576929,FALSE
YJR042W,2285882,FALSE
YJR043C,1075715,FALSE
YJR044C,438784,FALSE
YJR045C,2090759,FALSE
YJR046W,1847108,FALSE
YJR047C,491356,FALSE
YJR048W,344761,FALSE
YJR049C,1658051,FALSE
YJR050W,727930,FALSE
YJR051W,1533698,FALSE
YJR052W,1727810,FALSE
YJR053W,1773305,FALSE
YJR054W,1521566,FALSE
YJR055W,511576,FALSE
YJR056C,729952,FALSE
YJR057W,669292,FALSE
YJR058C,463048,FALSE
YJR059W,2575028,FALSE
YJR060W,1087847,FALSE
YJR061W,2910680,FALSE
YJR062C,1401257,FALSE
YJR063W,393289,FALSE
YJR064W,1718711,FALSE
YJR065C,1375982,FALSE
YJR066W,7525895,FALSE
YJR067C,441817,FALSE
YJR068W,1085825,FALSE
YJR069C,611665,FALSE
YJR070C,999889,FALSE
YJR071W,399355,FALSE
YJR072C,1181870,FALSE
YJR073C,638962,FALSE
YJR074W,675358,FALSE
YJR075W,1216244,FALSE
YJR076C,1272860,FALSE
YJR077C,960460,FALSE
YJR078W,1409345,FALSE
YJR079W,1107056,FALSE
YJR080C,1210178,FALSE
YJR082C,357904,FALSE
YJR083C,952372,FALSE
YJR084W,1297124,FALSE
YJR085C,332629,FALSE
YJR086W,371047,FALSE
YJR087W,381157,FALSE
YJR088C,899800,FALSE
YJR089W,2925845,FALSE
YJR090C,3565808,FALSE
YJR091C,3341366,FALSE
YJR092W,4434257,FALSE
YJR093C,1005955,FALSE
YJR094C,1136375,FALSE
YJR095W,990790,FALSE
YJR096W,869470,FALSE
YJR097W,535840,FALSE
YJR098C,2024033,FALSE
YJR099W,729952,FALSE
YJR100C,1005955,FALSE
YJR101W,821953,FALSE
YJR102C,626830,FALSE
YJR103W,1769261,FALSE
YJR104C,481246,FALSE
YJR105W,1046396,FALSE
YJR106W,2214101,FALSE
YJR107W,1009999,FALSE
YJR108W,567181,FALSE
YJR109C,3405059,FALSE
YJR110W,2100869,FALSE
YJR111C,872503,FALSE
YJR112W,623797,FALSE
YJR113C,763315,FALSE
YJR114W,408454,FALSE
YJR115W,635929,FALSE
YJR116W,860371,FALSE
YJR117W,1388114,FALSE
YJR118C,654127,FALSE
YJR119C,2260607,FALSE
YJR120W,370036,FALSE
YJR121W,1564028,FALSE
YJR122W,1521566,FALSE
YJR123W,696589,FALSE
YJR124C,1379015,FALSE
YJR125C,1267805,FALSE
YJR126C,2536610,FALSE
YJR127C,4373597,FALSE
YJR128W,386212,FALSE
YJR129C,1042352,FALSE
YJR130C,1952252,FALSE
YJR131W,1680293,FALSE
YJR132W,3192749,FALSE
YJR133W,648061,FALSE
YJR134C,2158496,FALSE
YJR135C,751183,TRUE
YJR136C,1291058,FALSE
YJR137C,4426169,FALSE
YJR138W,4818437,TRUE
YJR139C,1107056,FALSE
YJR140C,5012549,FALSE
YJR141W,1066616,FALSE
YJR142W,1051451,FALSE
YJR143C,2325311,FALSE
YJR144W,830041,FALSE
YJR145C,1085825,FALSE
YJR146W,382168,FALSE
YJR147W,1099979,FALSE
YJR148W,1156595,FALSE
YJR149W,1243541,FALSE
YJR150C,1313300,FALSE
YJR151C,4376630,FALSE
YJR152W,1689392,FALSE
YJR153W,1114133,FALSE
YJR154W,1079759,FALSE
YJR155W,913954,FALSE
YJR156C,1054484,FALSE
YJR157W,380146,FALSE
YJR158W,1733876,FALSE
YJR159W,1096946,FALSE
YJR160C,1841042,FALSE
YJR161C,1187936,FALSE
YJR162C,412498,FALSE
YKL001C,626830,FALSE
YKL002W,786568,FALSE
YKL003C,411487,FALSE
YKL004W,1230398,FALSE
YKL005C,1852163,FALSE
YKL006W,874525,FALSE
YKL007W,833074,FALSE
YKL008C,1281959,FALSE
YKL009W,729952,FALSE
YKL010C,4534346,FALSE
YKL011C,1134353,FALSE
YKL012W,1799591,FALSE
YKL013C,532807,FALSE
YKL014C,5393696,FALSE
YKL015W,2994593,FALSE
YKL016C,541906,FALSE
YKL017C,2088737,FALSE
YKL018W,1012021,FALSE
YKL019W,972592,FALSE
YKL020C,3360575,FALSE
YKL021C,1444730,FALSE
YKL022C,2600303,FALSE
YKL023W,967537,FALSE
YKL024C,632896,FALSE
YKL025C,2193881,FALSE
YKL026C,528763,FALSE
YKL027W,1381037,FALSE
YKL028W,1683326,FALSE
YKL029C,2043242,FALSE
YKL030W,812854,FALSE
YKL031W,457993,FALSE
YKL032C,3303959,FALSE
YKL033W,3188705,FALSE
YKL034W,2313179,FALSE
YKL035W,1527632,FALSE
YKL036C,416542,FALSE
YKL037W,414520,FALSE
YKL038W,3596138,FALSE
YKL039W,1601435,FALSE
YKL040C,797689,FALSE
YKL041W,693556,FALSE
YKL042W,1116155,FALSE
YKL043W,1126265,FALSE
YKL044W,362959,FALSE
YKL045W,1616600,FALSE
YKL046C,1376993,FALSE
YKL047W,1579193,FALSE
YKL048C,1955285,FALSE
YKL049C,708721,FALSE
YKL050C,2867207,FALSE
YKL051W,1084814,FALSE
YKL052C,936196,FALSE
YKL053W,403399,FALSE
YKL054C,3439433,FALSE
YKL055C,866437,FALSE
YKL056C,520675,FALSE
YKL057C,3159386,FALSE
YKL058W,384190,FALSE
YKL059C,1351718,FALSE
YKL060C,1103012,FALSE
YKL061W,360937,FALSE
YKL062W,1959329,FALSE
YKL063C,520675,FALSE
YKL064W,2956175,FALSE
YKL065C,638962,FALSE
YKL066W,476191,FALSE
YKL067W,478213,FALSE
YKL068W,3059297,FALSE
YKL069W,560104,FALSE
YKL070W,544939,FALSE
YKL071W,793645,FALSE
YKL072W,2375861,FALSE
YKL073W,2699381,FALSE
YKL074C,1630754,FALSE
YKL075C,1399235,FALSE
YKL076C,399355,FALSE
YKL077W,1203101,FALSE
YKL078W,2243420,FALSE
YKL079W,2006846,FALSE
YKL080W,1203101,FALSE
YKL081W,1624688,FALSE
YKL082C,1330487,FALSE
YKL083W,694567,FALSE
YKL084W,367003,FALSE
YKL085W,1027187,FALSE
YKL086W,399355,FALSE
YKL087C,693556,FALSE
YKL088W,1872383,FALSE
YKL089W,1706579,FALSE
YKL090W,1388114,FALSE
YKL091C,954394,FALSE
YKL092C,3376751,FALSE
YKL093W,1042352,FALSE
YKL094W,963493,FALSE
YKL095W,857338,FALSE
YKL096W,769381,FALSE
YKL097C,441817,FALSE
YKL098W,1096946,FALSE
YKL099C,772414,FALSE
YKL100C,1845086,FALSE
YKL101W,4640501,FALSE
YKL102C,324541,FALSE
YKL103C,1573127,FALSE
YKL104C,2190848,FALSE
YKL105C,3781151,FALSE
YKL106W,1382048,FALSE
YKL107W,953383,FALSE
YKL108W,1534709,FALSE
YKL109W,1787459,FALSE
YKL110C,963493,FALSE
YKL111C,350827,FALSE
YKL112W,2270717,FALSE
YKL113C,1178837,FALSE
YKL114C,1127276,FALSE
YKL115C,418564,FALSE
YKL116C,1600424,FALSE
YKL117W,787579,FALSE
YKL118W,330607,FALSE
YKL119C,666259,FALSE
YKL120W,996856,FALSE
YKL121W,2629622,FALSE
YKL122C,521686,FALSE
YKL123W,432718,FALSE
YKL124W,1812734,FALSE
YKL125W,2006846,FALSE
YKL126W,2076605,FALSE
YKL127W,1763195,FALSE
YKL128C,993823,FALSE
YKL129C,3918647,FALSE
YKL130C,760282,FALSE
YKL131W,539884,FALSE
YKL132C,1321388,FALSE
YKL133C,1418444,FALSE
YKL134C,2355641,FALSE
YKL135C,2216123,FALSE
YKL136W,414520,FALSE
YKL137W,350827,FALSE
YKL138C,411487,FALSE
YKL139W,1716689,FALSE
YKL140W,1677260,FALSE
YKL141W,683446,FALSE
YKL142W,678391,FALSE
YKL143W,1421477,FALSE
YKL144C,657160,FALSE
YKL145W,1430576,FALSE
YKL146W,2235332,FALSE
YKL147C,722875,FALSE
YKL148C,1955285,FALSE
YKL149C,1247585,FALSE
YKL150W,1076726,FALSE
YKL151C,1042352,FALSE
YKL152C,763315,FALSE
YKL153W,526741,FALSE
YKL154W,754216,FALSE
YKL155C,1918889,FALSE
YKL156W,680413,FALSE
YKL157W,3290816,FALSE
YKL159C,654127,FALSE
YKL160W,453949,FALSE
YKL161C,1330487,FALSE
YKL162C,1233431,FALSE
YKL163W,1588292,FALSE
YKL164C,1232420,FALSE
YKL165C,2803514,FALSE
YKL166C,1222310,FALSE
YKL167C,429685,FALSE
YKL168C,2210057,FALSE
YKL169C,399355,FALSE
YKL170W,432718,FALSE
YKL171W,2855075,FALSE
YKL172W,1439675,FALSE
YKL173W,3082550,FALSE
YKL174C,1889570,FALSE
YKL175W,1572116,FALSE
YKL176C,2526500,FALSE
YKL177W,355882,FALSE
YKL178C,1439675,FALSE
YKL179C,2073572,FALSE
YKL180W,887668,FALSE
YKL181W,1339586,FALSE
YKL182W,6234848,FALSE
YKL183W,978658,FALSE
YKL184W,1427543,FALSE
YKL185W,1803635,FALSE
YKL186C,802744,FALSE
YKL187C,2301047,FALSE
YKL188C,2601314,FALSE
YKL189W,1224332,FALSE
YKL190W,621775,FALSE
YKL191W,1633787,FALSE
YKL192C,393289,FALSE
YKL193C,1039319,FALSE
YKL194C,1415411,FALSE
YKL195W,1383059,FALSE
YKL196C,620764,FALSE
YKL197C,3177584,FALSE
YKL198C,2177705,FALSE
YKL201C,4479752,FALSE
YKL202W,1311278,FALSE
YKL203C,7519829,TRUE
YKL204W,1943153,TRUE
YKL205W,3350465,FALSE
YKL206C,823975,FALSE
YKL207W,782524,FALSE
YKL208W,848239,FALSE
YKL209C,3926735,FALSE
YKL210W,3119957,FALSE
YKL211C,1483148,FALSE
YKL212W,1903724,FALSE
YKL213C,2188826,FALSE
YKL214C,629863,FALSE
YKL215C,4038956,FALSE
YKL216W,966526,FALSE
YKL217W,1882493,FALSE
YKL218C,1003933,FALSE
YKL219W,1261739,FALSE
YKL220C,2205002,FALSE
YKL221W,1453829,FALSE
YKL222C,2307113,FALSE
YKL223W,379135,FALSE
YKL224C,390256,FALSE
YKL225W,504499,FALSE
YKR001C,2149397,FALSE
YKR002W,1736909,FALSE
YKR003W,1388114,FALSE
YKR004C,1266794,FALSE
YKR005C,1701524,FALSE
YKR006C,814876,FALSE
YKR007W,566170,FALSE
YKR008W,1915856,FALSE
YKR009C,2743865,FALSE
YKR010C,2367773,FALSE
YKR011C,1084814,FALSE
YKR012C,486301,FALSE
YKR013W,1210178,FALSE
YKR014C,754216,FALSE
YKR015C,1759151,FALSE
YKR016W,1651985,FALSE
YKR017C,1686359,FALSE
YKR018C,2215112,FALSE
YKR019C,1882493,FALSE
YKR020W,511576,FALSE
YKR021W,2789360,FALSE
YKR022C,990790,FALSE
YKR023W,1627721,FALSE
YKR024C,2264651,FALSE
YKR025W,909910,FALSE
YKR026C,939229,FALSE
YKR027W,2335421,FALSE
YKR028W,3153320,FALSE
YKR029C,2316212,FALSE
YKR030W,842173,FALSE
YKR031C,5121737,FALSE
YKR032W,342739,FALSE
YKR033C,445861,FALSE
YKR034W,830041,FALSE
YKR035C,662215,FALSE
YKR036C,1974494,FALSE
YKR037C,908899,FALSE
YKR038C,1184903,FALSE
YKR039W,1841042,FALSE
YKR040C,625819,FALSE
YKR041W,775447,FALSE
YKR042W,1263761,FALSE
YKR043C,836107,FALSE
YKR044W,1360817,FALSE
YKR045C,675358,FALSE
YKR046C,872503,FALSE
YKR047W,506521,FALSE
YKR048C,1319366,FALSE
YKR049C,449905,FALSE
YKR050W,2748920,FALSE
YKR051W,1281959,FALSE
YKR052C,936196,TRUE
YKR053C,1239497,FALSE
YKR054C,12426213,FALSE
YKR055W,896767,FALSE
YKR056W,1973483,FALSE
YKR057W,606610,FALSE
YKR058W,1931021,FALSE
YKR059W,1212200,FALSE
YKR060W,845206,FALSE
YKR061W,1304201,FALSE
YKR062W,1008988,FALSE
YKR063C,1554929,FALSE
YKR064W,2691293,FALSE
YKR065C,611665,FALSE
YKR066C,1189958,FALSE
YKR067W,2267684,FALSE
YKR068C,599533,FALSE
YKR069W,1812734,FALSE
YKR070W,1083803,FALSE
YKR071C,1069649,FALSE
YKR072C,1981571,FALSE
YKR073C,346783,FALSE
YKR074W,484279,FALSE
YKR075C,1070660,FALSE
YKR076W,1136375,TRUE
YKR077W,1148507,FALSE
YKR078W,1792514,FALSE
YKR079C,2589182,FALSE
YKR080W,984724,FALSE
YKR081C,1097957,FALSE
YKR082W,3523346,FALSE
YKR083C,417553,FALSE
YKR084C,1906757,FALSE
YKR085C,605599,FALSE
YKR086W,3323168,FALSE
YKR087C,1060550,FALSE
YKR088C,1036286,FALSE
YKR089C,2774195,FALSE
YKR090W,2255552,FALSE
YKR091W,760282,FALSE
YKR092C,2757008,FALSE
YKR093W,1925966,FALSE
YKR094C,778480,FALSE
YKR095W,5732381,FALSE
YKR096W,3846866,FALSE
YKR097W,1679282,FALSE
YKR098C,2233310,FALSE
YKR099W,2474939,FALSE
YKR100C,1094924,FALSE
YKR101W,2005835,FALSE
YKR102W,5054000,FALSE
YKR103W,3735656,FALSE
YKR104W,942262,FALSE
YKR105C,1781393,FALSE
YKR106W,1885526,FALSE
YLL001W,2310146,FALSE
YLL002W,1341608,FALSE
YLL003W,2913713,FALSE
YLL004W,1912823,FALSE
YLL005C,2647820,FALSE
YLL006W,1310267,FALSE
YLL007C,2032121,FALSE
YLL008W,2508302,FALSE
YLL009C,223441,FALSE
YLL010C,1650974,FALSE
YLL011W,1497302,FALSE
YLL012W,1753085,FALSE
YLL013C,2923823,FALSE
YLL014W,341728,FALSE
YLL015W,4746656,FALSE
YLL018C,1703546,FALSE
YLL019C,2249486,FALSE
YLL020C,339706,FALSE
YLL021W,5356289,FALSE
YLL022C,1227365,FALSE
YLL023C,860371,FALSE
YLL024C,1973483,FALSE
YLL025W,453949,FALSE
YLL026W,2807558,FALSE
YLL027W,773425,FALSE
YLL028W,1791503,FALSE
YLL029W,2285882,FALSE
YLL030C,373069,FALSE
YLL031C,3099737,FALSE
YLL032C,2516390,FALSE
YLL033W,711754,FALSE
YLL034C,2552786,FALSE
YLL035W,1934054,FALSE
YLL036C,1539764,FALSE
YLL037W,416542,FALSE
YLL038C,766348,FALSE
YLL039C,1173782,FALSE
YLL040C,9581258,FALSE
YLL041C,820942,FALSE
YLL042C,520675,FALSE
YLL043W,2160518,FALSE
YLL044W,463048,FALSE
YLL045C,816898,FALSE
YLL046C,788590,FALSE
YLL047W,493378,FALSE
YLL048C,5051978,FALSE
YLL049W,557071,FALSE
YLL050C,633907,FALSE
YLL051C,2182760,FALSE
YLL052C,519664,FALSE
YLL053C,539884,FALSE
YLL054C,2590193,FALSE
YLL055W,1658051,FALSE
YLL056C,947317,TRUE
YLL057C,1263761,FALSE
YLL058W,1776338,FALSE
YLL059C,531796,FALSE
YLL060C,720853,FALSE
YLL061W,1787459,FALSE
YLL062C,996856,FALSE
YLL063C,1452818,FALSE
YLL064C,378124,FALSE
YLL065W,423619,FALSE
YLL066C,3769019,FALSE
YLL067C,3772052,FALSE
YLR001C,2634677,FALSE
YLR002C,2025044,FALSE
YLR003C,896767,FALSE
YLR004C,1600424,FALSE
YLR005W,1412378,FALSE
YLR006C,2173661,FALSE
YLR007W,1033253,FALSE
YLR008C,523708,FALSE
YLR009W,620764,FALSE
YLR010C,499444,FALSE
YLR011W,593467,FALSE
YLR012C,321508,FALSE
YLR013W,441817,FALSE
YLR014C,2761052,FALSE
YLR015W,1545830,FALSE
YLR016C,632896,FALSE
YLR017W,1036286,FALSE
YLR018C,921031,FALSE
YLR019W,1327454,FALSE
YLR020C,1663106,FALSE
YLR021W,557071,FALSE
YLR022C,772414,FALSE
YLR023C,1692425,FALSE
YLR024C,5757656,FALSE
YLR025W,742084,FALSE
YLR026C,1045385,FALSE
YLR027C,1281959,FALSE
YLR028C,1806668,FALSE
YLR029C,632896,FALSE
YLR030W,829030,FALSE
YLR031W,587401,FALSE
YLR032W,3633545,FALSE
YLR033W,1567061,FALSE
YLR034C,1449785,FALSE
YLR035C,2151419,FALSE
YLR036C,651094,FALSE
YLR037C,412498,FALSE
YLR038C,265903,FALSE
YLR039C,3223079,FALSE
YLR040C,693556,FALSE
YLR041W,335662,FALSE
YLR042C,502477,FALSE
YLR043C,326563,FALSE
YLR044C,1725788,TRUE
YLR045C,2707469,FALSE
YLR046C,872503,FALSE
YLR047C,2106935,FALSE
YLR048W,1160639,FALSE
YLR049C,1314311,FALSE
YLR050C,502477,FALSE
YLR051C,681424,FALSE
YLR052W,772414,FALSE
YLR053C,363970,FALSE
YLR054C,2305091,FALSE
YLR055C,2337443,FALSE
YLR056W,1121210,TRUE
YLR057W,2590193,FALSE
YLR058C,1436642,FALSE
YLR059C,832063,FALSE
YLR060W,1818800,FALSE
YLR061W,790612,FALSE
YLR062C,395311,FALSE
YLR063W,1137386,FALSE
YLR064W,842173,FALSE
YLR065C,563137,FALSE
YLR066W,573247,FALSE
YLR067C,2941010,FALSE
YLR068W,472147,FALSE
YLR069C,2325311,FALSE
YLR070C,1094924,FALSE
YLR071C,3295871,FALSE
YLR072W,2143331,FALSE
YLR073C,620764,FALSE
YLR074C,517642,FALSE
YLR075W,684457,FALSE
YLR076C,438784,FALSE
YLR077W,1782404,FALSE
YLR078C,845206,FALSE
YLR079W,890701,FALSE
YLR080W,1393169,FALSE
YLR081W,1774316,FALSE
YLR082C,1205123,FALSE
YLR083C,2054363,FALSE
YLR084C,3720491,FALSE
YLR085C,1342619,FALSE
YLR086W,4314959,FALSE
YLR087C,9047450,FALSE
YLR088W,1877438,FALSE
YLR089C,1809701,FALSE
YLR090W,1421477,FALSE
YLR091W,902833,FALSE
YLR092W,2722634,FALSE
YLR093C,926086,FALSE
YLR094C,1536731,FALSE
YLR095C,2730722,FALSE
YLR096W,3596138,FALSE
YLR097C,1058528,FALSE
YLR098C,1980560,FALSE
YLR099C,1210178,FALSE
YLR100W,1066616,FALSE
YLR101C,460015,FALSE
YLR102C,819931,FALSE
YLR103C,2037176,FALSE
YLR104W,436762,FALSE
YLR105C,1157606,FALSE
YLR106C,14910240,FALSE
YLR107W,1240508,FALSE
YLR108C,1485170,FALSE
YLR109W,551005,FALSE
YLR110C,426652,FALSE
YLR111W,359926,FALSE
YLR112W,437773,FALSE
YLR113W,1406312,FALSE
YLR114C,2635688,FALSE
YLR115W,2619512,FALSE
YLR116W,1457873,FALSE
YLR117C,2097836,FALSE
YLR118C,702655,FALSE
YLR119W,663226,FALSE
YLR120C,1739942,FALSE
YLR121C,1557962,FALSE
YLR122C,394300,FALSE
YLR123C,344761,FALSE
YLR124W,373069,FALSE
YLR125W,493378,FALSE
YLR126C,775447,FALSE
YLR127C,2601314,FALSE
YLR128W,930130,FALSE
YLR129W,2874284,FALSE
YLR130C,1295102,FALSE
YLR131C,2359685,FALSE
YLR132C,893734,FALSE
YLR133W,1779371,FALSE
YLR134W,1723766,FALSE
YLR135W,2283860,FALSE
YLR136C,878569,FALSE
YLR137W,1131320,FALSE
YLR138W,3015824,FALSE
YLR139C,1995725,FALSE
YLR140W,361948,FALSE
YLR141W,1161650,FALSE
YLR142W,1505390,FALSE
YLR143W,2091770,FALSE
YLR144C,2383949,FALSE
YLR145W,623797,FALSE
YLR146C,924064,FALSE
YLR147C,320497,FALSE
YLR148W,2798459,FALSE
YLR149C,2228255,FALSE
YLR150W,866437,FALSE
YLR151C,1046396,FALSE
YLR152C,1776338,FALSE
YLR153C,2086715,FALSE
YLR154C,427663,FALSE
YLR155C,1112111,FALSE
YLR156W,359926,FALSE
YLR157C,1112111,FALSE
YLR158C,1112111,FALSE
YLR159W,359926,FALSE
YLR160C,1112111,FALSE
YLR161W,359926,FALSE
YLR162W,372058,FALSE
YLR163C,1415411,FALSE
YLR164W,525730,FALSE
YLR165C,784546,FALSE
YLR166C,2675117,FALSE
YLR167W,475180,FALSE
YLR168C,711754,FALSE
YLR169W,388234,FALSE
YLR170C,487312,FALSE
YLR171W,405421,FALSE
YLR172C,926086,FALSE
YLR173W,1883504,TRUE
YLR174W,1263761,FALSE
YLR175W,1568072,FALSE
YLR176C,2474939,FALSE
YLR177W,2003813,FALSE
YLR178C,698611,FALSE
YLR179C,625819,FALSE
YLR180W,1172771,FALSE
YLR181C,1042352,FALSE
YLR182W,2452697,FALSE
YLR183C,1521566,FALSE
YLR184W,371047,FALSE
YLR185W,645028,FALSE
YLR186W,778480,FALSE
YLR187W,3205892,FALSE
YLR188W,2122100,FALSE
YLR189C,3647699,FALSE
YLR190W,1512467,FALSE
YLR191W,1185914,FALSE
YLR192C,817909,FALSE
YLR193C,544939,FALSE
YLR194C,814876,FALSE
YLR195C,1394180,FALSE
YLR196W,1764206,FALSE
YLR197W,1560995,FALSE
YLR198C,393289,FALSE
YLR199C,941251,TRUE
YLR200W,359926,FALSE
YLR201C,802744,FALSE
YLR202C,479224,FALSE
YLR203C,1336553,FALSE
YLR204W,359926,FALSE
YLR205C,981691,FALSE
YLR206W,2444609,FALSE
YLR207W,2700392,FALSE
YLR208W,914965,FALSE
YLR209C,957427,FALSE
YLR210W,1429565,FALSE
YLR211C,760282,FALSE
YLR212C,1448774,TRUE
YLR213C,1318355,FALSE
YLR214W,2235332,FALSE
YLR215C,1106045,FALSE
YLR216C,1139408,FALSE
YLR217W,338695,FALSE
YLR218C,533818,FALSE
YLR219W,2249486,FALSE
YLR220W,990790,FALSE
YLR221C,681424,FALSE
YLR222C,2492126,FALSE
YLR223C,3427301,FALSE
YLR224W,1135364,FALSE
YLR225C,1248596,FALSE
YLR226W,1240508,FALSE
YLR227C,1585259,FALSE
YLR228C,2628611,FALSE
YLR229C,593467,FALSE
YLR230W,321508,FALSE
YLR231C,1388114,FALSE
YLR232W,362959,FALSE
YLR233C,2143331,FALSE
YLR234W,2003813,FALSE
YLR235C,464059,FALSE
YLR236C,389245,FALSE
YLR237W,1978538,FALSE
YLR238W,1463939,FALSE
YLR239C,1008988,FALSE
YLR240W,2668040,FALSE
YLR241W,2385971,FALSE
YLR242C,991801,FALSE
YLR243W,839140,FALSE
YLR244C,1187936,FALSE
YLR245C,444850,FALSE
YLR246W,1104023,FALSE
YLR247C,4734524,FALSE
YLR248W,1889570,FALSE
YLR249W,3203870,FALSE
YLR250W,723886,FALSE
YLR251W,611665,FALSE
YLR252W,322519,FALSE
YLR253W,1739942,FALSE
YLR254C,587401,FALSE
YLR255C,406432,FALSE
YLR256W,4943801,FALSE
YLR257W,999889,FALSE
YLR258W,2165573,FALSE
YLR259C,1785437,FALSE
YLR260W,2264651,FALSE
YLR261C,341728,FALSE
YLR262C,666259,FALSE
YLR263W,2541665,FALSE
YLR264W,218386,FALSE
YLR265C,1051451,FALSE
YLR266C,2140298,FALSE
YLR267W,1742975,FALSE
YLR268W,663226,FALSE
YLR269C,372058,FALSE
YLR270W,1080770,FALSE
YLR271W,853294,FALSE
YLR272C,3606248,FALSE
YLR273C,1994714,TRUE
YLR274W,2364740,FALSE
YLR275W,452938,FALSE
YLR276C,1816778,FALSE
YLR277C,2377883,FALSE
YLR278C,4511093,FALSE
YLR279W,419575,FALSE
YLR280C,365992,FALSE
YLR281C,484279,FALSE
YLR282C,356893,FALSE
YLR283W,966526,FALSE
YLR284C,863404,FALSE
YLR285W,805777,FALSE
YLR286C,1915856,FALSE
YLR287C,1112111,FALSE
YLR288C,1451807,FALSE
YLR289W,1987637,FALSE
YLR290C,855316,FALSE
YLR291C,1169738,FALSE
YLR292C,599533,FALSE
YLR293C,678391,FALSE
YLR294C,346783,FALSE
YLR295C,390256,FALSE
YLR296W,368014,FALSE
YLR297W,405421,FALSE
YLR298C,714787,FALSE
YLR299W,2106935,FALSE
YLR300W,1372949,FALSE
YLR301W,754216,FALSE
YLR302C,389245,FALSE
YLR303W,1360817,FALSE
YLR304C,2373839,FALSE
YLR305C,5776865,FALSE
YLR306W,739051,FALSE
YLR307W,955405,FALSE
YLR308W,960460,FALSE
YLR309C,2803514,FALSE
YLR310C,4844723,FALSE
YLR311C,486301,FALSE
YLR312C,1224332,FALSE
YLR313C,1621655,FALSE
YLR314C,1591325,FALSE
YLR315W,478213,FALSE
YLR316C,1118177,FALSE
YLR317W,450916,FALSE
YLR318W,2799470,TRUE
YLR319C,2410235,FALSE
YLR320W,4424147,FALSE
YLR321C,1306223,FALSE
YLR322W,329596,FALSE
YLR323C,799711,FALSE
YLR324W,1651985,FALSE
YLR325C,250738,FALSE
YLR326W,765337,FALSE
YLR327C,275002,FALSE
YLR328W,1230398,FALSE
YLR329W,945295,FALSE
YLR330W,2148386,FALSE
YLR331C,393289,FALSE
YLR332W,1233431,FALSE
YLR333C,792634,FALSE
YLR334C,896767,FALSE
YLR335W,2201969,FALSE
YLR336C,2740832,FALSE
YLR337C,2678150,FALSE
YLR338W,953383,FALSE
YLR339C,569203,FALSE
YLR340W,972592,FALSE
YLR341W,1463939,FALSE
YLR342W,5709128,FALSE
YLR343W,1700513,FALSE
YLR344W,855316,FALSE
YLR345W,1557962,FALSE
YLR346C,320497,FALSE
YLR347C,2625578,FALSE
YLR348C,917998,FALSE
YLR349W,601555,FALSE
YLR350W,669292,FALSE
YLR351C,896767,FALSE
YLR352W,2461796,FALSE
YLR353W,1865306,FALSE
YLR354C,1030220,FALSE
YLR355C,1212200,FALSE
YLR356W,611665,FALSE
YLR357W,2711513,FALSE
YLR358C,582346,FALSE
YLR359W,1519544,FALSE
YLR360W,1345652,FALSE
YLR361C,1767239,FALSE
YLR362W,2188826,FALSE
YLR363C,675358,FALSE
YLR364W,345772,FALSE
YLR365W,351838,FALSE
YLR366W,332629,FALSE
YLR367W,1483148,FALSE
YLR368W,1886537,FALSE
YLR369W,2008868,FALSE
YLR370C,554038,FALSE
YLR371W,4234079,FALSE
YLR372W,1060550,FALSE
YLR373C,2746898,FALSE
YLR374C,408454,FALSE
YLR375W,1054484,FALSE
YLR376C,748150,FALSE
YLR377C,1069649,FALSE
YLR378C,1470005,FALSE
YLR379W,392278,FALSE
YLR380W,1251629,FALSE
YLR381W,2237354,FALSE
YLR382C,2726678,FALSE
YLR383W,3408092,FALSE
YLR384C,4105682,FALSE
YLR385C,414520,FALSE
YLR386W,2684216,FALSE
YLR387C,1324421,FALSE
YLR388W,683446,FALSE
YLR389C,3129056,FALSE
YLR390W,367003,FALSE
YLR392C,1585259,FALSE
YLR393W,860371,FALSE
YLR394W,1479104,FALSE
YLR395C,250738,FALSE
YLR396C,2109968,FALSE
YLR397C,2379905,FALSE
YLR398C,3922691,FALSE
YLR399C,2100869,FALSE
YLR400W,492367,FALSE
YLR401C,2040209,FALSE
YLR402W,205243,FALSE
YLR403W,2129177,FALSE
YLR404W,878569,FALSE
YLR405W,1127276,FALSE
YLR406C,712765,FALSE
YLR407W,705688,FALSE
YLR408C,384190,FALSE
YLR409C,2862152,FALSE
YLR410W,3489983,FALSE
YLR411W,745117,FALSE
YLR412W,845206,FALSE
YLR413W,2073572,FALSE
YLR414C,812854,FALSE
YLR415C,374080,FALSE
YLR416C,434740,FALSE
YLR417W,1758140,FALSE
YLR418C,1206134,FALSE
YLR419W,4389773,FALSE
YLR420W,1118177,FALSE
YLR421C,487312,FALSE
YLR422W,5873921,FALSE
YLR423C,1278926,FALSE
YLR424W,2161529,FALSE
YLR425W,3979307,FALSE
YLR426W,1113122,FALSE
YLR427W,2046275,FALSE
YLR428C,361948,FALSE
YLR429W,1988648,TRUE
YLR430W,6867734,FALSE
YLR431C,1389125,FALSE
YLR432W,1600424,FALSE
YLR433C,1691414,FALSE
YLR434C,423619,FALSE
YLR435W,666259,FALSE
YLR436C,3879218,FALSE
YLR437C,466081,FALSE
YLR438W,1300157,FALSE
YLR439W,981691,FALSE
YLR440C,2200958,FALSE
YLR441C,789601,FALSE
YLR442C,2980439,FALSE
YLR443W,1372949,FALSE
YLR444C,317464,FALSE
YLR445W,669292,FALSE
YLR446W,1344641,FALSE
YLR447C,1060550,FALSE
YLR448W,940240,FALSE
YLR449W,1289036,FALSE
YLR450W,3189716,FALSE
YLR451W,2740832,FALSE
YLR452C,2133221,FALSE
YLR453C,1212200,TRUE
YLR454W,7990955,FALSE
YLR455W,936196,FALSE
YLR456W,633907,FALSE
YLR457C,982702,FALSE
YLR458W,396322,FALSE
YLR459W,1209167,FALSE
YLR460C,1172771,FALSE
YLR461W,381157,FALSE
YLR462W,626830,FALSE
YLR463C,569203,FALSE
YLR464W,951361,FALSE
YLR465C,323530,FALSE
YLR466W,4205771,FALSE
YLR467W,5461433,FALSE
YML001W,646039,FALSE
YML002W,2249486,FALSE
YML003W,922042,FALSE
YML004C,1003933,FALSE
YML005W,1415411,FALSE
YML006C,2476961,FALSE
YML007W,2627600,FALSE
YML008C,1175804,FALSE
YML009C,226474,FALSE
YML010W,3489983,FALSE
YML011C,551005,FALSE
YML012W,654127,FALSE
YML013W,1785437,FALSE
YML014W,860371,FALSE
YML015C,1063583,FALSE
YML016C,2113001,FALSE
YML017W,2563907,FALSE
YML018C,1206134,FALSE
YML019W,1043363,FALSE
YML020W,2029088,FALSE
YML021C,1103012,FALSE
YML022W,581335,FALSE
YML023C,1700513,FALSE
YML024W,834085,FALSE
YML025C,1003933,FALSE
YML026C,868459,FALSE
YML027W,1181870,FALSE
YML028W,608632,FALSE
YML029W,2555819,FALSE
YML030W,496411,FALSE
YML031W,2000780,FALSE
YML032C,1448774,FALSE
YML034W,3078506,FALSE
YML035C,2470895,FALSE
YML036W,678391,FALSE
YML037C,1047407,FALSE
YML038C,1354751,FALSE
YML041C,863404,FALSE
YML042W,2046275,FALSE
YML043C,1551896,FALSE
YML046W,1927988,FALSE
YML047C,1163672,FALSE
YML048W,1292069,FALSE
YML049C,4273508,FALSE
YML050W,957427,FALSE
YML051W,1334531,FALSE
YML052W,936196,FALSE
YML053C,790612,FALSE
YML054C,1806668,FALSE
YML055W,555049,FALSE
YML056C,2032121,FALSE
YML057W,1846097,FALSE
YML058W,329596,FALSE
YML059C,5110616,FALSE
YML060W,1154573,FALSE
YML061C,2631644,FALSE
YML062C,1215233,FALSE
YML063W,787579,FALSE
YML064C,757249,FALSE
YML065W,2900570,FALSE
YML066C,1134353,FALSE
YML067C,1178837,FALSE
YML068W,1424510,FALSE
YML069W,1688381,FALSE
YML070W,1785437,FALSE
YML071C,1935065,FALSE
YML072C,4703183,FALSE
YML073C,976636,FALSE
YML074C,1349696,FALSE
YML075C,3211958,FALSE
YML076C,2877317,FALSE
YML077W,496411,FALSE
YML078W,566170,FALSE
YML079W,626830,FALSE
YML080W,1297124,FALSE
YML081W,3808448,FALSE
YML082W,2000780,FALSE
YML083C,1281959,FALSE
YML084W,360937,FALSE
YML085C,1501346,FALSE
YML086C,1609523,FALSE
YML087C,961471,FALSE
YML088W,2040209,FALSE
YML089C,389245,FALSE
YML090W,422608,FALSE
YML091C,3668930,FALSE
YML092C,772414,FALSE
YML093W,2784305,FALSE
YML094W,592456,FALSE
YML095C,651094,FALSE
YML096W,1609523,FALSE
YML097C,1382048,FALSE
YML098W,520675,FALSE
YML099C,2683205,TRUE
YML100W,3370685,FALSE
YML101C,369025,FALSE
YML102W,1433609,FALSE
YML103C,5157122,FALSE
YML104C,3434378,FALSE
YML105C,843184,FALSE
YML106W,699622,FALSE
YML107C,1029209,FALSE
YML108W,332629,FALSE
YML109W,2896526,FALSE
YML110C,948328,FALSE
YML111W,2827778,TRUE
YML112W,911932,FALSE
YML113W,873514,FALSE
YML114C,1560995,FALSE
YML115C,1637831,FALSE
YML116W,1660073,FALSE
YML117W,3648710,FALSE
YML118W,1602446,FALSE
YML119W,1096946,FALSE
YML120C,1570094,FALSE
YML121W,957427,TRUE
YML122C,399355,FALSE
YML123C,1796558,FALSE
YML124C,1669172,FALSE
YML125C,960460,FALSE
YML126C,1504379,FALSE
YML127W,1776338,FALSE
YML128C,1570094,FALSE
YML129C,226474,FALSE
YML130C,1721744,FALSE
YML131W,1121210,FALSE
YML132W,1170749,FALSE
YML133C,4281596,FALSE
YMR001C,2152430,FALSE
YMR002W,520675,FALSE
YMR003W,651094,FALSE
YMR004W,1564028,FALSE
YMR005W,1192991,FALSE
YMR006C,2155463,FALSE
YMR007W,400366,FALSE
YMR008C,2236343,FALSE
YMR009W,557071,FALSE
YMR010W,1242530,FALSE
YMR011W,1659062,FALSE
YMR012W,3887306,FALSE
YMR013C,1588292,FALSE
YMR014W,1627721,FALSE
YMR015C,1645919,FALSE
YMR016C,2498192,FALSE
YMR017W,1260728,FALSE
YMR018W,1608512,FALSE
YMR019W,2901581,FALSE
YMR020W,1564028,FALSE
YMR021C,1278926,FALSE
YMR022W,514609,FALSE
YMR023C,1619633,FALSE
YMR024W,1197035,FALSE
YMR025W,911932,FALSE
YMR026C,1225343,FALSE
YMR027W,1441697,FALSE
YMR028W,1127276,FALSE
YMR029C,1600424,FALSE
YMR030W,1188947,FALSE
YMR031C,2611424,FALSE
YMR032W,2061440,FALSE
YMR033W,1517522,FALSE
YMR034C,1332509,FALSE
YMR035W,551005,FALSE
YMR036C,1721744,FALSE
YMR037C,2199947,FALSE
YMR038C,769381,FALSE
YMR039C,977647,FALSE
YMR040W,500455,FALSE
YMR041C,1031231,FALSE
YMR042W,554038,FALSE
YMR043W,1225343,FALSE
YMR044W,1554929,FALSE
YMR047C,3407081,FALSE
YMR048W,975625,FALSE
YMR049C,2461796,FALSE
YMR052W,633907,FALSE
YMR053C,2592215,FALSE
YMR054W,2725667,FALSE
YMR055C,942262,FALSE
YMR056C,951361,FALSE
YMR057C,401377,FALSE
YMR058W,1957307,FALSE
YMR059W,402388,FALSE
YMR060C,1005955,FALSE
YMR061W,2067506,FALSE
YMR062C,1351718,FALSE
YMR063W,739051,FALSE
YMR064W,1628732,FALSE
YMR065W,1560995,FALSE
YMR066W,2765096,FALSE
YMR067C,1275893,FALSE
YMR068W,1333520,FALSE
YMR069W,887668,FALSE
YMR070W,2256563,FALSE
YMR071C,522697,FALSE
YMR072W,569203,FALSE
YMR073C,623797,FALSE
YMR074C,456982,FALSE
YMR075W,2089748,FALSE
YMR076C,3888317,FALSE
YMR077C,684457,FALSE
YMR078C,2267684,FALSE
YMR079W,1095935,FALSE
YMR080C,2979428,FALSE
YMR081C,1130309,FALSE
YMR082C,374080,FALSE
YMR083W,1152551,FALSE
YMR084W,830041,FALSE
YMR085W,1330487,TRUE
YMR086W,2932922,FALSE
YMR087W,875536,FALSE
YMR088C,1719722,FALSE
YMR089C,2555819,FALSE
YMR090W,742084,FALSE
YMR091C,1351718,FALSE
YMR092C,1879460,FALSE
YMR093W,1570094,FALSE
YMR094W,1463939,FALSE
YMR095C,694567,FALSE
YMR096W,927097,FALSE
YMR097C,1128287,FALSE
YMR098C,1874405,FALSE
YMR099C,914965,FALSE
YMR100W,1894625,FALSE
YMR101C,1059539,FALSE
YMR102C,2588171,FALSE
YMR103C,397333,FALSE
YMR104C,2140298,FALSE
YMR105C,1739942,FALSE
YMR106C,1921922,FALSE
YMR107W,363970,FALSE
YMR108W,2100869,FALSE
YMR109W,3785195,FALSE
YMR110C,1629743,FALSE
YMR111C,1415411,FALSE
YMR112C,411487,FALSE
YMR113W,1309256,FALSE
YMR114C,1131320,FALSE
YMR115W,1533698,FALSE
YMR116C,1259717,FALSE
YMR117C,660193,FALSE
YMR118C,608632,FALSE
YMR119W,1920911,TRUE
YMR120C,1811723,FALSE
YMR121C,650083,FALSE
YMR122C,405421,FALSE
YMR123W,384190,FALSE
YMR124W,3227123,FALSE
YMR125W,2962241,FALSE
YMR126C,1051451,FALSE
YMR127C,1043363,FALSE
YMR128W,3866075,FALSE
YMR129W,4071308,FALSE
YMR130W,930130,FALSE
YMR131C,1622666,FALSE
YMR132C,649072,FALSE
YMR133W,1466972,FALSE
YMR134W,732985,FALSE
YMR135C,1448774,FALSE
YMR136W,1938098,FALSE
YMR137C,2018978,FALSE
YMR138W,593467,FALSE
YMR139W,1137386,FALSE
YMR140W,1498313,FALSE
YMR141C,324541,FALSE
YMR142C,1030220,FALSE
YMR143W,1022132,FALSE
YMR144W,1051451,FALSE
YMR145C,1713656,FALSE
YMR146C,1066616,FALSE
YMR147W,690523,FALSE
YMR148W,472147,FALSE
YMR149W,881602,FALSE
YMR150C,590434,FALSE
YMR151W,476191,FALSE
YMR152W,1122221,FALSE
YMR153W,1454840,FALSE
YMR154C,2219156,FALSE
YMR155W,1673216,FALSE
YMR156C,736018,FALSE
YMR157C,787579,FALSE
YMR158W,484279,FALSE
YMR159C,470125,FALSE
YMR160W,2491115,FALSE
YMR161W,693556,FALSE
YMR162C,5036813,FALSE
YMR163C,2154452,FALSE
YMR164C,3777107,FALSE
YMR165C,2660963,FALSE
YMR166C,1130309,TRUE
YMR167W,2369795,FALSE
YMR168C,1858229,FALSE
YMR169C,1560995,FALSE
YMR170C,1548863,FALSE
YMR171C,1688381,FALSE
YMR172W,2198936,FALSE
YMR173W,7148792,FALSE
YMR174C,220408,FALSE
YMR175W,254782,FALSE
YMR176W,4301816,FALSE
YMR177W,1597391,FALSE
YMR178W,845206,FALSE
YMR179W,2313179,FALSE
YMR180C,1045385,FALSE
YMR181C,488323,FALSE
YMR182C,655138,FALSE
YMR183C,908899,FALSE
YMR184W,614698,FALSE
YMR185W,2991560,FALSE
YMR186W,2173661,FALSE
YMR187C,1323410,FALSE
YMR188C,732985,FALSE
YMR189W,3150287,FALSE
YMR190C,4402916,FALSE
YMR191W,1145474,FALSE
YMR192W,2197925,FALSE
YMR193W,796678,FALSE
YMR194W,792634,FALSE
YMR195W,400366,FALSE
YMR196W,3321146,FALSE
YMR197C,672325,FALSE
YMR198W,1816778,TRUE
YMR199W,1670183,FALSE
YMR200W,790612,FALSE
YMR201C,1259717,FALSE
YMR202W,687490,FALSE
YMR203W,1187936,FALSE
YMR204C,1349696,FALSE
YMR205C,2922812,FALSE
YMR206W,963493,FALSE
YMR207C,6480521,FALSE
YMR208W,1359806,FALSE
YMR209C,1402268,FALSE
YMR210W,1378004,FALSE
YMR211W,1454840,FALSE
YMR212C,2385971,FALSE
YMR213W,1822844,FALSE
YMR214W,1169738,FALSE
YMR215W,1669172,FALSE
YMR216C,2313179,FALSE
YMR217W,1606490,FALSE
YMR218C,3372707,FALSE
YMR219W,5057033,FALSE
YMR220W,1382048,FALSE
YMR221C,1542797,FALSE
YMR222C,690523,FALSE
YMR223W,1442708,FALSE
YMR224C,2119067,FALSE
YMR225C,462037,FALSE
YMR226C,823975,FALSE
YMR227C,1873394,FALSE
YMR228W,1049429,FALSE
YMR229C,5270354,FALSE
YMR230W,752194,FALSE
YMR231W,3138155,FALSE
YMR232W,2070539,FALSE
YMR233W,699622,FALSE
YMR234W,1069649,FALSE
YMR235C,1263761,FALSE
YMR236W,490345,FALSE
YMR237W,2210057,FALSE
YMR238W,1418444,FALSE
YMR239C,1442708,TRUE
YMR240C,1336553,FALSE
YMR241W,989779,FALSE
YMR242C,1078748,FALSE
YMR243C,1354751,FALSE
YMR244W,1090880,FALSE
YMR245W,675358,FALSE
YMR246W,2120078,FALSE
YMR247C,4820459,FALSE
YMR250W,1788470,FALSE
YMR251W,1150529,FALSE
YMR252C,420586,FALSE
YMR253C,1272860,FALSE
YMR254C,327574,FALSE
YMR255W,584368,FALSE
YMR256C,196144,FALSE
YMR257C,2476961,FALSE
YMR258C,1691414,FALSE
YMR259C,4321025,FALSE
YMR260C,478213,FALSE
YMR261C,3210947,FALSE
YMR262W,963493,FALSE
YMR263W,746128,FALSE
YMR264W,629863,FALSE
YMR265C,1421477,FALSE
YMR266W,2929889,FALSE
YMR267W,954394,FALSE
YMR268C,1360817,FALSE
YMR269W,683446,FALSE
YMR270C,1122221,FALSE
YMR271C,706699,FALSE
YMR272C,1218266,FALSE
YMR273C,3308003,TRUE
YMR274C,969559,FALSE
YMR275C,2975384,FALSE
YMR276W,1203101,FALSE
YMR277W,2310146,FALSE
YMR278W,1903724,FALSE
YMR279C,1655018,FALSE
YMR280C,4366520,FALSE
YMR281W,936196,FALSE
YMR282C,1773305,FALSE
YMR283C,1570094,FALSE
YMR284W,1840031,FALSE
YMR285C,1578182,FALSE
YMR286W,275002,FALSE
YMR287C,2953142,FALSE
YMR288W,2961230,FALSE
YMR289W,1148507,FALSE
YMR290C,1545830,FALSE
YMR291W,1791503,FALSE
YMR292W,516631,FALSE
YMR293C,1424510,FALSE
YMR294W,1145474,FALSE
YMR295C,611665,FALSE
YMR296C,1706579,FALSE
YMR297W,1627721,FALSE
YMR298W,469114,FALSE
YMR299C,960460,FALSE
YMR300C,1562006,FALSE
YMR301C,2106935,FALSE
YMR302C,2600303,FALSE
YMR303C,1108067,FALSE
YMR304W,3744755,FALSE
YMR305C,1236464,FALSE
YMR306W,5431103,FALSE
YMR307W,1718711,FALSE
YMR308C,3336311,FALSE
YMR309C,2483027,FALSE
YMR310C,977647,FALSE
YMR311C,726919,FALSE
YMR312W,842173,FALSE
YMR313C,1961351,FALSE
YMR314W,723886,FALSE
YMR315W,1072682,FALSE
YMR316W,1033253,FALSE
YMR317W,4500983,FALSE
YMR318C,1106045,FALSE
YMR319C,1688381,FALSE
YMR320W,368014,FALSE
YMR321C,332629,FALSE
YMR322C,735007,FALSE
YMR323W,1383059,FALSE
YMR324C,261859,FALSE
YMR325W,414520,FALSE
YMR326C,513598,FALSE
YNL001W,1225343,FALSE
YNL002C,996856,FALSE
YNL003C,876547,FALSE
YNL004W,1737920,FALSE
YNL005C,1139408,FALSE
YNL006W,933163,FALSE
YNL007C,1272860,FALSE
YNL008C,2064473,FALSE
YNL009W,1289036,FALSE
YNL010W,745117,FALSE
YNL011C,1360817,FALSE
YNL012W,2012912,FALSE
YNL013C,393289,FALSE
YNL014W,3201848,FALSE
YNL015W,241639,FALSE
YNL016W,1562006,FALSE
YNL017C,639973,FALSE
YNL018C,1957307,FALSE
YNL019C,878569,FALSE
YNL020C,1955285,FALSE
YNL021W,2155463,FALSE
YNL022C,1500335,FALSE
YNL023C,3035033,FALSE
YNL024C,760282,FALSE
YNL025C,1011010,FALSE
YNL026W,1482137,FALSE
YNL027W,2318234,FALSE
YNL028W,349816,FALSE
YNL029C,1602446,FALSE
YNL030W,326563,FALSE
YNL031C,426652,FALSE
YNL032W,866437,FALSE
YNL033W,877558,FALSE
YNL034W,1884515,FALSE
YNL035C,1194002,FALSE
YNL036W,684457,FALSE
YNL037C,1106045,FALSE
YNL038W,805777,FALSE
YNL039W,1821833,FALSE
YNL040W,1401257,FALSE
YNL041C,2581094,TRUE
YNL042W,1258706,FALSE
YNL043C,335662,FALSE
YNL044W,628852,FALSE
YNL045W,2053352,FALSE
YNL046W,535840,FALSE
YNL047C,2019989,FALSE
YNL048W,1678271,FALSE
YNL049C,2700392,FALSE
YNL050C,933163,FALSE
YNL051W,1237475,FALSE
YNL052W,478213,FALSE
YNL053W,1562006,FALSE
YNL054W,3690161,FALSE
YNL055C,872503,FALSE
YNL056W,615709,FALSE
YNL057W,347794,FALSE
YNL058C,985735,FALSE
YNL059C,2334410,FALSE
YNL061W,1888559,FALSE
YNL062C,1463939,FALSE
YNL063W,969559,FALSE
YNL064C,1263761,FALSE
YNL065W,1792514,FALSE
YNL066W,1697480,FALSE
YNL067W,593467,FALSE
YNL068C,2634677,TRUE
YNL069C,1074704,FALSE
YNL070W,196144,FALSE
YNL071W,1485170,FALSE
YNL072W,945295,FALSE
YNL073W,1761173,FALSE
YNL074C,1392158,FALSE
YNL075W,893734,FALSE
YNL076W,1803635,FALSE
YNL077W,1645919,FALSE
YNL078W,1414400,FALSE
YNL079C,617731,FALSE
YNL080C,1139408,FALSE
YNL081C,447883,FALSE
YNL082W,2687249,FALSE
YNL083W,1537742,FALSE
YNL084C,1084814,FALSE
YNL085W,2531555,FALSE
YNL086W,323530,FALSE
YNL087W,3600182,FALSE
YNL088W,4402916,FALSE
YNL089C,497422,FALSE
YNL090W,598522,FALSE
YNL091W,3778118,FALSE
YNL092W,1265783,FALSE
YNL093W,683446,FALSE
YNL094W,1800602,FALSE
YNL095C,1988648,FALSE
YNL096C,952372,FALSE
YNL097C,1017076,FALSE
YNL098C,998878,FALSE
YNL099C,763315,FALSE
YNL100W,724897,FALSE
YNL101W,2179727,FALSE
YNL102W,4490873,FALSE
YNL103W,2074583,FALSE
YNL104C,1903724,FALSE
YNL105W,444850,FALSE
YNL106C,3602204,FALSE
YNL107W,699622,FALSE
YNL108C,833074,FALSE
YNL109W,563137,FALSE
YNL110C,696589,FALSE
YNL111C,393289,FALSE
YNL112W,2901581,FALSE
YNL113W,447883,FALSE
YNL114C,401377,FALSE
YNL115C,1976516,FALSE
YNL116W,1597391,FALSE
YNL117W,1694447,FALSE
YNL118C,2962241,FALSE
YNL119W,1528643,FALSE
YNL120C,502477,FALSE
YNL121C,1907768,FALSE
YNL122C,362959,FALSE
YNL123W,3038066,FALSE
YNL124W,1603457,FALSE
YNL125C,2091770,FALSE
YNL126W,2580083,FALSE
YNL127W,2904614,FALSE
YNL128W,1331498,FALSE
YNL129W,743095,FALSE
YNL130C,1299146,FALSE
YNL131W,475180,FALSE
YNL132W,3217013,FALSE
YNL133C,538873,FALSE
YNL134C,1154573,FALSE
YNL135C,359926,FALSE
YNL136W,1304201,FALSE
YNL137C,1488203,FALSE
YNL138W,1612556,FALSE
YNL139C,4866965,FALSE
YNL140C,596500,FALSE
YNL141W,1066616,FALSE
YNL142W,1548863,FALSE
YNL143C,437773,FALSE
YNL144C,2316212,FALSE
YNL145W,129418,FALSE
YNL146W,317464,FALSE
YNL147W,461026,FALSE
YNL148C,787579,FALSE
YNL149C,405421,FALSE
YNL150W,425641,FALSE
YNL151C,775447,FALSE
YNL152W,1261739,FALSE
YNL153C,405421,FALSE
YNL154C,1709612,FALSE
YNL155W,845206,FALSE
YNL156C,921031,FALSE
YNL157W,524719,FALSE
YNL158W,614698,FALSE
YNL159C,890701,TRUE
YNL160W,1107056,FALSE
YNL161W,2546720,FALSE
YNL162W,926086,FALSE
YNL163C,3381806,FALSE
YNL164C,1078748,FALSE
YNL165W,1245563,FALSE
YNL166C,1391147,FALSE
YNL167C,2104913,FALSE
YNL168C,799711,FALSE
YNL169C,1536731,FALSE
YNL170W,411487,FALSE
YNL171C,384190,FALSE
YNL172W,5348201,FALSE
YNL173C,1138397,FALSE
YNL174W,594478,FALSE
YNL175C,1241519,FALSE
YNL176C,1979549,FALSE
YNL177C,951361,FALSE
YNL178W,784546,FALSE
YNL179C,551005,FALSE
YNL180C,1018087,FALSE
YNL181W,1286003,FALSE
YNL182C,1697480,FALSE
YNL183C,2416301,TRUE
YNL184C,341728,FALSE
YNL185C,493378,FALSE
YNL186W,3001670,FALSE
YNL187W,1096946,FALSE
YNL188W,1330487,FALSE
YNL189W,1658051,FALSE
YNL190W,693556,FALSE
YNL191W,1099979,FALSE
YNL192W,3449543,FALSE
YNL193W,1707590,FALSE
YNL194C,940240,FALSE
YNL195C,831052,FALSE
YNL196C,924064,TRUE
YNL197C,2052341,FALSE
YNL198C,317464,FALSE
YNL199C,1645919,FALSE
YNL200C,760282,FALSE
YNL201C,2622545,FALSE
YNL202W,900811,FALSE
YNL203C,629863,FALSE
YNL204C,924064,FALSE
YNL205C,454960,FALSE
YNL206C,1430576,FALSE
YNL207W,1303190,FALSE
YNL208W,690523,FALSE
YNL209W,1873394,FALSE
YNL210W,834085,FALSE
YNL211C,275002,FALSE
YNL212W,2385971,FALSE
YNL213C,663226,FALSE
YNL214W,617731,FALSE
YNL215W,996856,FALSE
YNL216W,2564918,FALSE
YNL217W,1002922,FALSE
YNL218W,1818800,FALSE
YNL219C,1698491,FALSE
YNL220W,1327454,FALSE
YNL221C,2668040,FALSE
YNL222W,638962,FALSE
YNL223W,1512467,FALSE
YNL224C,2355641,FALSE
YNL225C,1787459,FALSE
YNL226W,428674,FALSE
YNL227C,1812734,FALSE
YNL228W,805777,FALSE
YNL229C,1128287,FALSE
YNL230C,1166705,FALSE
YNL231C,1078748,FALSE
YNL232W,899800,TRUE
YNL233W,2733755,FALSE
YNL234W,1311278,FALSE
YNL235C,447883,FALSE
YNL236W,2984483,TRUE
YNL237W,1406312,FALSE
YNL238W,2483027,FALSE
YNL239W,1399235,FALSE
YNL240C,1512467,FALSE
YNL241C,1584248,FALSE
YNL242W,4842701,FALSE
YNL243W,2973362,FALSE
YNL244C,341728,FALSE
YNL245C,560104,FALSE
YNL246W,910921,FALSE
YNL247W,2353619,FALSE
YNL248C,1272860,FALSE
YNL249C,1659062,FALSE
YNL250W,4105682,TRUE
YNL251C,1758140,FALSE
YNL252C,890701,FALSE
YNL253W,1294091,FALSE
YNL254C,1231409,FALSE
YNL255C,478213,FALSE
YNL256W,2519423,FALSE
YNL257C,3741722,FALSE
YNL258C,2320256,FALSE
YNL259C,235573,FALSE
YNL260C,621775,FALSE
YNL261W,1466972,FALSE
YNL262W,6833360,TRUE
YNL263C,966526,FALSE
YNL264C,1075715,FALSE
YNL265C,1095935,FALSE
YNL266W,435751,FALSE
YNL267W,3247343,FALSE
YNL268W,1867328,TRUE
YNL269W,442828,FALSE
YNL270C,1807679,TRUE
YNL271C,6187331,FALSE
YNL272C,2316212,FALSE
YNL273W,3780140,FALSE
YNL274C,1075715,FALSE
YNL275W,1772294,FALSE
YNL276C,411487,FALSE
YNL277W,1488203,FALSE
YNL278W,3242288,FALSE
YNL279W,2026055,FALSE
YNL280C,1342619,FALSE
YNL281W,478213,FALSE
YNL282W,605599,FALSE
YNL283C,1575149,FALSE
YNL284C,990790,FALSE
YNL285W,664237,FALSE
YNL286W,887668,FALSE
YNL287W,2850020,FALSE
YNL288W,1184903,FALSE
YNL289W,860371,FALSE
YNL290W,1045385,FALSE
YNL291C,1677260,FALSE
YNL292W,1237475,FALSE
YNL293W,1937087,FALSE
YNL294C,1687370,FALSE
YNL295W,1603457,FALSE
YNL296W,329596,FALSE
YNL297C,4976153,FALSE
YNL298W,2742854,FALSE
YNL299W,1971461,FALSE
YNL300W,323530,FALSE
YNL301C,1046396,FALSE
YNL302C,1016065,FALSE
YNL303W,370036,FALSE
YNL304W,1300157,FALSE
YNL305C,917998,FALSE
YNL306W,672325,FALSE
YNL307C,1151540,FALSE
YNL308C,1821833,FALSE
YNL309W,1303190,FALSE
YNL310C,541906,FALSE
YNL311C,2330366,FALSE
YNL312W,953383,FALSE
YNL313C,2757008,FALSE
YNL314W,788590,FALSE
YNL315C,978658,FALSE
YNL316C,1027187,FALSE
YNL317W,1424510,FALSE
YNL318C,1655018,FALSE
YNL319W,461026,FALSE
YNL320W,875536,FALSE
YNL321W,2768129,FALSE
YNL322C,1026176,FALSE
YNL323W,1270838,FALSE
YNL324W,411487,FALSE
YNL325C,2745887,FALSE
YNL326C,1033253,FALSE
YNL327W,3298904,FALSE
YNL328C,456982,FALSE
YNL329C,3180617,FALSE
YNL330C,1327454,FALSE
YNL331C,1176815,FALSE
YNL332W,1045385,FALSE
YNL333W,917998,FALSE
YNL334C,703666,FALSE
YNL335W,698611,FALSE
YNL336W,1171760,FALSE
YNL337W,273991,FALSE
YNL338W,324541,FALSE
YNL339C,5802140,FALSE
YNR001C,1466972,FALSE
YNR002C,885646,FALSE
YNR003C,975625,FALSE
YNR004W,457993,FALSE
YNR005C,422608,FALSE
YNR006W,1903724,FALSE
YNR007C,954394,FALSE
YNR008W,2018978,FALSE
YNR009W,769381,FALSE
YNR010W,466081,FALSE
YNR011C,2678150,FALSE
YNR012W,1533698,FALSE
YNR013C,2725667,FALSE
YNR014W,737029,FALSE
YNR015W,1184903,FALSE
YNR016C,6786854,FALSE
YNR017W,687490,FALSE
YNR018W,693556,FALSE
YNR019W,1961351,FALSE
YNR020C,845206,FALSE
YNR021W,1239497,FALSE
YNR022C,435751,FALSE
YNR023W,1730843,FALSE
YNR024W,580324,FALSE
YNR025C,378124,FALSE
YNR026C,1442708,FALSE
YNR027W,987757,FALSE
YNR028W,948328,FALSE
YNR029C,1315322,FALSE
YNR030W,1687370,FALSE
YNR031C,4808327,FALSE
YNR032W,1130309,FALSE
YNR033W,2407202,FALSE
YNR034W,1037297,FALSE
YNR035C,1051451,FALSE
YNR036C,478213,FALSE
YNR037C,290167,FALSE
YNR038W,1937087,FALSE
YNR039C,1849130,FALSE
YNR040W,790612,FALSE
YNR041C,1217255,FALSE
YNR042W,502477,FALSE
YNR043W,1215233,FALSE
YNR044W,2930900,FALSE
YNR045W,1500335,FALSE
YNR046W,423619,FALSE
YNR047W,2808569,FALSE
YNR048W,1206134,FALSE
YNR049C,651094,FALSE
YNR050C,1366883,FALSE
YNR051C,1582226,FALSE
YNR052C,1596380,FALSE
YNR053C,2216123,FALSE
YNR054C,996856,FALSE
YNR055C,1858229,FALSE
YNR056C,1730843,FALSE
YNR057C,735007,FALSE
YNR058W,1472027,TRUE
YNR059W,1791503,FALSE
YNR060W,2202980,FALSE
YNR061C,679402,FALSE
YNR062C,1086836,FALSE
YNR063W,1868339,FALSE
YNR064C,896767,FALSE
YNR065C,3474818,FALSE
YNR066C,1360817,FALSE
YNR067C,3415169,FALSE
YNR068C,868459,FALSE
YNR069C,1535720,FALSE
YNR070W,4211837,FALSE
YNR071C,1062572,FALSE
YNR072W,1993703,FALSE
YNR073C,1545830,FALSE
YNR074C,1164683,FALSE
YNR075W,1154573,FALSE
YNR076W,378124,FALSE
YNR077C,271969,FALSE
YOL001W,905866,FALSE
YOL002C,995845,FALSE
YOL003C,1264772,FALSE
YOL004W,4836635,FALSE
YOL005C,378124,FALSE
YOL006C,2387993,FALSE
YOL007C,1048418,FALSE
YOL008W,641995,FALSE
YOL009C,836107,FALSE
YOL010W,1127276,FALSE
YOL011W,2236343,FALSE
YOL012C,421597,FALSE
YOL013C,1716689,FALSE
YOL014W,443839,FALSE
YOL015W,1791503,TRUE
YOL016C,1369916,FALSE
YOL017W,2181749,FALSE
YOL018C,1225343,FALSE
YOL019W,1695458,FALSE
YOL020W,1825877,FALSE
YOL021C,3050198,FALSE
YOL022C,1252640,FALSE
YOL023W,2073572,FALSE
YOL024W,584368,FALSE
YOL025W,2018978,FALSE
YOL026C,356893,FALSE
YOL027C,1776338,FALSE
YOL028C,765337,FALSE
YOL029C,623797,FALSE
YOL030W,1594358,FALSE
YOL031C,1424510,FALSE
YOL032W,776458,FALSE
YOL033W,1663106,FALSE
YOL034W,3347432,FALSE
YOL035C,317464,FALSE
YOL036W,2322278,FALSE
YOL037C,373069,FALSE
YOL038W,784546,TRUE
YOL039W,369025,FALSE
YOL040C,444850,FALSE
YOL041C,1406312,FALSE
YOL042W,1115144,FALSE
YOL043C,1168727,FALSE
YOL044W,1175804,TRUE
YOL045W,3372707,FALSE
YOL046C,695578,FALSE
YOL047C,1169738,FALSE
YOL048C,1133342,FALSE
YOL049W,1503368,FALSE
YOL050C,335662,FALSE
YOL051W,4969076,FALSE
YOL052C,1218266,FALSE
YOL053W,1219277,FALSE
YOL054W,1254662,FALSE
YOL055C,1685348,FALSE
YOL056W,933163,FALSE
YOL057W,2170628,FALSE
YOL058W,1288025,FALSE
YOL059W,1350707,FALSE
YOL060C,2164562,FALSE
YOL061W,1518533,FALSE
YOL062C,1503368,FALSE
YOL063C,2916746,FALSE
YOL064C,1096946,FALSE
YOL065C,1179848,FALSE
YOL066C,1806668,FALSE
YOL067C,551005,FALSE
YOL068C,1544819,FALSE
YOL069W,1382048,FALSE
YOL070C,1536731,FALSE
YOL071W,505510,FALSE
YOL072W,1396202,FALSE
YOL073C,990790,FALSE
YOL075C,3986384,FALSE
YOL076W,2428433,FALSE
YOL077C,896767,FALSE
YOL078W,3591083,FALSE
YOL079W,414520,FALSE
YOL080C,890701,FALSE
YOL081W,9468026,FALSE
YOL082W,1288025,FALSE
YOL083W,1291058,FALSE
YOL084W,3045143,FALSE
YOL085C,384190,FALSE
YOL086C,1072682,FALSE
YOL087C,3405059,FALSE
YOL088C,854305,FALSE
YOL089C,3138155,FALSE
YOL090W,2964263,FALSE
YOL091W,1932032,FALSE
YOL092W,948328,FALSE
YOL093W,902833,FALSE
YOL094C,993823,FALSE
YOL095C,2156474,FALSE
YOL096C,960460,FALSE
YOL097C,1324421,FALSE
YOL098C,3159386,FALSE
YOL099C,509554,FALSE
YOL100W,3332267,FALSE
YOL101C,960460,FALSE
YOL102C,711754,FALSE
YOL103W,1861262,FALSE
YOL104C,1081781,FALSE
YOL105C,1972472,FALSE
YOL106W,711754,FALSE
YOL107W,1054484,FALSE
YOL108C,482257,FALSE
YOL109W,356893,FALSE
YOL110W,732985,FALSE
YOL111C,657160,FALSE
YOL112W,1508423,FALSE
YOL113W,2000780,FALSE
YOL114C,626830,FALSE
YOL115W,1810712,FALSE
YOL116W,1172771,FALSE
YOL117W,1971461,FALSE
YOL118C,324541,FALSE
YOL119C,1557962,FALSE
YOL120C,1058528,TRUE
YOL121C,864415,FALSE
YOL122C,1759151,FALSE
YOL123W,1648952,FALSE
YOL124C,1327454,FALSE
YOL125W,1477082,TRUE
YOL126C,1157606,FALSE
YOL127W,877558,FALSE
YOL128C,1152551,FALSE
YOL129W,572236,FALSE
YOL130W,2633666,FALSE
YOL131W,341728,FALSE
YOL132W,1445741,FALSE
YOL133W,382168,FALSE
YOL134C,422608,FALSE
YOL135C,690523,FALSE
YOL136C,1222310,FALSE
YOL137W,1521566,FALSE
YOL138C,4322036,FALSE
YOL139C,660193,FALSE
YOL140W,1297124,FALSE
YOL141W,2167595,FALSE
YOL142W,752194,FALSE
YOL143C,600544,FALSE
YOL144W,1669172,FALSE
YOL145C,3280706,FALSE
YOL146W,602566,FALSE
YOL147C,729952,FALSE
YOL148C,1864295,FALSE
YOL149W,742084,FALSE
YOL150C,353860,FALSE
YOL151W,1072682,FALSE
YOL152W,1905746,FALSE
YOL154W,769381,FALSE
YOL155C,7128572,FALSE
YOL156W,1744997,FALSE
YOL157C,1882493,FALSE
YOL158C,1862273,FALSE
YOL159C,571225,FALSE
YOL160W,392278,FALSE
YOL161C,378124,FALSE
YOL162W,749161,TRUE
YOL163W,526741,FALSE
YOL164W,1973483,FALSE
YOL165C,449905,FALSE
YOL166C,385201,FALSE
YOR001W,2237354,FALSE
YOR002W,1664117,FALSE
YOR003W,1463939,FALSE
YOR004W,790612,FALSE
YOR005C,2879339,FALSE
YOR006C,964504,FALSE
YOR007C,1063583,FALSE
YOR008C,1184903,FALSE
YOR009W,1697480,FALSE
YOR010C,1060550,FALSE
YOR011W,4304849,FALSE
YOR012W,461026,FALSE
YOR013W,489334,FALSE
YOR014W,2311157,FALSE
YOR015W,433729,FALSE
YOR016C,643006,FALSE
YOR017W,2568962,FALSE
YOR018W,2552786,FALSE
YOR019W,2236343,FALSE
YOR020C,335662,FALSE
YOR021C,660193,FALSE
YOR022C,2182760,FALSE
YOR023C,1742975,FALSE
YOR024W,348805,FALSE
YOR025W,1369916,FALSE
YOR026W,1049429,FALSE
YOR027W,1809701,FALSE
YOR028C,934174,FALSE
YOR029W,477202,FALSE
YOR030W,1897658,FALSE
YOR031W,223441,FALSE
YOR032C,1373960,FALSE
YOR033C,2143331,FALSE
YOR034C,2288915,FALSE
YOR035C,2407202,FALSE
YOR036W,887668,FALSE
YOR037W,1124243,FALSE
YOR038C,2669051,FALSE
YOR039W,796678,FALSE
YOR040W,893734,FALSE
YOR041C,449905,FALSE
YOR042W,1260728,FALSE
YOR043W,1595369,FALSE
YOR044W,499444,FALSE
YOR045W,199177,FALSE
YOR046C,1476071,FALSE
YOR047C,1360817,FALSE
YOR048C,3065363,FALSE
YOR049C,1098968,FALSE
YOR050C,367003,FALSE
YOR051C,1298135,FALSE
YOR052C,469114,FALSE
YOR053W,726919,FALSE
YOR054C,2279816,FALSE
YOR055W,450916,FALSE
YOR056C,1432598,FALSE
YOR057W,1212200,FALSE
YOR058C,2703425,FALSE
YOR059C,1379015,FALSE
YOR060C,793645,FALSE
YOR061W,1044374,FALSE
YOR062C,830041,FALSE
YOR063W,1187936,FALSE
YOR064C,678391,FALSE
YOR065W,951361,FALSE
YOR066W,1932032,FALSE
YOR067C,1764206,FALSE
YOR068C,359926,FALSE
YOR069W,2064473,FALSE
YOR070C,1946186,FALSE
YOR071C,1840031,FALSE
YOR072W,436762,FALSE
YOR073W,1854185,FALSE
YOR074C,936196,FALSE
YOR075W,1063583,FALSE
YOR076C,2281838,FALSE
YOR077W,717820,FALSE
YOR078W,669292,FALSE
YOR079C,963493,FALSE
YOR080W,2235332,FALSE
YOR081C,2323289,FALSE
YOR082C,607621,FALSE
YOR083W,1005955,FALSE
YOR084W,1188947,FALSE
YOR085W,1075715,FALSE
YOR086C,3611303,FALSE
YOR087W,2094803,FALSE
YOR089C,652105,FALSE
YOR090C,1752074,FALSE
YOR091W,1060550,FALSE
YOR092W,1880471,FALSE
YOR093C,5016593,FALSE
YOR094W,569203,FALSE
YOR095C,796678,FALSE
YOR096W,1063583,FALSE
YOR097C,554038,FALSE
YOR098C,3311036,FALSE
YOR099W,1207145,FALSE
YOR100C,1012021,FALSE
YOR101W,951361,FALSE
YOR102W,365992,FALSE
YOR103C,408454,FALSE
YOR104W,871492,FALSE
YOR105W,341728,FALSE
YOR106W,872503,FALSE
YOR107W,1085825,FALSE
YOR108W,1846097,FALSE
YOR109W,3444488,FALSE
YOR110W,1333520,FALSE
YOR111W,717820,FALSE
YOR112W,2334410,FALSE
YOR113W,2959208,FALSE
YOR114W,905866,FALSE
YOR115C,827008,FALSE
YOR116C,4442345,TRUE
YOR117W,1330487,FALSE
YOR118W,1734887,FALSE
YOR119C,1482137,FALSE
YOR120W,960460,FALSE
YOR121C,321508,FALSE
YOR122C,613687,FALSE
YOR123C,1479104,FALSE
YOR124C,3872141,FALSE
YOR125C,720853,FALSE
YOR126C,736018,FALSE
YOR127W,3068396,FALSE
YOR128C,1801613,FALSE
YOR129C,2730722,FALSE
YOR130C,899800,FALSE
YOR131C,675358,FALSE
YOR132W,1685348,FALSE
YOR133W,2614457,FALSE
YOR134W,1371938,FALSE
YOR135C,392278,FALSE
YOR136W,1179848,FALSE
YOR137C,1900691,FALSE
YOR138C,2090759,FALSE
YOR139C,517642,FALSE
YOR140W,2517401,FALSE
YOR141C,2701403,FALSE
YOR142W,1012021,FALSE
YOR143C,981691,FALSE
YOR144C,2413268,FALSE
YOR145C,845206,FALSE
YOR146W,320497,FALSE
YOR147W,1900691,FALSE
YOR148C,579313,FALSE
YOR149C,1599413,FALSE
YOR150W,508543,FALSE
YOR151C,3726557,FALSE
YOR152C,790612,FALSE
YOR153W,4629380,FALSE
YOR154W,1803635,FALSE
YOR155C,1379015,FALSE
YOR156C,2338454,FALSE
YOR157C,805777,FALSE
YOR158W,981691,FALSE
YOR159C,299266,FALSE
YOR160W,2963252,FALSE
YOR161C,1691414,FALSE
YOR162C,2470895,FALSE
YOR163W,584368,FALSE
YOR164C,960460,FALSE
YOR165W,2400125,FALSE
YOR166C,1406312,FALSE
YOR167C,217375,FALSE
YOR168W,2467862,FALSE
YOR169C,486301,FALSE
YOR170W,322519,FALSE
YOR171C,1906757,FALSE
YOR172W,2400125,FALSE
YOR173W,1084814,FALSE
YOR174W,875536,FALSE
YOR175C,1892603,FALSE
YOR176W,1233431,FALSE
YOR177C,1424510,FALSE
YOR178C,2576039,FALSE
YOR179C,584368,FALSE
YOR180C,837118,FALSE
YOR181W,2015945,FALSE
YOR182C,651094,FALSE
YOR183W,422608,FALSE
YOR184W,1212200,FALSE
YOR185C,681424,FALSE
YOR186W,450916,FALSE
YOR187W,1339586,FALSE
YOR188W,3514247,FALSE
YOR189W,365992,FALSE
YOR190W,1363850,FALSE
YOR191W,4976153,FALSE
YOR192C,1841042,FALSE
YOR193W,1197035,FALSE
YOR194C,899800,FALSE
YOR195W,2571995,FALSE
YOR196C,1271849,FALSE
YOR197W,1378004,FALSE
YOR198C,1439675,FALSE
YOR199W,356893,FALSE
YOR200W,414520,FALSE
YOR201C,1263761,FALSE
YOR202W,744106,FALSE
YOR203W,382168,FALSE
YOR204W,1908779,FALSE
YOR205C,1701524,FALSE
YOR206W,2167595,FALSE
YOR207C,3499082,FALSE
YOR208W,2288915,FALSE
YOR209C,1315322,TRUE
YOR210W,226474,FALSE
YOR211C,2701403,FALSE
YOR212W,1303190,FALSE
YOR213C,766348,FALSE
YOR214C,730963,FALSE
YOR215C,575269,FALSE
YOR216C,1482137,FALSE
YOR217W,2668040,FALSE
YOR218C,454960,FALSE
YOR219C,2840921,FALSE
YOR220W,818920,FALSE
YOR221C,1106045,FALSE
YOR222W,945295,FALSE
YOR223W,899800,TRUE
YOR224C,456982,FALSE
YOR225W,347794,FALSE
YOR226C,487312,FALSE
YOR227W,3819569,FALSE
YOR228C,930130,FALSE
YOR229W,1502357,FALSE
YOR230W,1339586,FALSE
YOR231W,1573127,FALSE
YOR232W,705688,FALSE
YOR233W,2443598,FALSE
YOR234C,901822,FALSE
YOR235W,340717,FALSE
YOR236W,654127,FALSE
YOR237W,1330487,FALSE
YOR238W,933163,FALSE
YOR239W,1960340,FALSE
YOR241W,1696469,FALSE
YOR242C,1139408,FALSE
YOR243C,2064473,FALSE
YOR244W,1364861,FALSE
YOR245C,1289036,FALSE
YOR246C,1039319,FALSE
YOR247W,660193,FALSE
YOR248W,317464,FALSE
YOR249C,2091770,FALSE
YOR250C,1363850,FALSE
YOR251C,936196,FALSE
YOR252W,569203,FALSE
YOR253W,596500,FALSE
YOR254C,2031110,FALSE
YOR255W,871492,FALSE
YOR256C,2467862,FALSE
YOR257W,502477,FALSE
YOR258W,672325,FALSE
YOR259C,1339586,FALSE
YOR260W,1767239,FALSE
YOR261C,1057517,FALSE
YOR262W,1067627,FALSE
YOR263C,425641,FALSE
YOR264W,1343630,FALSE
YOR265W,335662,FALSE
YOR266W,1317344,FALSE
YOR267C,3051209,FALSE
YOR268C,421597,FALSE
YOR269W,1512467,FALSE
YOR270C,2561885,FALSE
YOR271C,1005955,FALSE
YOR272W,1409345,FALSE
YOR273C,2012912,FALSE
YOR274W,1312289,FALSE
YOR275C,2018978,FALSE
YOR276W,502477,FALSE
YOR277C,323530,FALSE
YOR278W,898789,FALSE
YOR279C,955405,TRUE
YOR280C,820942,FALSE
YOR281C,890701,FALSE
YOR282W,336673,FALSE
YOR283W,711754,FALSE
YOR284W,752194,FALSE
YOR285W,436762,FALSE
YOR286W,466081,FALSE
YOR287C,996856,FALSE
YOR288C,996856,FALSE
YOR289W,775447,FALSE
YOR290C,5520071,FALSE
YOR291W,4478741,FALSE
YOR292C,951361,FALSE
YOR293W,814876,FALSE
YOR294W,629863,FALSE
YOR295W,720853,FALSE
YOR296W,3959087,FALSE
YOR297C,597511,FALSE
YOR298W,1470005,FALSE
YOR299W,2276783,FALSE
YOR300W,326563,FALSE
YOR301W,1333520,FALSE
YOR302W,89988,FALSE
YOR303W,1260728,FALSE
YOR304W,3432356,FALSE
YOR305W,774436,FALSE
YOR306C,1594358,FALSE
YOR307C,1397213,FALSE
YOR308C,1834976,FALSE
YOR309C,578302,FALSE
YOR310C,1693436,FALSE
YOR311C,908899,FALSE
YOR312C,969559,FALSE
YOR313C,1039319,FALSE
YOR314W,347794,FALSE
YOR315W,1068638,FALSE
YOR316C,1345652,FALSE
YOR317W,2141309,FALSE
YOR318C,687490,FALSE
YOR319W,679402,FALSE
YOR320C,1503368,FALSE
YOR321W,2299025,FALSE
YOR322C,2495159,FALSE
YOR323C,1397213,FALSE
YOR324C,1912823,FALSE
YOR325W,508543,FALSE
YOR326W,4788107,FALSE
YOR327C,362959,FALSE
YOR328W,4762832,FALSE
YOR329C,2718590,FALSE
YOR330C,3818558,FALSE
YOR331C,575269,FALSE
YOR332W,720853,FALSE
YOR333C,432718,FALSE
YOR334W,1439675,FALSE
YOR335C,2919779,FALSE
YOR336W,4210826,FALSE
YOR337W,2316212,FALSE
YOR338W,1131320,FALSE
YOR339C,487312,FALSE
YOR340C,1002922,FALSE
YOR341W,5088374,FALSE
YOR342C,982702,FALSE
YOR343C,398344,FALSE
YOR344C,897778,FALSE
YOR345C,365992,FALSE
YOR346W,3002681,FALSE
YOR347C,1557962,FALSE
YOR348C,1915856,FALSE
YOR349W,3089627,FALSE
YOR350C,2043242,FALSE
YOR351C,1521566,FALSE
YOR352W,1066616,FALSE
YOR353C,2425400,FALSE
YOR354C,2113001,FALSE
YOR355W,1658051,FALSE
YOR356W,1979549,FALSE
YOR357C,505510,FALSE
YOR358W,748150,FALSE
YOR359W,1642886,FALSE
YOR360C,1633787,FALSE
YOR361C,2349575,FALSE
YOR362C,887668,FALSE
YOR363C,3039077,FALSE
YOR364W,391267,FALSE
YOR365C,2148386,FALSE
YOR366W,369025,FALSE
YOR367W,620764,FALSE
YOR368W,1230398,FALSE
YOR369C,447883,FALSE
YOR370C,1843064,FALSE
YOR371C,2735777,FALSE
YOR372C,1783415,FALSE
YOR373W,2818679,FALSE
YOR374W,1588292,FALSE
YOR375C,1391147,FALSE
YOR376W,385201,FALSE
YOR377W,1606490,FALSE
YOR378W,1634798,FALSE
YOR379C,361948,FALSE
YOR380W,1675238,FALSE
YOR381W,2196914,FALSE
YOR382W,551005,FALSE
YOR383C,791623,FALSE
YOR384W,2210057,FALSE
YOR385W,896767,FALSE
YOR386W,1731854,FALSE
YOR387C,664237,FALSE
YOR388C,1156595,FALSE
YOR389W,1994714,FALSE
YOR390W,1152551,FALSE
YOR391C,743095,FALSE
YOR392W,483268,FALSE
YOR393W,1339586,FALSE
YOR394W,511576,FALSE
YOR396W,5461433,TRUE
YPL001W,1148507,FALSE
YPL002C,720853,FALSE
YPL003W,1415411,FALSE
YPL004C,1066616,FALSE
YPL005W,1853174,FALSE
YPL006W,3569852,FALSE
YPL007C,1797569,FALSE
YPL008W,2625578,FALSE
YPL009C,3382817,TRUE
YPL010W,587401,FALSE
YPL011C,1084814,FALSE
YPL012W,3757898,FALSE
YPL013C,381157,FALSE
YPL014W,1169738,FALSE
YPL015C,1136375,FALSE
YPL016W,5235980,FALSE
YPL017C,1530665,FALSE
YPL018W,1133342,FALSE
YPL019C,2555819,FALSE
YPL020C,1899680,FALSE
YPL021W,585379,FALSE
YPL022W,3398993,FALSE
YPL023C,2006846,FALSE
YPL024W,745117,FALSE
YPL025C,610654,FALSE
YPL026C,1642886,FALSE
YPL027W,821953,FALSE
YPL028W,1221299,FALSE
YPL029W,2250497,FALSE
YPL030W,1735898,FALSE
YPL031C,1043363,FALSE
YPL032C,2966285,FALSE
YPL033C,866437,FALSE
YPL034W,525730,FALSE
YPL035C,363970,FALSE
YPL036W,2892482,FALSE
YPL037C,490345,FALSE
YPL038W,551005,FALSE
YPL039W,972592,FALSE
YPL040C,3053231,FALSE
YPL041C,648061,FALSE
YPL042C,1731854,FALSE
YPL043W,2167595,FALSE
YPL044C,566170,FALSE
YPL045W,2434499,FALSE
YPL046C,314431,FALSE
YPL047W,314431,FALSE
YPL048W,1302179,FALSE
YPL049C,1484159,FALSE
YPL050C,1212200,FALSE
YPL051W,614698,FALSE
YPL052W,900811,FALSE
YPL053C,1373960,FALSE
YPL054W,931141,FALSE
YPL055C,1024154,FALSE
YPL056C,417553,FALSE
YPL057C,1178837,FALSE
YPL058C,4600061,FALSE
YPL059W,475180,FALSE
YPL060W,1266794,FALSE
YPL061W,1530665,FALSE
YPL062W,428674,FALSE
YPL063W,1460906,FALSE
YPL064C,927097,FALSE
YPL065W,749161,FALSE
YPL066W,1466972,FALSE
YPL067C,614698,FALSE
YPL068C,902833,FALSE
YPL069C,1030220,FALSE
YPL070W,1870361,FALSE
YPL071C,529774,FALSE
YPL072W,1532687,FALSE
YPL073C,502477,FALSE
YPL074W,2301047,FALSE
YPL075W,3167474,TRUE
YPL076W,863404,FALSE
YPL077C,742084,FALSE
YPL078C,754216,FALSE
YPL079W,946306,FALSE
YPL080C,344761,FALSE
YPL081W,1146485,FALSE
YPL082C,5695985,FALSE
YPL083C,1483148,FALSE
YPL084W,2625578,FALSE
YPL085W,6703952,FALSE
YPL086C,1703546,FALSE
YPL087W,975625,FALSE
YPL088W,1051451,FALSE
YPL089C,2214101,FALSE
YPL090C,1135364,FALSE
YPL091W,1479104,FALSE
YPL092W,1403279,FALSE
YPL093W,1976516,FALSE
YPL094C,847228,FALSE
YPL095C,1401257,FALSE
YPL096W,1115144,FALSE
YPL097W,1509434,FALSE
YPL098C,356893,FALSE
YPL099C,566170,FALSE
YPL100W,1537742,FALSE
YPL101W,1397213,FALSE
YPL102C,318475,FALSE
YPL103C,1433609,FALSE
YPL104W,2011901,FALSE
YPL105C,2719601,FALSE
YPL106C,2221178,FALSE
YPL107W,766348,FALSE
YPL108W,523708,FALSE
YPL109C,2191859,FALSE
YPL110C,3729590,FALSE
YPL111W,1024154,TRUE
YPL112C,1209167,FALSE
YPL113C,1215233,FALSE
YPL114W,435751,FALSE
YPL115C,3435389,FALSE
YPL116W,2129177,FALSE
YPL117C,887668,FALSE
YPL118W,1057517,FALSE
YPL119C,1895636,FALSE
YPL120W,1718711,FALSE
YPL121C,689512,FALSE
YPL122C,1570094,FALSE
YPL123C,1330487,FALSE
YPL124W,781513,FALSE
YPL125W,3144221,FALSE
YPL126W,2743865,FALSE
YPL127C,800722,FALSE
YPL128C,1718711,FALSE
YPL129W,860371,FALSE
YPL130W,693556,FALSE
YPL131W,914965,FALSE
YPL132W,924064,FALSE
YPL133C,1379015,FALSE
YPL134C,954394,FALSE
YPL135W,514609,FALSE
YPL136W,408454,FALSE
YPL137C,3967175,FALSE
YPL138C,1084814,FALSE
YPL139C,1411367,FALSE
YPL140C,1549874,FALSE
YPL141C,2644787,FALSE
YPL142C,332629,FALSE
YPL143W,874525,FALSE
YPL144W,463048,FALSE
YPL145C,1331498,FALSE
YPL146C,1445741,FALSE
YPL147W,2654897,FALSE
YPL148C,538873,FALSE
YPL149W,905866,FALSE
YPL150W,2814635,FALSE
YPL151C,1382048,FALSE
YPL152W,1099979,FALSE
YPL153C,2505269,FALSE
YPL154C,1256684,FALSE
YPL155C,2155463,FALSE
YPL156C,877558,FALSE
YPL157W,1039319,FALSE
YPL158C,2534588,FALSE
YPL159C,781513,FALSE
YPL160W,3323168,FALSE
YPL161C,1948208,FALSE
YPL162C,842173,FALSE
YPL163C,817909,FALSE
YPL164C,2182760,FALSE
YPL165C,1148507,FALSE
YPL166W,660193,FALSE
YPL167C,4575797,FALSE
YPL168W,1318355,FALSE
YPL169C,1836998,FALSE
YPL170W,475180,FALSE
YPL171C,1307234,FALSE
YPL172C,1415411,FALSE
YPL173W,914965,FALSE
YPL174C,2706458,FALSE
YPL175W,1497302,FALSE
YPL176C,2389004,FALSE
YPL177C,945295,FALSE
YPL178W,662215,FALSE
YPL179W,1680293,FALSE
YPL180W,2443598,FALSE
YPL181W,1573127,FALSE
YPL182C,421597,FALSE
YPL183C,3087605,FALSE
YPL184C,2150408,FALSE
YPL185W,416542,FALSE
YPL186C,972592,FALSE
YPL187W,578302,FALSE
YPL188W,1354751,FALSE
YPL189W,1871372,FALSE
YPL190C,2993582,FALSE
YPL191C,1109078,FALSE
YPL192C,417553,FALSE
YPL193W,1170749,FALSE
YPL194W,1870361,FALSE
YPL195W,2869229,FALSE
YPL196W,842173,FALSE
YPL197C,429685,FALSE
YPL198W,1609523,FALSE
YPL199C,742084,FALSE
YPL200W,489334,FALSE
YPL201C,1412378,FALSE
YPL202C,1275893,FALSE
YPL203W,1172771,FALSE
YPL204W,1587281,FALSE
YPL205C,371047,FALSE
YPL206C,987757,FALSE
YPL207W,2504258,FALSE
YPL208W,1784426,FALSE
YPL209C,1127276,FALSE
YPL210C,1955285,FALSE
YPL211W,563137,FALSE
YPL212C,1676249,FALSE
YPL213W,748150,FALSE
YPL214C,1651985,FALSE
YPL215W,1030220,FALSE
YPL216W,3467741,FALSE
YPL217C,3603215,FALSE
YPL218W,733996,FALSE
YPL219W,1570094,FALSE
YPL220W,672325,FALSE
YPL221W,2419334,FALSE
YPL222W,2100869,FALSE
YPL223C,578302,FALSE
YPL224C,1497302,FALSE
YPL225W,494389,FALSE
YPL226W,3710381,FALSE
YPL227C,1027187,FALSE
YPL228W,1718711,FALSE
YPL229W,690523,FALSE
YPL230W,1347674,FALSE
YPL231W,5868866,FALSE
YPL232W,902833,FALSE
YPL233W,669292,FALSE
YPL234C,511576,FALSE
YPL235W,1442708,FALSE
YPL236C,1118177,FALSE
YPL237W,878569,FALSE
YPL238C,405421,FALSE
YPL239W,623797,FALSE
YPL240C,2201969,FALSE
YPL241C,909910,FALSE
YPL242C,4568720,FALSE
YPL243W,1830932,FALSE
YPL244C,1042352,FALSE
YPL245W,1391147,FALSE
YPL246C,808810,FALSE
YPL247C,1600424,FALSE
YPL248C,2732744,FALSE
YPL249C,2801492,FALSE
YPL250C,426652,FALSE
YPL251W,317464,FALSE
YPL252C,535840,FALSE
YPL253C,1976516,FALSE
YPL254W,1503368,FALSE
YPL255W,1181870,FALSE
YPL256C,1688381,FALSE
YPL257W,602566,FALSE
YPL258C,1685348,FALSE
YPL259C,1454840,FALSE
YPL260W,1686359,FALSE
YPL261C,325552,FALSE
YPL262W,1494269,FALSE
YPL263C,2012912,FALSE
YPL264C,1084814,FALSE
YPL265W,1888559,FALSE
YPL266W,978658,FALSE
YPL267W,649072,FALSE
YPL268W,2649842,FALSE
YPL269W,1970450,FALSE
YPL270W,2358674,FALSE
YPL271W,202210,FALSE
YPL272C,1582226,FALSE
YPL273W,999889,FALSE
YPL274W,1798580,FALSE
YPL277C,1968428,FALSE
YPL278C,317464,FALSE
YPL279C,1151540,FALSE
YPL280W,735007,FALSE
YPL281C,1339586,FALSE
YPL282C,511576,FALSE
YPL283C,5802140,FALSE
YPR001W,1488203,TRUE
YPR002W,1616600,FALSE
YPR003C,2433488,FALSE
YPR004C,1058528,FALSE
YPR005C,907888,FALSE
YPR006C,1758140,FALSE
YPR007C,2077616,FALSE
YPR008W,2125133,FALSE
YPR009W,838129,FALSE
YPR010C,3678029,FALSE
YPR011C,1002922,FALSE
YPR012W,296233,FALSE
YPR013C,975625,FALSE
YPR014C,352849,FALSE
YPR015C,763315,FALSE
YPR016C,757249,FALSE
YPR017C,447883,FALSE
YPR018W,1986626,FALSE
YPR019W,2854064,FALSE
YPR020W,362959,FALSE
YPR021C,2749931,FALSE
YPR022C,3763964,FALSE
YPR023C,1230398,FALSE
YPR024W,2280827,FALSE
YPR025C,1206134,FALSE
YPR026W,3687128,FALSE
YPR027C,854305,FALSE
YPR028W,700633,FALSE
YPR029C,2539643,FALSE
YPR030W,3568841,FALSE
YPR031W,2284871,FALSE
YPR032W,3147254,FALSE
YPR033C,1746008,FALSE
YPR034W,1462928,FALSE
YPR035W,1195013,FALSE
YPR036W,1463939,FALSE
YPR037C,608632,FALSE
YPR038W,375091,FALSE
YPR039W,351838,FALSE
YPR040W,1093913,FALSE
YPR041W,1242530,FALSE
YPR042C,3534467,FALSE
YPR043W,708721,FALSE
YPR044C,371047,FALSE
YPR045C,1439675,FALSE
YPR046W,582346,FALSE
YPR047W,1437653,FALSE
YPR048W,1927988,FALSE
YPR049C,3591083,FALSE
YPR050C,429685,FALSE
YPR051W,547972,FALSE
YPR052C,296233,FALSE
YPR053C,473158,FALSE
YPR054W,1194002,FALSE
YPR055W,3244310,FALSE
YPR056W,1039319,FALSE
YPR057W,1048418,FALSE
YPR058W,945295,FALSE
YPR059C,402388,FALSE
YPR060C,790612,FALSE
YPR061C,929119,FALSE
YPR062W,499444,FALSE
YPR063C,525730,FALSE
YPR064W,487312,FALSE
YPR065W,1233431,FALSE
YPR066W,941251,FALSE
YPR067W,575269,FALSE
YPR068C,1439675,FALSE
YPR069C,902833,FALSE
YPR070W,1730843,FALSE
YPR071W,663226,FALSE
YPR072W,1712645,FALSE
YPR073C,505510,FALSE
YPR074C,2078627,FALSE
YPR075C,1189958,FALSE
YPR076W,390256,FALSE
YPR077C,387223,FALSE
YPR078C,1146485,FALSE
YPR079W,1169738,FALSE
YPR080W,1403279,FALSE
YPR081C,1900691,FALSE
YPR082C,447883,FALSE
YPR083W,1788470,FALSE
YPR084W,1400246,FALSE
YPR085C,1357784,FALSE
YPR086W,1060550,FALSE
YPR087W,399355,FALSE
YPR088C,1718711,FALSE
YPR089W,2707469,FALSE
YPR091C,2408213,FALSE
YPR092W,325552,FALSE
YPR093C,887668,FALSE
YPR094W,338695,FALSE
YPR095C,3736667,TRUE
YPR096C,348805,FALSE
YPR097W,3299915,FALSE
YPR098C,608632,FALSE
YPR099C,372058,FALSE
YPR100W,438784,FALSE
YPR101W,545950,FALSE
YPR102C,541906,FALSE
YPR103W,884635,FALSE
YPR104C,2886416,FALSE
YPR105C,2628611,FALSE
YPR106W,1359806,FALSE
YPR107C,645028,FALSE
YPR108W,1333520,FALSE
YPR109W,905866,FALSE
YPR110C,1030220,FALSE
YPR111W,1725788,FALSE
YPR112C,2710502,FALSE
YPR113W,681424,FALSE
YPR114W,973603,FALSE
YPR115W,3299915,FALSE
YPR116W,854305,FALSE
YPR117W,7566335,FALSE
YPR118W,1260728,FALSE
YPR119W,1503368,FALSE
YPR120C,1361828,FALSE
YPR121W,1749041,FALSE
YPR122W,3678029,FALSE
YPR123C,1300157,FALSE
YPR124W,1994714,FALSE
YPR125W,1391147,FALSE
YPR126C,323530,FALSE
YPR127W,1061561,FALSE
YPR128C,1035275,FALSE
YPR129W,1084814,FALSE
YPR130C,423619,FALSE
YPR131C,605599,FALSE
YPR132W,824986,FALSE
YPR133C,1257695,FALSE
YPR134W,830041,FALSE
YPR135W,2851031,FALSE
YPR136C,529774,FALSE
YPR137W,1752074,FALSE
YPR138C,1497302,FALSE
YPR139C,924064,FALSE
YPR140W,1178837,FALSE
YPR141C,2225222,FALSE
YPR142C,705688,FALSE
YPR143W,881602,FALSE
YPR144C,1688381,FALSE
YPR145W,1749041,TRUE
YPR146C,346783,FALSE
YPR147C,955405,FALSE
YPR148C,1360817,FALSE
YPR149W,538873,FALSE
YPR150W,538873,FALSE
YPR151C,638962,FALSE
YPR152C,1514489,FALSE
YPR153W,574258,FALSE
YPR154W,722875,FALSE
YPR155C,1883504,FALSE
YPR156C,1902713,FALSE
YPR157W,1432598,FALSE
YPR158W,783535,FALSE
YPR159W,2197925,FALSE
YPR160W,2749931,FALSE
YPR161C,2006846,FALSE
YPR162C,1618622,FALSE
YPR163C,1415411,FALSE
YPR164W,4292717,FALSE
YPR165W,651094,FALSE
YPR166C,362959,FALSE
YPR167C,805777,FALSE
YPR168W,490345,FALSE
YPR169W,1507412,FALSE
YPR170C,367003,FALSE
YPR171W,1795547,FALSE
YPR172W,620764,FALSE
YPR173C,1339586,FALSE
YPR174C,684457,FALSE
YPR175W,2103902,FALSE
YPR176C,999889,FALSE
YPR177C,387223,TRUE
YPR178W,1424510,FALSE
YPR179C,2009879,FALSE
YPR180W,1066616,FALSE
YPR181C,2343509,FALSE
YPR182W,275002,FALSE
YPR183W,823975,FALSE
YPR184W,4672853,FALSE
YPR185W,2403158,FALSE
YPR186C,1315322,FALSE
YPR187W,561115,FALSE
YPR188C,508543,FALSE
YPR189W,4456499,TRUE
YPR190C,2006846,FALSE
YPR191W,1130309,FALSE
YPR192W,944284,FALSE
YPR193C,490345,FALSE
YPR194C,2744876,TRUE
YPR195C,346783,FALSE
YPR196W,1443719,FALSE
YPR197C,581335,FALSE
YPR198W,1760162,FALSE
YPR199C,907888,FALSE
YPR200C,408454,FALSE
YPR201W,1239497,FALSE
YPR202W,906877,FALSE
YPR203W,323530,FALSE
YPR204W,3144221,FALSE
