"iteration","current","best_so_far"
1,3.5326,3.61
2,3.475,3.61
3,3.4331,3.61
4,3.3829,3.61
5,3.3536,3.61
6,3.3218,3.61
7,3.2911,3.61
8,3.2632,3.61
9,3.2336,3.61
10,3.2043,3.61
11,3.1819,3.61
12,3.1566,3.61
13,3.1334,3.61
14,3.1093,3.61
15,3.0825,3.61
16,3.064,3.61
17,3.0462,3.61
18,3.0232,3.61
19,3.0021,3.61
20,2.9838,3.61
21,2.9665,3.61
22,2.954,3.61
23,2.9334,3.61
24,2.9119,3.61
25,2.8907,3.61
26,2.8702,3.61
27,2.8624,3.61
28,2.8405,3.61
29,2.8228,3.61
30,2.8086,3.61
31,2.7952,3.61
32,2.778,3.61
33,2.7653,3.61
34,2.7503,3.61
35,2.7295,3.61
36,2.7149,3.61
37,2.7044,3.61
38,2.6877,3.61
39,2.6742,3.61
40,2.6611,3.61
41,2.6395,3.61
42,2.627,3.61
43,2.6187,3.61
44,2.6124,3.61
45,2.594,3.61
46,2.5765,3.61
47,2.5714,3.61
48,2.5583,3.61
49,2.5401,3.61
50,2.5309,3.61
51,2.514,3.61
52,2.5036,3.61
53,2.4863,3.61
54,2.4843,3.61
55,2.4703,3.61
56,2.4656,3.61
57,2.4541,3.61
58,2.4435,3.61
59,2.4388,3.61
60,2.4291,3.61
61,2.4057,3.61
62,2.3891,3.61
63,2.3795,3.61
64,2.3648,3.61
65,2.3541,3.61
66,2.3437,3.61
67,2.3331,3.61
68,2.3271,3.61
69,2.3111,3.61
70,2.3052,3.61
71,2.2936,3.61
72,2.2861,3.61
73,2.2725,3.61
74,2.2657,3.61
75,2.2597,3.61
76,2.2379,3.61
77,2.2354,3.61
78,2.2192,3.61
79,2.2114,3.61
80,2.1926,3.61
81,2.1821,3.61
82,2.1768,3.61
83,2.1708,3.61
84,2.1578,3.61
85,2.1416,3.61
86,2.1268,3.61
87,2.1304,3.61
88,2.1092,3.61
89,2.1117,3.61
90,2.104,3.61
91,2.0809,3.61
92,2.0882,3.61
93,2.0776,3.61
94,2.0641,3.61
95,2.0537,3.61
96,2.0324,3.61
97,2.0379,3.61
98,2.031,3.61
99,2.0129,3.61
100,2.0149,3.61
101,2.0166,3.61
102,1.9998,3.61
103,1.9929,3.61
104,1.9832,3.61
105,1.972,3.61
106,1.9743,3.61
107,1.9685,3.61
108,1.9586,3.61
109,1.957,3.61
110,1.9427,3.61
111,1.9363,3.61
112,1.9177,3.61
113,1.914,3.61
114,1.8926,3.61
115,1.8908,3.61
116,1.8811,3.61
117,1.8647,3.61
118,1.8601,3.61
119,1.844,3.61
120,1.852,3.61
121,1.8376,3.61
122,1.8222,3.61
123,1.8264,3.61
124,1.8217,3.61
125,1.8092,3.61
126,1.7981,3.61
127,1.8,3.61
128,1.7805,3.61
129,1.7593,3.61
130,1.7791,3.61
131,1.7621,3.61
132,1.7548,3.61
133,1.7605,3.61
134,1.7486,3.61
135,1.7416,3.61
136,1.7252,3.61
137,1.7231,3.61
138,1.7004,3.61
139,1.7091,3.61
140,1.7046,3.61
141,1.6888,3.61
142,1.693,3.61
143,1.6983,3.61
144,1.6854,3.61
145,1.6777,3.61
146,1.68,3.61
147,1.6587,3.61
148,1.6615,3.61
149,1.667,3.61
150,1.6566,3.61
151,1.6385,3.61
152,1.6549,3.61
153,1.6411,3.61
154,1.6303,3.61
155,1.61,3.61
156,1.608,3.61
157,1.6035,3.61
158,1.6029,3.61
159,1.6008,3.61
160,1.5907,3.61
161,1.5715,3.61
162,1.5692,3.61
163,1.5775,3.61
164,1.5664,3.61
165,1.5461,3.61
166,1.5547,3.61
167,1.5512,3.61
168,1.5323,3.61
169,1.5232,3.61
170,1.5304,3.61
171,1.5137,3.61
172,1.5137,3.61
173,1.4985,3.61
174,1.4901,3.61
175,1.4846,3.61
176,1.4783,3.61
177,1.4729,3.61
178,1.4635,3.61
179,1.4633,3.61
180,1.4551,3.61
181,1.4322,3.61
182,1.4517,3.61
183,1.4387,3.61
184,1.4319,3.61
185,1.4266,3.61
186,1.4081,3.61
187,1.4095,3.61
188,1.3899,3.61
189,1.3863,3.61
190,1.378,3.61
191,1.3864,3.61
192,1.3609,3.61
193,1.3744,3.61
194,1.3453,3.61
195,1.3623,3.61
196,1.347,3.61
197,1.3311,3.61
198,1.2996,3.61
199,1.3266,3.61
200,1.2996,3.61
201,1.3145,3.61
202,1.3188,3.61
203,1.3015,3.61
204,1.3055,3.61
205,1.292,3.61
206,1.2907,3.61
207,1.3107,3.61
208,1.287,3.61
209,1.268,3.61
210,1.2812,3.61
211,1.2633,3.61
212,1.2593,3.61
213,1.2462,3.61
214,1.2513,3.61
215,1.2434,3.61
216,1.251,3.61
217,1.2206,3.61
218,1.2238,3.61
219,1.2234,3.61
220,1.2211,3.61
221,1.2002,3.61
222,1.2134,3.61
223,1.2181,3.61
224,1.1944,3.61
225,1.1998,3.61
226,1.1523,3.61
227,1.1313,3.61
228,1.1562,3.61
229,1.1421,3.61
230,1.1136,3.61
231,1.1299,3.61
232,1.1405,3.61
233,1.1287,3.61
234,1.1244,3.61
235,1.0823,3.61
236,1.0881,3.61
237,1.1082,3.61
238,1.0816,3.61
239,1.0699,3.61
240,1.0959,3.61
241,1.0974,3.61
242,1.0769,3.61
243,1.0594,3.61
244,1.0638,3.61
245,1.038,3.61
246,1.0135,3.61
247,1.017,3.61
248,1.0283,3.61
249,1.0338,3.61
250,1.0148,3.61
251,1.0256,3.61
252,0.9962,3.61
253,0.9914,3.61
254,0.9973,3.61
255,1.0161,3.61
256,0.9622,3.61
257,0.9754,3.61
258,0.9933,3.61
259,0.9489,3.61
260,0.9531,3.61
261,0.9698,3.61
262,0.9136,3.61
263,0.9557,3.61
264,0.8907,3.61
265,0.9429,3.61
266,0.8881,3.61
267,0.9423,3.61
268,0.9345,3.61
269,0.9107,3.61
270,0.8871,3.61
271,0.8997,3.61
272,0.8831,3.61
273,0.8936,3.61
274,0.8751,3.61
275,0.8312,3.61
276,0.8497,3.61
277,0.8271,3.61
278,0.8334,3.61
279,0.8134,3.61
280,0.8507,3.61
281,0.8304,3.61
282,0.8133,3.61
283,0.8045,3.61
284,0.8296,3.61
285,0.8269,3.61
286,0.8035,3.61
287,0.7963,3.61
288,0.7778,3.61
289,0.7896,3.61
290,0.7659,3.61
291,0.7292,3.61
292,0.7682,3.61
293,0.7606,3.61
294,0.763,3.61
295,0.7548,3.61
296,0.7898,3.61
297,0.7663,3.61
298,0.7966,3.61
299,0.7433,3.61
300,0.7503,3.61
301,0.7036,3.61
302,0.7129,3.61
303,0.7261,3.61
304,0.7159,3.61
305,0.7139,3.61
306,0.716,3.61
307,0.7405,3.61
308,0.7176,3.61
309,0.7187,3.61
310,0.6265,3.61
311,0.6846,3.61
312,0.6679,3.61
313,0.6731,3.61
314,0.6849,3.61
315,0.6205,3.61
316,0.6624,3.61
317,0.6428,3.61
318,0.6969,3.61
319,0.6592,3.61
320,0.6662,3.61
321,0.6293,3.61
322,0.6215,3.61
323,0.6487,3.61
324,0.6163,3.61
325,0.5608,3.61
326,0.6519,3.61
327,0.5576,3.61
328,0.5924,3.61
329,0.558,3.61
330,0.6342,3.61
331,0.5233,3.61
332,0.6372,3.61
333,0.5966,3.61
334,0.602,3.61
335,0.5911,3.61
336,0.5922,3.61
337,0.5401,3.61
338,0.5448,3.61
339,0.4808,3.61
340,0.5555,3.61
341,0.5247,3.61
342,0.5364,3.61
343,0.596,3.61
344,0.5439,3.61
345,0.5034,3.61
346,0.4896,3.61
347,0.4652,3.61
348,0.4815,3.61
349,0.4552,3.61
350,0.5449,3.61
351,0.4407,3.61
352,0.4425,3.61
353,0.4121,3.61
354,0.4022,3.61
355,0.4531,3.61
356,0.3852,3.61
357,0.4794,3.61
358,0.4638,3.61
359,0.3874,3.61
360,0.3964,3.61
361,0.3313,3.61
362,0.3524,3.61
363,0.353,3.61
364,0.2145,3.61
365,0.316,3.61
366,0.3093,3.61
367,0.389,3.61
368,0.3663,3.61
369,0.3628,3.61
370,0.3143,3.61
371,0.3472,3.61
372,0.2673,3.61
373,0.2577,3.61
374,0.3168,3.61
375,0.2932,3.61
376,0.2768,3.61
377,0.1966,3.61
378,0.1472,3.61
379,0.1057,3.61
380,0.1525,3.61
381,0.1489,3.61
382,0.1817,3.61
383,0.229,3.61
384,0.2035,3.61
385,0.0629,3.61
386,0.2223,3.61
387,0.0751,3.61
388,0.1521,3.61
389,0.11,3.61
390,0.2341,3.61
391,0.2206,3.61
392,0.0772,3.61
393,0.1954,3.61
394,0.1792,3.61
395,0.1554,3.61
396,0.1552,3.61
397,0.2056,3.61
398,0.1908,3.61
399,0.2301,3.61
400,0.1734,3.61
401,0.226,3.61
402,0.1394,3.61
403,0.0717,3.61
404,0.0951,3.61
405,0.1356,3.61
406,0.207,3.61
407,0.0978,3.61
408,0.1112,3.61
409,0.1879,3.61
410,0.1475,3.61
411,0.117,3.61
412,0.0756,3.61
413,0.0917,3.61
414,0,3.61
415,0.0861,3.61
416,0.0856,3.61
417,0.0717,3.61
418,0.0347,3.61
419,0.0012,3.61
420,0.0878,3.61
421,0.0229,3.61
422,0.1055,3.61
423,0.0394,3.61
424,0.0294,3.61
425,0,3.61
426,0.038,3.61
427,0,3.61
428,0.0092,3.61
429,0.008,3.61
430,0,3.61
431,0,3.61
432,0,3.61
433,0,3.61
434,0,3.61
435,0,3.61
436,0.0147,3.61
437,0.0012,3.61
438,0,3.61
439,0,3.61
440,0.0453,3.61
441,0.0145,3.61
442,0,3.61
443,0.0758,3.61
444,0,3.61
445,0,3.61
446,0,3.61
447,0,3.61
448,0.0385,3.61
449,0,3.61
450,0,3.61
451,0,3.61
452,0,3.61
453,0.0196,3.61
454,0,3.61
455,0,3.61
456,0,3.61
457,0,3.61
458,0,3.61
459,0,3.61
460,0,3.61
461,0,3.61
462,0,3.61
463,0,3.61
464,0,3.61
465,0,3.61
466,0,3.61
467,0,3.61
468,0,3.61
469,0,3.61
470,0,3.61
471,0,3.61
472,0,3.61
473,0,3.61
474,0,3.61
475,0,3.61
476,0,3.61
477,0,3.61
478,0,3.61
479,0,3.61
480,0,3.61
481,0,3.61
482,0,3.61
483,0,3.61
484,0,3.61
485,0,3.61
486,0,3.61
487,0,3.61
488,0,3.61
489,0,3.61
490,0,3.61
491,0,3.61
492,0,3.61
493,0,3.61
494,0,3.61
495,0,3.61
496,0,3.61
497,0,3.61
498,0,3.61
499,0,3.61
500,0,3.61
501,0,3.61
502,0,3.61
503,0,3.61
504,0,3.61
505,0,3.61
506,0,3.61
507,0,3.61
508,0,3.61
509,0,3.61
510,0,3.61
511,0,3.61
512,0,3.61
513,0,3.61
514,0,3.61
515,0,3.61
516,0,3.61
517,0,3.61
518,0,3.61
519,0,3.61
520,0,3.61
521,0,3.61
522,0,3.61
523,0,3.61
524,0,3.61
525,0,3.61
526,0,3.61
527,0,3.61
528,0,3.61
529,0,3.61
530,0,3.61
531,0,3.61
532,0,3.61
533,0,3.61
534,0,3.61
535,0,3.61
536,0,3.61
537,0,3.61
538,0,3.61
539,0,3.61
540,0,3.61
541,0,3.61
542,0,3.61
543,0,3.61
544,0,3.61
545,0,3.61
546,0,3.61
547,0,3.61
548,0,3.61
549,0,3.61
550,0,3.61
551,0,3.61
552,0,3.61
553,0,3.61
554,0,3.61
555,0,3.61
556,0,3.61
557,0,3.61
558,0,3.61
559,0,3.61
560,0,3.61
561,0,3.61
562,0,3.61
563,0,3.61
564,0,3.61
565,0,3.61
566,0,3.61
567,0,3.61
568,0,3.61
569,0,3.61
570,0,3.61
571,0,3.61
572,0,3.61
573,0,3.61
574,0,3.61
575,0,3.61
576,0,3.61
577,0,3.61
578,0,3.61
579,0,3.61
580,0,3.61
581,0,3.61
582,0,3.61
583,0,3.61
584,0,3.61
585,0,3.61
586,0,3.61
587,0,3.61
588,0,3.61
589,0,3.61
590,0,3.61
591,0,3.61
592,0,3.61
593,0,3.61
594,0,3.61
595,0,3.61
596,0,3.61
597,0,3.61
598,0,3.61
599,0,3.61
600,0,3.61
601,0,3.61
602,0,3.61
603,0,3.61
604,0,3.61
605,0,3.61
606,0,3.61
607,0,3.61
608,0,3.61
609,0,3.61
610,0,3.61
611,0,3.61
612,0,3.61
613,0,3.61
614,0,3.61
615,0,3.61
616,0,3.61
617,0,3.61
618,0,3.61
619,0,3.61
620,0,3.61
621,0,3.61
622,0,3.61
623,0,3.61
624,0,3.61
625,0,3.61
626,0,3.61
627,0,3.61
628,0,3.61
629,0,3.61
630,0,3.61
631,0,3.61
632,0,3.61
633,0,3.61
634,0,3.61
635,0,3.61
636,0,3.61
637,0,3.61
638,0,3.61
639,0,3.61
640,0,3.61
641,0,3.61
642,0,3.61
643,0,3.61
644,0,3.61
645,0,3.61
646,0,3.61
647,0,3.61
648,0,3.61
649,0,3.61
650,0,3.61
651,0,3.61
652,0,3.61
653,0,3.61
654,0,3.61
655,0,3.61
656,0,3.61
657,0,3.61
658,0,3.61
659,0,3.61
660,0,3.61
661,0,3.61
662,0,3.61
663,0,3.61
664,0,3.61
665,0,3.61
666,0,3.61
667,0,3.61
668,0,3.61
669,0,3.61
670,0,3.61
671,0,3.61
672,0,3.61
673,0,3.61
674,0,3.61
675,0,3.61
676,0,3.61
677,0,3.61
678,0,3.61
679,0,3.61
680,0,3.61
681,0,3.61
682,0,3.61
683,0,3.61
684,0,3.61
685,0,3.61
686,0,3.61
687,0,3.61
688,0,3.61
689,0,3.61
690,0,3.61
691,0,3.61
692,0,3.61
693,0,3.61
694,0,3.61
695,0,3.61
696,0,3.61
697,0,3.61
698,0,3.61
699,0,3.61
700,0,3.61
701,0,3.61
702,0,3.61
703,0,3.61
704,0,3.61
705,0,3.61
706,0,3.61
707,0,3.61
708,0,3.61
709,0,3.61
710,0,3.61
711,0,3.61
712,0,3.61
713,0,3.61
714,0,3.61
715,0,3.61
716,0,3.61
717,0,3.61
718,0,3.61
719,0,3.61
720,0,3.61
721,0,3.61
722,0,3.61
723,0,3.61
724,0,3.61
725,0,3.61
726,0,3.61
727,0,3.61
728,0,3.61
729,0,3.61
730,0,3.61
731,0,3.61
732,0,3.61
733,0,3.61
734,0,3.61
735,0,3.61
736,0,3.61
737,0,3.61
738,0,3.61
739,0,3.61
740,0,3.61
741,0,3.61
742,0,3.61
743,0,3.61
744,0,3.61
745,0,3.61
746,0,3.61
747,0,3.61
748,0,3.61
749,0,3.61
750,0,3.61
751,0,3.61
752,0,3.61
753,0,3.61
754,0,3.61
755,0,3.61
756,0,3.61
757,0,3.61
758,0,3.61
759,0,3.61
760,0,3.61
761,0,3.61
762,0,3.61
763,0,3.61
764,0,3.61
765,0,3.61
766,0,3.61
767,0,3.61
768,0,3.61
769,0,3.61
770,0,3.61
771,0,3.61
772,0,3.61
773,0,3.61
774,0,3.61
775,0,3.61
776,0,3.61
777,0,3.61
778,0,3.61
779,0,3.61
780,0,3.61
781,0,3.61
782,0,3.61
783,0,3.61
784,0,3.61
785,0,3.61
786,0,3.61
787,0,3.61
788,0,3.61
789,0,3.61
790,0,3.61
791,0,3.61
792,0,3.61
793,0,3.61
794,0,3.61
795,0,3.61
796,0,3.61
797,0,3.61
798,0,3.61
799,0,3.61
800,0,3.61
801,0,3.61
802,0,3.61
803,0,3.61
804,0,3.61
805,0,3.61
806,0,3.61
807,0,3.61
808,0,3.61
809,0,3.61
810,0,3.61
811,0,3.61
812,0,3.61
813,0,3.61
814,0,3.61
815,0,3.61
816,0,3.61
817,0,3.61
818,0,3.61
819,0,3.61
820,0,3.61
821,0,3.61
822,0,3.61
823,0,3.61
824,0,3.61
825,0,3.61
826,0,3.61
827,0,3.61
828,0,3.61
829,0,3.61
830,0,3.61
831,0,3.61
832,0,3.61
833,0,3.61
834,0,3.61
835,0,3.61
836,0,3.61
837,0,3.61
838,0,3.61
839,0,3.61
840,0,3.61
841,0,3.61
842,0,3.61
843,0,3.61
844,0,3.61
845,0,3.61
846,0,3.61
847,0,3.61
848,0,3.61
849,0,3.61
850,0,3.61
851,0,3.61
852,0,3.61
853,0,3.61
854,0,3.61
855,0,3.61
856,0,3.61
857,0,3.61
858,0,3.61
859,0,3.61
860,0,3.61
861,0,3.61
862,0,3.61
863,0,3.61
864,0,3.61
865,0,3.61
866,0,3.61
867,0,3.61
868,0,3.61
869,0,3.61
870,0,3.61
871,0,3.61
872,0,3.61
873,0,3.61
874,0,3.61
875,0,3.61
876,0,3.61
877,0,3.61
878,0,3.61
879,0,3.61
880,0,3.61
881,0,3.61
882,0,3.61
883,0,3.61
884,0,3.61
885,0,3.61
886,0,3.61
887,0,3.61
888,0,3.61
889,0,3.61
890,0,3.61
891,0,3.61
892,0,3.61
893,0,3.61
894,0,3.61
895,0,3.61
896,0,3.61
897,0,3.61
898,0,3.61
899,0,3.61
900,0,3.61
901,0,3.61
902,0,3.61
903,0,3.61
904,0,3.61
905,0,3.61
906,0,3.61
907,0,3.61
908,0,3.61
909,0,3.61
910,0,3.61
911,0,3.61
912,0,3.61
913,0,3.61
914,0,3.61
915,0,3.61
916,0,3.61
917,0,3.61
918,0,3.61
919,0,3.61
920,0,3.61
921,0,3.61
922,0,3.61
923,0,3.61
924,0,3.61
925,0,3.61
926,0,3.61
927,0,3.61
928,0,3.61
929,0,3.61
930,0,3.61
931,0,3.61
932,0,3.61
933,0,3.61
934,0,3.61
935,0,3.61
936,0,3.61
937,0,3.61
938,0,3.61
939,0,3.61
940,0,3.61
941,0,3.61
942,0,3.61
943,0,3.61
944,0,3.61
945,0,3.61
946,0,3.61
947,0,3.61
948,0,3.61
949,0,3.61
950,0,3.61
951,0,3.61
952,0,3.61
953,0,3.61
954,0,3.61
955,0,3.61
956,0,3.61
957,0,3.61
958,0,3.61
959,0,3.61
960,0,3.61
961,0,3.61
962,0,3.61
963,0,3.61
964,0,3.61
965,0,3.61
966,0,3.61
967,0,3.61
968,0,3.61
969,0,3.61
970,0,3.61
971,0,3.61
972,0,3.61
973,0,3.61
974,0,3.61
975,0,3.61
976,0,3.61
977,0,3.61
978,0,3.61
979,0,3.61
980,0,3.61
981,0,3.61
982,0,3.61
983,0,3.61
984,0,3.61
985,0,3.61
986,0,3.61
987,0,3.61
988,0,3.61
989,0,3.61
990,0,3.61
991,0,3.61
992,0,3.61
993,0,3.61
994,0,3.61
995,0,3.61
996,0,3.61
997,0,3.61
998,0,3.61
999,0,3.61
1000,0,3.61
1001,0,3.61
1002,0,3.61
1003,0,3.61
1004,0,3.61
1005,0,3.61
1006,0,3.61
1007,0,3.61
1008,0,3.61
1009,0,3.61
1010,0,3.61
1011,0,3.61
1012,0,3.61
1013,0,3.61
1014,0,3.61
1015,0,3.61
1016,0,3.61
1017,0,3.61
1018,0,3.61
1019,0,3.61
1020,0,3.61
1021,0,3.61
1022,0,3.61
1023,0,3.61
1024,0,3.61
1025,0,3.61
1026,0,3.61
1027,0,3.61
1028,0,3.61
1029,0,3.61
1030,0,3.61
1031,0,3.61
1032,0,3.61
1033,0,3.61
1034,0,3.61
1035,0,3.61
1036,0,3.61
1037,0,3.61
1038,0,3.61
1039,0,3.61
1040,0,3.61
1041,0,3.61
1042,0,3.61
1043,0,3.61
1044,0,3.61
1045,0,3.61
1046,0,3.61
1047,0,3.61
1048,0,3.61
1049,0,3.61
1050,0,3.61
1051,0,3.61
1052,0,3.61
1053,0,3.61
1054,0,3.61
1055,0,3.61
1056,0,3.61
1057,0,3.61
1058,0,3.61
1059,0,3.61
1060,0,3.61
1061,0,3.61
1062,0,3.61
1063,0,3.61
1064,0,3.61
1065,0,3.61
1066,0,3.61
1067,0,3.61
1068,0,3.61
1069,0,3.61
1070,0,3.61
1071,0,3.61
1072,0,3.61
1073,0,3.61
1074,0,3.61
1075,0,3.61
1076,0,3.61
1077,0,3.61
1078,0,3.61
1079,0,3.61
1080,0,3.61
1081,0,3.61
1082,0,3.61
1083,0,3.61
1084,0,3.61
1085,0,3.61
1086,0,3.61
1087,0,3.61
1088,0,3.61
1089,0,3.61
1090,0,3.61
1091,0,3.61
1092,0,3.61
1093,0,3.61
1094,0,3.61
1095,0,3.61
1096,0,3.61
1097,0,3.61
1098,0,3.61
1099,0,3.61
1100,0,3.61
1101,0,3.61
1102,0,3.61
1103,0,3.61
1104,0,3.61
1105,0,3.61
1106,0,3.61
1107,0,3.61
1108,0,3.61
1109,0,3.61
1110,0,3.61
1111,0,3.61
1112,0,3.61
1113,0,3.61
1114,0,3.61
1115,0,3.61
1116,0,3.61
1117,0,3.61
1118,0,3.61
1119,0,3.61
1120,0,3.61
1121,0,3.61
1122,0,3.61
1123,0,3.61
1124,0,3.61
1125,0,3.61
1126,0,3.61
1127,0,3.61
1128,0,3.61
1129,0,3.61
1130,0,3.61
1131,0,3.61
1132,0,3.61
1133,0,3.61
1134,0,3.61
1135,0,3.61
1136,0,3.61
1137,0,3.61
1138,0,3.61
1139,0,3.61
1140,0,3.61
1141,0,3.61
1142,0,3.61
1143,0,3.61
1144,0,3.61
1145,0,3.61
1146,0,3.61
1147,0,3.61
1148,0,3.61
1149,0,3.61
1150,0,3.61
1151,0,3.61
1152,0,3.61
1153,0,3.61
1154,0,3.61
1155,0,3.61
1156,0,3.61
1157,0,3.61
1158,0,3.61
1159,0,3.61
1160,0,3.61
1161,0,3.61
1162,0,3.61
1163,0,3.61
1164,0,3.61
1165,0,3.61
1166,0,3.61
1167,0,3.61
1168,0,3.61
1169,0,3.61
1170,0,3.61
1171,0,3.61
1172,0,3.61
1173,0,3.61
1174,0,3.61
1175,0,3.61
1176,0,3.61
1177,0,3.61
1178,0,3.61
1179,0,3.61
1180,0,3.61
1181,0,3.61
1182,0,3.61
1183,0,3.61
1184,0,3.61
1185,0,3.61
1186,0,3.61
1187,0,3.61
1188,0,3.61
1189,0,3.61
1190,0,3.61
1191,0,3.61
1192,0,3.61
1193,0,3.61
1194,0,3.61
1195,0,3.61
1196,0,3.61
1197,0,3.61
1198,0,3.61
1199,0,3.61
1200,0,3.61
1201,0,3.61
1202,0,3.61
1203,0,3.61
1204,0,3.61
1205,0,3.61
1206,0,3.61
1207,0,3.61
1208,0,3.61
1209,0,3.61
1210,0,3.61
1211,0,3.61
1212,0,3.61
1213,0,3.61
1214,0,3.61
1215,0,3.61
1216,0,3.61
1217,0,3.61
1218,0,3.61
1219,0,3.61
1220,0,3.61
1221,0,3.61
1222,0,3.61
1223,0,3.61
1224,0,3.61
1225,0,3.61
1226,0,3.61
1227,0,3.61
1228,0,3.61
1229,0,3.61
1230,0,3.61
1231,0,3.61
1232,0,3.61
1233,0,3.61
1234,0,3.61
1235,0,3.61
1236,0,3.61
1237,0,3.61
1238,0,3.61
1239,0,3.61
1240,0,3.61
1241,0,3.61
1242,0,3.61
1243,0,3.61
1244,0,3.61
1245,0,3.61
1246,0,3.61
1247,0,3.61
1248,0,3.61
1249,0,3.61
1250,0,3.61
1251,0,3.61
1252,0,3.61
1253,0,3.61
1254,0,3.61
1255,0,3.61
1256,0,3.61
1257,0,3.61
1258,0,3.61
1259,0,3.61
1260,0,3.61
1261,0,3.61
1262,0,3.61
1263,0,3.61
1264,0,3.61
1265,0,3.61
1266,0,3.61
1267,0,3.61
1268,0,3.61
1269,0,3.61
1270,0,3.61
1271,0,3.61
1272,0,3.61
1273,0,3.61
1274,0,3.61
1275,0,3.61
1276,0,3.61
1277,0,3.61
1278,0,3.61
1279,0,3.61
1280,0,3.61
1281,0,3.61
1282,0,3.61
1283,0,3.61
1284,0,3.61
1285,0,3.61
1286,0,3.61
1287,0,3.61
1288,0,3.61
1289,0,3.61
1290,0,3.61
1291,0,3.61
1292,0,3.61
1293,0,3.61
1294,0,3.61
1295,0,3.61
1296,0,3.61
1297,0,3.61
1298,0,3.61
1299,0,3.61
1300,0,3.61
1301,0,3.61
1302,0,3.61
1303,0,3.61
1304,0,3.61
1305,0,3.61
1306,0,3.61
1307,0,3.61
1308,0,3.61
1309,0,3.61
1310,0,3.61
1311,0,3.61
1312,0,3.61
1313,0,3.61
1314,0,3.61
1315,0,3.61
1316,0,3.61
1317,0,3.61
1318,0,3.61
1319,0,3.61
1320,0,3.61
1321,0,3.61
1322,0,3.61
1323,0,3.61
1324,0,3.61
1325,0,3.61
1326,0,3.61
1327,0,3.61
1328,0,3.61
1329,0,3.61
1330,0,3.61
1331,0,3.61
1332,0,3.61
1333,0,3.61
1334,0,3.61
1335,0,3.61
1336,0,3.61
1337,0,3.61
1338,0,3.61
1339,0,3.61
1340,0,3.61
1341,0,3.61
1342,0,3.61
1343,0,3.61
1344,0,3.61
1345,0,3.61
1346,0,3.61
1347,0,3.61
1348,0,3.61
1349,0,3.61
1350,0,3.61
1351,0,3.61
1352,0,3.61
1353,0,3.61
1354,0,3.61
1355,0,3.61
1356,0,3.61
1357,0,3.61
1358,0,3.61
1359,0,3.61
1360,0,3.61
1361,0,3.61
1362,0,3.61
1363,0,3.61
1364,0,3.61
1365,0,3.61
1366,0,3.61
1367,0,3.61
1368,0,3.61
1369,0,3.61
1370,0,3.61
1371,0,3.61
1372,0,3.61
1373,0,3.61
1374,0,3.61
1375,0,3.61
1376,0,3.61
1377,0,3.61
1378,0,3.61
1379,0,3.61
1380,0,3.61
1381,0,3.61
1382,0,3.61
1383,0,3.61
1384,0,3.61
1385,0,3.61
1386,0,3.61
1387,0,3.61
1388,0,3.61
1389,0,3.61
1390,0,3.61
1391,0,3.61
1392,0,3.61
1393,0,3.61
1394,0,3.61
1395,0,3.61
1396,0,3.61
1397,0,3.61
1398,0,3.61
1399,0,3.61
1400,0,3.61
1401,0,3.61
1402,0,3.61
1403,0,3.61
1404,0,3.61
1405,0,3.61
1406,0,3.61
1407,0,3.61
1408,0,3.61
1409,0,3.61
1410,0,3.61
1411,0,3.61
1412,0,3.61
1413,0,3.61
1414,0,3.61
1415,0,3.61
1416,0,3.61
1417,0,3.61
1418,0,3.61
1419,0,3.61
1420,0,3.61
1421,0,3.61
1422,0,3.61
1423,0,3.61
1424,0,3.61
1425,0,3.61
1426,0,3.61
1427,0,3.61
1428,0,3.61
1429,0,3.61
1430,0,3.61
1431,0,3.61
1432,0,3.61
1433,0,3.61
1434,0,3.61
1435,0,3.61
1436,0,3.61
1437,0,3.61
1438,0,3.61
1439,0,3.61
1440,0,3.61
1441,0,3.61
1442,0,3.61
1443,0,3.61
1444,0,3.61
1445,0,3.61
1446,0,3.61
1447,0,3.61
1448,0,3.61
1449,0,3.61
1450,0,3.61
1451,0,3.61
1452,0,3.61
1453,0,3.61
1454,0,3.61
1455,0,3.61
1456,0,3.61
1457,0,3.61
1458,0,3.61
1459,0,3.61
1460,0,3.61
1461,0,3.61
1462,0,3.61
1463,0,3.61
1464,0,3.61
1465,0,3.61
1466,0,3.61
1467,0,3.61
1468,0,3.61
1469,0,3.61
1470,0,3.61
1471,0,3.61
1472,0,3.61
1473,0,3.61
1474,0,3.61
1475,0,3.61
1476,0,3.61
1477,0,3.61
1478,0,3.61
1479,0,3.61
1480,0,3.61
1481,0,3.61
1482,0,3.61
1483,0,3.61
1484,0,3.61
1485,0,3.61
1486,0,3.61
1487,0,3.61
1488,0,3.61
1489,0,3.61
1490,0,3.61
1491,0,3.61
1492,0,3.61
1493,0,3.61
1494,0,3.61
1495,0,3.61
1496,0,3.61
1497,0,3.61
1498,0,3.61
1499,0,3.61
1500,0,3.61
1501,0,3.61
1502,0,3.61
1503,0,3.61
1504,0,3.61
1505,0,3.61
1506,0,3.61
1507,0,3.61
1508,0,3.61
1509,0,3.61
1510,0,3.61
1511,0,3.61
1512,0,3.61
1513,0,3.61
1514,0,3.61
1515,0,3.61
1516,0,3.61
1517,0,3.61
1518,0,3.61
1519,0,3.61
1520,0,3.61
1521,0,3.61
1522,0,3.61
1523,0,3.61
1524,0,3.61
1525,0,3.61
1526,0,3.61
1527,0,3.61
1528,0,3.61
1529,0,3.61
1530,0,3.61
1531,0,3.61
1532,0,3.61
1533,0,3.61
1534,0,3.61
1535,0,3.61
1536,0,3.61
1537,0,3.61
1538,0,3.61
1539,0,3.61
1540,0,3.61
1541,0,3.61
1542,0,3.61
1543,0,3.61
1544,0,3.61
1545,0,3.61
1546,0,3.61
1547,0,3.61
1548,0,3.61
1549,0,3.61
1550,0,3.61
1551,0,3.61
1552,0,3.61
1553,0,3.61
1554,0,3.61
1555,0,3.61
1556,0,3.61
1557,0,3.61
1558,0,3.61
1559,0,3.61
1560,0,3.61
1561,0,3.61
1562,0,3.61
1563,0,3.61
1564,0,3.61
1565,0,3.61
1566,0,3.61
1567,0,3.61
1568,0,3.61
1569,0,3.61
1570,0,3.61
1571,0,3.61
1572,0,3.61
1573,0,3.61
1574,0,3.61
1575,0,3.61
1576,0,3.61
1577,0,3.61
1578,0,3.61
1579,0,3.61
1580,0,3.61
1581,0,3.61
1582,0,3.61
1583,0,3.61
1584,0,3.61
1585,0,3.61
1586,0,3.61
1587,0,3.61
1588,0,3.61
1589,0,3.61
1590,0,3.61
1591,0,3.61
1592,0,3.61
1593,0,3.61
1594,0,3.61
1595,0,3.61
1596,0,3.61
1597,0,3.61
1598,0,3.61
1599,0,3.61
1600,0,3.61
1601,0,3.61
1602,0,3.61
1603,0,3.61
1604,0,3.61
1605,0,3.61
1606,0,3.61
1607,0,3.61
1608,0,3.61
1609,0,3.61
1610,0,3.61
1611,0,3.61
1612,0,3.61
1613,0,3.61
1614,0,3.61
1615,0,3.61
1616,0,3.61
1617,0,3.61
1618,0,3.61
1619,0,3.61
1620,0,3.61
1621,0,3.61
1622,0,3.61
1623,0,3.61
1624,0,3.61
1625,0,3.61
1626,0,3.61
1627,0,3.61
1628,0,3.61
1629,0,3.61
1630,0,3.61
1631,0,3.61
1632,0,3.61
1633,0,3.61
1634,0,3.61
1635,0,3.61
1636,0,3.61
1637,0,3.61
1638,0,3.61
1639,0,3.61
1640,0,3.61
1641,0,3.61
1642,0,3.61
1643,0,3.61
1644,0,3.61
1645,0,3.61
1646,0,3.61
1647,0,3.61
1648,0,3.61
1649,0,3.61
1650,0,3.61
1651,0,3.61
1652,0,3.61
1653,0,3.61
1654,0,3.61
1655,0,3.61
1656,0,3.61
1657,0,3.61
1658,0,3.61
1659,0,3.61
1660,0,3.61
1661,0,3.61
1662,0,3.61
1663,0,3.61
1664,0,3.61
1665,0,3.61
1666,0,3.61
1667,0,3.61
1668,0,3.61
1669,0,3.61
1670,0,3.61
1671,0,3.61
1672,0,3.61
1673,0,3.61
1674,0,3.61
1675,0,3.61
1676,0,3.61
1677,0,3.61
1678,0,3.61
1679,0,3.61
1680,0,3.61
1681,0,3.61
1682,0,3.61
1683,0,3.61
1684,0,3.61
1685,0,3.61
1686,0,3.61
1687,0,3.61
1688,0,3.61
1689,0,3.61
1690,0,3.61
1691,0,3.61
1692,0,3.61
1693,0,3.61
1694,0,3.61
1695,0,3.61
1696,0,3.61
1697,0,3.61
1698,0,3.61
1699,0,3.61
1700,0,3.61
1701,0,3.61
1702,0,3.61
1703,0,3.61
1704,0,3.61
1705,0,3.61
1706,0,3.61
1707,0,3.61
1708,0,3.61
1709,0,3.61
1710,0,3.61
1711,0,3.61
1712,0,3.61
1713,0,3.61
1714,0,3.61
1715,0,3.61
1716,0,3.61
1717,0,3.61
1718,0,3.61
1719,0,3.61
1720,0,3.61
1721,0,3.61
1722,0,3.61
1723,0,3.61
1724,0,3.61
1725,0,3.61
1726,0,3.61
1727,0,3.61
1728,0,3.61
1729,0,3.61
1730,0,3.61
1731,0,3.61
1732,0,3.61
1733,0,3.61
1734,0,3.61
1735,0,3.61
1736,0,3.61
1737,0,3.61
1738,0,3.61
1739,0,3.61
1740,0,3.61
1741,0,3.61
1742,0,3.61
1743,0,3.61
1744,0,3.61
1745,0,3.61
1746,0,3.61
1747,0,3.61
1748,0,3.61
1749,0,3.61
1750,0,3.61
1751,0,3.61
1752,0,3.61
1753,0,3.61
1754,0,3.61
1755,0,3.61
1756,0,3.61
1757,0,3.61
1758,0,3.61
1759,0,3.61
1760,0,3.61
1761,0,3.61
1762,0,3.61
1763,0,3.61
1764,0,3.61
1765,0,3.61
1766,0,3.61
1767,0,3.61
1768,0,3.61
1769,0,3.61
1770,0,3.61
1771,0,3.61
1772,0,3.61
1773,0,3.61
1774,0,3.61
1775,0,3.61
1776,0,3.61
1777,0,3.61
1778,0,3.61
1779,0,3.61
1780,0,3.61
1781,0,3.61
1782,0,3.61
1783,0,3.61
1784,0,3.61
1785,0,3.61
1786,0,3.61
1787,0,3.61
1788,0,3.61
1789,0,3.61
1790,0,3.61
1791,0,3.61
1792,0,3.61
1793,0,3.61
1794,0,3.61
1795,0,3.61
1796,0,3.61
1797,0,3.61
1798,0,3.61
1799,0,3.61
1800,0,3.61
1801,0,3.61
1802,0,3.61
1803,0,3.61
1804,0,3.61
1805,0,3.61
1806,0,3.61
1807,0,3.61
1808,0,3.61
1809,0,3.61
1810,0,3.61
1811,0,3.61
1812,0,3.61
1813,0,3.61
1814,0,3.61
1815,0,3.61
1816,0,3.61
1817,0,3.61
1818,0,3.61
1819,0,3.61
1820,0,3.61
1821,0,3.61
1822,0,3.61
1823,0,3.61
1824,0,3.61
1825,0,3.61
1826,0,3.61
1827,0,3.61
1828,0,3.61
1829,0,3.61
1830,0,3.61
1831,0,3.61
1832,0,3.61
1833,0,3.61
1834,0,3.61
1835,0,3.61
1836,0,3.61
1837,0,3.61
1838,0,3.61
1839,0,3.61
1840,0,3.61
1841,0,3.61
1842,0,3.61
1843,0,3.61
1844,0,3.61
1845,0,3.61
1846,0,3.61
1847,0,3.61
1848,0,3.61
1849,0,3.61
1850,0,3.61
1851,0,3.61
1852,0,3.61
1853,0,3.61
1854,0,3.61
1855,0,3.61
1856,0,3.61
1857,0,3.61
1858,0,3.61
1859,0,3.61
1860,0,3.61
1861,0,3.61
1862,0,3.61
1863,0,3.61
1864,0,3.61
1865,0,3.61
1866,0,3.61
1867,0,3.61
1868,0,3.61
1869,0,3.61
1870,0,3.61
1871,0,3.61
1872,0,3.61
1873,0,3.61
1874,0,3.61
1875,0,3.61
1876,0,3.61
1877,0,3.61
1878,0,3.61
1879,0,3.61
1880,0,3.61
1881,0,3.61
1882,0,3.61
1883,0,3.61
1884,0,3.61
1885,0,3.61
1886,0,3.61
1887,0,3.61
1888,0,3.61
1889,0,3.61
1890,0,3.61
1891,0,3.61
1892,0,3.61
1893,0,3.61
1894,0,3.61
1895,0,3.61
1896,0,3.61
1897,0,3.61
1898,0,3.61
1899,0,3.61
1900,0,3.61
1901,0,3.61
1902,0,3.61
1903,0,3.61
1904,0,3.61
1905,0,3.61
1906,0,3.61
1907,0,3.61
1908,0,3.61
1909,0,3.61
1910,0,3.61
1911,0,3.61
1912,0,3.61
1913,0,3.61
1914,0,3.61
1915,0,3.61
1916,0,3.61
1917,0,3.61
1918,0,3.61
1919,0,3.61
1920,0,3.61
1921,0,3.61
1922,0,3.61
1923,0,3.61
1924,0,3.61
1925,0,3.61
1926,0,3.61
1927,0,3.61
1928,0,3.61
1929,0,3.61
1930,0,3.61
1931,0,3.61
1932,0,3.61
1933,0,3.61
1934,0,3.61
1935,0,3.61
1936,0,3.61
1937,0,3.61
1938,0,3.61
1939,0,3.61
1940,0,3.61
1941,0,3.61
1942,0,3.61
1943,0,3.61
1944,0,3.61
1945,0,3.61
1946,0,3.61
1947,0,3.61
1948,0,3.61
1949,0,3.61
1950,0,3.61
1951,0,3.61
1952,0,3.61
1953,0,3.61
1954,0,3.61
1955,0,3.61
1956,0,3.61
1957,0,3.61
1958,0,3.61
1959,0,3.61
1960,0,3.61
1961,0,3.61
1962,0,3.61
1963,0,3.61
1964,0,3.61
1965,0,3.61
1966,0,3.61
1967,0,3.61
1968,0,3.61
1969,0,3.61
1970,0,3.61
1971,0,3.61
1972,0,3.61
1973,0,3.61
1974,0,3.61
1975,0,3.61
1976,0,3.61
1977,0,3.61
1978,0,3.61
1979,0,3.61
1980,0,3.61
1981,0,3.61
1982,0,3.61
1983,0,3.61
1984,0,3.61
1985,0,3.61
1986,0,3.61
1987,0,3.61
1988,0,3.61
1989,0,3.61
1990,0,3.61
1991,0,3.61
1992,0,3.61
1993,0,3.61
1994,0,3.61
1995,0,3.61
1996,0,3.61
1997,0,3.61
1998,0,3.61
1999,0,3.61
2000,0,3.61
2001,0,3.61
2002,0,3.61
2003,0,3.61
2004,0,3.61
2005,0,3.61
2006,0,3.61
2007,0,3.61
2008,0,3.61
2009,0,3.61
2010,0,3.61
2011,0,3.61
2012,0,3.61
2013,0,3.61
2014,0,3.61
2015,0,3.61
2016,0,3.61
2017,0,3.61
2018,0,3.61
2019,0,3.61
2020,0,3.61
2021,0,3.61
2022,0,3.61
2023,0,3.61
2024,0,3.61
2025,0,3.61
2026,0,3.61
2027,0,3.61
2028,0,3.61
2029,0,3.61
2030,0,3.61
2031,0,3.61
2032,0,3.61
2033,0,3.61
2034,0,3.61
2035,0,3.61
2036,0,3.61
2037,0,3.61
2038,0,3.61
2039,0,3.61
2040,0,3.61
2041,0,3.61
2042,0,3.61
2043,0,3.61
2044,0,3.61
2045,0,3.61
2046,0,3.61
2047,0,3.61
2048,0,3.61
2049,0,3.61
2050,0,3.61
2051,0,3.61
2052,0,3.61
2053,0,3.61
2054,0,3.61
2055,0,3.61
2056,0,3.61
2057,0,3.61
2058,0,3.61
2059,0,3.61
2060,0,3.61
2061,0,3.61
2062,0,3.61
2063,0,3.61
2064,0,3.61
2065,0,3.61
2066,0,3.61
2067,0,3.61
2068,0,3.61
2069,0,3.61
2070,0,3.61
2071,0,3.61
2072,0,3.61
2073,0,3.61
2074,0,3.61
2075,0,3.61
2076,0,3.61
2077,0,3.61
2078,0,3.61
2079,0,3.61
2080,0,3.61
2081,0,3.61
2082,0,3.61
2083,0,3.61
2084,0,3.61
2085,0,3.61
2086,0,3.61
2087,0,3.61
2088,0,3.61
2089,0,3.61
2090,0,3.61
2091,0,3.61
2092,0,3.61
2093,0,3.61
2094,0,3.61
2095,0,3.61
2096,0,3.61
2097,0,3.61
2098,0,3.61
2099,0,3.61
2100,0,3.61
2101,0,3.61
2102,0,3.61
2103,0,3.61
2104,0,3.61
2105,0,3.61
2106,0,3.61
2107,0,3.61
2108,0,3.61
2109,0,3.61
2110,0,3.61
2111,0,3.61
2112,0,3.61
2113,0,3.61
2114,0,3.61
2115,0,3.61
2116,0,3.61
2117,0,3.61
2118,0,3.61
2119,0,3.61
2120,0,3.61
2121,0,3.61
2122,0,3.61
2123,0,3.61
2124,0,3.61
2125,0,3.61
2126,0,3.61
2127,0,3.61
2128,0,3.61
2129,0,3.61
2130,0,3.61
2131,0,3.61
2132,0,3.61
2133,0,3.61
2134,0,3.61
2135,0,3.61
2136,0,3.61
2137,0,3.61
2138,0,3.61
2139,0,3.61
2140,0,3.61
2141,0,3.61
2142,0,3.61
2143,0,3.61
2144,0,3.61
2145,0,3.61
2146,0,3.61
2147,0,3.61
2148,0,3.61
2149,0,3.61
2150,0,3.61
2151,0,3.61
2152,0,3.61
2153,0,3.61
2154,0,3.61
2155,0,3.61
2156,0,3.61
2157,0,3.61
2158,0,3.61
2159,0,3.61
2160,0,3.61
2161,0,3.61
2162,0,3.61
2163,0,3.61
2164,0,3.61
2165,0,3.61
2166,0,3.61
2167,0,3.61
2168,0,3.61
2169,0,3.61
2170,0,3.61
2171,0,3.61
2172,0,3.61
2173,0,3.61
2174,0,3.61
2175,0,3.61
2176,0,3.61
2177,0,3.61
2178,0,3.61
2179,0,3.61
2180,0,3.61
2181,0,3.61
2182,0,3.61
2183,0,3.61
2184,0,3.61
2185,0,3.61
2186,0,3.61
2187,0,3.61
2188,0,3.61
2189,0,3.61
2190,0,3.61
2191,0,3.61
2192,0,3.61
2193,0,3.61
2194,0,3.61
2195,0,3.61
2196,0,3.61
2197,0,3.61
2198,0,3.61
2199,0,3.61
2200,0,3.61
2201,0,3.61
2202,0,3.61
2203,0,3.61
2204,0,3.61
2205,0,3.61
2206,0,3.61
2207,0,3.61
2208,0,3.61
2209,0,3.61
2210,0,3.61
2211,0,3.61
2212,0,3.61
2213,0,3.61
2214,0,3.61
2215,0,3.61
2216,0,3.61
2217,0,3.61
2218,0,3.61
2219,0,3.61
2220,0,3.61
2221,0,3.61
2222,0,3.61
2223,0,3.61
2224,0,3.61
2225,0,3.61
2226,0,3.61
2227,0,3.61
2228,0,3.61
2229,0,3.61
2230,0,3.61
2231,0,3.61
2232,0,3.61
2233,0,3.61
2234,0,3.61
2235,0,3.61
2236,0,3.61
2237,0,3.61
2238,0,3.61
2239,0,3.61
2240,0,3.61
2241,0,3.61
2242,0,3.61
2243,0,3.61
2244,0,3.61
2245,0,3.61
2246,0,3.61
2247,0,3.61
2248,0,3.61
2249,0,3.61
2250,0,3.61
2251,0,3.61
2252,0,3.61
2253,0,3.61
2254,0,3.61
2255,0,3.61
2256,0,3.61
2257,0,3.61
2258,0,3.61
2259,0,3.61
2260,0,3.61
2261,0,3.61
2262,0,3.61
2263,0,3.61
2264,0,3.61
2265,0,3.61
2266,0,3.61
2267,0,3.61
2268,0,3.61
2269,0,3.61
2270,0,3.61
2271,0,3.61
2272,0,3.61
2273,0,3.61
2274,0,3.61
2275,0,3.61
2276,0,3.61
2277,0,3.61
2278,0,3.61
2279,0,3.61
2280,0,3.61
2281,0,3.61
2282,0,3.61
2283,0,3.61
2284,0,3.61
2285,0,3.61
2286,0,3.61
2287,0,3.61
2288,0,3.61
2289,0,3.61
2290,0,3.61
2291,0,3.61
2292,0,3.61
2293,0,3.61
2294,0,3.61
2295,0,3.61
2296,0,3.61
2297,0,3.61
2298,0,3.61
2299,0,3.61
2300,0,3.61
2301,0,3.61
2302,0,3.61
2303,0,3.61
2304,0,3.61
2305,0,3.61
2306,0,3.61
2307,0,3.61
2308,0,3.61
2309,0,3.61
2310,0,3.61
2311,0,3.61
2312,0,3.61
2313,0,3.61
2314,0,3.61
2315,0,3.61
2316,0,3.61
2317,0,3.61
2318,0,3.61
2319,0,3.61
2320,0,3.61
2321,0,3.61
2322,0,3.61
2323,0,3.61
2324,0,3.61
2325,0,3.61
2326,0,3.61
2327,0,3.61
2328,0,3.61
2329,0,3.61
2330,0,3.61
2331,0,3.61
2332,0,3.61
2333,0,3.61
2334,0,3.61
2335,0,3.61
2336,0,3.61
2337,0,3.61
2338,0,3.61
2339,0,3.61
2340,0,3.61
2341,0,3.61
2342,0,3.61
2343,0,3.61
2344,0,3.61
2345,0,3.61
2346,0,3.61
2347,0,3.61
2348,0,3.61
2349,0,3.61
2350,0,3.61
2351,0,3.61
2352,0,3.61
2353,0,3.61
2354,0,3.61
2355,0,3.61
2356,0,3.61
2357,0,3.61
2358,0,3.61
2359,0,3.61
2360,0,3.61
2361,0,3.61
2362,0,3.61
2363,0,3.61
2364,0,3.61
2365,0,3.61
2366,0,3.61
2367,0,3.61
2368,0,3.61
2369,0,3.61
2370,0,3.61
2371,0,3.61
2372,0,3.61
2373,0,3.61
2374,0,3.61
2375,0,3.61
2376,0,3.61
2377,0,3.61
2378,0,3.61
2379,0,3.61
2380,0,3.61
2381,0,3.61
2382,0,3.61
2383,0,3.61
2384,0,3.61
2385,0,3.61
2386,0,3.61
2387,0,3.61
2388,0,3.61
2389,0,3.61
2390,0,3.61
2391,0,3.61
2392,0,3.61
2393,0,3.61
2394,0,3.61
2395,0,3.61
2396,0,3.61
2397,0,3.61
2398,0,3.61
2399,0,3.61
2400,0,3.61
2401,0,3.61
2402,0,3.61
2403,0,3.61
2404,0,3.61
2405,0,3.61
2406,0,3.61
2407,0,3.61
2408,0,3.61
2409,0,3.61
2410,0,3.61
2411,0,3.61
2412,0,3.61
2413,0,3.61
2414,0,3.61
2415,0,3.61
2416,0,3.61
2417,0,3.61
2418,0,3.61
2419,0,3.61
2420,0,3.61
2421,0,3.61
2422,0,3.61
2423,0,3.61
2424,0,3.61
2425,0,3.61
2426,0,3.61
2427,0,3.61
2428,0,3.61
2429,0,3.61
2430,0,3.61
2431,0,3.61
2432,0,3.61
2433,0,3.61
2434,0,3.61
2435,0,3.61
2436,0,3.61
2437,0,3.61
2438,0,3.61
2439,0,3.61
2440,0,3.61
2441,0,3.61
2442,0,3.61
2443,0,3.61
2444,0,3.61
2445,0,3.61
2446,0,3.61
2447,0,3.61
2448,0,3.61
2449,0,3.61
2450,0,3.61
2451,0,3.61
2452,0,3.61
2453,0,3.61
2454,0,3.61
2455,0,3.61
2456,0,3.61
2457,0,3.61
2458,0,3.61
2459,0,3.61
2460,0,3.61
2461,0,3.61
2462,0,3.61
2463,0,3.61
2464,0,3.61
2465,0,3.61
2466,0,3.61
2467,0,3.61
2468,0,3.61
2469,0,3.61
2470,0,3.61
2471,0,3.61
2472,0,3.61
2473,0,3.61
2474,0,3.61
2475,0,3.61
2476,0,3.61
2477,0,3.61
2478,0,3.61
2479,0,3.61
2480,0,3.61
2481,0,3.61
2482,0,3.61
2483,0,3.61
2484,0,3.61
2485,0,3.61
2486,0,3.61
2487,0,3.61
2488,0,3.61
2489,0,3.61
2490,0,3.61
2491,0,3.61
2492,0,3.61
2493,0,3.61
2494,0,3.61
2495,0,3.61
2496,0,3.61
2497,0,3.61
2498,0,3.61
2499,0,3.61
2500,0,3.61
2501,0,3.61
2502,0,3.61
2503,0,3.61
2504,0,3.61
2505,0,3.61
2506,0,3.61
2507,0,3.61
2508,0,3.61
2509,0,3.61
2510,0,3.61
2511,0,3.61
2512,0,3.61
2513,0,3.61
2514,0,3.61
2515,0,3.61
2516,0,3.61
2517,0,3.61
2518,0,3.61
2519,0,3.61
2520,0,3.61
2521,0,3.61
2522,0,3.61
2523,0,3.61
2524,0,3.61
2525,0,3.61
2526,0,3.61
2527,0,3.61
2528,0,3.61
2529,0,3.61
2530,0,3.61
2531,0,3.61
2532,0,3.61
2533,0,3.61
2534,0,3.61
2535,0,3.61
2536,0,3.61
2537,0,3.61
2538,0,3.61
2539,0,3.61
2540,0,3.61
2541,0,3.61
2542,0,3.61
2543,0,3.61
2544,0,3.61
2545,0,3.61
2546,0,3.61
2547,0,3.61
2548,0,3.61
2549,0,3.61
2550,0,3.61
2551,0,3.61
2552,0,3.61
2553,0,3.61
2554,0,3.61
2555,0,3.61
2556,0,3.61
2557,0,3.61
2558,0,3.61
2559,0,3.61
2560,0,3.61
2561,0,3.61
2562,0,3.61
2563,0,3.61
2564,0,3.61
2565,0,3.61
2566,0,3.61
2567,0,3.61
2568,0,3.61
2569,0,3.61
2570,0,3.61
2571,0,3.61
2572,0,3.61
2573,0,3.61
2574,0,3.61
2575,0,3.61
2576,0,3.61
2577,0,3.61
2578,0,3.61
2579,0,3.61
2580,0,3.61
2581,0,3.61
2582,0,3.61
2583,0,3.61
2584,0,3.61
2585,0,3.61
2586,0,3.61
2587,0,3.61
2588,0,3.61
2589,0,3.61
2590,0,3.61
2591,0,3.61
2592,0,3.61
2593,0,3.61
2594,0,3.61
2595,0,3.61
2596,0,3.61
2597,0,3.61
2598,0,3.61
2599,0,3.61
2600,0,3.61
2601,0,3.61
2602,0,3.61
2603,0,3.61
2604,0,3.61
2605,0,3.61
2606,0,3.61
2607,0,3.61
2608,0,3.61
2609,0,3.61
2610,0,3.61
2611,0,3.61
2612,0,3.61
2613,0,3.61
2614,0,3.61
2615,0,3.61
2616,0,3.61
2617,0,3.61
2618,0,3.61
2619,0,3.61
2620,0,3.61
2621,0,3.61
2622,0,3.61
2623,0,3.61
2624,0,3.61
2625,0,3.61
2626,0,3.61
2627,0,3.61
2628,0,3.61
2629,0,3.61
2630,0,3.61
2631,0,3.61
2632,0,3.61
2633,0,3.61
2634,0,3.61
2635,0,3.61
2636,0,3.61
2637,0,3.61
2638,0,3.61
2639,0,3.61
2640,0,3.61
2641,0,3.61
2642,0,3.61
2643,0,3.61
2644,0,3.61
2645,0,3.61
2646,0,3.61
2647,0,3.61
2648,0,3.61
2649,0,3.61
2650,0,3.61
2651,0,3.61
2652,0,3.61
2653,0,3.61
2654,0,3.61
2655,0,3.61
2656,0,3.61
2657,0,3.61
2658,0,3.61
2659,0,3.61
2660,0,3.61
2661,0,3.61
2662,0,3.61
2663,0,3.61
2664,0,3.61
2665,0,3.61
2666,0,3.61
2667,0,3.61
2668,0,3.61
2669,0,3.61
2670,0,3.61
2671,0,3.61
2672,0,3.61
2673,0,3.61
2674,0,3.61
2675,0,3.61
2676,0,3.61
2677,0,3.61
2678,0,3.61
2679,0,3.61
2680,0,3.61
2681,0,3.61
2682,0,3.61
2683,0,3.61
2684,0,3.61
2685,0,3.61
2686,0,3.61
2687,0,3.61
2688,0,3.61
2689,0,3.61
2690,0,3.61
2691,0,3.61
2692,0,3.61
2693,0,3.61
2694,0,3.61
2695,0,3.61
2696,0,3.61
2697,0,3.61
2698,0,3.61
2699,0,3.61
2700,0,3.61
2701,0,3.61
2702,0,3.61
2703,0,3.61
2704,0,3.61
2705,0,3.61
2706,0,3.61
2707,0,3.61
2708,0,3.61
2709,0,3.61
2710,0,3.61
2711,0,3.61
2712,0,3.61
2713,0,3.61
2714,0,3.61
2715,0,3.61
2716,0,3.61
2717,0,3.61
2718,0,3.61
2719,0,3.61
2720,0,3.61
2721,0,3.61
2722,0,3.61
2723,0,3.61
2724,0,3.61
2725,0,3.61
2726,0,3.61
2727,0,3.61
2728,0,3.61
2729,0,3.61
2730,0,3.61
2731,0,3.61
2732,0,3.61
2733,0,3.61
2734,0,3.61
2735,0,3.61
2736,0,3.61
2737,0,3.61
2738,0,3.61
2739,0,3.61
2740,0,3.61
2741,0,3.61
2742,0,3.61
2743,0,3.61
2744,0,3.61
2745,0,3.61
2746,0,3.61
2747,0,3.61
2748,0,3.61
2749,0,3.61
2750,0,3.61
2751,0,3.61
2752,0,3.61
2753,0,3.61
2754,0,3.61
2755,0,3.61
2756,0,3.61
2757,0,3.61
2758,0,3.61
2759,0,3.61
2760,0,3.61
2761,0,3.61
2762,0,3.61
2763,0,3.61
2764,0,3.61
2765,0,3.61
2766,0,3.61
2767,0,3.61
2768,0,3.61
2769,0,3.61
2770,0,3.61
2771,0,3.61
2772,0,3.61
2773,0,3.61
2774,0,3.61
2775,0,3.61
2776,0,3.61
2777,0,3.61
2778,0,3.61
2779,0,3.61
2780,0,3.61
2781,0,3.61
2782,0,3.61
2783,0,3.61
2784,0,3.61
2785,0,3.61
2786,0,3.61
2787,0,3.61
2788,0,3.61
2789,0,3.61
2790,0,3.61
2791,0,3.61
2792,0,3.61
2793,0,3.61
2794,0,3.61
2795,0,3.61
2796,0,3.61
2797,0,3.61
2798,0,3.61
2799,0,3.61
2800,0,3.61
2801,0,3.61
2802,0,3.61
2803,0,3.61
2804,0,3.61
2805,0,3.61
2806,0,3.61
2807,0,3.61
2808,0,3.61
2809,0,3.61
2810,0,3.61
2811,0,3.61
2812,0,3.61
2813,0,3.61
2814,0,3.61
2815,0,3.61
2816,0,3.61
2817,0,3.61
2818,0,3.61
2819,0,3.61
2820,0,3.61
2821,0,3.61
2822,0,3.61
2823,0,3.61
2824,0,3.61
2825,0,3.61
2826,0,3.61
2827,0,3.61
2828,0,3.61
2829,0,3.61
2830,0,3.61
2831,0,3.61
2832,0,3.61
2833,0,3.61
2834,0,3.61
2835,0,3.61
2836,0,3.61
2837,0,3.61
2838,0,3.61
2839,0,3.61
2840,0,3.61
2841,0,3.61
2842,0,3.61
2843,0,3.61
2844,0,3.61
2845,0,3.61
2846,0,3.61
2847,0,3.61
2848,0,3.61
2849,0,3.61
2850,0,3.61
2851,0,3.61
2852,0,3.61
2853,0,3.61
2854,0,3.61
2855,0,3.61
2856,0,3.61
2857,0,3.61
2858,0,3.61
2859,0,3.61
2860,0,3.61
2861,0,3.61
2862,0,3.61
2863,0,3.61
2864,0,3.61
2865,0,3.61
2866,0,3.61
2867,0,3.61
2868,0,3.61
2869,0,3.61
2870,0,3.61
2871,0,3.61
2872,0,3.61
2873,0,3.61
2874,0,3.61
2875,0,3.61
2876,0,3.61
2877,0,3.61
2878,0,3.61
2879,0,3.61
2880,0,3.61
2881,0,3.61
2882,0,3.61
2883,0,3.61
2884,0,3.61
2885,0,3.61
2886,0,3.61
2887,0,3.61
2888,0,3.61
2889,0,3.61
2890,0,3.61
2891,0,3.61
2892,0,3.61
2893,0,3.61
2894,0,3.61
2895,0,3.61
2896,0,3.61
2897,0,3.61
2898,0,3.61
2899,0,3.61
2900,0,3.61
2901,0,3.61
2902,0,3.61
2903,0,3.61
2904,0,3.61
2905,0,3.61
2906,0,3.61
2907,0,3.61
2908,0,3.61
2909,0,3.61
2910,0,3.61
2911,0,3.61
2912,0,3.61
2913,0,3.61
2914,0,3.61
2915,0,3.61
2916,0,3.61
2917,0,3.61
2918,0,3.61
2919,0,3.61
2920,0,3.61
2921,0,3.61
2922,0,3.61
2923,0,3.61
2924,0,3.61
2925,0,3.61
2926,0,3.61
2927,0,3.61
2928,0,3.61
2929,0,3.61
2930,0,3.61
2931,0,3.61
2932,0,3.61
2933,0,3.61
2934,0,3.61
2935,0,3.61
2936,0,3.61
2937,0,3.61
2938,0,3.61
2939,0,3.61
2940,0,3.61
2941,0,3.61
2942,0,3.61
2943,0,3.61
2944,0,3.61
2945,0,3.61
2946,0,3.61
2947,0,3.61
2948,0,3.61
2949,0,3.61
2950,0,3.61
2951,0,3.61
2952,0,3.61
2953,0,3.61
2954,0,3.61
2955,0,3.61
2956,0,3.61
2957,0,3.61
2958,0,3.61
2959,0,3.61
2960,0,3.61
2961,0,3.61
2962,0,3.61
2963,0,3.61
2964,0,3.61
2965,0,3.61
2966,0,3.61
2967,0,3.61
2968,0,3.61
2969,0,3.61
2970,0,3.61
2971,0,3.61
2972,0,3.61
2973,0,3.61
2974,0,3.61
2975,0,3.61
2976,0,3.61
2977,0,3.61
2978,0,3.61
2979,0,3.61
2980,0,3.61
2981,0,3.61
2982,0,3.61
2983,0,3.61
2984,0,3.61
2985,0,3.61
2986,0,3.61
2987,0,3.61
2988,0,3.61
2989,0,3.61
2990,0,3.61
2991,0,3.61
2992,0,3.61
2993,0,3.61
2994,0,3.61
2995,0,3.61
2996,0,3.61
2997,0,3.61
2998,0,3.61
2999,0,3.61
3000,0,3.61
3001,0,3.61
3002,0,3.61
3003,0,3.61
3004,0,3.61
3005,0,3.61
3006,0,3.61
3007,0,3.61
3008,0,3.61
3009,0,3.61
3010,0,3.61
3011,0,3.61
3012,0,3.61
3013,0,3.61
3014,0,3.61
3015,0,3.61
3016,0,3.61
3017,0,3.61
3018,0,3.61
3019,0,3.61
3020,0,3.61
3021,0,3.61
3022,0,3.61
3023,0,3.61
3024,0,3.61
3025,0,3.61
3026,0,3.61
3027,0,3.61
3028,0,3.61
3029,0,3.61
3030,0,3.61
3031,0,3.61
3032,0,3.61
3033,0,3.61
3034,0,3.61
3035,0,3.61
3036,0,3.61
3037,0,3.61
3038,0,3.61
3039,0,3.61
3040,0,3.61
3041,0,3.61
3042,0,3.61
3043,0,3.61
3044,0,3.61
3045,0,3.61
3046,0,3.61
3047,0,3.61
3048,0,3.61
3049,0,3.61
3050,0,3.61
3051,0,3.61
3052,0,3.61
3053,0,3.61
3054,0,3.61
3055,0,3.61
3056,0,3.61
3057,0,3.61
3058,0,3.61
3059,0,3.61
3060,0,3.61
3061,0,3.61
3062,0,3.61
3063,0,3.61
3064,0,3.61
3065,0,3.61
3066,0,3.61
3067,0,3.61
3068,0,3.61
3069,0,3.61
3070,0,3.61
3071,0,3.61
3072,0,3.61
3073,0,3.61
3074,0,3.61
3075,0,3.61
3076,0,3.61
3077,0,3.61
3078,0,3.61
3079,0,3.61
3080,0,3.61
3081,0,3.61
3082,0,3.61
3083,0,3.61
3084,0,3.61
3085,0,3.61
3086,0,3.61
3087,0,3.61
3088,0,3.61
3089,0,3.61
3090,0,3.61
3091,0,3.61
3092,0,3.61
3093,0,3.61
3094,0,3.61
3095,0,3.61
3096,0,3.61
3097,0,3.61
3098,0,3.61
3099,0,3.61
3100,0,3.61
3101,0,3.61
3102,0,3.61
3103,0,3.61
3104,0,3.61
3105,0,3.61
3106,0,3.61
3107,0,3.61
3108,0,3.61
3109,0,3.61
3110,0,3.61
3111,0,3.61
3112,0,3.61
3113,0,3.61
3114,0,3.61
3115,0,3.61
3116,0,3.61
3117,0,3.61
3118,0,3.61
3119,0,3.61
3120,0,3.61
3121,0,3.61
3122,0,3.61
3123,0,3.61
3124,0,3.61
3125,0,3.61
3126,0,3.61
3127,0,3.61
3128,0,3.61
3129,0,3.61
3130,0,3.61
3131,0,3.61
3132,0,3.61
3133,0,3.61
3134,0,3.61
3135,0,3.61
3136,0,3.61
3137,0,3.61
3138,0,3.61
3139,0,3.61
3140,0,3.61
3141,0,3.61
3142,0,3.61
3143,0,3.61
3144,0,3.61
3145,0,3.61
3146,0,3.61
3147,0,3.61
3148,0,3.61
3149,0,3.61
3150,0,3.61
3151,0,3.61
3152,0,3.61
3153,0,3.61
3154,0,3.61
3155,0,3.61
3156,0,3.61
3157,0,3.61
3158,0,3.61
3159,0,3.61
3160,0,3.61
3161,0,3.61
3162,0,3.61
3163,0,3.61
3164,0,3.61
3165,0,3.61
3166,0,3.61
3167,0,3.61
3168,0,3.61
3169,0,3.61
3170,0,3.61
3171,0,3.61
3172,0,3.61
3173,0,3.61
3174,0,3.61
3175,0,3.61
3176,0,3.61
3177,0,3.61
3178,0,3.61
3179,0,3.61
3180,0,3.61
3181,0,3.61
3182,0,3.61
3183,0,3.61
3184,0,3.61
3185,0,3.61
3186,0,3.61
3187,0,3.61
3188,0,3.61
3189,0,3.61
3190,0,3.61
3191,0,3.61
3192,0,3.61
3193,0,3.61
3194,0,3.61
3195,0,3.61
3196,0,3.61
3197,0,3.61
3198,0,3.61
3199,0,3.61
3200,0,3.61
3201,0,3.61
3202,0,3.61
3203,0,3.61
3204,0,3.61
3205,0,3.61
3206,0,3.61
3207,0,3.61
3208,0,3.61
3209,0,3.61
3210,0,3.61
3211,0,3.61
3212,0,3.61
3213,0,3.61
3214,0,3.61
3215,0,3.61
3216,0,3.61
3217,0,3.61
3218,0,3.61
3219,0,3.61
3220,0,3.61
3221,0,3.61
3222,0,3.61
3223,0,3.61
3224,0,3.61
3225,0,3.61
3226,0,3.61
3227,0,3.61
3228,0,3.61
3229,0,3.61
3230,0,3.61
3231,0,3.61
3232,0,3.61
3233,0,3.61
3234,0,3.61
3235,0,3.61
3236,0,3.61
3237,0,3.61
3238,0,3.61
3239,0,3.61
3240,0,3.61
3241,0,3.61
3242,0,3.61
3243,0,3.61
3244,0,3.61
3245,0,3.61
3246,0,3.61
3247,0,3.61
3248,0,3.61
3249,0,3.61
3250,0,3.61
3251,0,3.61
3252,0,3.61
3253,0,3.61
3254,0,3.61
3255,0,3.61
3256,0,3.61
3257,0,3.61
3258,0,3.61
3259,0,3.61
3260,0,3.61
3261,0,3.61
3262,0,3.61
3263,0,3.61
3264,0,3.61
3265,0,3.61
3266,0,3.61
3267,0,3.61
3268,0,3.61
3269,0,3.61
3270,0,3.61
3271,0,3.61
3272,0,3.61
3273,0,3.61
3274,0,3.61
3275,0,3.61
3276,0,3.61
3277,0,3.61
3278,0,3.61
3279,0,3.61
3280,0,3.61
3281,0,3.61
3282,0,3.61
3283,0,3.61
3284,0,3.61
3285,0,3.61
3286,0,3.61
3287,0,3.61
3288,0,3.61
3289,0,3.61
3290,0,3.61
3291,0,3.61
3292,0,3.61
3293,0,3.61
3294,0,3.61
3295,0,3.61
3296,0,3.61
3297,0,3.61
3298,0,3.61
3299,0,3.61
3300,0,3.61
3301,0,3.61
3302,0,3.61
3303,0,3.61
3304,0,3.61
3305,0,3.61
3306,0,3.61
3307,0,3.61
3308,0,3.61
3309,0,3.61
3310,0,3.61
3311,0,3.61
3312,0,3.61
3313,0,3.61
3314,0,3.61
3315,0,3.61
3316,0,3.61
3317,0,3.61
3318,0,3.61
3319,0,3.61
3320,0,3.61
3321,0,3.61
3322,0,3.61
3323,0,3.61
3324,0,3.61
3325,0,3.61
3326,0,3.61
3327,0,3.61
3328,0,3.61
3329,0,3.61
3330,0,3.61
3331,0,3.61
3332,0,3.61
3333,0,3.61
3334,0,3.61
3335,0,3.61
3336,0,3.61
3337,0,3.61
3338,0,3.61
3339,0,3.61
3340,0,3.61
3341,0,3.61
3342,0,3.61
3343,0,3.61
3344,0,3.61
3345,0,3.61
3346,0,3.61
3347,0,3.61
3348,0,3.61
3349,0,3.61
3350,0,3.61
3351,0,3.61
3352,0,3.61
3353,0,3.61
3354,0,3.61
3355,0,3.61
3356,0,3.61
3357,0,3.61
3358,0,3.61
3359,0,3.61
3360,0,3.61
3361,0,3.61
3362,0,3.61
3363,0,3.61
3364,0,3.61
3365,0,3.61
3366,0,3.61
3367,0,3.61
3368,0,3.61
3369,0,3.61
3370,0,3.61
3371,0,3.61
3372,0,3.61
3373,0,3.61
3374,0,3.61
3375,0,3.61
3376,0,3.61
3377,0,3.61
3378,0,3.61
3379,0,3.61
3380,0,3.61
3381,0,3.61
3382,0,3.61
3383,0,3.61
3384,0,3.61
3385,0,3.61
3386,0,3.61
3387,0,3.61
3388,0,3.61
3389,0,3.61
3390,0,3.61
3391,0,3.61
3392,0,3.61
3393,0,3.61
3394,0,3.61
3395,0,3.61
3396,0,3.61
3397,0,3.61
3398,0,3.61
3399,0,3.61
3400,0,3.61
3401,0,3.61
3402,0,3.61
3403,0,3.61
3404,0,3.61
3405,0,3.61
3406,0,3.61
3407,0,3.61
3408,0,3.61
3409,0,3.61
3410,0,3.61
3411,0,3.61
3412,0,3.61
3413,0,3.61
3414,0,3.61
3415,0,3.61
3416,0,3.61
3417,0,3.61
3418,0,3.61
3419,0,3.61
3420,0,3.61
3421,0,3.61
3422,0,3.61
3423,0,3.61
3424,0,3.61
3425,0,3.61
3426,0,3.61
3427,0,3.61
3428,0,3.61
3429,0,3.61
3430,0,3.61
3431,0,3.61
3432,0,3.61
3433,0,3.61
3434,0,3.61
3435,0,3.61
3436,0,3.61
3437,0,3.61
3438,0,3.61
3439,0,3.61
3440,0,3.61
3441,0,3.61
3442,0,3.61
3443,0,3.61
3444,0,3.61
3445,0,3.61
3446,0,3.61
3447,0,3.61
3448,0,3.61
3449,0,3.61
3450,0,3.61
3451,0,3.61
3452,0,3.61
3453,0,3.61
3454,0,3.61
3455,0,3.61
3456,0,3.61
3457,0,3.61
3458,0,3.61
3459,0,3.61
3460,0,3.61
3461,0,3.61
3462,0,3.61
3463,0,3.61
3464,0,3.61
3465,0,3.61
3466,0,3.61
3467,0,3.61
3468,0,3.61
3469,0,3.61
3470,0,3.61
3471,0,3.61
3472,0,3.61
3473,0,3.61
3474,0,3.61
3475,0,3.61
3476,0,3.61
3477,0,3.61
3478,0,3.61
3479,0,3.61
3480,0,3.61
3481,0,3.61
3482,0,3.61
3483,0,3.61
3484,0,3.61
3485,0,3.61
3486,0,3.61
3487,0,3.61
3488,0,3.61
3489,0,3.61
3490,0,3.61
3491,0,3.61
3492,0,3.61
3493,0,3.61
3494,0,3.61
3495,0,3.61
3496,0,3.61
3497,0,3.61
3498,0,3.61
3499,0,3.61
3500,0,3.61
3501,0,3.61
3502,0,3.61
3503,0,3.61
3504,0,3.61
3505,0,3.61
3506,0,3.61
3507,0,3.61
3508,0,3.61
3509,0,3.61
3510,0,3.61
3511,0,3.61
3512,0,3.61
3513,0,3.61
3514,0,3.61
3515,0,3.61
3516,0,3.61
3517,0,3.61
3518,0,3.61
3519,0,3.61
3520,0,3.61
3521,0,3.61
3522,0,3.61
3523,0,3.61
3524,0,3.61
3525,0,3.61
3526,0,3.61
3527,0,3.61
3528,0,3.61
3529,0,3.61
3530,0,3.61
3531,0,3.61
3532,0,3.61
3533,0,3.61
3534,0,3.61
3535,0,3.61
3536,0,3.61
3537,0,3.61
3538,0,3.61
3539,0,3.61
3540,0,3.61
3541,0,3.61
3542,0,3.61
3543,0,3.61
3544,0,3.61
3545,0,3.61
3546,0,3.61
3547,0,3.61
3548,0,3.61
3549,0,3.61
3550,0,3.61
3551,0,3.61
3552,0,3.61
3553,0,3.61
3554,0,3.61
3555,0,3.61
3556,0,3.61
3557,0,3.61
3558,0,3.61
3559,0,3.61
3560,0,3.61
3561,0,3.61
3562,0,3.61
3563,0,3.61
3564,0,3.61
3565,0,3.61
3566,0,3.61
3567,0,3.61
3568,0,3.61
3569,0,3.61
3570,0,3.61
3571,0,3.61
3572,0,3.61
3573,0,3.61
3574,0,3.61
3575,0,3.61
3576,0,3.61
3577,0,3.61
3578,0,3.61
3579,0,3.61
3580,0,3.61
3581,0,3.61
3582,0,3.61
3583,0,3.61
3584,0,3.61
3585,0,3.61
3586,0,3.61
3587,0,3.61
3588,0,3.61
3589,0,3.61
3590,0,3.61
3591,0,3.61
3592,0,3.61
3593,0,3.61
3594,0,3.61
3595,0,3.61
3596,0,3.61
3597,0,3.61
3598,0,3.61
3599,0,3.61
3600,0,3.61
3601,0,3.61
3602,0,3.61
3603,0,3.61
3604,0,3.61
3605,0,3.61
3606,0,3.61
3607,0,3.61
3608,0,3.61
3609,0,3.61
3610,0,3.61
3611,0,3.61
3612,0,3.61
3613,0,3.61
3614,0,3.61
3615,0,3.61
3616,0,3.61
3617,0,3.61
3618,0,3.61
3619,0,3.61
3620,0,3.61
3621,0,3.61
3622,0,3.61
3623,0,3.61
3624,0,3.61
3625,0,3.61
3626,0,3.61
3627,0,3.61
3628,0,3.61
3629,0,3.61
3630,0,3.61
3631,0,3.61
3632,0,3.61
3633,0,3.61
3634,0,3.61
3635,0,3.61
3636,0,3.61
3637,0,3.61
3638,0,3.61
3639,0,3.61
3640,0,3.61
3641,0,3.61
3642,0,3.61
3643,0,3.61
3644,0,3.61
3645,0,3.61
3646,0,3.61
3647,0,3.61
3648,0,3.61
3649,0,3.61
3650,0,3.61
3651,0,3.61
3652,0,3.61
3653,0,3.61
3654,0,3.61
3655,0,3.61
3656,0,3.61
3657,0,3.61
3658,0,3.61
3659,0,3.61
3660,0,3.61
3661,0,3.61
3662,0,3.61
3663,0,3.61
3664,0,3.61
3665,0,3.61
3666,0,3.61
3667,0,3.61
3668,0,3.61
3669,0,3.61
3670,0,3.61
3671,0,3.61
3672,0,3.61
3673,0,3.61
3674,0,3.61
3675,0,3.61
3676,0,3.61
3677,0,3.61
3678,0,3.61
3679,0,3.61
3680,0,3.61
3681,0,3.61
3682,0,3.61
3683,0,3.61
3684,0,3.61
3685,0,3.61
3686,0,3.61
3687,0,3.61
3688,0,3.61
3689,0,3.61
3690,0,3.61
3691,0,3.61
3692,0,3.61
3693,0,3.61
3694,0,3.61
3695,0,3.61
3696,0,3.61
3697,0,3.61
3698,0,3.61
3699,0,3.61
3700,0,3.61
3701,0,3.61
3702,0,3.61
3703,0,3.61
3704,0,3.61
3705,0,3.61
3706,0,3.61
3707,0,3.61
3708,0,3.61
3709,0,3.61
3710,0,3.61
3711,0,3.61
3712,0,3.61
3713,0,3.61
3714,0,3.61
3715,0,3.61
3716,0,3.61
3717,0,3.61
3718,0,3.61
3719,0,3.61
3720,0,3.61
3721,0,3.61
3722,0,3.61
3723,0,3.61
3724,0,3.61
3725,0,3.61
3726,0,3.61
3727,0,3.61
3728,0,3.61
3729,0,3.61
3730,0,3.61
3731,0,3.61
3732,0,3.61
3733,0,3.61
3734,0,3.61
3735,0,3.61
3736,0,3.61
3737,0,3.61
3738,0,3.61
3739,0,3.61
3740,0,3.61
3741,0,3.61
3742,0,3.61
3743,0,3.61
3744,0,3.61
3745,0,3.61
3746,0,3.61
3747,0,3.61
3748,0,3.61
3749,0,3.61
3750,0,3.61
3751,0,3.61
3752,0,3.61
3753,0,3.61
3754,0,3.61
3755,0,3.61
3756,0,3.61
3757,0,3.61
3758,0,3.61
3759,0,3.61
3760,0,3.61
3761,0,3.61
3762,0,3.61
3763,0,3.61
3764,0,3.61
3765,0,3.61
3766,0,3.61
3767,0,3.61
3768,0,3.61
3769,0,3.61
3770,0,3.61
3771,0,3.61
3772,0,3.61
3773,0,3.61
3774,0,3.61
3775,0,3.61
3776,0,3.61
3777,0,3.61
3778,0,3.61
3779,0,3.61
3780,0,3.61
3781,0,3.61
3782,0,3.61
3783,0,3.61
3784,0,3.61
3785,0,3.61
3786,0,3.61
3787,0,3.61
3788,0,3.61
3789,0,3.61
3790,0,3.61
3791,0,3.61
3792,0,3.61
3793,0,3.61
3794,0,3.61
3795,0,3.61
3796,0,3.61
3797,0,3.61
3798,0,3.61
3799,0,3.61
3800,0,3.61
3801,0,3.61
3802,0,3.61
3803,0,3.61
3804,0,3.61
3805,0,3.61
3806,0,3.61
3807,0,3.61
3808,0,3.61
3809,0,3.61
3810,0,3.61
3811,0,3.61
3812,0,3.61
3813,0,3.61
3814,0,3.61
3815,0,3.61
3816,0,3.61
3817,0,3.61
3818,0,3.61
3819,0,3.61
3820,0,3.61
3821,0,3.61
3822,0,3.61
3823,0,3.61
3824,0,3.61
3825,0,3.61
3826,0,3.61
3827,0,3.61
3828,0,3.61
3829,0,3.61
3830,0,3.61
3831,0,3.61
3832,0,3.61
3833,0,3.61
3834,0,3.61
3835,0,3.61
3836,0,3.61
3837,0,3.61
3838,0,3.61
3839,0,3.61
3840,0,3.61
3841,0,3.61
3842,0,3.61
3843,0,3.61
3844,0,3.61
3845,0,3.61
3846,0,3.61
3847,0,3.61
3848,0,3.61
3849,0,3.61
3850,0,3.61
3851,0,3.61
3852,0,3.61
3853,0,3.61
3854,0,3.61
3855,0,3.61
3856,0,3.61
3857,0,3.61
3858,0,3.61
3859,0,3.61
3860,0,3.61
3861,0,3.61
3862,0,3.61
3863,0,3.61
3864,0,3.61
3865,0,3.61
3866,0,3.61
3867,0,3.61
3868,0,3.61
3869,0,3.61
3870,0,3.61
3871,0,3.61
3872,0,3.61
3873,0,3.61
3874,0,3.61
3875,0,3.61
3876,0,3.61
3877,0,3.61
3878,0,3.61
3879,0,3.61
3880,0,3.61
3881,0,3.61
3882,0,3.61
3883,0,3.61
3884,0,3.61
3885,0,3.61
3886,0,3.61
3887,0,3.61
3888,0,3.61
3889,0,3.61
3890,0,3.61
3891,0,3.61
3892,0,3.61
3893,0,3.61
3894,0,3.61
3895,0,3.61
3896,0,3.61
3897,0,3.61
3898,0,3.61
3899,0,3.61
3900,0,3.61
3901,0,3.61
3902,0,3.61
3903,0,3.61
3904,0,3.61
3905,0,3.61
3906,0,3.61
3907,0,3.61
3908,0,3.61
3909,0,3.61
3910,0,3.61
3911,0,3.61
3912,0,3.61
3913,0,3.61
3914,0,3.61
3915,0,3.61
3916,0,3.61
3917,0,3.61
3918,0,3.61
3919,0,3.61
3920,0,3.61
3921,0,3.61
3922,0,3.61
3923,0,3.61
3924,0,3.61
3925,0,3.61
3926,0,3.61
3927,0,3.61
3928,0,3.61
3929,0,3.61
3930,0,3.61
3931,0,3.61
3932,0,3.61
3933,0,3.61
3934,0,3.61
3935,0,3.61
3936,0,3.61
3937,0,3.61
3938,0,3.61
3939,0,3.61
3940,0,3.61
3941,0,3.61
3942,0,3.61
3943,0,3.61
3944,0,3.61
3945,0,3.61
3946,0,3.61
3947,0,3.61
3948,0,3.61
3949,0,3.61
3950,0,3.61
3951,0,3.61
3952,0,3.61
3953,0,3.61
3954,0,3.61
3955,0,3.61
3956,0,3.61
3957,0,3.61
3958,0,3.61
3959,0,3.61
3960,0,3.61
3961,0,3.61
3962,0,3.61
3963,0,3.61
3964,0,3.61
3965,0,3.61
3966,0,3.61
3967,0,3.61
3968,0,3.61
3969,0,3.61
3970,0,3.61
3971,0,3.61
3972,0,3.61
3973,0,3.61
3974,0,3.61
3975,0,3.61
3976,0,3.61
3977,0,3.61
3978,0,3.61
3979,0,3.61
3980,0,3.61
3981,0,3.61
3982,0,3.61
3983,0,3.61
3984,0,3.61
3985,0,3.61
3986,0,3.61
3987,0,3.61
3988,0,3.61
3989,0,3.61
3990,0,3.61
3991,0,3.61
3992,0,3.61
3993,0,3.61
3994,0,3.61
3995,0,3.61
3996,0,3.61
3997,0,3.61
3998,0,3.61
3999,0,3.61
4000,0,3.61
4001,0,3.61
4002,0,3.61
4003,0,3.61
4004,0,3.61
4005,0,3.61
4006,0,3.61
4007,0,3.61
4008,0,3.61
4009,0,3.61
4010,0,3.61
4011,0,3.61
4012,0,3.61
4013,0,3.61
4014,0,3.61
4015,0,3.61
4016,0,3.61
4017,0,3.61
4018,0,3.61
4019,0,3.61
4020,0,3.61
4021,0,3.61
4022,0,3.61
4023,0,3.61
4024,0,3.61
4025,0,3.61
4026,0,3.61
4027,0,3.61
4028,0,3.61
4029,0,3.61
4030,0,3.61
4031,0,3.61
4032,0,3.61
4033,0,3.61
4034,0,3.61
4035,0,3.61
4036,0,3.61
4037,0,3.61
4038,0,3.61
4039,0,3.61
4040,0,3.61
4041,0,3.61
4042,0,3.61
4043,0,3.61
4044,0,3.61
4045,0,3.61
4046,0,3.61
4047,0,3.61
4048,0,3.61
4049,0,3.61
4050,0,3.61
4051,0,3.61
4052,0,3.61
4053,0,3.61
4054,0,3.61
4055,0,3.61
4056,0,3.61
4057,0,3.61
4058,0,3.61
4059,0,3.61
4060,0,3.61
4061,0,3.61
4062,0,3.61
4063,0,3.61
4064,0,3.61
4065,0,3.61
4066,0,3.61
4067,0,3.61
4068,0,3.61
4069,0,3.61
4070,0,3.61
4071,0,3.61
4072,0,3.61
4073,0,3.61
4074,0,3.61
4075,0,3.61
4076,0,3.61
4077,0,3.61
4078,0,3.61
4079,0,3.61
4080,0,3.61
4081,0,3.61
4082,0,3.61
4083,0,3.61
4084,0,3.61
4085,0,3.61
4086,0,3.61
4087,0,3.61
4088,0,3.61
4089,0,3.61
4090,0,3.61
4091,0,3.61
4092,0,3.61
4093,0,3.61
4094,0,3.61
4095,0,3.61
4096,0,3.61
4097,0,3.61
4098,0,3.61
4099,0,3.61
4100,0,3.61
4101,0,3.61
4102,0,3.61
4103,0,3.61
4104,0,3.61
4105,0,3.61
4106,0,3.61
4107,0,3.61
4108,0,3.61
4109,0,3.61
4110,0,3.61
4111,0,3.61
4112,0,3.61
4113,0,3.61
4114,0,3.61
4115,0,3.61
4116,0,3.61
4117,0,3.61
4118,0,3.61
4119,0,3.61
4120,0,3.61
4121,0,3.61
4122,0,3.61
4123,0,3.61
4124,0,3.61
4125,0,3.61
4126,0,3.61
4127,0,3.61
4128,0,3.61
4129,0,3.61
4130,0,3.61
4131,0,3.61
4132,0,3.61
4133,0,3.61
4134,0,3.61
4135,0,3.61
4136,0,3.61
4137,0,3.61
4138,0,3.61
4139,0,3.61
4140,0,3.61
4141,0,3.61
4142,0,3.61
4143,0,3.61
4144,0,3.61
4145,0,3.61
4146,0,3.61
4147,0,3.61
4148,0,3.61
4149,0,3.61
4150,0,3.61
4151,0,3.61
4152,0,3.61
4153,0,3.61
4154,0,3.61
4155,0,3.61
4156,0,3.61
4157,0,3.61
4158,0,3.61
4159,0,3.61
4160,0,3.61
4161,0,3.61
4162,0,3.61
4163,0,3.61
4164,0,3.61
4165,0,3.61
4166,0,3.61
4167,0,3.61
4168,0,3.61
4169,0,3.61
4170,0,3.61
4171,0,3.61
4172,0,3.61
4173,0,3.61
4174,0,3.61
4175,0,3.61
4176,0,3.61
4177,0,3.61
4178,0,3.61
4179,0,3.61
4180,0,3.61
4181,0,3.61
4182,0,3.61
4183,0,3.61
4184,0,3.61
4185,0,3.61
4186,0,3.61
4187,0,3.61
4188,0,3.61
4189,0,3.61
4190,0,3.61
4191,0,3.61
4192,0,3.61
4193,0,3.61
4194,0,3.61
4195,0,3.61
4196,0,3.61
4197,0,3.61
4198,0,3.61
4199,0,3.61
4200,0,3.61
4201,0,3.61
4202,0,3.61
4203,0,3.61
4204,0,3.61
4205,0,3.61
4206,0,3.61
4207,0,3.61
4208,0,3.61
4209,0,3.61
4210,0,3.61
4211,0,3.61
4212,0,3.61
4213,0,3.61
4214,0,3.61
4215,0,3.61
4216,0,3.61
4217,0,3.61
4218,0,3.61
4219,0,3.61
4220,0,3.61
4221,0,3.61
4222,0,3.61
4223,0,3.61
4224,0,3.61
4225,0,3.61
4226,0,3.61
4227,0,3.61
4228,0,3.61
4229,0,3.61
4230,0,3.61
4231,0,3.61
4232,0,3.61
4233,0,3.61
4234,0,3.61
4235,0,3.61
4236,0,3.61
4237,0,3.61
4238,0,3.61
4239,0,3.61
4240,0,3.61
4241,0,3.61
4242,0,3.61
4243,0,3.61
4244,0,3.61
4245,0,3.61
4246,0,3.61
4247,0,3.61
4248,0,3.61
4249,0,3.61
4250,0,3.61
4251,0,3.61
4252,0,3.61
4253,0,3.61
4254,0,3.61
4255,0,3.61
4256,0,3.61
4257,0,3.61
4258,0,3.61
4259,0,3.61
4260,0,3.61
4261,0,3.61
4262,0,3.61
4263,0,3.61
4264,0,3.61
4265,0,3.61
4266,0,3.61
4267,0,3.61
4268,0,3.61
4269,0,3.61
4270,0,3.61
4271,0,3.61
4272,0,3.61
4273,0,3.61
4274,0,3.61
4275,0,3.61
4276,0,3.61
4277,0,3.61
4278,0,3.61
4279,0,3.61
4280,0,3.61
4281,0,3.61
4282,0,3.61
4283,0,3.61
4284,0,3.61
4285,0,3.61
4286,0,3.61
4287,0,3.61
4288,0,3.61
4289,0,3.61
4290,0,3.61
4291,0,3.61
4292,0,3.61
4293,0,3.61
4294,0,3.61
4295,0,3.61
4296,0,3.61
4297,0,3.61
4298,0,3.61
4299,0,3.61
4300,0,3.61
4301,0,3.61
4302,0,3.61
4303,0,3.61
4304,0,3.61
4305,0,3.61
4306,0,3.61
4307,0,3.61
4308,0,3.61
4309,0,3.61
4310,0,3.61
4311,0,3.61
4312,0,3.61
4313,0,3.61
4314,0,3.61
4315,0,3.61
4316,0,3.61
4317,0,3.61
4318,0,3.61
4319,0,3.61
4320,0,3.61
4321,0,3.61
4322,0,3.61
4323,0,3.61
4324,0,3.61
4325,0,3.61
4326,0,3.61
4327,0,3.61
4328,0,3.61
4329,0,3.61
4330,0,3.61
4331,0,3.61
4332,0,3.61
4333,0,3.61
4334,0,3.61
4335,0,3.61
4336,0,3.61
4337,0,3.61
4338,0,3.61
4339,0,3.61
4340,0,3.61
4341,0,3.61
4342,0,3.61
4343,0,3.61
4344,0,3.61
4345,0,3.61
4346,0,3.61
4347,0,3.61
4348,0,3.61
4349,0,3.61
4350,0,3.61
4351,0,3.61
4352,0,3.61
4353,0,3.61
4354,0,3.61
4355,0,3.61
4356,0,3.61
4357,0,3.61
4358,0,3.61
4359,0,3.61
4360,0,3.61
4361,0,3.61
4362,0,3.61
4363,0,3.61
4364,0,3.61
4365,0,3.61
4366,0,3.61
4367,0,3.61
4368,0,3.61
4369,0,3.61
4370,0,3.61
4371,0,3.61
4372,0,3.61
4373,0,3.61
4374,0,3.61
4375,0,3.61
4376,0,3.61
4377,0,3.61
4378,0,3.61
4379,0,3.61
4380,0,3.61
4381,0,3.61
4382,0,3.61
4383,0,3.61
4384,0,3.61
4385,0,3.61
4386,0,3.61
4387,0,3.61
4388,0,3.61
4389,0,3.61
4390,0,3.61
4391,0,3.61
4392,0,3.61
4393,0,3.61
4394,0,3.61
4395,0,3.61
4396,0,3.61
4397,0,3.61
4398,0,3.61
4399,0,3.61
4400,0,3.61
4401,0,3.61
4402,0,3.61
4403,0,3.61
4404,0,3.61
4405,0,3.61
4406,0,3.61
4407,0,3.61
4408,0,3.61
4409,0,3.61
4410,0,3.61
4411,0,3.61
4412,0,3.61
4413,0,3.61
4414,0,3.61
4415,0,3.61
4416,0,3.61
4417,0,3.61
4418,0,3.61
4419,0,3.61
4420,0,3.61
4421,0,3.61
4422,0,3.61
4423,0,3.61
4424,0,3.61
4425,0,3.61
4426,0,3.61
4427,0,3.61
4428,0,3.61
4429,0,3.61
4430,0,3.61
4431,0,3.61
4432,0,3.61
4433,0,3.61
4434,0,3.61
4435,0,3.61
4436,0,3.61
4437,0,3.61
4438,0,3.61
4439,0,3.61
4440,0,3.61
4441,0,3.61
4442,0,3.61
4443,0,3.61
4444,0,3.61
4445,0,3.61
4446,0,3.61
4447,0,3.61
4448,0,3.61
4449,0,3.61
4450,0,3.61
4451,0,3.61
4452,0,3.61
4453,0,3.61
4454,0,3.61
4455,0,3.61
4456,0,3.61
4457,0,3.61
4458,0,3.61
4459,0,3.61
4460,0,3.61
4461,0,3.61
4462,0,3.61
4463,0,3.61
4464,0,3.61
4465,0,3.61
4466,0,3.61
4467,0,3.61
4468,0,3.61
4469,0,3.61
4470,0,3.61
4471,0,3.61
4472,0,3.61
4473,0,3.61
4474,0,3.61
4475,0,3.61
4476,0,3.61
4477,0,3.61
4478,0,3.61
4479,0,3.61
4480,0,3.61
4481,0,3.61
4482,0,3.61
4483,0,3.61
4484,0,3.61
4485,0,3.61
4486,0,3.61
4487,0,3.61
4488,0,3.61
4489,0,3.61
4490,0,3.61
4491,0,3.61
4492,0,3.61
4493,0,3.61
4494,0,3.61
4495,0,3.61
4496,0,3.61
4497,0,3.61
4498,0,3.61
4499,0,3.61
4500,0,3.61
4501,0,3.61
4502,0,3.61
4503,0,3.61
4504,0,3.61
4505,0,3.61
4506,0,3.61
4507,0,3.61
4508,0,3.61
4509,0,3.61
4510,0,3.61
4511,0,3.61
4512,0,3.61
4513,0,3.61
4514,0,3.61
4515,0,3.61
4516,0,3.61
4517,0,3.61
4518,0,3.61
4519,0,3.61
4520,0,3.61
4521,0,3.61
4522,0,3.61
4523,0,3.61
4524,0,3.61
4525,0,3.61
4526,0,3.61
4527,0,3.61
4528,0,3.61
4529,0,3.61
4530,0,3.61
4531,0,3.61
4532,0,3.61
4533,0,3.61
4534,0,3.61
4535,0,3.61
4536,0,3.61
4537,0,3.61
4538,0,3.61
4539,0,3.61
4540,0,3.61
4541,0,3.61
4542,0,3.61
4543,0,3.61
4544,0,3.61
4545,0,3.61
4546,0,3.61
4547,0,3.61
4548,0,3.61
4549,0,3.61
4550,0,3.61
4551,0,3.61
4552,0,3.61
4553,0,3.61
4554,0,3.61
4555,0,3.61
4556,0,3.61
4557,0,3.61
4558,0,3.61
4559,0,3.61
4560,0,3.61
4561,0,3.61
4562,0,3.61
4563,0,3.61
4564,0,3.61
4565,0,3.61
4566,0,3.61
4567,0,3.61
4568,0,3.61
4569,0,3.61
4570,0,3.61
4571,0,3.61
4572,0,3.61
4573,0,3.61
4574,0,3.61
4575,0,3.61
4576,0,3.61
4577,0,3.61
4578,0,3.61
4579,0,3.61
4580,0,3.61
4581,0,3.61
4582,0,3.61
4583,0,3.61
4584,0,3.61
4585,0,3.61
4586,0,3.61
4587,0,3.61
4588,0,3.61
4589,0,3.61
4590,0,3.61
4591,0,3.61
4592,0,3.61
4593,0,3.61
4594,0,3.61
4595,0,3.61
4596,0,3.61
4597,0,3.61
4598,0,3.61
4599,0,3.61
4600,0,3.61
4601,0,3.61
4602,0,3.61
4603,0,3.61
4604,0,3.61
4605,0,3.61
4606,0,3.61
4607,0,3.61
4608,0,3.61
4609,0,3.61
4610,0,3.61
4611,0,3.61
4612,0,3.61
4613,0,3.61
4614,0,3.61
4615,0,3.61
4616,0,3.61
4617,0,3.61
4618,0,3.61
4619,0,3.61
4620,0,3.61
4621,0,3.61
4622,0,3.61
4623,0,3.61
4624,0,3.61
4625,0,3.61
4626,0,3.61
4627,0,3.61
4628,0,3.61
4629,0,3.61
4630,0,3.61
4631,0,3.61
4632,0,3.61
4633,0,3.61
4634,0,3.61
4635,0,3.61
4636,0,3.61
4637,0,3.61
4638,0,3.61
4639,0,3.61
4640,0,3.61
4641,0,3.61
4642,0,3.61
4643,0,3.61
4644,0,3.61
4645,0,3.61
4646,0,3.61
4647,0,3.61
4648,0,3.61
4649,0,3.61
4650,0,3.61
4651,0,3.61
4652,0,3.61
4653,0,3.61
4654,0,3.61
4655,0,3.61
4656,0,3.61
4657,0,3.61
4658,0,3.61
4659,0,3.61
4660,0,3.61
4661,0,3.61
4662,0,3.61
4663,0,3.61
4664,0,3.61
4665,0,3.61
4666,0,3.61
4667,0,3.61
4668,0,3.61
4669,0,3.61
4670,0,3.61
4671,0,3.61
4672,0,3.61
4673,0,3.61
4674,0,3.61
4675,0,3.61
4676,0,3.61
4677,0,3.61
4678,0,3.61
4679,0,3.61
4680,0,3.61
4681,0,3.61
4682,0,3.61
4683,0,3.61
4684,0,3.61
4685,0,3.61
4686,0,3.61
4687,0,3.61
4688,0,3.61
4689,0,3.61
4690,0,3.61
4691,0,3.61
4692,0,3.61
4693,0,3.61
4694,0,3.61
4695,0,3.61
4696,0,3.61
4697,0,3.61
4698,0,3.61
4699,0,3.61
4700,0,3.61
4701,0,3.61
4702,0,3.61
4703,0,3.61
4704,0,3.61
4705,0,3.61
4706,0,3.61
4707,0,3.61
4708,0,3.61
4709,0,3.61
4710,0,3.61
4711,0,3.61
4712,0,3.61
4713,0,3.61
4714,0,3.61
4715,0,3.61
4716,0,3.61
4717,0,3.61
4718,0,3.61
4719,0,3.61
4720,0,3.61
4721,0,3.61
4722,0,3.61
4723,0,3.61
4724,0,3.61
4725,0,3.61
4726,0,3.61
4727,0,3.61
4728,0,3.61
4729,0,3.61
4730,0,3.61
4731,0,3.61
4732,0,3.61
4733,0,3.61
4734,0,3.61
4735,0,3.61
4736,0,3.61
4737,0,3.61
4738,0,3.61
4739,0,3.61
4740,0,3.61
4741,0,3.61
4742,0,3.61
4743,0,3.61
4744,0,3.61
4745,0,3.61
4746,0,3.61
4747,0,3.61
4748,0,3.61
4749,0,3.61
4750,0,3.61
4751,0,3.61
4752,0,3.61
4753,0,3.61
4754,0,3.61
4755,0,3.61
4756,0,3.61
4757,0,3.61
4758,0,3.61
4759,0,3.61
4760,0,3.61
4761,0,3.61
4762,0,3.61
4763,0,3.61
4764,0,3.61
4765,0,3.61
4766,0,3.61
4767,0,3.61
4768,0,3.61
4769,0,3.61
4770,0,3.61
4771,0,3.61
4772,0,3.61
4773,0,3.61
4774,0,3.61
4775,0,3.61
4776,0,3.61
4777,0,3.61
4778,0,3.61
4779,0,3.61
4780,0,3.61
4781,0,3.61
4782,0,3.61
4783,0,3.61
4784,0,3.61
4785,0,3.61
4786,0,3.61
4787,0,3.61
4788,0,3.61
4789,0,3.61
4790,0,3.61
4791,0,3.61
4792,0,3.61
4793,0,3.61
4794,0,3.61
4795,0,3.61
4796,0,3.61
4797,0,3.61
4798,0,3.61
4799,0,3.61
4800,0,3.61
4801,0,3.61
4802,0,3.61
4803,0,3.61
4804,0,3.61
4805,0,3.61
4806,0,3.61
4807,0,3.61
4808,0,3.61
4809,0,3.61
4810,0,3.61
4811,0,3.61
4812,0,3.61
4813,0,3.61
4814,0,3.61
4815,0,3.61
4816,0,3.61
4817,0,3.61
4818,0,3.61
4819,0,3.61
4820,0,3.61
4821,0,3.61
4822,0,3.61
4823,0,3.61
4824,0,3.61
4825,0,3.61
4826,0,3.61
4827,0,3.61
4828,0,3.61
4829,0,3.61
4830,0,3.61
4831,0,3.61
4832,0,3.61
4833,0,3.61
4834,0,3.61
4835,0,3.61
4836,0,3.61
4837,0,3.61
4838,0,3.61
4839,0,3.61
4840,0,3.61
4841,0,3.61
4842,0,3.61
4843,0,3.61
4844,0,3.61
4845,0,3.61
4846,0,3.61
4847,0,3.61
4848,0,3.61
4849,0,3.61
4850,0,3.61
4851,0,3.61
4852,0,3.61
4853,0,3.61
4854,0,3.61
4855,0,3.61
4856,0,3.61
4857,0,3.61
4858,0,3.61
4859,0,3.61
4860,0,3.61
4861,0,3.61
4862,0,3.61
4863,0,3.61
4864,0,3.61
4865,0,3.61
4866,0,3.61
4867,0,3.61
4868,0,3.61
4869,0,3.61
4870,0,3.61
4871,0,3.61
4872,0,3.61
4873,0,3.61
4874,0,3.61
4875,0,3.61
4876,0,3.61
4877,0,3.61
4878,0,3.61
4879,0,3.61
4880,0,3.61
4881,0,3.61
4882,0,3.61
4883,0,3.61
4884,0,3.61
4885,0,3.61
4886,0,3.61
4887,0,3.61
4888,0,3.61
4889,0,3.61
4890,0,3.61
4891,0,3.61
4892,0,3.61
4893,0,3.61
4894,0,3.61
4895,0,3.61
4896,0,3.61
4897,0,3.61
4898,0,3.61
4899,0,3.61
4900,0,3.61
4901,0,3.61
4902,0,3.61
4903,0,3.61
4904,0,3.61
4905,0,3.61
4906,0,3.61
4907,0,3.61
4908,0,3.61
4909,0,3.61
4910,0,3.61
4911,0,3.61
4912,0,3.61
4913,0,3.61
4914,0,3.61
4915,0,3.61
4916,0,3.61
4917,0,3.61
4918,0,3.61
4919,0,3.61
4920,0,3.61
4921,0,3.61
4922,0,3.61
4923,0,3.61
4924,0,3.61
4925,0,3.61
4926,0,3.61
4927,0,3.61
4928,0,3.61
4929,0,3.61
4930,0,3.61
4931,0,3.61
4932,0,3.61
4933,0,3.61
4934,0,3.61
4935,0,3.61
4936,0,3.61
4937,0,3.61
4938,0,3.61
4939,0,3.61
4940,0,3.61
4941,0,3.61
4942,0,3.61
4943,0,3.61
4944,0,3.61
4945,0,3.61
4946,0,3.61
4947,0,3.61
4948,0,3.61
4949,0,3.61
4950,0,3.61
4951,0,3.61
4952,0,3.61
4953,0,3.61
4954,0,3.61
4955,0,3.61
4956,0,3.61
4957,0,3.61
4958,0,3.61
4959,0,3.61
4960,0,3.61
4961,0,3.61
4962,0,3.61
4963,0,3.61
4964,0,3.61
4965,0,3.61
4966,0,3.61
4967,0,3.61
4968,0,3.61
4969,0,3.61
4970,0,3.61
4971,0,3.61
4972,0,3.61
4973,0,3.61
4974,0,3.61
4975,0,3.61
4976,0,3.61
4977,0,3.61
4978,0,3.61
4979,0,3.61
4980,0,3.61
4981,0,3.61
4982,0,3.61
4983,0,3.61
4984,0,3.61
4985,0,3.61
4986,0.0719,3.61
4987,0.0719,3.61
4988,0.0719,3.61
4989,0.1346,3.61
4990,0.1346,3.61
4991,0.2287,3.61
4992,0.2918,3.61
4993,0.3158,3.61
4994,0.3818,3.61
4995,0.4257,3.61
4996,0.4957,3.61
4997,0.5463,3.61
4998,0.5463,3.61
4999,0.5463,3.61
5000,0.5463,3.61
5001,0.5463,3.61
5002,0.5463,3.61
5003,0.6052,3.61
5004,0.6229,3.61
5005,0.6229,3.61
5006,0.6229,3.61
5007,0.6229,3.61
5008,0.6465,3.61
5009,0.6465,3.61
5010,0.7068,3.61
5011,0.7122,3.61
5012,0.7122,3.61
5013,0.7662,3.61
5014,0.7662,3.61
5015,0.7662,3.61
5016,0.8496,3.61
5017,0.8827,3.61
5018,0.9302,3.61
5019,0.9302,3.61
5020,0.9646,3.61
5021,0.9856,3.61
5022,0.9856,3.61
5023,1.0326,3.61
5024,1.0326,3.61
5025,1.0639,3.61
5026,1.1267,3.61
5027,1.1267,3.61
5028,1.1267,3.61
5029,1.1267,3.61
5030,1.1267,3.61
5031,1.1423,3.61
5032,1.1496,3.61
5033,1.2088,3.61
5034,1.2563,3.61
5035,1.2563,3.61
5036,1.2986,3.61
5037,1.2986,3.61
5038,1.3154,3.61
5039,1.3154,3.61
5040,1.3269,3.61
5041,1.3765,3.61
5042,1.3765,3.61
5043,1.3765,3.61
5044,1.3866,3.61
5045,1.4046,3.61
5046,1.4046,3.61
5047,1.4046,3.61
5048,1.4046,3.61
5049,1.4123,3.61
5050,1.4692,3.61
5051,1.514,3.61
5052,1.5156,3.61
5053,1.5156,3.61
5054,1.5156,3.61
5055,1.5156,3.61
5056,1.5156,3.61
5057,1.5156,3.61
5058,1.5156,3.61
5059,1.5156,3.61
5060,1.5357,3.61
5061,1.5357,3.61
5062,1.5643,3.61
5063,1.5781,3.61
5064,1.5781,3.61
5065,1.5919,3.61
5066,1.5919,3.61
5067,1.5919,3.61
5068,1.6225,3.61
5069,1.6225,3.61
5070,1.6312,3.61
5071,1.6312,3.61
5072,1.6312,3.61
5073,1.6346,3.61
5074,1.6398,3.61
5075,1.6449,3.61
5076,1.693,3.61
5077,1.693,3.61
5078,1.7003,3.61
5079,1.7192,3.61
5080,1.7192,3.61
5081,1.7283,3.61
5082,1.7283,3.61
5083,1.7427,3.61
5084,1.7448,3.61
5085,1.7448,3.61
5086,1.7835,3.61
5087,1.7964,3.61
5088,1.8024,3.61
5089,1.8428,3.61
5090,1.8428,3.61
5091,1.8428,3.61
5092,1.8428,3.61
5093,1.8428,3.61
5094,1.8428,3.61
5095,1.8576,3.61
5096,1.8585,3.61
5097,1.8585,3.61
5098,1.8683,3.61
5099,1.8683,3.61
5100,1.8683,3.61
5101,1.8685,3.61
5102,1.8685,3.61
5103,1.8886,3.61
5104,1.8886,3.61
5105,1.8886,3.61
5106,1.8886,3.61
5107,1.8886,3.61
5108,1.8886,3.61
5109,1.8886,3.61
5110,1.8886,3.61
5111,1.9005,3.61
5112,1.9005,3.61
5113,1.9005,3.61
5114,1.9149,3.61
5115,1.9404,3.61
5116,1.9404,3.61
5117,1.9404,3.61
5118,1.9404,3.61
5119,1.9568,3.61
5120,1.9568,3.61
5121,1.9568,3.61
5122,1.9568,3.61
5123,1.9643,3.61
5124,1.9643,3.61
5125,1.9643,3.61
5126,1.9728,3.61
5127,1.9728,3.61
5128,1.9728,3.61
5129,1.9728,3.61
5130,1.9728,3.61
5131,1.9728,3.61
5132,1.9852,3.61
5133,1.9852,3.61
5134,2.0025,3.61
5135,2.0025,3.61
5136,2.0025,3.61
5137,2.0025,3.61
5138,2.0025,3.61
5139,2.0025,3.61
5140,2.0025,3.61
5141,2.0025,3.61
5142,2.0025,3.61
5143,2.0025,3.61
5144,2.0025,3.61
5145,2.0293,3.61
5146,2.0293,3.61
5147,2.0293,3.61
5148,2.0293,3.61
5149,2.0293,3.61
5150,2.0293,3.61
5151,2.0293,3.61
5152,2.0477,3.61
5153,2.0611,3.61
5154,2.0695,3.61
5155,2.0695,3.61
5156,2.0695,3.61
5157,2.0695,3.61
5158,2.0695,3.61
5159,2.0695,3.61
5160,2.0695,3.61
5161,2.0879,3.61
5162,2.1022,3.61
5163,2.1077,3.61
5164,2.1184,3.61
5165,2.1207,3.61
5166,2.1406,3.61
5167,2.1406,3.61
5168,2.1406,3.61
5169,2.1556,3.61
5170,2.1556,3.61
5171,2.1556,3.61
5172,2.1556,3.61
5173,2.1556,3.61
5174,2.1564,3.61
5175,2.1583,3.61
5176,2.1583,3.61
5177,2.1633,3.61
5178,2.1633,3.61
5179,2.1633,3.61
5180,2.1633,3.61
5181,2.1633,3.61
5182,2.1633,3.61
5183,2.17,3.61
5184,2.1736,3.61
5185,2.1736,3.61
5186,2.1736,3.61
5187,2.1736,3.61
5188,2.1736,3.61
5189,2.1736,3.61
5190,2.1736,3.61
5191,2.1736,3.61
5192,2.1888,3.61
5193,2.2076,3.61
5194,2.2076,3.61
5195,2.2076,3.61
5196,2.221,3.61
5197,2.221,3.61
5198,2.221,3.61
5199,2.221,3.61
5200,2.221,3.61
5201,2.221,3.61
5202,2.221,3.61
5203,2.221,3.61
5204,2.252,3.61
5205,2.252,3.61
5206,2.252,3.61
5207,2.252,3.61
5208,2.252,3.61
5209,2.252,3.61
5210,2.252,3.61
5211,2.252,3.61
5212,2.252,3.61
5213,2.252,3.61
5214,2.252,3.61
5215,2.252,3.61
5216,2.252,3.61
5217,2.252,3.61
5218,2.252,3.61
5219,2.252,3.61
5220,2.252,3.61
5221,2.252,3.61
5222,2.252,3.61
5223,2.252,3.61
5224,2.252,3.61
5225,2.252,3.61
5226,2.252,3.61
5227,2.252,3.61
5228,2.252,3.61
5229,2.252,3.61
5230,2.252,3.61
5231,2.252,3.61
5232,2.252,3.61
5233,2.252,3.61
5234,2.252,3.61
5235,2.252,3.61
5236,2.252,3.61
5237,2.252,3.61
5238,2.252,3.61
5239,2.252,3.61
5240,2.252,3.61
5241,2.252,3.61
5242,2.252,3.61
5243,2.252,3.61
5244,2.252,3.61
5245,2.252,3.61
5246,2.252,3.61
5247,2.2558,3.61
5248,2.2558,3.61
5249,2.2558,3.61
5250,2.2558,3.61
5251,2.2558,3.61
5252,2.2558,3.61
5253,2.2903,3.61
5254,2.2903,3.61
5255,2.2903,3.61
5256,2.2903,3.61
5257,2.2903,3.61
5258,2.2903,3.61
5259,2.2903,3.61
5260,2.2903,3.61
5261,2.2903,3.61
5262,2.2903,3.61
5263,2.2903,3.61
5264,2.2903,3.61
5265,2.2903,3.61
5266,2.2903,3.61
5267,2.2903,3.61
5268,2.2903,3.61
5269,2.2903,3.61
5270,2.2903,3.61
5271,2.2903,3.61
5272,2.2903,3.61
5273,2.2903,3.61
5274,2.2903,3.61
5275,2.2903,3.61
5276,2.2903,3.61
5277,2.2903,3.61
5278,2.2903,3.61
5279,2.2903,3.61
5280,2.2967,3.61
5281,2.2967,3.61
5282,2.2967,3.61
5283,2.2967,3.61
5284,2.2967,3.61
5285,2.2967,3.61
5286,2.3092,3.61
5287,2.3092,3.61
5288,2.3165,3.61
5289,2.3226,3.61
5290,2.3226,3.61
5291,2.3226,3.61
5292,2.3226,3.61
5293,2.3226,3.61
5294,2.3388,3.61
5295,2.3388,3.61
5296,2.3388,3.61
5297,2.3388,3.61
5298,2.341,3.61
5299,2.341,3.61
5300,2.341,3.61
5301,2.341,3.61
5302,2.3473,3.61
5303,2.3489,3.61
5304,2.3747,3.61
5305,2.3837,3.61
5306,2.3881,3.61
5307,2.3881,3.61
5308,2.3881,3.61
5309,2.3881,3.61
5310,2.3881,3.61
5311,2.3881,3.61
5312,2.3881,3.61
5313,2.3881,3.61
5314,2.3897,3.61
5315,2.3897,3.61
5316,2.3897,3.61
5317,2.3897,3.61
5318,2.4031,3.61
5319,2.4031,3.61
5320,2.4031,3.61
5321,2.4031,3.61
5322,2.4031,3.61
5323,2.4031,3.61
5324,2.4031,3.61
5325,2.4031,3.61
5326,2.4031,3.61
5327,2.4031,3.61
5328,2.4031,3.61
5329,2.4031,3.61
5330,2.4031,3.61
5331,2.4031,3.61
5332,2.4031,3.61
5333,2.4031,3.61
5334,2.4031,3.61
5335,2.4031,3.61
5336,2.4031,3.61
5337,2.4031,3.61
5338,2.4031,3.61
5339,2.4031,3.61
5340,2.4031,3.61
5341,2.4031,3.61
5342,2.4031,3.61
5343,2.4031,3.61
5344,2.4031,3.61
5345,2.4031,3.61
5346,2.4031,3.61
5347,2.4031,3.61
5348,2.4031,3.61
5349,2.4031,3.61
5350,2.4031,3.61
5351,2.4031,3.61
5352,2.4031,3.61
5353,2.4031,3.61
5354,2.4031,3.61
5355,2.4031,3.61
5356,2.4031,3.61
5357,2.4031,3.61
5358,2.4031,3.61
5359,2.4031,3.61
5360,2.4031,3.61
5361,2.4031,3.61
5362,2.4031,3.61
5363,2.4068,3.61
5364,2.4068,3.61
5365,2.4203,3.61
5366,2.4308,3.61
5367,2.4393,3.61
5368,2.448,3.61
5369,2.448,3.61
5370,2.448,3.61
5371,2.4564,3.61
5372,2.4564,3.61
5373,2.4678,3.61
5374,2.4678,3.61
5375,2.4755,3.61
5376,2.4755,3.61
5377,2.4755,3.61
5378,2.4755,3.61
5379,2.4755,3.61
5380,2.4775,3.61
5381,2.4805,3.61
5382,2.4805,3.61
5383,2.4805,3.61
5384,2.4805,3.61
5385,2.4805,3.61
5386,2.4819,3.61
5387,2.4835,3.61
5388,2.4835,3.61
5389,2.4835,3.61
5390,2.4835,3.61
5391,2.4837,3.61
5392,2.4839,3.61
5393,2.4839,3.61
5394,2.4839,3.61
5395,2.4839,3.61
5396,2.4839,3.61
5397,2.4874,3.61
5398,2.4898,3.61
5399,2.4898,3.61
5400,2.4899,3.61
5401,2.4899,3.61
5402,2.4942,3.61
5403,2.4942,3.61
5404,2.4942,3.61
5405,2.5061,3.61
5406,2.5061,3.61
5407,2.5061,3.61
5408,2.5061,3.61
5409,2.5086,3.61
5410,2.5127,3.61
5411,2.5127,3.61
5412,2.5127,3.61
5413,2.5227,3.61
5414,2.5227,3.61
5415,2.5227,3.61
5416,2.5227,3.61
5417,2.5227,3.61
5418,2.5227,3.61
5419,2.5247,3.61
5420,2.5247,3.61
5421,2.5247,3.61
5422,2.5247,3.61
5423,2.5247,3.61
5424,2.5253,3.61
5425,2.5253,3.61
5426,2.5346,3.61
5427,2.5436,3.61
5428,2.5436,3.61
5429,2.5436,3.61
5430,2.5436,3.61
5431,2.5436,3.61
5432,2.5436,3.61
5433,2.5436,3.61
5434,2.5436,3.61
5435,2.5436,3.61
5436,2.5436,3.61
5437,2.5436,3.61
5438,2.5436,3.61
5439,2.5436,3.61
5440,2.5436,3.61
5441,2.5436,3.61
5442,2.5436,3.61
5443,2.5436,3.61
5444,2.55,3.61
5445,2.55,3.61
5446,2.55,3.61
5447,2.55,3.61
5448,2.55,3.61
5449,2.55,3.61
5450,2.55,3.61
5451,2.55,3.61
5452,2.55,3.61
5453,2.55,3.61
5454,2.55,3.61
5455,2.55,3.61
5456,2.55,3.61
5457,2.55,3.61
5458,2.55,3.61
5459,2.5543,3.61
5460,2.5643,3.61
5461,2.5819,3.61
5462,2.5896,3.61
5463,2.5898,3.61
5464,2.5954,3.61
5465,2.5954,3.61
5466,2.5954,3.61
5467,2.5954,3.61
5468,2.5979,3.61
5469,2.6015,3.61
5470,2.6095,3.61
5471,2.6331,3.61
5472,2.6348,3.61
5473,2.6352,3.61
5474,2.6352,3.61
5475,2.6352,3.61
5476,2.6352,3.61
5477,2.6352,3.61
5478,2.6352,3.61
5479,2.6352,3.61
5480,2.6352,3.61
5481,2.6352,3.61
5482,2.6352,3.61
5483,2.6419,3.61
5484,2.6419,3.61
5485,2.6419,3.61
5486,2.6478,3.61
5487,2.6478,3.61
5488,2.6478,3.61
5489,2.6478,3.61
5490,2.6478,3.61
5491,2.6478,3.61
5492,2.6517,3.61
5493,2.6621,3.61
5494,2.6621,3.61
5495,2.6621,3.61
5496,2.6621,3.61
5497,2.6639,3.61
5498,2.6639,3.61
5499,2.6639,3.61
5500,2.6639,3.61
5501,2.6685,3.61
5502,2.6685,3.61
5503,2.6685,3.61
5504,2.6685,3.61
5505,2.6685,3.61
5506,2.6685,3.61
5507,2.6685,3.61
5508,2.6685,3.61
5509,2.6685,3.61
5510,2.6685,3.61
5511,2.6685,3.61
5512,2.6796,3.61
5513,2.6796,3.61
5514,2.6796,3.61
5515,2.6796,3.61
5516,2.6796,3.61
5517,2.6796,3.61
5518,2.6936,3.61
5519,2.6936,3.61
5520,2.6936,3.61
5521,2.6936,3.61
5522,2.6936,3.61
5523,2.6936,3.61
5524,2.7044,3.61
5525,2.7044,3.61
5526,2.7044,3.61
5527,2.7071,3.61
5528,2.7212,3.61
5529,2.7267,3.61
5530,2.7267,3.61
5531,2.7315,3.61
5532,2.7315,3.61
5533,2.7315,3.61
5534,2.7317,3.61
5535,2.7317,3.61
5536,2.7317,3.61
5537,2.7317,3.61
5538,2.7317,3.61
5539,2.7317,3.61
5540,2.7317,3.61
5541,2.7317,3.61
5542,2.7317,3.61
5543,2.7317,3.61
5544,2.7317,3.61
5545,2.7317,3.61
5546,2.7317,3.61
5547,2.7317,3.61
5548,2.7317,3.61
5549,2.7317,3.61
5550,2.7434,3.61
5551,2.7434,3.61
5552,2.7434,3.61
5553,2.7434,3.61
5554,2.7434,3.61
5555,2.7434,3.61
5556,2.7434,3.61
5557,2.7434,3.61
5558,2.7434,3.61
5559,2.7434,3.61
5560,2.7434,3.61
5561,2.7434,3.61
5562,2.7434,3.61
5563,2.7434,3.61
5564,2.7434,3.61
5565,2.7434,3.61
5566,2.7434,3.61
5567,2.7434,3.61
5568,2.7434,3.61
5569,2.7434,3.61
5570,2.7434,3.61
5571,2.7434,3.61
5572,2.7434,3.61
5573,2.7434,3.61
5574,2.7434,3.61
5575,2.7434,3.61
5576,2.7434,3.61
5577,2.7434,3.61
5578,2.7434,3.61
5579,2.7434,3.61
5580,2.7468,3.61
5581,2.7468,3.61
5582,2.7468,3.61
5583,2.7468,3.61
5584,2.7487,3.61
5585,2.7568,3.61
5586,2.7568,3.61
5587,2.7568,3.61
5588,2.7568,3.61
5589,2.7568,3.61
5590,2.7568,3.61
5591,2.7568,3.61
5592,2.7568,3.61
5593,2.7568,3.61
5594,2.7568,3.61
5595,2.7568,3.61
5596,2.7568,3.61
5597,2.7568,3.61
5598,2.7568,3.61
5599,2.7568,3.61
5600,2.7568,3.61
5601,2.7568,3.61
5602,2.7568,3.61
5603,2.7568,3.61
5604,2.7573,3.61
5605,2.7573,3.61
5606,2.7573,3.61
5607,2.7573,3.61
5608,2.7573,3.61
5609,2.7573,3.61
5610,2.7573,3.61
5611,2.7573,3.61
5612,2.7573,3.61
5613,2.7573,3.61
5614,2.7573,3.61
5615,2.7573,3.61
5616,2.7573,3.61
5617,2.7573,3.61
5618,2.7573,3.61
5619,2.7573,3.61
5620,2.7573,3.61
5621,2.7573,3.61
5622,2.7573,3.61
5623,2.7573,3.61
5624,2.7573,3.61
5625,2.7573,3.61
5626,2.7573,3.61
5627,2.7573,3.61
5628,2.7573,3.61
5629,2.7589,3.61
5630,2.7589,3.61
5631,2.7589,3.61
5632,2.7589,3.61
5633,2.7589,3.61
5634,2.7589,3.61
5635,2.7589,3.61
5636,2.7589,3.61
5637,2.7589,3.61
5638,2.7673,3.61
5639,2.7673,3.61
5640,2.7673,3.61
5641,2.7673,3.61
5642,2.7673,3.61
5643,2.7673,3.61
5644,2.7673,3.61
5645,2.7673,3.61
5646,2.7673,3.61
5647,2.7673,3.61
5648,2.7686,3.61
5649,2.7686,3.61
5650,2.7686,3.61
5651,2.7686,3.61
5652,2.77,3.61
5653,2.7725,3.61
5654,2.7725,3.61
5655,2.7725,3.61
5656,2.7725,3.61
5657,2.7802,3.61
5658,2.7802,3.61
5659,2.7887,3.61
5660,2.7887,3.61
5661,2.8116,3.61
5662,2.8116,3.61
5663,2.8116,3.61
5664,2.8116,3.61
5665,2.8116,3.61
5666,2.8116,3.61
5667,2.8116,3.61
5668,2.8116,3.61
5669,2.8116,3.61
5670,2.8116,3.61
5671,2.8116,3.61
5672,2.8116,3.61
5673,2.8116,3.61
5674,2.8116,3.61
5675,2.8116,3.61
5676,2.8116,3.61
5677,2.8116,3.61
5678,2.8116,3.61
5679,2.8116,3.61
5680,2.8116,3.61
5681,2.8116,3.61
5682,2.8116,3.61
5683,2.8116,3.61
5684,2.8116,3.61
5685,2.8116,3.61
5686,2.8116,3.61
5687,2.8116,3.61
5688,2.8116,3.61
5689,2.8116,3.61
5690,2.8116,3.61
5691,2.8116,3.61
5692,2.8116,3.61
5693,2.8116,3.61
5694,2.8116,3.61
5695,2.8116,3.61
5696,2.8116,3.61
5697,2.8116,3.61
5698,2.8116,3.61
5699,2.8116,3.61
5700,2.8116,3.61
5701,2.8116,3.61
5702,2.8116,3.61
5703,2.8116,3.61
5704,2.8116,3.61
5705,2.8116,3.61
5706,2.8116,3.61
5707,2.8116,3.61
5708,2.8116,3.61
5709,2.8116,3.61
5710,2.8116,3.61
5711,2.8116,3.61
5712,2.8116,3.61
5713,2.8116,3.61
5714,2.8116,3.61
5715,2.8136,3.61
5716,2.8177,3.61
5717,2.8177,3.61
5718,2.8177,3.61
5719,2.8177,3.61
5720,2.8177,3.61
5721,2.8259,3.61
5722,2.8259,3.61
5723,2.8259,3.61
5724,2.8259,3.61
5725,2.8277,3.61
5726,2.8277,3.61
5727,2.8277,3.61
5728,2.8277,3.61
5729,2.8277,3.61
5730,2.8277,3.61
5731,2.8277,3.61
5732,2.8277,3.61
5733,2.8326,3.61
5734,2.8399,3.61
5735,2.8399,3.61
5736,2.8399,3.61
5737,2.8436,3.61
5738,2.8436,3.61
5739,2.8436,3.61
5740,2.8436,3.61
5741,2.8436,3.61
5742,2.8436,3.61
5743,2.8436,3.61
5744,2.8436,3.61
5745,2.8436,3.61
5746,2.8436,3.61
5747,2.8436,3.61
5748,2.847,3.61
5749,2.8611,3.61
5750,2.8635,3.61
5751,2.8635,3.61
5752,2.8685,3.61
5753,2.8685,3.61
5754,2.8685,3.61
5755,2.8685,3.61
5756,2.8685,3.61
5757,2.8685,3.61
5758,2.8787,3.61
5759,2.8787,3.61
5760,2.8824,3.61
5761,2.8824,3.61
5762,2.8867,3.61
5763,2.8872,3.61
5764,2.8956,3.61
5765,2.8956,3.61
5766,2.8956,3.61
5767,2.8956,3.61
5768,2.8956,3.61
5769,2.8956,3.61
5770,2.8956,3.61
5771,2.8956,3.61
5772,2.8956,3.61
5773,2.8956,3.61
5774,2.8956,3.61
5775,2.896,3.61
5776,2.896,3.61
5777,2.896,3.61
5778,2.896,3.61
5779,2.896,3.61
5780,2.896,3.61
5781,2.8974,3.61
5782,2.8974,3.61
5783,2.8974,3.61
5784,2.8974,3.61
5785,2.9005,3.61
5786,2.9005,3.61
5787,2.9005,3.61
5788,2.9007,3.61
5789,2.9095,3.61
5790,2.9127,3.61
5791,2.9168,3.61
5792,2.9168,3.61
5793,2.9168,3.61
5794,2.9168,3.61
5795,2.9168,3.61
5796,2.9168,3.61
5797,2.9264,3.61
5798,2.9287,3.61
5799,2.9287,3.61
5800,2.9287,3.61
5801,2.9287,3.61
5802,2.9287,3.61
5803,2.9287,3.61
5804,2.9287,3.61
5805,2.9287,3.61
5806,2.9287,3.61
5807,2.9287,3.61
5808,2.9287,3.61
5809,2.9287,3.61
5810,2.9287,3.61
5811,2.9287,3.61
5812,2.9287,3.61
5813,2.9287,3.61
5814,2.9287,3.61
5815,2.9287,3.61
5816,2.9287,3.61
5817,2.9287,3.61
5818,2.9287,3.61
5819,2.9287,3.61
5820,2.9287,3.61
5821,2.9287,3.61
5822,2.9287,3.61
5823,2.9287,3.61
5824,2.9287,3.61
5825,2.9287,3.61
5826,2.9287,3.61
5827,2.9287,3.61
5828,2.9287,3.61
5829,2.9287,3.61
5830,2.9287,3.61
5831,2.9287,3.61
5832,2.9287,3.61
5833,2.9287,3.61
5834,2.9298,3.61
5835,2.9298,3.61
5836,2.9298,3.61
5837,2.9298,3.61
5838,2.9298,3.61
5839,2.9396,3.61
5840,2.9919,3.61
5841,2.9919,3.61
5842,2.9919,3.61
5843,2.9919,3.61
5844,2.9919,3.61
5845,2.9919,3.61
5846,2.9919,3.61
5847,2.9919,3.61
5848,2.9919,3.61
5849,2.9919,3.61
5850,2.9919,3.61
5851,2.9919,3.61
5852,2.9919,3.61
5853,2.9919,3.61
5854,2.9919,3.61
5855,2.9919,3.61
5856,2.9919,3.61
5857,2.9919,3.61
5858,2.9919,3.61
5859,2.9919,3.61
5860,2.9919,3.61
5861,2.9919,3.61
5862,2.9919,3.61
5863,2.9919,3.61
5864,2.9919,3.61
5865,2.9919,3.61
5866,2.9919,3.61
5867,2.9919,3.61
5868,2.9919,3.61
5869,2.9919,3.61
5870,2.9919,3.61
5871,2.9919,3.61
5872,2.9919,3.61
5873,2.9919,3.61
5874,2.9919,3.61
5875,2.9919,3.61
5876,2.9919,3.61
5877,2.9919,3.61
5878,2.9919,3.61
5879,2.9919,3.61
5880,2.9919,3.61
5881,2.9919,3.61
5882,2.9919,3.61
5883,2.9919,3.61
5884,2.9919,3.61
5885,2.9919,3.61
5886,2.9919,3.61
5887,2.9919,3.61
5888,2.9919,3.61
5889,2.9919,3.61
5890,2.9919,3.61
5891,2.9919,3.61
5892,2.9919,3.61
5893,2.9919,3.61
5894,2.9919,3.61
5895,2.9919,3.61
5896,2.9919,3.61
5897,2.9919,3.61
5898,2.9919,3.61
5899,2.9919,3.61
5900,2.9919,3.61
5901,2.9919,3.61
5902,2.9919,3.61
5903,2.9919,3.61
5904,2.9919,3.61
5905,2.9919,3.61
5906,2.9919,3.61
5907,2.9919,3.61
5908,2.9919,3.61
5909,2.9919,3.61
5910,2.9919,3.61
5911,2.9919,3.61
5912,2.9919,3.61
5913,2.9919,3.61
5914,2.9919,3.61
5915,2.9919,3.61
5916,2.9919,3.61
5917,2.9919,3.61
5918,2.9919,3.61
5919,2.9919,3.61
5920,2.9919,3.61
5921,2.9973,3.61
5922,2.9973,3.61
5923,2.9973,3.61
5924,2.9973,3.61
5925,2.9973,3.61
5926,2.9973,3.61
5927,2.9973,3.61
5928,2.9973,3.61
5929,2.9973,3.61
5930,2.9973,3.61
5931,2.9973,3.61
5932,2.9973,3.61
5933,2.9973,3.61
5934,2.9973,3.61
5935,2.9973,3.61
5936,2.9973,3.61
5937,2.9973,3.61
5938,2.9973,3.61
5939,2.9973,3.61
5940,2.9973,3.61
5941,2.9973,3.61
5942,2.9973,3.61
5943,2.9973,3.61
5944,2.9973,3.61
5945,2.9973,3.61
5946,2.9973,3.61
5947,2.9973,3.61
5948,2.9973,3.61
5949,2.9973,3.61
5950,2.9973,3.61
5951,2.9973,3.61
5952,2.9973,3.61
5953,2.9973,3.61
5954,2.9973,3.61
5955,2.9973,3.61
5956,2.9973,3.61
5957,2.9973,3.61
5958,2.9973,3.61
5959,2.9973,3.61
5960,2.9973,3.61
5961,2.9973,3.61
5962,2.9973,3.61
5963,2.9973,3.61
5964,2.9973,3.61
5965,2.9973,3.61
5966,2.9973,3.61
5967,2.9973,3.61
5968,2.9973,3.61
5969,2.9973,3.61
5970,2.9973,3.61
5971,2.9973,3.61
5972,2.9973,3.61
5973,2.9973,3.61
5974,2.9973,3.61
5975,2.9973,3.61
5976,2.9973,3.61
5977,2.9973,3.61
5978,2.9973,3.61
5979,2.9973,3.61
5980,2.9973,3.61
5981,2.9973,3.61
5982,2.9973,3.61
5983,2.9973,3.61
5984,2.9973,3.61
5985,2.9973,3.61
5986,2.9973,3.61
5987,2.9973,3.61
5988,2.9973,3.61
5989,2.9973,3.61
5990,2.9973,3.61
5991,2.9973,3.61
5992,2.9973,3.61
5993,2.9973,3.61
5994,2.9973,3.61
5995,2.9973,3.61
5996,2.9973,3.61
5997,2.9973,3.61
5998,2.9973,3.61
5999,2.9973,3.61
6000,2.9973,3.61
6001,2.9973,3.61
6002,2.9973,3.61
6003,2.9973,3.61
6004,2.9973,3.61
6005,2.9973,3.61
6006,2.9973,3.61
6007,2.9973,3.61
6008,2.9973,3.61
6009,2.9973,3.61
6010,2.9973,3.61
6011,2.9973,3.61
6012,2.9973,3.61
6013,2.9973,3.61
6014,2.9973,3.61
6015,2.9973,3.61
6016,2.9973,3.61
6017,2.9973,3.61
6018,2.9973,3.61
6019,2.9973,3.61
6020,2.9973,3.61
6021,2.9973,3.61
6022,2.9973,3.61
6023,2.9973,3.61
6024,2.9973,3.61
6025,2.9973,3.61
6026,2.9973,3.61
6027,2.9973,3.61
6028,2.9973,3.61
6029,2.9973,3.61
6030,2.9973,3.61
6031,2.9973,3.61
6032,2.9973,3.61
6033,2.9973,3.61
6034,2.9973,3.61
6035,2.9973,3.61
6036,2.9973,3.61
6037,2.9973,3.61
6038,2.9973,3.61
6039,2.9973,3.61
6040,2.9973,3.61
6041,2.9973,3.61
6042,2.9973,3.61
6043,2.9973,3.61
6044,2.9973,3.61
6045,2.9973,3.61
6046,2.9973,3.61
6047,2.9973,3.61
6048,2.9973,3.61
6049,2.9973,3.61
6050,2.9973,3.61
6051,2.9973,3.61
6052,2.9973,3.61
6053,2.9973,3.61
6054,2.9973,3.61
6055,2.9973,3.61
6056,2.9973,3.61
6057,2.9973,3.61
6058,2.9973,3.61
6059,2.9973,3.61
6060,2.9973,3.61
6061,2.9973,3.61
6062,2.9973,3.61
6063,2.9973,3.61
6064,2.9973,3.61
6065,2.9973,3.61
6066,2.9973,3.61
6067,2.9973,3.61
6068,2.9973,3.61
6069,2.9973,3.61
6070,2.9973,3.61
6071,2.9973,3.61
6072,2.9973,3.61
6073,2.9973,3.61
6074,2.9973,3.61
6075,2.9973,3.61
6076,2.9973,3.61
6077,2.9973,3.61
6078,2.9973,3.61
6079,2.9973,3.61
6080,2.9973,3.61
6081,2.9973,3.61
6082,2.9973,3.61
6083,2.9973,3.61
6084,2.9973,3.61
6085,2.9973,3.61
6086,2.9973,3.61
6087,2.9973,3.61
6088,2.9973,3.61
6089,2.9973,3.61
6090,2.9973,3.61
6091,2.9973,3.61
6092,2.9973,3.61
6093,2.9973,3.61
6094,2.9973,3.61
6095,2.9973,3.61
6096,2.9973,3.61
6097,2.9973,3.61
6098,2.9973,3.61
6099,2.9973,3.61
6100,2.9973,3.61
6101,2.9973,3.61
6102,2.9973,3.61
6103,2.9973,3.61
6104,2.9973,3.61
6105,2.9973,3.61
6106,2.9973,3.61
6107,2.9973,3.61
6108,2.9973,3.61
6109,2.9973,3.61
6110,2.9973,3.61
6111,2.9973,3.61
6112,2.9973,3.61
6113,2.9973,3.61
6114,2.9973,3.61
6115,2.9973,3.61
6116,2.9973,3.61
6117,2.9973,3.61
6118,2.9973,3.61
6119,2.9973,3.61
6120,2.9973,3.61
6121,2.9973,3.61
6122,2.9973,3.61
6123,2.9973,3.61
6124,2.9973,3.61
6125,2.9973,3.61
6126,2.9973,3.61
6127,2.9973,3.61
6128,2.9973,3.61
6129,2.9973,3.61
6130,2.9973,3.61
6131,2.9973,3.61
6132,2.9973,3.61
6133,2.9973,3.61
6134,2.9973,3.61
6135,2.9973,3.61
6136,2.9973,3.61
6137,2.9973,3.61
6138,2.9973,3.61
6139,2.9973,3.61
6140,2.9973,3.61
6141,2.9973,3.61
6142,2.9973,3.61
6143,2.9973,3.61
6144,2.9973,3.61
6145,2.9973,3.61
6146,2.9973,3.61
6147,2.9973,3.61
6148,2.9973,3.61
6149,2.9973,3.61
6150,2.9973,3.61
6151,2.9973,3.61
6152,2.9973,3.61
6153,2.9973,3.61
6154,2.9973,3.61
6155,2.9973,3.61
6156,2.9973,3.61
6157,2.9973,3.61
6158,2.9973,3.61
6159,2.9973,3.61
6160,2.9973,3.61
6161,2.9973,3.61
6162,2.9973,3.61
6163,2.9973,3.61
6164,2.9973,3.61
6165,2.9973,3.61
6166,2.9973,3.61
6167,2.9973,3.61
6168,2.9973,3.61
6169,2.9973,3.61
6170,2.9973,3.61
6171,2.9973,3.61
6172,2.9973,3.61
6173,2.9973,3.61
6174,2.9973,3.61
6175,2.9973,3.61
6176,2.9973,3.61
6177,2.9973,3.61
6178,2.9973,3.61
6179,2.9973,3.61
6180,2.9973,3.61
6181,2.9973,3.61
6182,2.9973,3.61
6183,2.9973,3.61
6184,2.9973,3.61
6185,2.9973,3.61
6186,2.9973,3.61
6187,2.9973,3.61
6188,2.9973,3.61
6189,2.9973,3.61
6190,2.9973,3.61
6191,2.9973,3.61
6192,2.9973,3.61
6193,2.9973,3.61
6194,2.9973,3.61
6195,2.9973,3.61
6196,2.9973,3.61
6197,2.9973,3.61
6198,2.9973,3.61
6199,2.9973,3.61
6200,2.9973,3.61
6201,2.9973,3.61
6202,2.9973,3.61
6203,2.9973,3.61
6204,2.9973,3.61
6205,2.9973,3.61
6206,2.9973,3.61
6207,2.9973,3.61
6208,2.9973,3.61
6209,2.9973,3.61
6210,2.9973,3.61
6211,2.9973,3.61
6212,2.9973,3.61
6213,2.9973,3.61
6214,2.9973,3.61
6215,2.9973,3.61
6216,2.9973,3.61
6217,2.9973,3.61
6218,2.9973,3.61
6219,2.9973,3.61
6220,2.9973,3.61
6221,2.9973,3.61
6222,2.9973,3.61
6223,2.9973,3.61
6224,2.9973,3.61
6225,2.9973,3.61
6226,2.9973,3.61
6227,2.9973,3.61
6228,2.9973,3.61
6229,2.9973,3.61
6230,2.9973,3.61
6231,2.9973,3.61
6232,2.9973,3.61
6233,2.9973,3.61
6234,2.9973,3.61
6235,2.9973,3.61
6236,2.9973,3.61
6237,2.9973,3.61
6238,2.9973,3.61
6239,2.9973,3.61
6240,2.9973,3.61
6241,2.9973,3.61
6242,2.9973,3.61
6243,2.9973,3.61
6244,2.9973,3.61
6245,2.9973,3.61
6246,2.9973,3.61
6247,2.9973,3.61
6248,2.9973,3.61
6249,2.9973,3.61
6250,2.9973,3.61
6251,2.9973,3.61
6252,2.9973,3.61
6253,2.9973,3.61
6254,2.9973,3.61
6255,2.9973,3.61
6256,2.9973,3.61
6257,2.9973,3.61
6258,2.9973,3.61
6259,2.9973,3.61
6260,2.9973,3.61
6261,2.9973,3.61
6262,2.9973,3.61
6263,2.9973,3.61
6264,2.9973,3.61
6265,2.9973,3.61
6266,2.9973,3.61
6267,2.9973,3.61
6268,2.9973,3.61
6269,2.9973,3.61
6270,2.9973,3.61
6271,2.9973,3.61
6272,2.9973,3.61
6273,2.9973,3.61
6274,2.9973,3.61
6275,2.9973,3.61
6276,2.9973,3.61
6277,2.9973,3.61
6278,2.9973,3.61
6279,2.9973,3.61
6280,2.9973,3.61
6281,2.9973,3.61
6282,2.9973,3.61
6283,2.9973,3.61
6284,2.9973,3.61
6285,2.9973,3.61
6286,2.9973,3.61
6287,2.9973,3.61
6288,2.9973,3.61
6289,2.9973,3.61
6290,2.9973,3.61
6291,2.9973,3.61
6292,2.9973,3.61
6293,2.9973,3.61
6294,2.9973,3.61
6295,2.9973,3.61
6296,2.9973,3.61
6297,2.9973,3.61
6298,2.9973,3.61
6299,2.9973,3.61
6300,2.9973,3.61
6301,2.9973,3.61
6302,2.9973,3.61
6303,2.9973,3.61
6304,2.9973,3.61
6305,2.9973,3.61
6306,2.9973,3.61
6307,2.9973,3.61
6308,2.9973,3.61
6309,2.9973,3.61
6310,2.9973,3.61
6311,2.9973,3.61
6312,2.9973,3.61
6313,2.9973,3.61
6314,2.9973,3.61
6315,2.9973,3.61
6316,2.9973,3.61
6317,2.9973,3.61
6318,2.9973,3.61
6319,2.9973,3.61
6320,2.9973,3.61
6321,2.9973,3.61
6322,2.9973,3.61
6323,2.9973,3.61
6324,2.9973,3.61
6325,2.9973,3.61
6326,2.9973,3.61
6327,2.9973,3.61
6328,2.9973,3.61
6329,2.9973,3.61
6330,2.9973,3.61
6331,2.9973,3.61
6332,2.9973,3.61
6333,2.9973,3.61
6334,2.9973,3.61
6335,2.9973,3.61
6336,2.9973,3.61
6337,2.9973,3.61
6338,2.9973,3.61
6339,2.9973,3.61
6340,2.9973,3.61
6341,2.9973,3.61
6342,2.9973,3.61
6343,2.9973,3.61
6344,2.9973,3.61
6345,2.9973,3.61
6346,2.9973,3.61
6347,2.9973,3.61
6348,2.9973,3.61
6349,2.9973,3.61
6350,2.9973,3.61
6351,2.9973,3.61
6352,2.9973,3.61
6353,2.9973,3.61
6354,2.9973,3.61
6355,2.9973,3.61
6356,2.9973,3.61
6357,2.9973,3.61
6358,2.9973,3.61
6359,2.9973,3.61
6360,2.9973,3.61
6361,2.9973,3.61
6362,2.9973,3.61
6363,2.9973,3.61
6364,2.9973,3.61
6365,2.9973,3.61
6366,2.9973,3.61
6367,2.9973,3.61
6368,2.9973,3.61
6369,2.9973,3.61
6370,2.9973,3.61
6371,2.9973,3.61
6372,2.9973,3.61
6373,2.9973,3.61
6374,2.9973,3.61
6375,2.9973,3.61
6376,2.9973,3.61
6377,2.9973,3.61
6378,2.9973,3.61
6379,2.9973,3.61
6380,2.9973,3.61
6381,2.9973,3.61
6382,2.9973,3.61
6383,2.9973,3.61
6384,2.9973,3.61
6385,2.9973,3.61
6386,2.9973,3.61
6387,2.9973,3.61
6388,2.9973,3.61
6389,2.9973,3.61
6390,2.9973,3.61
6391,2.9973,3.61
6392,2.9973,3.61
6393,2.9973,3.61
6394,2.9973,3.61
6395,2.9973,3.61
6396,2.9973,3.61
6397,2.9973,3.61
6398,2.9973,3.61
6399,2.9973,3.61
6400,2.9973,3.61
6401,2.9973,3.61
6402,2.9973,3.61
6403,2.9973,3.61
6404,2.9973,3.61
6405,2.9973,3.61
6406,2.9973,3.61
6407,2.9973,3.61
6408,2.9973,3.61
6409,2.9973,3.61
6410,2.9973,3.61
6411,2.9973,3.61
6412,2.9973,3.61
6413,2.9973,3.61
6414,2.9973,3.61
6415,2.9973,3.61
6416,2.9973,3.61
6417,2.9973,3.61
6418,2.9973,3.61
6419,2.9973,3.61
6420,2.9973,3.61
6421,2.9973,3.61
6422,2.9973,3.61
6423,2.9973,3.61
6424,2.9973,3.61
6425,2.9973,3.61
6426,2.9973,3.61
6427,2.9973,3.61
6428,2.9973,3.61
6429,2.9973,3.61
6430,2.9973,3.61
6431,2.9973,3.61
6432,2.9973,3.61
6433,2.9973,3.61
6434,2.9973,3.61
6435,2.9973,3.61
6436,3.0138,3.61
6437,3.0138,3.61
6438,3.0138,3.61
6439,3.0138,3.61
6440,3.0138,3.61
6441,3.0138,3.61
6442,3.0138,3.61
6443,3.0138,3.61
6444,3.0138,3.61
6445,3.0138,3.61
6446,3.0138,3.61
6447,3.0138,3.61
6448,3.0138,3.61
6449,3.0138,3.61
6450,3.0138,3.61
6451,3.0138,3.61
6452,3.0138,3.61
6453,3.0138,3.61
6454,3.0138,3.61
6455,3.0138,3.61
6456,3.0138,3.61
6457,3.0138,3.61
6458,3.0138,3.61
6459,3.0138,3.61
6460,3.0138,3.61
6461,3.0138,3.61
6462,3.0138,3.61
6463,3.0138,3.61
6464,3.0138,3.61
6465,3.0138,3.61
6466,3.0138,3.61
6467,3.0138,3.61
6468,3.0138,3.61
6469,3.0138,3.61
6470,3.0138,3.61
6471,3.0138,3.61
6472,3.0138,3.61
6473,3.0138,3.61
6474,3.0138,3.61
6475,3.0138,3.61
6476,3.0138,3.61
6477,3.0138,3.61
6478,3.0138,3.61
6479,3.0138,3.61
6480,3.0138,3.61
6481,3.0138,3.61
6482,3.0138,3.61
6483,3.0138,3.61
6484,3.0138,3.61
6485,3.0138,3.61
6486,3.0138,3.61
6487,3.0138,3.61
6488,3.0138,3.61
6489,3.0138,3.61
6490,3.0138,3.61
6491,3.0138,3.61
6492,3.0138,3.61
6493,3.0138,3.61
6494,3.0138,3.61
6495,3.0138,3.61
6496,3.0138,3.61
6497,3.0138,3.61
6498,3.0138,3.61
6499,3.0138,3.61
6500,3.0138,3.61
6501,3.0138,3.61
6502,3.0138,3.61
6503,3.0138,3.61
6504,3.0138,3.61
6505,3.0138,3.61
6506,3.0138,3.61
6507,3.0138,3.61
6508,3.0138,3.61
6509,3.0138,3.61
6510,3.0138,3.61
6511,3.0138,3.61
6512,3.0138,3.61
6513,3.0138,3.61
6514,3.0138,3.61
6515,3.0138,3.61
6516,3.0138,3.61
6517,3.0138,3.61
6518,3.0138,3.61
6519,3.0138,3.61
6520,3.0138,3.61
6521,3.0138,3.61
6522,3.0138,3.61
6523,3.0138,3.61
6524,3.0138,3.61
6525,3.0138,3.61
6526,3.0138,3.61
6527,3.0138,3.61
6528,3.0138,3.61
6529,3.0138,3.61
6530,3.0138,3.61
6531,3.0138,3.61
6532,3.0138,3.61
6533,3.0138,3.61
6534,3.0138,3.61
6535,3.0138,3.61
6536,3.0138,3.61
6537,3.0138,3.61
6538,3.0138,3.61
6539,3.0138,3.61
6540,3.0138,3.61
6541,3.0138,3.61
6542,3.0138,3.61
6543,3.0138,3.61
6544,3.0138,3.61
6545,3.0138,3.61
6546,3.0138,3.61
6547,3.0138,3.61
6548,3.0138,3.61
6549,3.0138,3.61
6550,3.0138,3.61
6551,3.0138,3.61
6552,3.0138,3.61
6553,3.0138,3.61
6554,3.0138,3.61
6555,3.0138,3.61
6556,3.0138,3.61
6557,3.0138,3.61
6558,3.0138,3.61
6559,3.0138,3.61
6560,3.0138,3.61
6561,3.0138,3.61
6562,3.0138,3.61
6563,3.0138,3.61
6564,3.0138,3.61
6565,3.0138,3.61
6566,3.0138,3.61
6567,3.0138,3.61
6568,3.0138,3.61
6569,3.0138,3.61
6570,3.0138,3.61
6571,3.0138,3.61
6572,3.0138,3.61
6573,3.0138,3.61
6574,3.0138,3.61
6575,3.0138,3.61
6576,3.0138,3.61
6577,3.0138,3.61
6578,3.0138,3.61
6579,3.0138,3.61
6580,3.0138,3.61
6581,3.0138,3.61
6582,3.0138,3.61
6583,3.0138,3.61
6584,3.0138,3.61
6585,3.0138,3.61
6586,3.0138,3.61
6587,3.0138,3.61
6588,3.0138,3.61
6589,3.0138,3.61
6590,3.0138,3.61
6591,3.0138,3.61
6592,3.0138,3.61
6593,3.0138,3.61
6594,3.0138,3.61
6595,3.0138,3.61
6596,3.0138,3.61
6597,3.0138,3.61
6598,3.0138,3.61
6599,3.0138,3.61
6600,3.0138,3.61
6601,3.0138,3.61
6602,3.0138,3.61
6603,3.0138,3.61
6604,3.0138,3.61
6605,3.0138,3.61
6606,3.0138,3.61
6607,3.0138,3.61
6608,3.0138,3.61
6609,3.0138,3.61
6610,3.0138,3.61
6611,3.0138,3.61
6612,3.0138,3.61
6613,3.0138,3.61
6614,3.0138,3.61
6615,3.0138,3.61
6616,3.0138,3.61
6617,3.0138,3.61
6618,3.0138,3.61
6619,3.0138,3.61
6620,3.0138,3.61
6621,3.0138,3.61
6622,3.0138,3.61
6623,3.0138,3.61
6624,3.0138,3.61
6625,3.0138,3.61
6626,3.0138,3.61
6627,3.0138,3.61
6628,3.0138,3.61
6629,3.0138,3.61
6630,3.0138,3.61
6631,3.0138,3.61
6632,3.0138,3.61
6633,3.0138,3.61
6634,3.0138,3.61
6635,3.0138,3.61
6636,3.0138,3.61
6637,3.0138,3.61
6638,3.0138,3.61
6639,3.0138,3.61
6640,3.0138,3.61
6641,3.0138,3.61
6642,3.0138,3.61
6643,3.0138,3.61
6644,3.0138,3.61
6645,3.0138,3.61
6646,3.0138,3.61
6647,3.0138,3.61
6648,3.0138,3.61
6649,3.0138,3.61
6650,3.0138,3.61
6651,3.0138,3.61
6652,3.0138,3.61
6653,3.0138,3.61
6654,3.0138,3.61
6655,3.0138,3.61
6656,3.0138,3.61
6657,3.0138,3.61
6658,3.0138,3.61
6659,3.0138,3.61
6660,3.0138,3.61
6661,3.0138,3.61
6662,3.0138,3.61
6663,3.0138,3.61
6664,3.0138,3.61
6665,3.0138,3.61
6666,3.0138,3.61
6667,3.0138,3.61
6668,3.0138,3.61
6669,3.0138,3.61
6670,3.0138,3.61
6671,3.0138,3.61
6672,3.0138,3.61
6673,3.0138,3.61
6674,3.0138,3.61
6675,3.0138,3.61
6676,3.0138,3.61
6677,3.0138,3.61
6678,3.0138,3.61
6679,3.0138,3.61
6680,3.0138,3.61
6681,3.0138,3.61
6682,3.0138,3.61
6683,3.0138,3.61
6684,3.0138,3.61
6685,3.0138,3.61
6686,3.0138,3.61
6687,3.0138,3.61
6688,3.0138,3.61
6689,3.0138,3.61
6690,3.0138,3.61
6691,3.0138,3.61
6692,3.0138,3.61
6693,3.0138,3.61
6694,3.0138,3.61
6695,3.0138,3.61
6696,3.0138,3.61
6697,3.0138,3.61
6698,3.0138,3.61
6699,3.0138,3.61
6700,3.0138,3.61
6701,3.0138,3.61
6702,3.0138,3.61
6703,3.0138,3.61
6704,3.0138,3.61
6705,3.0138,3.61
6706,3.0138,3.61
6707,3.0138,3.61
6708,3.0138,3.61
6709,3.0138,3.61
6710,3.0138,3.61
6711,3.0138,3.61
6712,3.0138,3.61
6713,3.0138,3.61
6714,3.0138,3.61
6715,3.0138,3.61
6716,3.0138,3.61
6717,3.0138,3.61
6718,3.0138,3.61
6719,3.0138,3.61
6720,3.0138,3.61
6721,3.0138,3.61
6722,3.0138,3.61
6723,3.0138,3.61
6724,3.0138,3.61
6725,3.0138,3.61
6726,3.0138,3.61
6727,3.0138,3.61
6728,3.0138,3.61
6729,3.0138,3.61
6730,3.0138,3.61
6731,3.0138,3.61
6732,3.0138,3.61
6733,3.0138,3.61
6734,3.0138,3.61
6735,3.0138,3.61
6736,3.0138,3.61
6737,3.0138,3.61
6738,3.0138,3.61
6739,3.0138,3.61
6740,3.0138,3.61
6741,3.0138,3.61
6742,3.0138,3.61
6743,3.0138,3.61
6744,3.0138,3.61
6745,3.0138,3.61
6746,3.0138,3.61
6747,3.0138,3.61
6748,3.0138,3.61
6749,3.0138,3.61
6750,3.0138,3.61
6751,3.0138,3.61
6752,3.0138,3.61
6753,3.0138,3.61
6754,3.0138,3.61
6755,3.0138,3.61
6756,3.0138,3.61
6757,3.0138,3.61
6758,3.0138,3.61
6759,3.0138,3.61
6760,3.0138,3.61
6761,3.0138,3.61
6762,3.0138,3.61
6763,3.0138,3.61
6764,3.0138,3.61
6765,3.0138,3.61
6766,3.0138,3.61
6767,3.0138,3.61
6768,3.0138,3.61
6769,3.0138,3.61
6770,3.0138,3.61
6771,3.0138,3.61
6772,3.0138,3.61
6773,3.0138,3.61
6774,3.0138,3.61
6775,3.0138,3.61
6776,3.0138,3.61
6777,3.0138,3.61
6778,3.0138,3.61
6779,3.0138,3.61
6780,3.0138,3.61
6781,3.0138,3.61
6782,3.0138,3.61
6783,3.0138,3.61
6784,3.0138,3.61
6785,3.0138,3.61
6786,3.0138,3.61
6787,3.0138,3.61
6788,3.0138,3.61
6789,3.0138,3.61
6790,3.0138,3.61
6791,3.0138,3.61
6792,3.0138,3.61
6793,3.0138,3.61
6794,3.0138,3.61
6795,3.0138,3.61
6796,3.0138,3.61
6797,3.0138,3.61
6798,3.0138,3.61
6799,3.0138,3.61
6800,3.0138,3.61
6801,3.0138,3.61
6802,3.0138,3.61
6803,3.0138,3.61
6804,3.0138,3.61
6805,3.0138,3.61
6806,3.0138,3.61
6807,3.0138,3.61
6808,3.0138,3.61
6809,3.0138,3.61
6810,3.0138,3.61
6811,3.0138,3.61
6812,3.0138,3.61
6813,3.0138,3.61
6814,3.0138,3.61
6815,3.0138,3.61
6816,3.0138,3.61
6817,3.0138,3.61
6818,3.0138,3.61
6819,3.0138,3.61
6820,3.0138,3.61
6821,3.0138,3.61
6822,3.0138,3.61
6823,3.0138,3.61
6824,3.0138,3.61
6825,3.0138,3.61
6826,3.0138,3.61
6827,3.0138,3.61
6828,3.0138,3.61
6829,3.0138,3.61
6830,3.0138,3.61
6831,3.0138,3.61
6832,3.0138,3.61
6833,3.0138,3.61
6834,3.0138,3.61
6835,3.0138,3.61
6836,3.0138,3.61
6837,3.0138,3.61
6838,3.0138,3.61
6839,3.0138,3.61
6840,3.0138,3.61
6841,3.0138,3.61
6842,3.0138,3.61
6843,3.0138,3.61
6844,3.0138,3.61
6845,3.0138,3.61
6846,3.0138,3.61
6847,3.0138,3.61
6848,3.0138,3.61
6849,3.0138,3.61
6850,3.0138,3.61
6851,3.0138,3.61
6852,3.0138,3.61
6853,3.0138,3.61
6854,3.0138,3.61
6855,3.0138,3.61
6856,3.0138,3.61
6857,3.0138,3.61
6858,3.0138,3.61
6859,3.0138,3.61
6860,3.0138,3.61
6861,3.0138,3.61
6862,3.0138,3.61
6863,3.0138,3.61
6864,3.0138,3.61
6865,3.0138,3.61
6866,3.0138,3.61
6867,3.0138,3.61
6868,3.0138,3.61
6869,3.0138,3.61
6870,3.0138,3.61
6871,3.0138,3.61
6872,3.0138,3.61
6873,3.0138,3.61
6874,3.0138,3.61
6875,3.0138,3.61
6876,3.0138,3.61
6877,3.0138,3.61
6878,3.0138,3.61
6879,3.0138,3.61
6880,3.0138,3.61
6881,3.0138,3.61
6882,3.0138,3.61
6883,3.0138,3.61
6884,3.0138,3.61
6885,3.0138,3.61
6886,3.0138,3.61
6887,3.0138,3.61
6888,3.0138,3.61
6889,3.0138,3.61
6890,3.0138,3.61
6891,3.0138,3.61
6892,3.0138,3.61
6893,3.0138,3.61
6894,3.0138,3.61
6895,3.0138,3.61
6896,3.0138,3.61
6897,3.0138,3.61
6898,3.0138,3.61
6899,3.0138,3.61
6900,3.0138,3.61
6901,3.0138,3.61
6902,3.0138,3.61
6903,3.0138,3.61
6904,3.0138,3.61
6905,3.0138,3.61
6906,3.0138,3.61
6907,3.0138,3.61
6908,3.0138,3.61
6909,3.0138,3.61
6910,3.0138,3.61
6911,3.0138,3.61
6912,3.0138,3.61
6913,3.0138,3.61
6914,3.0138,3.61
6915,3.0138,3.61
6916,3.0138,3.61
6917,3.0138,3.61
6918,3.0138,3.61
6919,3.0138,3.61
6920,3.0138,3.61
6921,3.0138,3.61
6922,3.0138,3.61
6923,3.0138,3.61
6924,3.0138,3.61
6925,3.0138,3.61
6926,3.0138,3.61
6927,3.0138,3.61
6928,3.0138,3.61
6929,3.0138,3.61
6930,3.0138,3.61
6931,3.0138,3.61
6932,3.0138,3.61
6933,3.0138,3.61
6934,3.0138,3.61
6935,3.0138,3.61
6936,3.0138,3.61
6937,3.0138,3.61
6938,3.0138,3.61
6939,3.0138,3.61
6940,3.0138,3.61
6941,3.0138,3.61
6942,3.0138,3.61
6943,3.0138,3.61
6944,3.0138,3.61
6945,3.0138,3.61
6946,3.0138,3.61
6947,3.0138,3.61
6948,3.0138,3.61
6949,3.0138,3.61
6950,3.0138,3.61
6951,3.0138,3.61
6952,3.0138,3.61
6953,3.0138,3.61
6954,3.0138,3.61
6955,3.0138,3.61
6956,3.0138,3.61
6957,3.0138,3.61
6958,3.0138,3.61
6959,3.0138,3.61
6960,3.0138,3.61
6961,3.0138,3.61
6962,3.0138,3.61
6963,3.0138,3.61
6964,3.0138,3.61
6965,3.0138,3.61
6966,3.0138,3.61
6967,3.0138,3.61
6968,3.0138,3.61
6969,3.0138,3.61
6970,3.0138,3.61
6971,3.0138,3.61
6972,3.0138,3.61
6973,3.0138,3.61
6974,3.0138,3.61
6975,3.0138,3.61
6976,3.0138,3.61
6977,3.0138,3.61
6978,3.0138,3.61
6979,3.0138,3.61
6980,3.0138,3.61
6981,3.0138,3.61
6982,3.0138,3.61
6983,3.0138,3.61
6984,3.0138,3.61
6985,3.0138,3.61
6986,3.0138,3.61
6987,3.0138,3.61
6988,3.0138,3.61
6989,3.0138,3.61
6990,3.0138,3.61
6991,3.0138,3.61
6992,3.0138,3.61
6993,3.0138,3.61
6994,3.0138,3.61
6995,3.0138,3.61
6996,3.0138,3.61
6997,3.0138,3.61
6998,3.0138,3.61
6999,3.0138,3.61
7000,3.0138,3.61
7001,3.0138,3.61
7002,3.0138,3.61
7003,3.0138,3.61
7004,3.0138,3.61
7005,3.0138,3.61
7006,3.0138,3.61
7007,3.0138,3.61
7008,3.0138,3.61
7009,3.0138,3.61
7010,3.0138,3.61
7011,3.0138,3.61
7012,3.0138,3.61
7013,3.0138,3.61
7014,3.0138,3.61
7015,3.0138,3.61
7016,3.0138,3.61
7017,3.0138,3.61
7018,3.0138,3.61
7019,3.0138,3.61
7020,3.0138,3.61
7021,3.0138,3.61
7022,3.0138,3.61
7023,3.0138,3.61
7024,3.0138,3.61
7025,3.0138,3.61
7026,3.0138,3.61
7027,3.0138,3.61
7028,3.0138,3.61
7029,3.0138,3.61
7030,3.0138,3.61
7031,3.0138,3.61
7032,3.0138,3.61
7033,3.0138,3.61
7034,3.0138,3.61
7035,3.0138,3.61
7036,3.0138,3.61
7037,3.0138,3.61
7038,3.0138,3.61
7039,3.0138,3.61
7040,3.0138,3.61
7041,3.0138,3.61
7042,3.0138,3.61
7043,3.0138,3.61
7044,3.0138,3.61
7045,3.0138,3.61
7046,3.0138,3.61
7047,3.0138,3.61
7048,3.0138,3.61
7049,3.0138,3.61
7050,3.0138,3.61
7051,3.0138,3.61
7052,3.0138,3.61
7053,3.0138,3.61
7054,3.0138,3.61
7055,3.0138,3.61
7056,3.0138,3.61
7057,3.0138,3.61
7058,3.0138,3.61
7059,3.0138,3.61
7060,3.0138,3.61
7061,3.0138,3.61
7062,3.0138,3.61
7063,3.0138,3.61
7064,3.0138,3.61
7065,3.0138,3.61
7066,3.0138,3.61
7067,3.0138,3.61
7068,3.0138,3.61
7069,3.0138,3.61
7070,3.0138,3.61
7071,3.0138,3.61
7072,3.0138,3.61
7073,3.0138,3.61
7074,3.0138,3.61
7075,3.0138,3.61
7076,3.0138,3.61
7077,3.0138,3.61
7078,3.0138,3.61
7079,3.0138,3.61
7080,3.0138,3.61
7081,3.0138,3.61
7082,3.0138,3.61
7083,3.0138,3.61
7084,3.0138,3.61
7085,3.0138,3.61
7086,3.0138,3.61
7087,3.0138,3.61
7088,3.0138,3.61
7089,3.0138,3.61
7090,3.0138,3.61
7091,3.0138,3.61
7092,3.0138,3.61
7093,3.0138,3.61
7094,3.0138,3.61
7095,3.0138,3.61
7096,3.0138,3.61
7097,3.0138,3.61
7098,3.0138,3.61
7099,3.0138,3.61
7100,3.0138,3.61
7101,3.0138,3.61
7102,3.0138,3.61
7103,3.0138,3.61
7104,3.0138,3.61
7105,3.0138,3.61
7106,3.0138,3.61
7107,3.0138,3.61
7108,3.0138,3.61
7109,3.0138,3.61
7110,3.0138,3.61
7111,3.0138,3.61
7112,3.0138,3.61
7113,3.0138,3.61
7114,3.0138,3.61
7115,3.0138,3.61
7116,3.0138,3.61
7117,3.0138,3.61
7118,3.0138,3.61
7119,3.0138,3.61
7120,3.0138,3.61
7121,3.0138,3.61
7122,3.0138,3.61
7123,3.0138,3.61
7124,3.0138,3.61
7125,3.0138,3.61
7126,3.0138,3.61
7127,3.0138,3.61
7128,3.0138,3.61
7129,3.0138,3.61
7130,3.0138,3.61
7131,3.0138,3.61
7132,3.0138,3.61
7133,3.0138,3.61
7134,3.0138,3.61
7135,3.0138,3.61
7136,3.0138,3.61
7137,3.0138,3.61
7138,3.0138,3.61
7139,3.0138,3.61
7140,3.0138,3.61
7141,3.0138,3.61
7142,3.0138,3.61
7143,3.0138,3.61
7144,3.0138,3.61
7145,3.0138,3.61
7146,3.0138,3.61
7147,3.0138,3.61
7148,3.0138,3.61
7149,3.0138,3.61
7150,3.0138,3.61
7151,3.0138,3.61
7152,3.0138,3.61
7153,3.0138,3.61
7154,3.0138,3.61
7155,3.0138,3.61
7156,3.0138,3.61
7157,3.0138,3.61
7158,3.0138,3.61
7159,3.0138,3.61
7160,3.0138,3.61
7161,3.0138,3.61
7162,3.0138,3.61
7163,3.0138,3.61
7164,3.0138,3.61
7165,3.0138,3.61
7166,3.0138,3.61
7167,3.0138,3.61
7168,3.0138,3.61
7169,3.0138,3.61
7170,3.0138,3.61
7171,3.0138,3.61
7172,3.0138,3.61
7173,3.0138,3.61
7174,3.0138,3.61
7175,3.0138,3.61
7176,3.0138,3.61
7177,3.0138,3.61
7178,3.0138,3.61
7179,3.0138,3.61
7180,3.0138,3.61
7181,3.0138,3.61
7182,3.0138,3.61
7183,3.0138,3.61
7184,3.0138,3.61
7185,3.0138,3.61
7186,3.0138,3.61
7187,3.0138,3.61
7188,3.0138,3.61
7189,3.0138,3.61
7190,3.0138,3.61
7191,3.0138,3.61
7192,3.0138,3.61
7193,3.0138,3.61
7194,3.0138,3.61
7195,3.0138,3.61
7196,3.0138,3.61
7197,3.0138,3.61
7198,3.0138,3.61
7199,3.0138,3.61
7200,3.0138,3.61
7201,3.0138,3.61
7202,3.0138,3.61
7203,3.0138,3.61
7204,3.0138,3.61
7205,3.0138,3.61
7206,3.0138,3.61
7207,3.0138,3.61
7208,3.0138,3.61
7209,3.0138,3.61
7210,3.0138,3.61
7211,3.0138,3.61
7212,3.0138,3.61
7213,3.0138,3.61
7214,3.0138,3.61
7215,3.0138,3.61
7216,3.0138,3.61
7217,3.0138,3.61
7218,3.0138,3.61
7219,3.0138,3.61
7220,3.0138,3.61
7221,3.0138,3.61
7222,3.0138,3.61
7223,3.0138,3.61
7224,3.0138,3.61
7225,3.0138,3.61
7226,3.0138,3.61
7227,3.0138,3.61
7228,3.0138,3.61
7229,3.0138,3.61
7230,3.0138,3.61
7231,3.0138,3.61
7232,3.0138,3.61
7233,3.0138,3.61
7234,3.0138,3.61
7235,3.0138,3.61
7236,3.0138,3.61
7237,3.0138,3.61
7238,3.0138,3.61
7239,3.0138,3.61
7240,3.0138,3.61
7241,3.0138,3.61
7242,3.0138,3.61
7243,3.0138,3.61
7244,3.0138,3.61
7245,3.0138,3.61
7246,3.0138,3.61
7247,3.0138,3.61
7248,3.0138,3.61
7249,3.0138,3.61
7250,3.0138,3.61
7251,3.0138,3.61
7252,3.0138,3.61
7253,3.0138,3.61
7254,3.0138,3.61
7255,3.0138,3.61
7256,3.0138,3.61
7257,3.0138,3.61
7258,3.0138,3.61
7259,3.0138,3.61
7260,3.0138,3.61
7261,3.0138,3.61
7262,3.0138,3.61
7263,3.0138,3.61
7264,3.0138,3.61
7265,3.0138,3.61
7266,3.0138,3.61
7267,3.0138,3.61
7268,3.0138,3.61
7269,3.0138,3.61
7270,3.0138,3.61
7271,3.0138,3.61
7272,3.0138,3.61
7273,3.0138,3.61
7274,3.0138,3.61
7275,3.0138,3.61
7276,3.0138,3.61
7277,3.0138,3.61
7278,3.0138,3.61
7279,3.0138,3.61
7280,3.0138,3.61
7281,3.0138,3.61
7282,3.0138,3.61
7283,3.0138,3.61
7284,3.0138,3.61
7285,3.0138,3.61
7286,3.0138,3.61
7287,3.0138,3.61
7288,3.0138,3.61
7289,3.0138,3.61
7290,3.0138,3.61
7291,3.0138,3.61
7292,3.0138,3.61
7293,3.0138,3.61
7294,3.0138,3.61
7295,3.0138,3.61
7296,3.0138,3.61
7297,3.0138,3.61
7298,3.0138,3.61
7299,3.0138,3.61
7300,3.0138,3.61
7301,3.0138,3.61
7302,3.0138,3.61
7303,3.0138,3.61
7304,3.0138,3.61
7305,3.0138,3.61
7306,3.0138,3.61
7307,3.0138,3.61
7308,3.0138,3.61
7309,3.0138,3.61
7310,3.0138,3.61
7311,3.0138,3.61
7312,3.0138,3.61
7313,3.0138,3.61
7314,3.0138,3.61
7315,3.0138,3.61
7316,3.0138,3.61
7317,3.0138,3.61
7318,3.0138,3.61
7319,3.0138,3.61
7320,3.0138,3.61
7321,3.0138,3.61
7322,3.0138,3.61
7323,3.0138,3.61
7324,3.0138,3.61
7325,3.0138,3.61
7326,3.0138,3.61
7327,3.0138,3.61
7328,3.0138,3.61
7329,3.0138,3.61
7330,3.0138,3.61
7331,3.0138,3.61
7332,3.0138,3.61
7333,3.0138,3.61
7334,3.0138,3.61
7335,3.0138,3.61
7336,3.0138,3.61
7337,3.0138,3.61
7338,3.0138,3.61
7339,3.0138,3.61
7340,3.0138,3.61
7341,3.0138,3.61
7342,3.0138,3.61
7343,3.0138,3.61
7344,3.0138,3.61
7345,3.0138,3.61
7346,3.0138,3.61
7347,3.0138,3.61
7348,3.0138,3.61
7349,3.0138,3.61
7350,3.0138,3.61
7351,3.0138,3.61
7352,3.0138,3.61
7353,3.0138,3.61
7354,3.0138,3.61
7355,3.0138,3.61
7356,3.0138,3.61
7357,3.0138,3.61
7358,3.0138,3.61
7359,3.0138,3.61
7360,3.0138,3.61
7361,3.0138,3.61
7362,3.0138,3.61
7363,3.0138,3.61
7364,3.0138,3.61
7365,3.0138,3.61
7366,3.0138,3.61
7367,3.0138,3.61
7368,3.0138,3.61
7369,3.0138,3.61
7370,3.0138,3.61
7371,3.0138,3.61
7372,3.0138,3.61
7373,3.0138,3.61
7374,3.0138,3.61
7375,3.0138,3.61
7376,3.0138,3.61
7377,3.0138,3.61
7378,3.0138,3.61
7379,3.0138,3.61
7380,3.0138,3.61
7381,3.0138,3.61
7382,3.0138,3.61
7383,3.0138,3.61
7384,3.0138,3.61
7385,3.0138,3.61
7386,3.0138,3.61
7387,3.0138,3.61
7388,3.0138,3.61
7389,3.0138,3.61
7390,3.0138,3.61
7391,3.0138,3.61
7392,3.0138,3.61
7393,3.0138,3.61
7394,3.0138,3.61
7395,3.0138,3.61
7396,3.0138,3.61
7397,3.0138,3.61
7398,3.0138,3.61
7399,3.0138,3.61
7400,3.0138,3.61
7401,3.0138,3.61
7402,3.0138,3.61
7403,3.0138,3.61
7404,3.0138,3.61
7405,3.0138,3.61
7406,3.0138,3.61
7407,3.0138,3.61
7408,3.0138,3.61
7409,3.0138,3.61
7410,3.0138,3.61
7411,3.0138,3.61
7412,3.0138,3.61
7413,3.0138,3.61
7414,3.0138,3.61
7415,3.0138,3.61
7416,3.0138,3.61
7417,3.0138,3.61
7418,3.0138,3.61
7419,3.0138,3.61
7420,3.0138,3.61
7421,3.0138,3.61
7422,3.0138,3.61
7423,3.0138,3.61
7424,3.0138,3.61
7425,3.0138,3.61
7426,3.0138,3.61
7427,3.0138,3.61
7428,3.0138,3.61
7429,3.0138,3.61
7430,3.0138,3.61
7431,3.0138,3.61
7432,3.0138,3.61
7433,3.0138,3.61
7434,3.0138,3.61
7435,3.0138,3.61
7436,3.0138,3.61
7437,3.0138,3.61
7438,3.0138,3.61
7439,3.0138,3.61
7440,3.0138,3.61
7441,3.0138,3.61
7442,3.0138,3.61
7443,3.0138,3.61
7444,3.0138,3.61
7445,3.0138,3.61
7446,3.0138,3.61
7447,3.0138,3.61
7448,3.0138,3.61
7449,3.0138,3.61
7450,3.0138,3.61
7451,3.0138,3.61
7452,3.0138,3.61
7453,3.0138,3.61
7454,3.0138,3.61
7455,3.0138,3.61
7456,3.0138,3.61
7457,3.0138,3.61
7458,3.0138,3.61
7459,3.0138,3.61
7460,3.0138,3.61
7461,3.0138,3.61
7462,3.0138,3.61
7463,3.0138,3.61
7464,3.0138,3.61
7465,3.0138,3.61
7466,3.0138,3.61
7467,3.0138,3.61
7468,3.0138,3.61
7469,3.0138,3.61
7470,3.0138,3.61
7471,3.0138,3.61
7472,3.0138,3.61
7473,3.0138,3.61
7474,3.0138,3.61
7475,3.0138,3.61
7476,3.0138,3.61
7477,3.0138,3.61
7478,3.0138,3.61
7479,3.0138,3.61
7480,3.0138,3.61
7481,3.0138,3.61
7482,3.0138,3.61
7483,3.0138,3.61
7484,3.0138,3.61
7485,3.0138,3.61
7486,3.0138,3.61
7487,3.0138,3.61
7488,3.0142,3.61
7489,3.0142,3.61
7490,3.0142,3.61
7491,3.0142,3.61
7492,3.0142,3.61
7493,3.0142,3.61
7494,3.0142,3.61
7495,3.0142,3.61
7496,3.0142,3.61
7497,3.0142,3.61
7498,3.0142,3.61
7499,3.0142,3.61
7500,3.0142,3.61
