"iteration","current","best_so_far"
1,3.5412,3.61
2,3.4849,3.61
3,3.4366,3.61
4,3.393,3.61
5,3.3586,3.61
6,3.3301,3.61
7,3.2951,3.61
8,3.2703,3.61
9,3.2451,3.61
10,3.2203,3.61
11,3.1748,3.61
12,3.1646,3.61
13,3.1441,3.61
14,3.1227,3.61
15,3.0947,3.61
16,3.0709,3.61
17,3.0497,3.61
18,3.0281,3.61
19,3.0112,3.61
20,2.9931,3.61
21,2.9669,3.61
22,2.9538,3.61
23,2.9307,3.61
24,2.9097,3.61
25,2.8883,3.61
26,2.8834,3.61
27,2.8668,3.61
28,2.8534,3.61
29,2.839,3.61
30,2.8145,3.61
31,2.8024,3.61
32,2.8007,3.61
33,2.7747,3.61
34,2.7513,3.61
35,2.7426,3.61
36,2.7337,3.61
37,2.7075,3.61
38,2.703,3.61
39,2.6782,3.61
40,2.6513,3.61
41,2.648,3.61
42,2.6447,3.61
43,2.6342,3.61
44,2.62,3.61
45,2.5962,3.61
46,2.5996,3.61
47,2.5793,3.61
48,2.5676,3.61
49,2.5588,3.61
50,2.5401,3.61
51,2.5292,3.61
52,2.5182,3.61
53,2.5096,3.61
54,2.5012,3.61
55,2.4899,3.61
56,2.4827,3.61
57,2.4598,3.61
58,2.4556,3.61
59,2.4363,3.61
60,2.4312,3.61
61,2.4199,3.61
62,2.4049,3.61
63,2.4007,3.61
64,2.3888,3.61
65,2.3883,3.61
66,2.3759,3.61
67,2.3605,3.61
68,2.3566,3.61
69,2.341,3.61
70,2.32,3.61
71,2.3103,3.61
72,2.3041,3.61
73,2.2849,3.61
74,2.2709,3.61
75,2.2694,3.61
76,2.2609,3.61
77,2.2532,3.61
78,2.2476,3.61
79,2.242,3.61
80,2.2328,3.61
81,2.2176,3.61
82,2.2103,3.61
83,2.1935,3.61
84,2.1854,3.61
85,2.176,3.61
86,2.1719,3.61
87,2.163,3.61
88,2.1604,3.61
89,2.1365,3.61
90,2.1261,3.61
91,2.1238,3.61
92,2.0964,3.61
93,2.1041,3.61
94,2.0887,3.61
95,2.0832,3.61
96,2.0589,3.61
97,2.0473,3.61
98,2.041,3.61
99,2.0419,3.61
100,2.0389,3.61
101,2.022,3.61
102,2.0098,3.61
103,2.0089,3.61
104,1.9946,3.61
105,1.9956,3.61
106,1.9817,3.61
107,1.968,3.61
108,1.9709,3.61
109,1.9538,3.61
110,1.9544,3.61
111,1.9391,3.61
112,1.9291,3.61
113,1.9254,3.61
114,1.9336,3.61
115,1.9077,3.61
116,1.9102,3.61
117,1.9056,3.61
118,1.8941,3.61
119,1.9023,3.61
120,1.8802,3.61
121,1.876,3.61
122,1.8563,3.61
123,1.8589,3.61
124,1.844,3.61
125,1.8423,3.61
126,1.8407,3.61
127,1.8429,3.61
128,1.8255,3.61
129,1.8183,3.61
130,1.8263,3.61
131,1.8125,3.61
132,1.7979,3.61
133,1.8028,3.61
134,1.7903,3.61
135,1.7754,3.61
136,1.7702,3.61
137,1.7626,3.61
138,1.7589,3.61
139,1.7546,3.61
140,1.7497,3.61
141,1.7393,3.61
142,1.7343,3.61
143,1.7348,3.61
144,1.7323,3.61
145,1.7255,3.61
146,1.7139,3.61
147,1.7041,3.61
148,1.7064,3.61
149,1.6921,3.61
150,1.6815,3.61
151,1.681,3.61
152,1.668,3.61
153,1.661,3.61
154,1.6536,3.61
155,1.6467,3.61
156,1.6422,3.61
157,1.6355,3.61
158,1.6288,3.61
159,1.625,3.61
160,1.6015,3.61
161,1.6026,3.61
162,1.5936,3.61
163,1.5901,3.61
164,1.5994,3.61
165,1.5795,3.61
166,1.5838,3.61
167,1.5683,3.61
168,1.567,3.61
169,1.5624,3.61
170,1.5529,3.61
171,1.5557,3.61
172,1.5295,3.61
173,1.5252,3.61
174,1.5385,3.61
175,1.5066,3.61
176,1.5017,3.61
177,1.499,3.61
178,1.5097,3.61
179,1.5011,3.61
180,1.4856,3.61
181,1.48,3.61
182,1.4782,3.61
183,1.4657,3.61
184,1.4702,3.61
185,1.4468,3.61
186,1.4361,3.61
187,1.4574,3.61
188,1.4375,3.61
189,1.4325,3.61
190,1.4125,3.61
191,1.4135,3.61
192,1.4063,3.61
193,1.4149,3.61
194,1.3919,3.61
195,1.3924,3.61
196,1.4043,3.61
197,1.3903,3.61
198,1.3884,3.61
199,1.3828,3.61
200,1.3841,3.61
201,1.3666,3.61
202,1.3601,3.61
203,1.3697,3.61
204,1.3536,3.61
205,1.3438,3.61
206,1.3512,3.61
207,1.3475,3.61
208,1.3239,3.61
209,1.3316,3.61
210,1.3018,3.61
211,1.2902,3.61
212,1.3053,3.61
213,1.2993,3.61
214,1.2587,3.61
215,1.2884,3.61
216,1.2598,3.61
217,1.2466,3.61
218,1.2437,3.61
219,1.2132,3.61
220,1.2321,3.61
221,1.2431,3.61
222,1.2127,3.61
223,1.1903,3.61
224,1.1879,3.61
225,1.197,3.61
226,1.175,3.61
227,1.1825,3.61
228,1.1978,3.61
229,1.1809,3.61
230,1.1965,3.61
231,1.1637,3.61
232,1.167,3.61
233,1.1547,3.61
234,1.1595,3.61
235,1.1421,3.61
236,1.1361,3.61
237,1.1493,3.61
238,1.1351,3.61
239,1.1274,3.61
240,1.1309,3.61
241,1.1166,3.61
242,1.1181,3.61
243,1.1109,3.61
244,1.1065,3.61
245,1.1252,3.61
246,1.0995,3.61
247,1.103,3.61
248,1.1142,3.61
249,1.1026,3.61
250,1.0899,3.61
251,1.0923,3.61
252,1.096,3.61
253,1.0933,3.61
254,1.1066,3.61
255,1.0586,3.61
256,1.0717,3.61
257,1.0918,3.61
258,1.0603,3.61
259,1.0748,3.61
260,1.0107,3.61
261,1.0147,3.61
262,1.0538,3.61
263,1.0362,3.61
264,1.0337,3.61
265,1.0201,3.61
266,0.9893,3.61
267,0.9545,3.61
268,0.9841,3.61
269,0.9933,3.61
270,0.9644,3.61
271,0.9925,3.61
272,0.9648,3.61
273,0.9597,3.61
274,0.9406,3.61
275,0.9455,3.61
276,0.9351,3.61
277,0.8734,3.61
278,0.8965,3.61
279,0.904,3.61
280,0.8964,3.61
281,0.9296,3.61
282,0.893,3.61
283,0.8745,3.61
284,0.8935,3.61
285,0.9093,3.61
286,0.9086,3.61
287,0.929,3.61
288,0.9046,3.61
289,0.9216,3.61
290,0.9261,3.61
291,0.9041,3.61
292,0.8897,3.61
293,0.8868,3.61
294,0.8493,3.61
295,0.8443,3.61
296,0.8369,3.61
297,0.8322,3.61
298,0.8194,3.61
299,0.8379,3.61
300,0.8299,3.61
301,0.8173,3.61
302,0.8105,3.61
303,0.8179,3.61
304,0.7633,3.61
305,0.766,3.61
306,0.7918,3.61
307,0.7965,3.61
308,0.7247,3.61
309,0.7702,3.61
310,0.7367,3.61
311,0.7254,3.61
312,0.768,3.61
313,0.7083,3.61
314,0.7373,3.61
315,0.7027,3.61
316,0.6751,3.61
317,0.6789,3.61
318,0.7156,3.61
319,0.6728,3.61
320,0.6912,3.61
321,0.7619,3.61
322,0.6918,3.61
323,0.6893,3.61
324,0.6605,3.61
325,0.6873,3.61
326,0.6362,3.61
327,0.6258,3.61
328,0.6322,3.61
329,0.6414,3.61
330,0.6346,3.61
331,0.5875,3.61
332,0.6066,3.61
333,0.5859,3.61
334,0.5996,3.61
335,0.5943,3.61
336,0.6241,3.61
337,0.5993,3.61
338,0.5966,3.61
339,0.5874,3.61
340,0.6097,3.61
341,0.5911,3.61
342,0.5954,3.61
343,0.6092,3.61
344,0.5923,3.61
345,0.6143,3.61
346,0.6151,3.61
347,0.584,3.61
348,0.5396,3.61
349,0.5644,3.61
350,0.5469,3.61
351,0.5083,3.61
352,0.5651,3.61
353,0.537,3.61
354,0.5415,3.61
355,0.5802,3.61
356,0.5532,3.61
357,0.5551,3.61
358,0.6013,3.61
359,0.5795,3.61
360,0.5014,3.61
361,0.5096,3.61
362,0.4956,3.61
363,0.5313,3.61
364,0.5676,3.61
365,0.526,3.61
366,0.528,3.61
367,0.468,3.61
368,0.4595,3.61
369,0.4928,3.61
370,0.4868,3.61
371,0.4075,3.61
372,0.4288,3.61
373,0.4492,3.61
374,0.4878,3.61
375,0.3953,3.61
376,0.3964,3.61
377,0.3741,3.61
378,0.4588,3.61
379,0.3545,3.61
380,0.4574,3.61
381,0.3803,3.61
382,0.4251,3.61
383,0.4665,3.61
384,0.4064,3.61
385,0.3807,3.61
386,0.4644,3.61
387,0.4297,3.61
388,0.4047,3.61
389,0.4121,3.61
390,0.4086,3.61
391,0.3352,3.61
392,0.4228,3.61
393,0.4456,3.61
394,0.3708,3.61
395,0.3587,3.61
396,0.3269,3.61
397,0.3056,3.61
398,0.3311,3.61
399,0.3679,3.61
400,0.2174,3.61
401,0.2903,3.61
402,0.2548,3.61
403,0.267,3.61
404,0.2805,3.61
405,0.2383,3.61
406,0.3456,3.61
407,0.3008,3.61
408,0.1798,3.61
409,0.2949,3.61
410,0.2905,3.61
411,0.3098,3.61
412,0.2698,3.61
413,0.2486,3.61
414,0.2187,3.61
415,0.2546,3.61
416,0.2024,3.61
417,0.1945,3.61
418,0.1851,3.61
419,0.1362,3.61
420,0.1586,3.61
421,0.1267,3.61
422,0.1458,3.61
423,0.1833,3.61
424,0.208,3.61
425,0.2123,3.61
426,0.138,3.61
427,0.2019,3.61
428,0.0218,3.61
429,0.2066,3.61
430,0.1588,3.61
431,0.1423,3.61
432,0.0461,3.61
433,0.1581,3.61
434,4e-04,3.61
435,0.1606,3.61
436,0.1475,3.61
437,0.0913,3.61
438,8e-04,3.61
439,0.1146,3.61
440,0.0775,3.61
441,0.0169,3.61
442,0.1486,3.61
443,0,3.61
444,0,3.61
445,0.0293,3.61
446,0.0381,3.61
447,0.0699,3.61
448,0.0885,3.61
449,0.0528,3.61
450,0.0163,3.61
451,0.0858,3.61
452,0.1072,3.61
453,0.0177,3.61
454,0.1094,3.61
455,0.1019,3.61
456,0.0984,3.61
457,0,3.61
458,0.151,3.61
459,0.0983,3.61
460,0.1064,3.61
461,0.0414,3.61
462,0,3.61
463,0.0538,3.61
464,0.0403,3.61
465,0.0026,3.61
466,0.022,3.61
467,0,3.61
468,0.0247,3.61
469,0.064,3.61
470,0.0285,3.61
471,0.0302,3.61
472,0,3.61
473,0,3.61
474,0,3.61
475,0,3.61
476,0,3.61
477,0.0092,3.61
478,0,3.61
479,0,3.61
480,0,3.61
481,0,3.61
482,0,3.61
483,0.0226,3.61
484,0,3.61
485,0,3.61
486,0,3.61
487,0,3.61
488,0,3.61
489,0,3.61
490,0,3.61
491,0,3.61
492,0,3.61
493,0,3.61
494,0,3.61
495,0,3.61
496,0,3.61
497,0,3.61
498,0,3.61
499,0,3.61
500,0,3.61
501,0,3.61
502,0,3.61
503,0,3.61
504,0,3.61
505,0,3.61
506,0,3.61
507,0,3.61
508,0,3.61
509,0,3.61
510,0,3.61
511,0,3.61
512,0,3.61
513,0,3.61
514,0,3.61
515,0,3.61
516,0,3.61
517,0,3.61
518,0,3.61
519,0,3.61
520,0,3.61
521,0,3.61
522,0,3.61
523,0,3.61
524,0,3.61
525,0,3.61
526,0,3.61
527,0,3.61
528,0,3.61
529,0,3.61
530,0,3.61
531,0,3.61
532,0,3.61
533,0,3.61
534,0,3.61
535,0,3.61
536,0,3.61
537,0,3.61
538,0,3.61
539,0,3.61
540,0,3.61
541,0,3.61
542,0,3.61
543,0,3.61
544,0,3.61
545,0,3.61
546,0,3.61
547,0,3.61
548,0,3.61
549,0,3.61
550,0,3.61
551,0,3.61
552,0,3.61
553,0,3.61
554,0,3.61
555,0,3.61
556,0,3.61
557,0,3.61
558,0,3.61
559,0,3.61
560,0,3.61
561,0,3.61
562,0,3.61
563,0,3.61
564,0,3.61
565,0,3.61
566,0,3.61
567,0,3.61
568,0,3.61
569,0,3.61
570,0,3.61
571,0,3.61
572,0,3.61
573,0,3.61
574,0,3.61
575,0,3.61
576,0,3.61
577,0,3.61
578,0,3.61
579,0,3.61
580,0,3.61
581,0,3.61
582,0,3.61
583,0,3.61
584,0,3.61
585,0,3.61
586,0,3.61
587,0,3.61
588,0,3.61
589,0,3.61
590,0,3.61
591,0,3.61
592,0,3.61
593,0,3.61
594,0,3.61
595,0,3.61
596,0,3.61
597,0,3.61
598,0,3.61
599,0,3.61
600,0,3.61
601,0,3.61
602,0,3.61
603,0,3.61
604,0,3.61
605,0,3.61
606,0,3.61
607,0,3.61
608,0,3.61
609,0,3.61
610,0,3.61
611,0,3.61
612,0,3.61
613,0,3.61
614,0,3.61
615,0,3.61
616,0,3.61
617,0,3.61
618,0,3.61
619,0,3.61
620,0,3.61
621,0,3.61
622,0,3.61
623,0,3.61
624,0,3.61
625,0,3.61
626,0,3.61
627,0,3.61
628,0,3.61
629,0,3.61
630,0,3.61
631,0,3.61
632,0,3.61
633,0,3.61
634,0,3.61
635,0,3.61
636,0,3.61
637,0,3.61
638,0,3.61
639,0,3.61
640,0,3.61
641,0,3.61
642,0,3.61
643,0,3.61
644,0,3.61
645,0,3.61
646,0,3.61
647,0,3.61
648,0,3.61
649,0,3.61
650,0,3.61
651,0,3.61
652,0,3.61
653,0,3.61
654,0,3.61
655,0,3.61
656,0,3.61
657,0,3.61
658,0,3.61
659,0,3.61
660,0,3.61
661,0,3.61
662,0,3.61
663,0,3.61
664,0,3.61
665,0,3.61
666,0,3.61
667,0,3.61
668,0,3.61
669,0,3.61
670,0,3.61
671,0,3.61
672,0,3.61
673,0,3.61
674,0,3.61
675,0,3.61
676,0,3.61
677,0,3.61
678,0,3.61
679,0,3.61
680,0,3.61
681,0,3.61
682,0,3.61
683,0,3.61
684,0,3.61
685,0,3.61
686,0,3.61
687,0,3.61
688,0,3.61
689,0,3.61
690,0,3.61
691,0,3.61
692,0,3.61
693,0,3.61
694,0,3.61
695,0,3.61
696,0,3.61
697,0,3.61
698,0,3.61
699,0,3.61
700,0,3.61
701,0,3.61
702,0,3.61
703,0,3.61
704,0,3.61
705,0,3.61
706,0,3.61
707,0,3.61
708,0,3.61
709,0,3.61
710,0,3.61
711,0,3.61
712,0,3.61
713,0,3.61
714,0,3.61
715,0,3.61
716,0,3.61
717,0,3.61
718,0,3.61
719,0,3.61
720,0,3.61
721,0,3.61
722,0,3.61
723,0,3.61
724,0,3.61
725,0,3.61
726,0,3.61
727,0,3.61
728,0,3.61
729,0,3.61
730,0,3.61
731,0,3.61
732,0,3.61
733,0,3.61
734,0,3.61
735,0,3.61
736,0,3.61
737,0,3.61
738,0,3.61
739,0,3.61
740,0,3.61
741,0,3.61
742,0,3.61
743,0,3.61
744,0,3.61
745,0,3.61
746,0,3.61
747,0,3.61
748,0,3.61
749,0,3.61
750,0,3.61
751,0,3.61
752,0,3.61
753,0,3.61
754,0,3.61
755,0,3.61
756,0,3.61
757,0,3.61
758,0,3.61
759,0,3.61
760,0,3.61
761,0,3.61
762,0,3.61
763,0,3.61
764,0,3.61
765,0,3.61
766,0,3.61
767,0,3.61
768,0,3.61
769,0,3.61
770,0,3.61
771,0,3.61
772,0,3.61
773,0,3.61
774,0,3.61
775,0,3.61
776,0,3.61
777,0,3.61
778,0,3.61
779,0,3.61
780,0,3.61
781,0,3.61
782,0,3.61
783,0,3.61
784,0,3.61
785,0,3.61
786,0,3.61
787,0,3.61
788,0,3.61
789,0,3.61
790,0,3.61
791,0,3.61
792,0,3.61
793,0,3.61
794,0,3.61
795,0,3.61
796,0,3.61
797,0,3.61
798,0,3.61
799,0,3.61
800,0,3.61
801,0,3.61
802,0,3.61
803,0,3.61
804,0,3.61
805,0,3.61
806,0,3.61
807,0,3.61
808,0,3.61
809,0,3.61
810,0,3.61
811,0,3.61
812,0,3.61
813,0,3.61
814,0,3.61
815,0,3.61
816,0,3.61
817,0,3.61
818,0,3.61
819,0,3.61
820,0,3.61
821,0,3.61
822,0,3.61
823,0,3.61
824,0,3.61
825,0,3.61
826,0,3.61
827,0,3.61
828,0,3.61
829,0,3.61
830,0,3.61
831,0,3.61
832,0,3.61
833,0,3.61
834,0,3.61
835,0,3.61
836,0,3.61
837,0,3.61
838,0,3.61
839,0,3.61
840,0,3.61
841,0,3.61
842,0,3.61
843,0,3.61
844,0,3.61
845,0,3.61
846,0,3.61
847,0,3.61
848,0,3.61
849,0,3.61
850,0,3.61
851,0,3.61
852,0,3.61
853,0,3.61
854,0,3.61
855,0,3.61
856,0,3.61
857,0,3.61
858,0,3.61
859,0,3.61
860,0,3.61
861,0,3.61
862,0,3.61
863,0,3.61
864,0,3.61
865,0,3.61
866,0,3.61
867,0,3.61
868,0,3.61
869,0,3.61
870,0,3.61
871,0,3.61
872,0,3.61
873,0,3.61
874,0,3.61
875,0,3.61
876,0,3.61
877,0,3.61
878,0,3.61
879,0,3.61
880,0,3.61
881,0,3.61
882,0,3.61
883,0,3.61
884,0,3.61
885,0,3.61
886,0,3.61
887,0,3.61
888,0,3.61
889,0,3.61
890,0,3.61
891,0,3.61
892,0,3.61
893,0,3.61
894,0,3.61
895,0,3.61
896,0,3.61
897,0,3.61
898,0,3.61
899,0,3.61
900,0,3.61
901,0,3.61
902,0,3.61
903,0,3.61
904,0,3.61
905,0,3.61
906,0,3.61
907,0,3.61
908,0,3.61
909,0,3.61
910,0,3.61
911,0,3.61
912,0,3.61
913,0,3.61
914,0,3.61
915,0,3.61
916,0,3.61
917,0,3.61
918,0,3.61
919,0,3.61
920,0,3.61
921,0,3.61
922,0,3.61
923,0,3.61
924,0,3.61
925,0,3.61
926,0,3.61
927,0,3.61
928,0,3.61
929,0,3.61
930,0,3.61
931,0,3.61
932,0,3.61
933,0,3.61
934,0,3.61
935,0,3.61
936,0,3.61
937,0,3.61
938,0,3.61
939,0,3.61
940,0,3.61
941,0,3.61
942,0,3.61
943,0,3.61
944,0,3.61
945,0,3.61
946,0,3.61
947,0,3.61
948,0,3.61
949,0,3.61
950,0,3.61
951,0,3.61
952,0,3.61
953,0,3.61
954,0,3.61
955,0,3.61
956,0,3.61
957,0,3.61
958,0,3.61
959,0,3.61
960,0,3.61
961,0,3.61
962,0,3.61
963,0,3.61
964,0,3.61
965,0,3.61
966,0,3.61
967,0,3.61
968,0,3.61
969,0,3.61
970,0,3.61
971,0,3.61
972,0,3.61
973,0,3.61
974,0,3.61
975,0,3.61
976,0,3.61
977,0,3.61
978,0,3.61
979,0,3.61
980,0,3.61
981,0,3.61
982,0,3.61
983,0,3.61
984,0,3.61
985,0,3.61
986,0,3.61
987,0,3.61
988,0,3.61
989,0,3.61
990,0,3.61
991,0,3.61
992,0,3.61
993,0,3.61
994,0,3.61
995,0,3.61
996,0,3.61
997,0,3.61
998,0,3.61
999,0,3.61
1000,0,3.61
1001,0,3.61
1002,0,3.61
1003,0,3.61
1004,0,3.61
1005,0,3.61
1006,0,3.61
1007,0,3.61
1008,0,3.61
1009,0,3.61
1010,0,3.61
1011,0,3.61
1012,0,3.61
1013,0,3.61
1014,0,3.61
1015,0,3.61
1016,0,3.61
1017,0,3.61
1018,0,3.61
1019,0,3.61
1020,0,3.61
1021,0,3.61
1022,0,3.61
1023,0,3.61
1024,0,3.61
1025,0,3.61
1026,0,3.61
1027,0,3.61
1028,0,3.61
1029,0,3.61
1030,0,3.61
1031,0,3.61
1032,0,3.61
1033,0,3.61
1034,0,3.61
1035,0,3.61
1036,0,3.61
1037,0,3.61
1038,0,3.61
1039,0,3.61
1040,0,3.61
1041,0,3.61
1042,0,3.61
1043,0,3.61
1044,0,3.61
1045,0,3.61
1046,0,3.61
1047,0,3.61
1048,0,3.61
1049,0,3.61
1050,0,3.61
1051,0,3.61
1052,0,3.61
1053,0,3.61
1054,0,3.61
1055,0,3.61
1056,0,3.61
1057,0,3.61
1058,0,3.61
1059,0,3.61
1060,0,3.61
1061,0,3.61
1062,0,3.61
1063,0,3.61
1064,0,3.61
1065,0,3.61
1066,0,3.61
1067,0,3.61
1068,0,3.61
1069,0,3.61
1070,0,3.61
1071,0,3.61
1072,0,3.61
1073,0,3.61
1074,0,3.61
1075,0,3.61
1076,0,3.61
1077,0,3.61
1078,0,3.61
1079,0,3.61
1080,0,3.61
1081,0,3.61
1082,0,3.61
1083,0,3.61
1084,0,3.61
1085,0,3.61
1086,0,3.61
1087,0,3.61
1088,0,3.61
1089,0,3.61
1090,0,3.61
1091,0,3.61
1092,0,3.61
1093,0,3.61
1094,0,3.61
1095,0,3.61
1096,0,3.61
1097,0,3.61
1098,0,3.61
1099,0,3.61
1100,0,3.61
1101,0,3.61
1102,0,3.61
1103,0,3.61
1104,0,3.61
1105,0,3.61
1106,0,3.61
1107,0,3.61
1108,0,3.61
1109,0,3.61
1110,0,3.61
1111,0,3.61
1112,0,3.61
1113,0,3.61
1114,0,3.61
1115,0,3.61
1116,0,3.61
1117,0,3.61
1118,0,3.61
1119,0,3.61
1120,0,3.61
1121,0,3.61
1122,0,3.61
1123,0,3.61
1124,0,3.61
1125,0,3.61
1126,0,3.61
1127,0,3.61
1128,0,3.61
1129,0,3.61
1130,0,3.61
1131,0,3.61
1132,0,3.61
1133,0,3.61
1134,0,3.61
1135,0,3.61
1136,0,3.61
1137,0,3.61
1138,0,3.61
1139,0,3.61
1140,0,3.61
1141,0,3.61
1142,0,3.61
1143,0,3.61
1144,0,3.61
1145,0,3.61
1146,0,3.61
1147,0,3.61
1148,0,3.61
1149,0,3.61
1150,0,3.61
1151,0,3.61
1152,0,3.61
1153,0,3.61
1154,0,3.61
1155,0,3.61
1156,0,3.61
1157,0,3.61
1158,0,3.61
1159,0,3.61
1160,0,3.61
1161,0,3.61
1162,0,3.61
1163,0,3.61
1164,0,3.61
1165,0,3.61
1166,0,3.61
1167,0,3.61
1168,0,3.61
1169,0,3.61
1170,0,3.61
1171,0,3.61
1172,0,3.61
1173,0,3.61
1174,0,3.61
1175,0,3.61
1176,0,3.61
1177,0,3.61
1178,0,3.61
1179,0,3.61
1180,0,3.61
1181,0,3.61
1182,0,3.61
1183,0,3.61
1184,0,3.61
1185,0,3.61
1186,0,3.61
1187,0,3.61
1188,0,3.61
1189,0,3.61
1190,0,3.61
1191,0,3.61
1192,0,3.61
1193,0,3.61
1194,0,3.61
1195,0,3.61
1196,0,3.61
1197,0,3.61
1198,0,3.61
1199,0,3.61
1200,0,3.61
1201,0,3.61
1202,0,3.61
1203,0,3.61
1204,0,3.61
1205,0,3.61
1206,0,3.61
1207,0,3.61
1208,0,3.61
1209,0,3.61
1210,0,3.61
1211,0,3.61
1212,0,3.61
1213,0,3.61
1214,0,3.61
1215,0,3.61
1216,0,3.61
1217,0,3.61
1218,0,3.61
1219,0,3.61
1220,0,3.61
1221,0,3.61
1222,0,3.61
1223,0,3.61
1224,0,3.61
1225,0,3.61
1226,0,3.61
1227,0,3.61
1228,0,3.61
1229,0,3.61
1230,0,3.61
1231,0,3.61
1232,0,3.61
1233,0,3.61
1234,0,3.61
1235,0,3.61
1236,0,3.61
1237,0,3.61
1238,0,3.61
1239,0,3.61
1240,0,3.61
1241,0,3.61
1242,0,3.61
1243,0,3.61
1244,0,3.61
1245,0,3.61
1246,0,3.61
1247,0,3.61
1248,0,3.61
1249,0,3.61
1250,0,3.61
1251,0,3.61
1252,0,3.61
1253,0,3.61
1254,0,3.61
1255,0,3.61
1256,0,3.61
1257,0,3.61
1258,0,3.61
1259,0,3.61
1260,0,3.61
1261,0,3.61
1262,0,3.61
1263,0,3.61
1264,0,3.61
1265,0,3.61
1266,0,3.61
1267,0,3.61
1268,0,3.61
1269,0,3.61
1270,0,3.61
1271,0,3.61
1272,0,3.61
1273,0,3.61
1274,0,3.61
1275,0,3.61
1276,0,3.61
1277,0,3.61
1278,0,3.61
1279,0,3.61
1280,0,3.61
1281,0,3.61
1282,0,3.61
1283,0,3.61
1284,0,3.61
1285,0,3.61
1286,0,3.61
1287,0,3.61
1288,0,3.61
1289,0,3.61
1290,0,3.61
1291,0,3.61
1292,0,3.61
1293,0,3.61
1294,0,3.61
1295,0,3.61
1296,0,3.61
1297,0,3.61
1298,0,3.61
1299,0,3.61
1300,0,3.61
1301,0,3.61
1302,0,3.61
1303,0,3.61
1304,0,3.61
1305,0,3.61
1306,0,3.61
1307,0,3.61
1308,0,3.61
1309,0,3.61
1310,0,3.61
1311,0,3.61
1312,0,3.61
1313,0,3.61
1314,0,3.61
1315,0,3.61
1316,0,3.61
1317,0,3.61
1318,0,3.61
1319,0,3.61
1320,0,3.61
1321,0,3.61
1322,0,3.61
1323,0,3.61
1324,0,3.61
1325,0,3.61
1326,0,3.61
1327,0,3.61
1328,0,3.61
1329,0,3.61
1330,0,3.61
1331,0,3.61
1332,0,3.61
1333,0,3.61
1334,0,3.61
1335,0,3.61
1336,0,3.61
1337,0,3.61
1338,0,3.61
1339,0,3.61
1340,0,3.61
1341,0,3.61
1342,0,3.61
1343,0,3.61
1344,0,3.61
1345,0,3.61
1346,0,3.61
1347,0,3.61
1348,0,3.61
1349,0,3.61
1350,0,3.61
1351,0,3.61
1352,0,3.61
1353,0,3.61
1354,0,3.61
1355,0,3.61
1356,0,3.61
1357,0,3.61
1358,0,3.61
1359,0,3.61
1360,0,3.61
1361,0,3.61
1362,0,3.61
1363,0,3.61
1364,0,3.61
1365,0,3.61
1366,0,3.61
1367,0,3.61
1368,0,3.61
1369,0,3.61
1370,0,3.61
1371,0,3.61
1372,0,3.61
1373,0,3.61
1374,0,3.61
1375,0,3.61
1376,0,3.61
1377,0,3.61
1378,0,3.61
1379,0,3.61
1380,0,3.61
1381,0,3.61
1382,0,3.61
1383,0,3.61
1384,0,3.61
1385,0,3.61
1386,0,3.61
1387,0,3.61
1388,0,3.61
1389,0,3.61
1390,0,3.61
1391,0,3.61
1392,0,3.61
1393,0,3.61
1394,0,3.61
1395,0,3.61
1396,0,3.61
1397,0,3.61
1398,0,3.61
1399,0,3.61
1400,0,3.61
1401,0,3.61
1402,0,3.61
1403,0,3.61
1404,0,3.61
1405,0,3.61
1406,0,3.61
1407,0,3.61
1408,0,3.61
1409,0,3.61
1410,0,3.61
1411,0,3.61
1412,0,3.61
1413,0,3.61
1414,0,3.61
1415,0,3.61
1416,0,3.61
1417,0,3.61
1418,0,3.61
1419,0,3.61
1420,0,3.61
1421,0,3.61
1422,0,3.61
1423,0,3.61
1424,0,3.61
1425,0,3.61
1426,0,3.61
1427,0,3.61
1428,0,3.61
1429,0,3.61
1430,0,3.61
1431,0,3.61
1432,0,3.61
1433,0,3.61
1434,0,3.61
1435,0,3.61
1436,0,3.61
1437,0,3.61
1438,0,3.61
1439,0,3.61
1440,0,3.61
1441,0,3.61
1442,0,3.61
1443,0,3.61
1444,0,3.61
1445,0,3.61
1446,0,3.61
1447,0,3.61
1448,0,3.61
1449,0,3.61
1450,0,3.61
1451,0,3.61
1452,0,3.61
1453,0,3.61
1454,0,3.61
1455,0,3.61
1456,0,3.61
1457,0,3.61
1458,0,3.61
1459,0,3.61
1460,0,3.61
1461,0,3.61
1462,0,3.61
1463,0,3.61
1464,0,3.61
1465,0,3.61
1466,0,3.61
1467,0,3.61
1468,0,3.61
1469,0,3.61
1470,0,3.61
1471,0,3.61
1472,0,3.61
1473,0,3.61
1474,0,3.61
1475,0,3.61
1476,0,3.61
1477,0,3.61
1478,0,3.61
1479,0,3.61
1480,0,3.61
1481,0,3.61
1482,0,3.61
1483,0,3.61
1484,0,3.61
1485,0,3.61
1486,0,3.61
1487,0,3.61
1488,0,3.61
1489,0,3.61
1490,0,3.61
1491,0,3.61
1492,0,3.61
1493,0,3.61
1494,0,3.61
1495,0,3.61
1496,0,3.61
1497,0,3.61
1498,0,3.61
1499,0,3.61
1500,0,3.61
1501,0,3.61
1502,0,3.61
1503,0,3.61
1504,0,3.61
1505,0,3.61
1506,0,3.61
1507,0,3.61
1508,0,3.61
1509,0,3.61
1510,0,3.61
1511,0,3.61
1512,0,3.61
1513,0,3.61
1514,0,3.61
1515,0,3.61
1516,0,3.61
1517,0,3.61
1518,0,3.61
1519,0,3.61
1520,0,3.61
1521,0,3.61
1522,0,3.61
1523,0,3.61
1524,0,3.61
1525,0,3.61
1526,0,3.61
1527,0,3.61
1528,0,3.61
1529,0,3.61
1530,0,3.61
1531,0,3.61
1532,0,3.61
1533,0,3.61
1534,0,3.61
1535,0,3.61
1536,0,3.61
1537,0,3.61
1538,0,3.61
1539,0,3.61
1540,0,3.61
1541,0,3.61
1542,0,3.61
1543,0,3.61
1544,0,3.61
1545,0,3.61
1546,0,3.61
1547,0,3.61
1548,0,3.61
1549,0,3.61
1550,0,3.61
1551,0,3.61
1552,0,3.61
1553,0,3.61
1554,0,3.61
1555,0,3.61
1556,0,3.61
1557,0,3.61
1558,0,3.61
1559,0,3.61
1560,0,3.61
1561,0,3.61
1562,0,3.61
1563,0,3.61
1564,0,3.61
1565,0,3.61
1566,0,3.61
1567,0,3.61
1568,0,3.61
1569,0,3.61
1570,0,3.61
1571,0,3.61
1572,0,3.61
1573,0,3.61
1574,0,3.61
1575,0,3.61
1576,0,3.61
1577,0,3.61
1578,0,3.61
1579,0,3.61
1580,0,3.61
1581,0,3.61
1582,0,3.61
1583,0,3.61
1584,0,3.61
1585,0,3.61
1586,0,3.61
1587,0,3.61
1588,0,3.61
1589,0,3.61
1590,0,3.61
1591,0,3.61
1592,0,3.61
1593,0,3.61
1594,0,3.61
1595,0,3.61
1596,0,3.61
1597,0,3.61
1598,0,3.61
1599,0,3.61
1600,0,3.61
1601,0,3.61
1602,0,3.61
1603,0,3.61
1604,0,3.61
1605,0,3.61
1606,0,3.61
1607,0,3.61
1608,0,3.61
1609,0,3.61
1610,0,3.61
1611,0,3.61
1612,0,3.61
1613,0,3.61
1614,0,3.61
1615,0,3.61
1616,0,3.61
1617,0,3.61
1618,0,3.61
1619,0,3.61
1620,0,3.61
1621,0,3.61
1622,0,3.61
1623,0,3.61
1624,0,3.61
1625,0,3.61
1626,0,3.61
1627,0,3.61
1628,0,3.61
1629,0,3.61
1630,0,3.61
1631,0,3.61
1632,0,3.61
1633,0,3.61
1634,0,3.61
1635,0,3.61
1636,0,3.61
1637,0,3.61
1638,0,3.61
1639,0,3.61
1640,0,3.61
1641,0,3.61
1642,0,3.61
1643,0,3.61
1644,0,3.61
1645,0,3.61
1646,0,3.61
1647,0,3.61
1648,0,3.61
1649,0,3.61
1650,0,3.61
1651,0,3.61
1652,0,3.61
1653,0,3.61
1654,0,3.61
1655,0,3.61
1656,0,3.61
1657,0,3.61
1658,0,3.61
1659,0,3.61
1660,0,3.61
1661,0,3.61
1662,0,3.61
1663,0,3.61
1664,0,3.61
1665,0,3.61
1666,0,3.61
1667,0,3.61
1668,0,3.61
1669,0,3.61
1670,0,3.61
1671,0,3.61
1672,0,3.61
1673,0,3.61
1674,0,3.61
1675,0,3.61
1676,0,3.61
1677,0,3.61
1678,0,3.61
1679,0,3.61
1680,0,3.61
1681,0,3.61
1682,0,3.61
1683,0,3.61
1684,0,3.61
1685,0,3.61
1686,0,3.61
1687,0,3.61
1688,0,3.61
1689,0,3.61
1690,0,3.61
1691,0,3.61
1692,0,3.61
1693,0,3.61
1694,0,3.61
1695,0,3.61
1696,0,3.61
1697,0,3.61
1698,0,3.61
1699,0,3.61
1700,0,3.61
1701,0,3.61
1702,0,3.61
1703,0,3.61
1704,0,3.61
1705,0,3.61
1706,0,3.61
1707,0,3.61
1708,0,3.61
1709,0,3.61
1710,0,3.61
1711,0,3.61
1712,0,3.61
1713,0,3.61
1714,0,3.61
1715,0,3.61
1716,0,3.61
1717,0,3.61
1718,0,3.61
1719,0,3.61
1720,0,3.61
1721,0,3.61
1722,0,3.61
1723,0,3.61
1724,0,3.61
1725,0,3.61
1726,0,3.61
1727,0,3.61
1728,0,3.61
1729,0,3.61
1730,0,3.61
1731,0,3.61
1732,0,3.61
1733,0,3.61
1734,0,3.61
1735,0,3.61
1736,0,3.61
1737,0,3.61
1738,0,3.61
1739,0,3.61
1740,0,3.61
1741,0,3.61
1742,0,3.61
1743,0,3.61
1744,0,3.61
1745,0,3.61
1746,0,3.61
1747,0,3.61
1748,0,3.61
1749,0,3.61
1750,0,3.61
1751,0,3.61
1752,0,3.61
1753,0,3.61
1754,0,3.61
1755,0,3.61
1756,0,3.61
1757,0,3.61
1758,0,3.61
1759,0,3.61
1760,0,3.61
1761,0,3.61
1762,0,3.61
1763,0,3.61
1764,0,3.61
1765,0,3.61
1766,0,3.61
1767,0,3.61
1768,0,3.61
1769,0,3.61
1770,0,3.61
1771,0,3.61
1772,0,3.61
1773,0,3.61
1774,0,3.61
1775,0,3.61
1776,0,3.61
1777,0,3.61
1778,0,3.61
1779,0,3.61
1780,0,3.61
1781,0,3.61
1782,0,3.61
1783,0,3.61
1784,0,3.61
1785,0,3.61
1786,0,3.61
1787,0,3.61
1788,0,3.61
1789,0,3.61
1790,0,3.61
1791,0,3.61
1792,0,3.61
1793,0,3.61
1794,0,3.61
1795,0,3.61
1796,0,3.61
1797,0,3.61
1798,0,3.61
1799,0,3.61
1800,0,3.61
1801,0,3.61
1802,0,3.61
1803,0,3.61
1804,0,3.61
1805,0,3.61
1806,0,3.61
1807,0,3.61
1808,0,3.61
1809,0,3.61
1810,0,3.61
1811,0,3.61
1812,0,3.61
1813,0,3.61
1814,0,3.61
1815,0,3.61
1816,0,3.61
1817,0,3.61
1818,0,3.61
1819,0,3.61
1820,0,3.61
1821,0,3.61
1822,0,3.61
1823,0,3.61
1824,0,3.61
1825,0,3.61
1826,0,3.61
1827,0,3.61
1828,0,3.61
1829,0,3.61
1830,0,3.61
1831,0,3.61
1832,0,3.61
1833,0,3.61
1834,0,3.61
1835,0,3.61
1836,0,3.61
1837,0,3.61
1838,0,3.61
1839,0,3.61
1840,0,3.61
1841,0,3.61
1842,0,3.61
1843,0,3.61
1844,0,3.61
1845,0,3.61
1846,0,3.61
1847,0,3.61
1848,0,3.61
1849,0,3.61
1850,0,3.61
1851,0,3.61
1852,0,3.61
1853,0,3.61
1854,0,3.61
1855,0,3.61
1856,0,3.61
1857,0,3.61
1858,0,3.61
1859,0,3.61
1860,0,3.61
1861,0,3.61
1862,0,3.61
1863,0,3.61
1864,0,3.61
1865,0,3.61
1866,0,3.61
1867,0,3.61
1868,0,3.61
1869,0,3.61
1870,0,3.61
1871,0,3.61
1872,0,3.61
1873,0,3.61
1874,0,3.61
1875,0,3.61
1876,0,3.61
1877,0,3.61
1878,0,3.61
1879,0,3.61
1880,0,3.61
1881,0,3.61
1882,0,3.61
1883,0,3.61
1884,0,3.61
1885,0,3.61
1886,0,3.61
1887,0,3.61
1888,0,3.61
1889,0,3.61
1890,0,3.61
1891,0,3.61
1892,0,3.61
1893,0,3.61
1894,0,3.61
1895,0,3.61
1896,0,3.61
1897,0,3.61
1898,0,3.61
1899,0,3.61
1900,0,3.61
1901,0,3.61
1902,0,3.61
1903,0,3.61
1904,0,3.61
1905,0,3.61
1906,0,3.61
1907,0,3.61
1908,0,3.61
1909,0,3.61
1910,0,3.61
1911,0,3.61
1912,0,3.61
1913,0,3.61
1914,0,3.61
1915,0,3.61
1916,0,3.61
1917,0,3.61
1918,0,3.61
1919,0,3.61
1920,0,3.61
1921,0,3.61
1922,0,3.61
1923,0,3.61
1924,0,3.61
1925,0,3.61
1926,0,3.61
1927,0,3.61
1928,0,3.61
1929,0,3.61
1930,0,3.61
1931,0,3.61
1932,0,3.61
1933,0,3.61
1934,0,3.61
1935,0,3.61
1936,0,3.61
1937,0,3.61
1938,0,3.61
1939,0,3.61
1940,0,3.61
1941,0,3.61
1942,0,3.61
1943,0,3.61
1944,0,3.61
1945,0,3.61
1946,0,3.61
1947,0,3.61
1948,0,3.61
1949,0,3.61
1950,0,3.61
1951,0,3.61
1952,0,3.61
1953,0,3.61
1954,0,3.61
1955,0,3.61
1956,0,3.61
1957,0,3.61
1958,0,3.61
1959,0,3.61
1960,0,3.61
1961,0,3.61
1962,0,3.61
1963,0,3.61
1964,0,3.61
1965,0,3.61
1966,0,3.61
1967,0,3.61
1968,0,3.61
1969,0,3.61
1970,0,3.61
1971,0,3.61
1972,0,3.61
1973,0,3.61
1974,0,3.61
1975,0,3.61
1976,0,3.61
1977,0,3.61
1978,0,3.61
1979,0,3.61
1980,0,3.61
1981,0,3.61
1982,0,3.61
1983,0,3.61
1984,0,3.61
1985,0,3.61
1986,0,3.61
1987,0,3.61
1988,0,3.61
1989,0,3.61
1990,0,3.61
1991,0,3.61
1992,0,3.61
1993,0,3.61
1994,0,3.61
1995,0,3.61
1996,0,3.61
1997,0,3.61
1998,0,3.61
1999,0,3.61
2000,0,3.61
2001,0,3.61
2002,0,3.61
2003,0,3.61
2004,0,3.61
2005,0,3.61
2006,0,3.61
2007,0,3.61
2008,0,3.61
2009,0,3.61
2010,0,3.61
2011,0,3.61
2012,0,3.61
2013,0,3.61
2014,0,3.61
2015,0,3.61
2016,0,3.61
2017,0,3.61
2018,0,3.61
2019,0,3.61
2020,0,3.61
2021,0,3.61
2022,0,3.61
2023,0,3.61
2024,0,3.61
2025,0,3.61
2026,0,3.61
2027,0,3.61
2028,0,3.61
2029,0,3.61
2030,0,3.61
2031,0,3.61
2032,0,3.61
2033,0,3.61
2034,0,3.61
2035,0,3.61
2036,0,3.61
2037,0,3.61
2038,0,3.61
2039,0,3.61
2040,0,3.61
2041,0,3.61
2042,0,3.61
2043,0,3.61
2044,0,3.61
2045,0,3.61
2046,0,3.61
2047,0,3.61
2048,0,3.61
2049,0,3.61
2050,0,3.61
2051,0,3.61
2052,0,3.61
2053,0,3.61
2054,0,3.61
2055,0,3.61
2056,0,3.61
2057,0,3.61
2058,0,3.61
2059,0,3.61
2060,0,3.61
2061,0,3.61
2062,0,3.61
2063,0,3.61
2064,0,3.61
2065,0,3.61
2066,0,3.61
2067,0,3.61
2068,0,3.61
2069,0,3.61
2070,0,3.61
2071,0,3.61
2072,0,3.61
2073,0,3.61
2074,0,3.61
2075,0,3.61
2076,0,3.61
2077,0,3.61
2078,0,3.61
2079,0,3.61
2080,0,3.61
2081,0,3.61
2082,0,3.61
2083,0,3.61
2084,0,3.61
2085,0,3.61
2086,0,3.61
2087,0,3.61
2088,0,3.61
2089,0,3.61
2090,0,3.61
2091,0,3.61
2092,0,3.61
2093,0,3.61
2094,0,3.61
2095,0,3.61
2096,0,3.61
2097,0,3.61
2098,0,3.61
2099,0,3.61
2100,0,3.61
2101,0,3.61
2102,0,3.61
2103,0,3.61
2104,0,3.61
2105,0,3.61
2106,0,3.61
2107,0,3.61
2108,0,3.61
2109,0,3.61
2110,0,3.61
2111,0,3.61
2112,0,3.61
2113,0,3.61
2114,0,3.61
2115,0,3.61
2116,0,3.61
2117,0,3.61
2118,0,3.61
2119,0,3.61
2120,0,3.61
2121,0,3.61
2122,0,3.61
2123,0,3.61
2124,0,3.61
2125,0,3.61
2126,0,3.61
2127,0,3.61
2128,0,3.61
2129,0,3.61
2130,0,3.61
2131,0,3.61
2132,0,3.61
2133,0,3.61
2134,0,3.61
2135,0,3.61
2136,0,3.61
2137,0,3.61
2138,0,3.61
2139,0,3.61
2140,0,3.61
2141,0,3.61
2142,0,3.61
2143,0,3.61
2144,0,3.61
2145,0,3.61
2146,0,3.61
2147,0,3.61
2148,0,3.61
2149,0,3.61
2150,0,3.61
2151,0,3.61
2152,0,3.61
2153,0,3.61
2154,0,3.61
2155,0,3.61
2156,0,3.61
2157,0,3.61
2158,0,3.61
2159,0,3.61
2160,0,3.61
2161,0,3.61
2162,0,3.61
2163,0,3.61
2164,0,3.61
2165,0,3.61
2166,0,3.61
2167,0,3.61
2168,0,3.61
2169,0,3.61
2170,0,3.61
2171,0,3.61
2172,0,3.61
2173,0,3.61
2174,0,3.61
2175,0,3.61
2176,0,3.61
2177,0,3.61
2178,0,3.61
2179,0,3.61
2180,0,3.61
2181,0,3.61
2182,0,3.61
2183,0,3.61
2184,0,3.61
2185,0,3.61
2186,0,3.61
2187,0,3.61
2188,0,3.61
2189,0,3.61
2190,0,3.61
2191,0,3.61
2192,0,3.61
2193,0,3.61
2194,0,3.61
2195,0,3.61
2196,0,3.61
2197,0,3.61
2198,0,3.61
2199,0,3.61
2200,0,3.61
2201,0,3.61
2202,0,3.61
2203,0,3.61
2204,0,3.61
2205,0,3.61
2206,0,3.61
2207,0,3.61
2208,0,3.61
2209,0,3.61
2210,0,3.61
2211,0,3.61
2212,0,3.61
2213,0,3.61
2214,0,3.61
2215,0,3.61
2216,0,3.61
2217,0,3.61
2218,0,3.61
2219,0,3.61
2220,0,3.61
2221,0,3.61
2222,0,3.61
2223,0,3.61
2224,0,3.61
2225,0,3.61
2226,0,3.61
2227,0,3.61
2228,0,3.61
2229,0,3.61
2230,0,3.61
2231,0,3.61
2232,0,3.61
2233,0,3.61
2234,0,3.61
2235,0,3.61
2236,0,3.61
2237,0,3.61
2238,0,3.61
2239,0,3.61
2240,0,3.61
2241,0,3.61
2242,0,3.61
2243,0,3.61
2244,0,3.61
2245,0,3.61
2246,0,3.61
2247,0,3.61
2248,0,3.61
2249,0,3.61
2250,0,3.61
2251,0,3.61
2252,0,3.61
2253,0,3.61
2254,0,3.61
2255,0,3.61
2256,0,3.61
2257,0,3.61
2258,0,3.61
2259,0,3.61
2260,0,3.61
2261,0,3.61
2262,0,3.61
2263,0,3.61
2264,0,3.61
2265,0,3.61
2266,0,3.61
2267,0,3.61
2268,0,3.61
2269,0,3.61
2270,0,3.61
2271,0,3.61
2272,0,3.61
2273,0,3.61
2274,0,3.61
2275,0,3.61
2276,0,3.61
2277,0,3.61
2278,0,3.61
2279,0,3.61
2280,0,3.61
2281,0,3.61
2282,0,3.61
2283,0,3.61
2284,0,3.61
2285,0,3.61
2286,0,3.61
2287,0,3.61
2288,0,3.61
2289,0,3.61
2290,0,3.61
2291,0,3.61
2292,0,3.61
2293,0,3.61
2294,0,3.61
2295,0,3.61
2296,0,3.61
2297,0,3.61
2298,0,3.61
2299,0,3.61
2300,0,3.61
2301,0,3.61
2302,0,3.61
2303,0,3.61
2304,0,3.61
2305,0,3.61
2306,0,3.61
2307,0,3.61
2308,0,3.61
2309,0,3.61
2310,0,3.61
2311,0,3.61
2312,0,3.61
2313,0,3.61
2314,0,3.61
2315,0,3.61
2316,0,3.61
2317,0,3.61
2318,0,3.61
2319,0,3.61
2320,0,3.61
2321,0,3.61
2322,0,3.61
2323,0,3.61
2324,0,3.61
2325,0,3.61
2326,0,3.61
2327,0,3.61
2328,0,3.61
2329,0,3.61
2330,0,3.61
2331,0,3.61
2332,0,3.61
2333,0,3.61
2334,0,3.61
2335,0,3.61
2336,0,3.61
2337,0,3.61
2338,0,3.61
2339,0,3.61
2340,0,3.61
2341,0,3.61
2342,0,3.61
2343,0,3.61
2344,0,3.61
2345,0,3.61
2346,0,3.61
2347,0,3.61
2348,0,3.61
2349,0,3.61
2350,0,3.61
2351,0,3.61
2352,0,3.61
2353,0,3.61
2354,0,3.61
2355,0,3.61
2356,0,3.61
2357,0,3.61
2358,0,3.61
2359,0,3.61
2360,0,3.61
2361,0,3.61
2362,0,3.61
2363,0,3.61
2364,0,3.61
2365,0,3.61
2366,0,3.61
2367,0,3.61
2368,0,3.61
2369,0,3.61
2370,0,3.61
2371,0,3.61
2372,0,3.61
2373,0,3.61
2374,0,3.61
2375,0,3.61
2376,0,3.61
2377,0,3.61
2378,0,3.61
2379,0,3.61
2380,0,3.61
2381,0,3.61
2382,0,3.61
2383,0,3.61
2384,0,3.61
2385,0,3.61
2386,0,3.61
2387,0,3.61
2388,0,3.61
2389,0,3.61
2390,0,3.61
2391,0,3.61
2392,0,3.61
2393,0,3.61
2394,0,3.61
2395,0,3.61
2396,0,3.61
2397,0,3.61
2398,0,3.61
2399,0,3.61
2400,0,3.61
2401,0,3.61
2402,0,3.61
2403,0,3.61
2404,0,3.61
2405,0,3.61
2406,0,3.61
2407,0,3.61
2408,0,3.61
2409,0,3.61
2410,0,3.61
2411,0,3.61
2412,0,3.61
2413,0,3.61
2414,0,3.61
2415,0,3.61
2416,0,3.61
2417,0,3.61
2418,0,3.61
2419,0,3.61
2420,0,3.61
2421,0,3.61
2422,0,3.61
2423,0,3.61
2424,0,3.61
2425,0,3.61
2426,0,3.61
2427,0,3.61
2428,0,3.61
2429,0,3.61
2430,0,3.61
2431,0,3.61
2432,0,3.61
2433,0,3.61
2434,0,3.61
2435,0,3.61
2436,0,3.61
2437,0,3.61
2438,0,3.61
2439,0,3.61
2440,0,3.61
2441,0,3.61
2442,0,3.61
2443,0,3.61
2444,0,3.61
2445,0,3.61
2446,0,3.61
2447,0,3.61
2448,0,3.61
2449,0,3.61
2450,0,3.61
2451,0,3.61
2452,0,3.61
2453,0,3.61
2454,0,3.61
2455,0,3.61
2456,0,3.61
2457,0,3.61
2458,0,3.61
2459,0,3.61
2460,0,3.61
2461,0,3.61
2462,0,3.61
2463,0,3.61
2464,0,3.61
2465,0,3.61
2466,0,3.61
2467,0,3.61
2468,0,3.61
2469,0,3.61
2470,0,3.61
2471,0,3.61
2472,0,3.61
2473,0,3.61
2474,0,3.61
2475,0,3.61
2476,0,3.61
2477,0,3.61
2478,0,3.61
2479,0,3.61
2480,0,3.61
2481,0,3.61
2482,0,3.61
2483,0,3.61
2484,0,3.61
2485,0,3.61
2486,0,3.61
2487,0,3.61
2488,0,3.61
2489,0,3.61
2490,0,3.61
2491,0,3.61
2492,0,3.61
2493,0,3.61
2494,0,3.61
2495,0,3.61
2496,0,3.61
2497,0,3.61
2498,0,3.61
2499,0,3.61
2500,0,3.61
2501,0,3.61
2502,0,3.61
2503,0,3.61
2504,0,3.61
2505,0,3.61
2506,0,3.61
2507,0,3.61
2508,0,3.61
2509,0,3.61
2510,0,3.61
2511,0,3.61
2512,0,3.61
2513,0,3.61
2514,0,3.61
2515,0,3.61
2516,0,3.61
2517,0,3.61
2518,0,3.61
2519,0,3.61
2520,0,3.61
2521,0,3.61
2522,0,3.61
2523,0,3.61
2524,0,3.61
2525,0,3.61
2526,0,3.61
2527,0,3.61
2528,0,3.61
2529,0,3.61
2530,0,3.61
2531,0,3.61
2532,0,3.61
2533,0,3.61
2534,0,3.61
2535,0,3.61
2536,0,3.61
2537,0,3.61
2538,0,3.61
2539,0,3.61
2540,0,3.61
2541,0,3.61
2542,0,3.61
2543,0,3.61
2544,0,3.61
2545,0,3.61
2546,0,3.61
2547,0,3.61
2548,0,3.61
2549,0,3.61
2550,0,3.61
2551,0,3.61
2552,0,3.61
2553,0,3.61
2554,0,3.61
2555,0,3.61
2556,0,3.61
2557,0,3.61
2558,0,3.61
2559,0,3.61
2560,0,3.61
2561,0,3.61
2562,0,3.61
2563,0,3.61
2564,0,3.61
2565,0,3.61
2566,0,3.61
2567,0,3.61
2568,0,3.61
2569,0,3.61
2570,0,3.61
2571,0,3.61
2572,0,3.61
2573,0,3.61
2574,0,3.61
2575,0,3.61
2576,0,3.61
2577,0,3.61
2578,0,3.61
2579,0,3.61
2580,0,3.61
2581,0,3.61
2582,0,3.61
2583,0,3.61
2584,0,3.61
2585,0,3.61
2586,0,3.61
2587,0,3.61
2588,0,3.61
2589,0,3.61
2590,0,3.61
2591,0,3.61
2592,0,3.61
2593,0,3.61
2594,0,3.61
2595,0,3.61
2596,0,3.61
2597,0,3.61
2598,0,3.61
2599,0,3.61
2600,0,3.61
2601,0,3.61
2602,0,3.61
2603,0,3.61
2604,0,3.61
2605,0,3.61
2606,0,3.61
2607,0,3.61
2608,0,3.61
2609,0,3.61
2610,0,3.61
2611,0,3.61
2612,0,3.61
2613,0,3.61
2614,0,3.61
2615,0,3.61
2616,0,3.61
2617,0,3.61
2618,0,3.61
2619,0,3.61
2620,0,3.61
2621,0,3.61
2622,0,3.61
2623,0,3.61
2624,0,3.61
2625,0,3.61
2626,0,3.61
2627,0,3.61
2628,0,3.61
2629,0,3.61
2630,0,3.61
2631,0,3.61
2632,0,3.61
2633,0,3.61
2634,0,3.61
2635,0,3.61
2636,0,3.61
2637,0,3.61
2638,0,3.61
2639,0,3.61
2640,0,3.61
2641,0,3.61
2642,0,3.61
2643,0,3.61
2644,0,3.61
2645,0,3.61
2646,0,3.61
2647,0,3.61
2648,0,3.61
2649,0,3.61
2650,0,3.61
2651,0,3.61
2652,0,3.61
2653,0,3.61
2654,0,3.61
2655,0,3.61
2656,0,3.61
2657,0,3.61
2658,0,3.61
2659,0,3.61
2660,0,3.61
2661,0,3.61
2662,0,3.61
2663,0,3.61
2664,0,3.61
2665,0,3.61
2666,0,3.61
2667,0,3.61
2668,0,3.61
2669,0,3.61
2670,0,3.61
2671,0,3.61
2672,0,3.61
2673,0,3.61
2674,0,3.61
2675,0,3.61
2676,0,3.61
2677,0,3.61
2678,0,3.61
2679,0,3.61
2680,0,3.61
2681,0,3.61
2682,0,3.61
2683,0,3.61
2684,0,3.61
2685,0,3.61
2686,0,3.61
2687,0,3.61
2688,0,3.61
2689,0,3.61
2690,0,3.61
2691,0,3.61
2692,0,3.61
2693,0,3.61
2694,0,3.61
2695,0,3.61
2696,0,3.61
2697,0,3.61
2698,0,3.61
2699,0,3.61
2700,0,3.61
2701,0,3.61
2702,0,3.61
2703,0,3.61
2704,0,3.61
2705,0,3.61
2706,0,3.61
2707,0,3.61
2708,0,3.61
2709,0,3.61
2710,0,3.61
2711,0,3.61
2712,0,3.61
2713,0,3.61
2714,0,3.61
2715,0,3.61
2716,0,3.61
2717,0,3.61
2718,0,3.61
2719,0,3.61
2720,0,3.61
2721,0,3.61
2722,0,3.61
2723,0,3.61
2724,0,3.61
2725,0,3.61
2726,0,3.61
2727,0,3.61
2728,0,3.61
2729,0,3.61
2730,0,3.61
2731,0,3.61
2732,0,3.61
2733,0,3.61
2734,0,3.61
2735,0,3.61
2736,0,3.61
2737,0,3.61
2738,0,3.61
2739,0,3.61
2740,0,3.61
2741,0,3.61
2742,0,3.61
2743,0,3.61
2744,0,3.61
2745,0,3.61
2746,0,3.61
2747,0,3.61
2748,0,3.61
2749,0,3.61
2750,0,3.61
2751,0,3.61
2752,0,3.61
2753,0,3.61
2754,0,3.61
2755,0,3.61
2756,0,3.61
2757,0,3.61
2758,0,3.61
2759,0,3.61
2760,0,3.61
2761,0,3.61
2762,0,3.61
2763,0,3.61
2764,0,3.61
2765,0,3.61
2766,0,3.61
2767,0,3.61
2768,0,3.61
2769,0,3.61
2770,0,3.61
2771,0,3.61
2772,0,3.61
2773,0,3.61
2774,0,3.61
2775,0,3.61
2776,0,3.61
2777,0,3.61
2778,0,3.61
2779,0,3.61
2780,0,3.61
2781,0,3.61
2782,0,3.61
2783,0,3.61
2784,0,3.61
2785,0,3.61
2786,0,3.61
2787,0,3.61
2788,0,3.61
2789,0,3.61
2790,0,3.61
2791,0,3.61
2792,0,3.61
2793,0,3.61
2794,0,3.61
2795,0,3.61
2796,0,3.61
2797,0,3.61
2798,0,3.61
2799,0,3.61
2800,0,3.61
2801,0,3.61
2802,0,3.61
2803,0,3.61
2804,0,3.61
2805,0,3.61
2806,0,3.61
2807,0,3.61
2808,0,3.61
2809,0,3.61
2810,0,3.61
2811,0,3.61
2812,0,3.61
2813,0,3.61
2814,0,3.61
2815,0,3.61
2816,0,3.61
2817,0,3.61
2818,0,3.61
2819,0,3.61
2820,0,3.61
2821,0,3.61
2822,0,3.61
2823,0,3.61
2824,0,3.61
2825,0,3.61
2826,0,3.61
2827,0,3.61
2828,0,3.61
2829,0,3.61
2830,0,3.61
2831,0,3.61
2832,0,3.61
2833,0,3.61
2834,0,3.61
2835,0,3.61
2836,0,3.61
2837,0,3.61
2838,0,3.61
2839,0,3.61
2840,0,3.61
2841,0,3.61
2842,0,3.61
2843,0,3.61
2844,0,3.61
2845,0,3.61
2846,0,3.61
2847,0,3.61
2848,0,3.61
2849,0,3.61
2850,0,3.61
2851,0,3.61
2852,0,3.61
2853,0,3.61
2854,0,3.61
2855,0,3.61
2856,0,3.61
2857,0,3.61
2858,0,3.61
2859,0,3.61
2860,0,3.61
2861,0,3.61
2862,0,3.61
2863,0,3.61
2864,0,3.61
2865,0,3.61
2866,0,3.61
2867,0,3.61
2868,0,3.61
2869,0,3.61
2870,0,3.61
2871,0,3.61
2872,0,3.61
2873,0,3.61
2874,0,3.61
2875,0,3.61
2876,0,3.61
2877,0,3.61
2878,0,3.61
2879,0,3.61
2880,0,3.61
2881,0,3.61
2882,0,3.61
2883,0,3.61
2884,0,3.61
2885,0,3.61
2886,0,3.61
2887,0,3.61
2888,0,3.61
2889,0,3.61
2890,0,3.61
2891,0,3.61
2892,0,3.61
2893,0,3.61
2894,0,3.61
2895,0,3.61
2896,0,3.61
2897,0,3.61
2898,0,3.61
2899,0,3.61
2900,0,3.61
2901,0,3.61
2902,0,3.61
2903,0,3.61
2904,0,3.61
2905,0,3.61
2906,0,3.61
2907,0,3.61
2908,0,3.61
2909,0,3.61
2910,0,3.61
2911,0,3.61
2912,0,3.61
2913,0,3.61
2914,0,3.61
2915,0,3.61
2916,0,3.61
2917,0,3.61
2918,0,3.61
2919,0,3.61
2920,0,3.61
2921,0,3.61
2922,0,3.61
2923,0,3.61
2924,0,3.61
2925,0,3.61
2926,0,3.61
2927,0,3.61
2928,0,3.61
2929,0,3.61
2930,0,3.61
2931,0,3.61
2932,0,3.61
2933,0,3.61
2934,0,3.61
2935,0,3.61
2936,0,3.61
2937,0,3.61
2938,0,3.61
2939,0,3.61
2940,0,3.61
2941,0,3.61
2942,0,3.61
2943,0,3.61
2944,0,3.61
2945,0,3.61
2946,0,3.61
2947,0,3.61
2948,0,3.61
2949,0,3.61
2950,0,3.61
2951,0,3.61
2952,0,3.61
2953,0,3.61
2954,0,3.61
2955,0,3.61
2956,0,3.61
2957,0,3.61
2958,0,3.61
2959,0,3.61
2960,0,3.61
2961,0,3.61
2962,0,3.61
2963,0,3.61
2964,0,3.61
2965,0,3.61
2966,0,3.61
2967,0,3.61
2968,0,3.61
2969,0,3.61
2970,0,3.61
2971,0,3.61
2972,0,3.61
2973,0,3.61
2974,0,3.61
2975,0,3.61
2976,0,3.61
2977,0,3.61
2978,0,3.61
2979,0,3.61
2980,0,3.61
2981,0,3.61
2982,0,3.61
2983,0,3.61
2984,0,3.61
2985,0,3.61
2986,0,3.61
2987,0,3.61
2988,0,3.61
2989,0,3.61
2990,0,3.61
2991,0,3.61
2992,0,3.61
2993,0,3.61
2994,0,3.61
2995,0,3.61
2996,0,3.61
2997,0,3.61
2998,0,3.61
2999,0,3.61
3000,0,3.61
3001,0,3.61
3002,0,3.61
3003,0,3.61
3004,0,3.61
3005,0,3.61
3006,0,3.61
3007,0,3.61
3008,0,3.61
3009,0,3.61
3010,0,3.61
3011,0,3.61
3012,0,3.61
3013,0,3.61
3014,0,3.61
3015,0,3.61
3016,0,3.61
3017,0,3.61
3018,0,3.61
3019,0,3.61
3020,0,3.61
3021,0,3.61
3022,0,3.61
3023,0,3.61
3024,0,3.61
3025,0,3.61
3026,0,3.61
3027,0,3.61
3028,0,3.61
3029,0,3.61
3030,0,3.61
3031,0,3.61
3032,0,3.61
3033,0,3.61
3034,0,3.61
3035,0,3.61
3036,0,3.61
3037,0,3.61
3038,0,3.61
3039,0,3.61
3040,0,3.61
3041,0,3.61
3042,0,3.61
3043,0,3.61
3044,0,3.61
3045,0,3.61
3046,0,3.61
3047,0,3.61
3048,0,3.61
3049,0,3.61
3050,0,3.61
3051,0,3.61
3052,0,3.61
3053,0,3.61
3054,0,3.61
3055,0,3.61
3056,0,3.61
3057,0,3.61
3058,0,3.61
3059,0,3.61
3060,0,3.61
3061,0,3.61
3062,0,3.61
3063,0,3.61
3064,0,3.61
3065,0,3.61
3066,0,3.61
3067,0,3.61
3068,0,3.61
3069,0,3.61
3070,0,3.61
3071,0,3.61
3072,0,3.61
3073,0,3.61
3074,0,3.61
3075,0,3.61
3076,0,3.61
3077,0,3.61
3078,0,3.61
3079,0,3.61
3080,0,3.61
3081,0,3.61
3082,0,3.61
3083,0,3.61
3084,0,3.61
3085,0,3.61
3086,0,3.61
3087,0,3.61
3088,0,3.61
3089,0,3.61
3090,0,3.61
3091,0,3.61
3092,0,3.61
3093,0,3.61
3094,0,3.61
3095,0,3.61
3096,0,3.61
3097,0,3.61
3098,0,3.61
3099,0,3.61
3100,0,3.61
3101,0,3.61
3102,0,3.61
3103,0,3.61
3104,0,3.61
3105,0,3.61
3106,0,3.61
3107,0,3.61
3108,0,3.61
3109,0,3.61
3110,0,3.61
3111,0,3.61
3112,0,3.61
3113,0,3.61
3114,0,3.61
3115,0,3.61
3116,0,3.61
3117,0,3.61
3118,0,3.61
3119,0,3.61
3120,0,3.61
3121,0,3.61
3122,0,3.61
3123,0,3.61
3124,0,3.61
3125,0,3.61
3126,0,3.61
3127,0,3.61
3128,0,3.61
3129,0,3.61
3130,0,3.61
3131,0,3.61
3132,0,3.61
3133,0,3.61
3134,0,3.61
3135,0,3.61
3136,0,3.61
3137,0,3.61
3138,0,3.61
3139,0,3.61
3140,0,3.61
3141,0,3.61
3142,0,3.61
3143,0,3.61
3144,0,3.61
3145,0,3.61
3146,0,3.61
3147,0,3.61
3148,0,3.61
3149,0,3.61
3150,0,3.61
3151,0,3.61
3152,0,3.61
3153,0,3.61
3154,0,3.61
3155,0,3.61
3156,0,3.61
3157,0,3.61
3158,0,3.61
3159,0,3.61
3160,0,3.61
3161,0,3.61
3162,0,3.61
3163,0,3.61
3164,0,3.61
3165,0,3.61
3166,0,3.61
3167,0,3.61
3168,0,3.61
3169,0,3.61
3170,0,3.61
3171,0,3.61
3172,0,3.61
3173,0,3.61
3174,0,3.61
3175,0,3.61
3176,0,3.61
3177,0,3.61
3178,0,3.61
3179,0,3.61
3180,0,3.61
3181,0,3.61
3182,0,3.61
3183,0,3.61
3184,0,3.61
3185,0,3.61
3186,0,3.61
3187,0,3.61
3188,0,3.61
3189,0,3.61
3190,0,3.61
3191,0,3.61
3192,0,3.61
3193,0,3.61
3194,0,3.61
3195,0,3.61
3196,0,3.61
3197,0,3.61
3198,0,3.61
3199,0,3.61
3200,0,3.61
3201,0,3.61
3202,0,3.61
3203,0,3.61
3204,0,3.61
3205,0,3.61
3206,0,3.61
3207,0,3.61
3208,0,3.61
3209,0,3.61
3210,0,3.61
3211,0,3.61
3212,0,3.61
3213,0,3.61
3214,0,3.61
3215,0,3.61
3216,0,3.61
3217,0,3.61
3218,0,3.61
3219,0,3.61
3220,0,3.61
3221,0,3.61
3222,0,3.61
3223,0,3.61
3224,0,3.61
3225,0,3.61
3226,0,3.61
3227,0,3.61
3228,0,3.61
3229,0,3.61
3230,0,3.61
3231,0,3.61
3232,0,3.61
3233,0,3.61
3234,0,3.61
3235,0,3.61
3236,0,3.61
3237,0,3.61
3238,0,3.61
3239,0,3.61
3240,0,3.61
3241,0,3.61
3242,0,3.61
3243,0,3.61
3244,0,3.61
3245,0,3.61
3246,0,3.61
3247,0,3.61
3248,0,3.61
3249,0,3.61
3250,0,3.61
3251,0,3.61
3252,0,3.61
3253,0,3.61
3254,0,3.61
3255,0,3.61
3256,0,3.61
3257,0,3.61
3258,0,3.61
3259,0,3.61
3260,0,3.61
3261,0,3.61
3262,0,3.61
3263,0,3.61
3264,0,3.61
3265,0,3.61
3266,0,3.61
3267,0,3.61
3268,0,3.61
3269,0,3.61
3270,0,3.61
3271,0,3.61
3272,0,3.61
3273,0,3.61
3274,0,3.61
3275,0,3.61
3276,0,3.61
3277,0,3.61
3278,0,3.61
3279,0,3.61
3280,0,3.61
3281,0,3.61
3282,0,3.61
3283,0,3.61
3284,0,3.61
3285,0,3.61
3286,0,3.61
3287,0,3.61
3288,0,3.61
3289,0,3.61
3290,0,3.61
3291,0,3.61
3292,0,3.61
3293,0,3.61
3294,0,3.61
3295,0,3.61
3296,0,3.61
3297,0,3.61
3298,0,3.61
3299,0,3.61
3300,0,3.61
3301,0,3.61
3302,0,3.61
3303,0,3.61
3304,0,3.61
3305,0,3.61
3306,0,3.61
3307,0,3.61
3308,0,3.61
3309,0,3.61
3310,0,3.61
3311,0,3.61
3312,0,3.61
3313,0,3.61
3314,0,3.61
3315,0,3.61
3316,0,3.61
3317,0,3.61
3318,0,3.61
3319,0,3.61
3320,0,3.61
3321,0,3.61
3322,0,3.61
3323,0,3.61
3324,0,3.61
3325,0,3.61
3326,0,3.61
3327,0,3.61
3328,0,3.61
3329,0,3.61
3330,0,3.61
3331,0,3.61
3332,0,3.61
3333,0,3.61
3334,0,3.61
3335,0,3.61
3336,0,3.61
3337,0,3.61
3338,0,3.61
3339,0,3.61
3340,0,3.61
3341,0,3.61
3342,0,3.61
3343,0,3.61
3344,0,3.61
3345,0,3.61
3346,0,3.61
3347,0,3.61
3348,0,3.61
3349,0,3.61
3350,0,3.61
3351,0,3.61
3352,0,3.61
3353,0,3.61
3354,0,3.61
3355,0,3.61
3356,0,3.61
3357,0,3.61
3358,0,3.61
3359,0,3.61
3360,0,3.61
3361,0,3.61
3362,0,3.61
3363,0,3.61
3364,0,3.61
3365,0,3.61
3366,0,3.61
3367,0,3.61
3368,0,3.61
3369,0,3.61
3370,0,3.61
3371,0,3.61
3372,0,3.61
3373,0,3.61
3374,0,3.61
3375,0,3.61
3376,0,3.61
3377,0,3.61
3378,0,3.61
3379,0,3.61
3380,0,3.61
3381,0,3.61
3382,0,3.61
3383,0,3.61
3384,0,3.61
3385,0,3.61
3386,0,3.61
3387,0,3.61
3388,0,3.61
3389,0,3.61
3390,0,3.61
3391,0,3.61
3392,0,3.61
3393,0,3.61
3394,0,3.61
3395,0,3.61
3396,0,3.61
3397,0,3.61
3398,0,3.61
3399,0,3.61
3400,0,3.61
3401,0,3.61
3402,0,3.61
3403,0,3.61
3404,0,3.61
3405,0,3.61
3406,0,3.61
3407,0,3.61
3408,0,3.61
3409,0,3.61
3410,0,3.61
3411,0,3.61
3412,0,3.61
3413,0,3.61
3414,0,3.61
3415,0,3.61
3416,0,3.61
3417,0,3.61
3418,0,3.61
3419,0,3.61
3420,0,3.61
3421,0,3.61
3422,0,3.61
3423,0,3.61
3424,0,3.61
3425,0,3.61
3426,0,3.61
3427,0,3.61
3428,0,3.61
3429,0,3.61
3430,0,3.61
3431,0,3.61
3432,0,3.61
3433,0,3.61
3434,0,3.61
3435,0,3.61
3436,0,3.61
3437,0,3.61
3438,0,3.61
3439,0,3.61
3440,0,3.61
3441,0,3.61
3442,0,3.61
3443,0,3.61
3444,0,3.61
3445,0,3.61
3446,0,3.61
3447,0,3.61
3448,0,3.61
3449,0,3.61
3450,0,3.61
3451,0,3.61
3452,0,3.61
3453,0,3.61
3454,0,3.61
3455,0,3.61
3456,0,3.61
3457,0,3.61
3458,0,3.61
3459,0,3.61
3460,0,3.61
3461,0,3.61
3462,0,3.61
3463,0,3.61
3464,0,3.61
3465,0,3.61
3466,0,3.61
3467,0,3.61
3468,0,3.61
3469,0,3.61
3470,0,3.61
3471,0,3.61
3472,0,3.61
3473,0,3.61
3474,0,3.61
3475,0,3.61
3476,0,3.61
3477,0,3.61
3478,0,3.61
3479,0,3.61
3480,0,3.61
3481,0,3.61
3482,0,3.61
3483,0,3.61
3484,0,3.61
3485,0,3.61
3486,0,3.61
3487,0,3.61
3488,0,3.61
3489,0,3.61
3490,0,3.61
3491,0,3.61
3492,0,3.61
3493,0,3.61
3494,0,3.61
3495,0,3.61
3496,0,3.61
3497,0,3.61
3498,0,3.61
3499,0,3.61
3500,0,3.61
3501,0,3.61
3502,0,3.61
3503,0,3.61
3504,0,3.61
3505,0,3.61
3506,0,3.61
3507,0,3.61
3508,0,3.61
3509,0,3.61
3510,0,3.61
3511,0,3.61
3512,0,3.61
3513,0,3.61
3514,0,3.61
3515,0,3.61
3516,0,3.61
3517,0,3.61
3518,0,3.61
3519,0,3.61
3520,0,3.61
3521,0,3.61
3522,0,3.61
3523,0,3.61
3524,0,3.61
3525,0,3.61
3526,0,3.61
3527,0,3.61
3528,0,3.61
3529,0,3.61
3530,0,3.61
3531,0,3.61
3532,0,3.61
3533,0,3.61
3534,0,3.61
3535,0,3.61
3536,0,3.61
3537,0,3.61
3538,0,3.61
3539,0,3.61
3540,0,3.61
3541,0,3.61
3542,0,3.61
3543,0,3.61
3544,0,3.61
3545,0,3.61
3546,0,3.61
3547,0,3.61
3548,0,3.61
3549,0,3.61
3550,0,3.61
3551,0,3.61
3552,0,3.61
3553,0,3.61
3554,0,3.61
3555,0,3.61
3556,0,3.61
3557,0,3.61
3558,0,3.61
3559,0,3.61
3560,0,3.61
3561,0,3.61
3562,0,3.61
3563,0,3.61
3564,0,3.61
3565,0,3.61
3566,0,3.61
3567,0,3.61
3568,0,3.61
3569,0,3.61
3570,0,3.61
3571,0,3.61
3572,0,3.61
3573,0,3.61
3574,0,3.61
3575,0,3.61
3576,0,3.61
3577,0,3.61
3578,0,3.61
3579,0,3.61
3580,0,3.61
3581,0,3.61
3582,0,3.61
3583,0,3.61
3584,0,3.61
3585,0,3.61
3586,0,3.61
3587,0,3.61
3588,0,3.61
3589,0,3.61
3590,0,3.61
3591,0,3.61
3592,0,3.61
3593,0,3.61
3594,0,3.61
3595,0,3.61
3596,0,3.61
3597,0,3.61
3598,0,3.61
3599,0,3.61
3600,0,3.61
3601,0,3.61
3602,0,3.61
3603,0,3.61
3604,0,3.61
3605,0,3.61
3606,0,3.61
3607,0,3.61
3608,0,3.61
3609,0,3.61
3610,0,3.61
3611,0,3.61
3612,0,3.61
3613,0,3.61
3614,0,3.61
3615,0,3.61
3616,0,3.61
3617,0,3.61
3618,0,3.61
3619,0,3.61
3620,0,3.61
3621,0,3.61
3622,0,3.61
3623,0,3.61
3624,0,3.61
3625,0,3.61
3626,0,3.61
3627,0,3.61
3628,0,3.61
3629,0,3.61
3630,0,3.61
3631,0,3.61
3632,0,3.61
3633,0,3.61
3634,0,3.61
3635,0,3.61
3636,0,3.61
3637,0,3.61
3638,0,3.61
3639,0,3.61
3640,0,3.61
3641,0,3.61
3642,0,3.61
3643,0,3.61
3644,0,3.61
3645,0,3.61
3646,0,3.61
3647,0,3.61
3648,0,3.61
3649,0,3.61
3650,0,3.61
3651,0,3.61
3652,0,3.61
3653,0,3.61
3654,0,3.61
3655,0,3.61
3656,0,3.61
3657,0,3.61
3658,0,3.61
3659,0,3.61
3660,0,3.61
3661,0,3.61
3662,0,3.61
3663,0,3.61
3664,0,3.61
3665,0,3.61
3666,0,3.61
3667,0,3.61
3668,0,3.61
3669,0,3.61
3670,0,3.61
3671,0,3.61
3672,0,3.61
3673,0,3.61
3674,0,3.61
3675,0,3.61
3676,0,3.61
3677,0,3.61
3678,0,3.61
3679,0,3.61
3680,0,3.61
3681,0,3.61
3682,0,3.61
3683,0,3.61
3684,0,3.61
3685,0,3.61
3686,0,3.61
3687,0,3.61
3688,0,3.61
3689,0,3.61
3690,0,3.61
3691,0,3.61
3692,0,3.61
3693,0,3.61
3694,0,3.61
3695,0,3.61
3696,0,3.61
3697,0,3.61
3698,0,3.61
3699,0,3.61
3700,0,3.61
3701,0,3.61
3702,0,3.61
3703,0,3.61
3704,0,3.61
3705,0,3.61
3706,0,3.61
3707,0,3.61
3708,0,3.61
3709,0,3.61
3710,0,3.61
3711,0,3.61
3712,0,3.61
3713,0,3.61
3714,0,3.61
3715,0,3.61
3716,0,3.61
3717,0,3.61
3718,0,3.61
3719,0,3.61
3720,0,3.61
3721,0,3.61
3722,0,3.61
3723,0,3.61
3724,0,3.61
3725,0,3.61
3726,0,3.61
3727,0,3.61
3728,0,3.61
3729,0,3.61
3730,0,3.61
3731,0,3.61
3732,0,3.61
3733,0,3.61
3734,0,3.61
3735,0,3.61
3736,0,3.61
3737,0,3.61
3738,0,3.61
3739,0,3.61
3740,0,3.61
3741,0,3.61
3742,0,3.61
3743,0,3.61
3744,0,3.61
3745,0,3.61
3746,0,3.61
3747,0,3.61
3748,0,3.61
3749,0,3.61
3750,0,3.61
3751,0,3.61
3752,0,3.61
3753,0,3.61
3754,0,3.61
3755,0,3.61
3756,0,3.61
3757,0,3.61
3758,0,3.61
3759,0,3.61
3760,0,3.61
3761,0,3.61
3762,0,3.61
3763,0,3.61
3764,0,3.61
3765,0,3.61
3766,0,3.61
3767,0,3.61
3768,0,3.61
3769,0,3.61
3770,0,3.61
3771,0,3.61
3772,0,3.61
3773,0,3.61
3774,0,3.61
3775,0,3.61
3776,0,3.61
3777,0,3.61
3778,0,3.61
3779,0,3.61
3780,0,3.61
3781,0,3.61
3782,0,3.61
3783,0,3.61
3784,0,3.61
3785,0,3.61
3786,0,3.61
3787,0,3.61
3788,0,3.61
3789,0,3.61
3790,0,3.61
3791,0,3.61
3792,0,3.61
3793,0,3.61
3794,0,3.61
3795,0,3.61
3796,0,3.61
3797,0,3.61
3798,0,3.61
3799,0,3.61
3800,0,3.61
3801,0,3.61
3802,0,3.61
3803,0,3.61
3804,0,3.61
3805,0,3.61
3806,0,3.61
3807,0,3.61
3808,0,3.61
3809,0,3.61
3810,0,3.61
3811,0,3.61
3812,0,3.61
3813,0,3.61
3814,0,3.61
3815,0,3.61
3816,0,3.61
3817,0,3.61
3818,0,3.61
3819,0,3.61
3820,0,3.61
3821,0,3.61
3822,0,3.61
3823,0,3.61
3824,0,3.61
3825,0,3.61
3826,0,3.61
3827,0,3.61
3828,0,3.61
3829,0,3.61
3830,0,3.61
3831,0,3.61
3832,0,3.61
3833,0,3.61
3834,0,3.61
3835,0,3.61
3836,0,3.61
3837,0,3.61
3838,0,3.61
3839,0,3.61
3840,0,3.61
3841,0,3.61
3842,0,3.61
3843,0,3.61
3844,0,3.61
3845,0,3.61
3846,0,3.61
3847,0,3.61
3848,0,3.61
3849,0,3.61
3850,0,3.61
3851,0,3.61
3852,0,3.61
3853,0,3.61
3854,0,3.61
3855,0,3.61
3856,0,3.61
3857,0,3.61
3858,0,3.61
3859,0,3.61
3860,0,3.61
3861,0,3.61
3862,0,3.61
3863,0,3.61
3864,0,3.61
3865,0,3.61
3866,0,3.61
3867,0,3.61
3868,0,3.61
3869,0,3.61
3870,0,3.61
3871,0,3.61
3872,0,3.61
3873,0,3.61
3874,0,3.61
3875,0,3.61
3876,0,3.61
3877,0,3.61
3878,0,3.61
3879,0,3.61
3880,0,3.61
3881,0,3.61
3882,0,3.61
3883,0,3.61
3884,0,3.61
3885,0,3.61
3886,0,3.61
3887,0,3.61
3888,0,3.61
3889,0,3.61
3890,0,3.61
3891,0,3.61
3892,0,3.61
3893,0,3.61
3894,0,3.61
3895,0,3.61
3896,0,3.61
3897,0,3.61
3898,0,3.61
3899,0,3.61
3900,0,3.61
3901,0,3.61
3902,0,3.61
3903,0,3.61
3904,0,3.61
3905,0,3.61
3906,0,3.61
3907,0,3.61
3908,0,3.61
3909,0,3.61
3910,0,3.61
3911,0,3.61
3912,0,3.61
3913,0,3.61
3914,0,3.61
3915,0,3.61
3916,0,3.61
3917,0,3.61
3918,0,3.61
3919,0,3.61
3920,0,3.61
3921,0,3.61
3922,0,3.61
3923,0,3.61
3924,0,3.61
3925,0,3.61
3926,0,3.61
3927,0,3.61
3928,0,3.61
3929,0,3.61
3930,0,3.61
3931,0,3.61
3932,0,3.61
3933,0,3.61
3934,0,3.61
3935,0,3.61
3936,0,3.61
3937,0,3.61
3938,0,3.61
3939,0,3.61
3940,0,3.61
3941,0,3.61
3942,0,3.61
3943,0,3.61
3944,0,3.61
3945,0,3.61
3946,0,3.61
3947,0,3.61
3948,0,3.61
3949,0,3.61
3950,0,3.61
3951,0,3.61
3952,0,3.61
3953,0,3.61
3954,0,3.61
3955,0,3.61
3956,0,3.61
3957,0,3.61
3958,0,3.61
3959,0,3.61
3960,0,3.61
3961,0,3.61
3962,0,3.61
3963,0,3.61
3964,0,3.61
3965,0,3.61
3966,0,3.61
3967,0,3.61
3968,0,3.61
3969,0,3.61
3970,0,3.61
3971,0,3.61
3972,0,3.61
3973,0,3.61
3974,0,3.61
3975,0,3.61
3976,0,3.61
3977,0,3.61
3978,0,3.61
3979,0,3.61
3980,0,3.61
3981,0,3.61
3982,0,3.61
3983,0,3.61
3984,0,3.61
3985,0,3.61
3986,0,3.61
3987,0,3.61
3988,0,3.61
3989,0.0553,3.61
3990,0.0553,3.61
3991,0.0696,3.61
3992,0.0696,3.61
3993,0.0696,3.61
3994,0.0696,3.61
3995,0.077,3.61
3996,0.0833,3.61
3997,0.1413,3.61
3998,0.1413,3.61
3999,0.1413,3.61
4000,0.1869,3.61
4001,0.1869,3.61
4002,0.1869,3.61
4003,0.1869,3.61
4004,0.1869,3.61
4005,0.1869,3.61
4006,0.1869,3.61
4007,0.1869,3.61
4008,0.1869,3.61
4009,0.1869,3.61
4010,0.1869,3.61
4011,0.1869,3.61
4012,0.1869,3.61
4013,0.1869,3.61
4014,0.1869,3.61
4015,0.1869,3.61
4016,0.1869,3.61
4017,0.1869,3.61
4018,0.1869,3.61
4019,0.1869,3.61
4020,0.1869,3.61
4021,0.1869,3.61
4022,0.1869,3.61
4023,0.1869,3.61
4024,0.1869,3.61
4025,0.1869,3.61
4026,0.1869,3.61
4027,0.1869,3.61
4028,0.1869,3.61
4029,0.1869,3.61
4030,0.1869,3.61
4031,0.1869,3.61
4032,0.1869,3.61
4033,0.1869,3.61
4034,0.1869,3.61
4035,0.1869,3.61
4036,0.1869,3.61
4037,0.1869,3.61
4038,0.1869,3.61
4039,0.1869,3.61
4040,0.1869,3.61
4041,0.1869,3.61
4042,0.1869,3.61
4043,0.1869,3.61
4044,0.1869,3.61
4045,0.1869,3.61
4046,0.1869,3.61
4047,0.1869,3.61
4048,0.1869,3.61
4049,0.1869,3.61
4050,0.1869,3.61
4051,0.1869,3.61
4052,0.1869,3.61
4053,0.1869,3.61
4054,0.1869,3.61
4055,0.1869,3.61
4056,0.1869,3.61
4057,0.1869,3.61
4058,0.1869,3.61
4059,0.1869,3.61
4060,0.1869,3.61
4061,0.1869,3.61
4062,0.1869,3.61
4063,0.1869,3.61
4064,0.1869,3.61
4065,0.1869,3.61
4066,0.1869,3.61
4067,0.1869,3.61
4068,0.1869,3.61
4069,0.1869,3.61
4070,0.1869,3.61
4071,0.1869,3.61
4072,0.1869,3.61
4073,0.1869,3.61
4074,0.1869,3.61
4075,0.1869,3.61
4076,0.1869,3.61
4077,0.1869,3.61
4078,0.1869,3.61
4079,0.1869,3.61
4080,0.1869,3.61
4081,0.1869,3.61
4082,0.1869,3.61
4083,0.1869,3.61
4084,0.1869,3.61
4085,0.1869,3.61
4086,0.1869,3.61
4087,0.1869,3.61
4088,0.1869,3.61
4089,0.1869,3.61
4090,0.1869,3.61
4091,0.1869,3.61
4092,0.1869,3.61
4093,0.1869,3.61
4094,0.1869,3.61
4095,0.1869,3.61
4096,0.1869,3.61
4097,0.1869,3.61
4098,0.1869,3.61
4099,0.1869,3.61
4100,0.1869,3.61
4101,0.1869,3.61
4102,0.1869,3.61
4103,0.1869,3.61
4104,0.1869,3.61
4105,0.1869,3.61
4106,0.1869,3.61
4107,0.1869,3.61
4108,0.1869,3.61
4109,0.1869,3.61
4110,0.1869,3.61
4111,0.1869,3.61
4112,0.1869,3.61
4113,0.1869,3.61
4114,0.1869,3.61
4115,0.1869,3.61
4116,0.1869,3.61
4117,0.1869,3.61
4118,0.1869,3.61
4119,0.1869,3.61
4120,0.1869,3.61
4121,0.1869,3.61
4122,0.1869,3.61
4123,0.215,3.61
4124,0.215,3.61
4125,0.215,3.61
4126,0.215,3.61
4127,0.215,3.61
4128,0.215,3.61
4129,0.215,3.61
4130,0.2359,3.61
4131,0.2359,3.61
4132,0.2359,3.61
4133,0.2359,3.61
4134,0.2359,3.61
4135,0.2359,3.61
4136,0.2359,3.61
4137,0.2359,3.61
4138,0.2359,3.61
4139,0.2359,3.61
4140,0.2359,3.61
4141,0.2359,3.61
4142,0.2359,3.61
4143,0.2359,3.61
4144,0.2359,3.61
4145,0.2359,3.61
4146,0.2359,3.61
4147,0.2359,3.61
4148,0.2359,3.61
4149,0.2359,3.61
4150,0.2359,3.61
4151,0.2785,3.61
4152,0.2785,3.61
4153,0.2785,3.61
4154,0.2785,3.61
4155,0.2785,3.61
4156,0.2785,3.61
4157,0.2785,3.61
4158,0.317,3.61
4159,0.317,3.61
4160,0.317,3.61
4161,0.317,3.61
4162,0.317,3.61
4163,0.317,3.61
4164,0.317,3.61
4165,0.317,3.61
4166,0.317,3.61
4167,0.317,3.61
4168,0.317,3.61
4169,0.3203,3.61
4170,0.3203,3.61
4171,0.3203,3.61
4172,0.3203,3.61
4173,0.3203,3.61
4174,0.3203,3.61
4175,0.3203,3.61
4176,0.3203,3.61
4177,0.3203,3.61
4178,0.3189,3.61
4179,0.3189,3.61
4180,0.3189,3.61
4181,0.3189,3.61
4182,0.3189,3.61
4183,0.3591,3.61
4184,0.3591,3.61
4185,0.3591,3.61
4186,0.3888,3.61
4187,0.4114,3.61
4188,0.4114,3.61
4189,0.4114,3.61
4190,0.4114,3.61
4191,0.4345,3.61
4192,0.4345,3.61
4193,0.4574,3.61
4194,0.4672,3.61
4195,0.4717,3.61
4196,0.4748,3.61
4197,0.4748,3.61
4198,0.4748,3.61
4199,0.4748,3.61
4200,0.4748,3.61
4201,0.4748,3.61
4202,0.4748,3.61
4203,0.4748,3.61
4204,0.4748,3.61
4205,0.4748,3.61
4206,0.4748,3.61
4207,0.4748,3.61
4208,0.4748,3.61
4209,0.4748,3.61
4210,0.4748,3.61
4211,0.4748,3.61
4212,0.4748,3.61
4213,0.4748,3.61
4214,0.4748,3.61
4215,0.4748,3.61
4216,0.4748,3.61
4217,0.4748,3.61
4218,0.4748,3.61
4219,0.4748,3.61
4220,0.4748,3.61
4221,0.4748,3.61
4222,0.4748,3.61
4223,0.4748,3.61
4224,0.4748,3.61
4225,0.4748,3.61
4226,0.4748,3.61
4227,0.4748,3.61
4228,0.4748,3.61
4229,0.4748,3.61
4230,0.4748,3.61
4231,0.4748,3.61
4232,0.4748,3.61
4233,0.4748,3.61
4234,0.4748,3.61
4235,0.4748,3.61
4236,0.4748,3.61
4237,0.4748,3.61
4238,0.4866,3.61
4239,0.4866,3.61
4240,0.4866,3.61
4241,0.4866,3.61
4242,0.4866,3.61
4243,0.4866,3.61
4244,0.5014,3.61
4245,0.5014,3.61
4246,0.5014,3.61
4247,0.5014,3.61
4248,0.5014,3.61
4249,0.5015,3.61
4250,0.5015,3.61
4251,0.5158,3.61
4252,0.5556,3.61
4253,0.5935,3.61
4254,0.5956,3.61
4255,0.5956,3.61
4256,0.6356,3.61
4257,0.6862,3.61
4258,0.6862,3.61
4259,0.6862,3.61
4260,0.6862,3.61
4261,0.6862,3.61
4262,0.6862,3.61
4263,0.6862,3.61
4264,0.6862,3.61
4265,0.6862,3.61
4266,0.7111,3.61
4267,0.7111,3.61
4268,0.7111,3.61
4269,0.7111,3.61
4270,0.7111,3.61
4271,0.7111,3.61
4272,0.7111,3.61
4273,0.7111,3.61
4274,0.7111,3.61
4275,0.7111,3.61
4276,0.7111,3.61
4277,0.7111,3.61
4278,0.7111,3.61
4279,0.7111,3.61
4280,0.7111,3.61
4281,0.7111,3.61
4282,0.7111,3.61
4283,0.7111,3.61
4284,0.7111,3.61
4285,0.7111,3.61
4286,0.7224,3.61
4287,0.7224,3.61
4288,0.7224,3.61
4289,0.7601,3.61
4290,0.7601,3.61
4291,0.7601,3.61
4292,0.7601,3.61
4293,0.7601,3.61
4294,0.792,3.61
4295,0.792,3.61
4296,0.792,3.61
4297,0.792,3.61
4298,0.792,3.61
4299,0.792,3.61
4300,0.792,3.61
4301,0.792,3.61
4302,0.792,3.61
4303,0.792,3.61
4304,0.792,3.61
4305,0.792,3.61
4306,0.792,3.61
4307,0.792,3.61
4308,0.792,3.61
4309,0.8047,3.61
4310,0.8334,3.61
4311,0.8731,3.61
4312,0.8731,3.61
4313,0.8731,3.61
4314,0.8731,3.61
4315,0.8731,3.61
4316,0.8731,3.61
4317,0.8731,3.61
4318,0.9094,3.61
4319,0.9094,3.61
4320,0.9094,3.61
4321,0.9094,3.61
4322,0.9387,3.61
4323,0.9387,3.61
4324,0.9387,3.61
4325,0.9387,3.61
4326,0.9387,3.61
4327,0.9387,3.61
4328,0.9525,3.61
4329,0.9525,3.61
4330,0.9525,3.61
4331,0.9525,3.61
4332,0.9525,3.61
4333,0.9525,3.61
4334,0.9811,3.61
4335,0.9811,3.61
4336,0.9811,3.61
4337,0.9811,3.61
4338,0.9811,3.61
4339,0.9811,3.61
4340,0.9811,3.61
4341,0.9811,3.61
4342,0.9811,3.61
4343,0.9811,3.61
4344,0.9811,3.61
4345,0.9811,3.61
4346,0.9811,3.61
4347,0.9811,3.61
4348,0.9811,3.61
4349,0.9811,3.61
4350,0.9811,3.61
4351,0.9811,3.61
4352,0.9811,3.61
4353,0.9945,3.61
4354,0.9945,3.61
4355,0.9945,3.61
4356,0.9945,3.61
4357,0.9945,3.61
4358,0.9945,3.61
4359,0.9945,3.61
4360,0.9945,3.61
4361,0.9945,3.61
4362,0.9945,3.61
4363,0.9945,3.61
4364,0.9945,3.61
4365,0.9945,3.61
4366,0.9945,3.61
4367,0.9945,3.61
4368,0.9945,3.61
4369,0.9945,3.61
4370,0.9945,3.61
4371,0.9945,3.61
4372,0.9945,3.61
4373,0.9945,3.61
4374,0.9945,3.61
4375,0.9945,3.61
4376,0.9945,3.61
4377,0.9945,3.61
4378,0.9945,3.61
4379,0.9945,3.61
4380,0.9945,3.61
4381,0.9945,3.61
4382,0.9945,3.61
4383,0.9945,3.61
4384,0.9945,3.61
4385,0.9945,3.61
4386,0.9945,3.61
4387,0.9945,3.61
4388,0.9945,3.61
4389,0.9945,3.61
4390,0.9945,3.61
4391,0.9945,3.61
4392,0.9945,3.61
4393,0.9945,3.61
4394,0.9945,3.61
4395,0.9945,3.61
4396,0.9945,3.61
4397,0.9945,3.61
4398,0.9945,3.61
4399,0.997,3.61
4400,0.997,3.61
4401,0.997,3.61
4402,0.997,3.61
4403,0.997,3.61
4404,0.997,3.61
4405,0.997,3.61
4406,0.997,3.61
4407,0.997,3.61
4408,0.997,3.61
4409,1.0069,3.61
4410,1.0172,3.61
4411,1.038,3.61
4412,1.038,3.61
4413,1.038,3.61
4414,1.038,3.61
4415,1.0587,3.61
4416,1.0587,3.61
4417,1.0587,3.61
4418,1.0587,3.61
4419,1.0587,3.61
4420,1.0587,3.61
4421,1.0587,3.61
4422,1.0587,3.61
4423,1.0587,3.61
4424,1.0582,3.61
4425,1.0582,3.61
4426,1.0998,3.61
4427,1.0998,3.61
4428,1.0998,3.61
4429,1.0998,3.61
4430,1.0998,3.61
4431,1.0998,3.61
4432,1.1134,3.61
4433,1.1134,3.61
4434,1.1404,3.61
4435,1.1404,3.61
4436,1.1404,3.61
4437,1.1404,3.61
4438,1.1404,3.61
4439,1.1404,3.61
4440,1.1404,3.61
4441,1.1404,3.61
4442,1.1404,3.61
4443,1.1404,3.61
4444,1.1404,3.61
4445,1.1513,3.61
4446,1.1513,3.61
4447,1.1513,3.61
4448,1.1513,3.61
4449,1.1513,3.61
4450,1.1513,3.61
4451,1.1513,3.61
4452,1.1513,3.61
4453,1.1513,3.61
4454,1.1513,3.61
4455,1.1513,3.61
4456,1.1513,3.61
4457,1.1513,3.61
4458,1.1513,3.61
4459,1.1513,3.61
4460,1.1513,3.61
4461,1.1513,3.61
4462,1.1513,3.61
4463,1.1513,3.61
4464,1.1513,3.61
4465,1.1513,3.61
4466,1.1513,3.61
4467,1.1513,3.61
4468,1.1513,3.61
4469,1.1571,3.61
4470,1.1571,3.61
4471,1.1571,3.61
4472,1.1571,3.61
4473,1.1571,3.61
4474,1.1571,3.61
4475,1.1571,3.61
4476,1.1571,3.61
4477,1.1577,3.61
4478,1.1577,3.61
4479,1.1714,3.61
4480,1.1714,3.61
4481,1.1714,3.61
4482,1.1714,3.61
4483,1.1714,3.61
4484,1.1714,3.61
4485,1.1714,3.61
4486,1.1714,3.61
4487,1.1714,3.61
4488,1.1714,3.61
4489,1.1714,3.61
4490,1.1714,3.61
4491,1.1714,3.61
4492,1.1714,3.61
4493,1.1714,3.61
4494,1.1714,3.61
4495,1.1767,3.61
4496,1.1767,3.61
4497,1.1767,3.61
4498,1.1848,3.61
4499,1.1848,3.61
4500,1.1848,3.61
4501,1.1848,3.61
4502,1.1848,3.61
4503,1.1848,3.61
4504,1.1848,3.61
4505,1.1848,3.61
4506,1.1848,3.61
4507,1.1848,3.61
4508,1.1848,3.61
4509,1.1848,3.61
4510,1.1848,3.61
4511,1.1848,3.61
4512,1.1848,3.61
4513,1.1868,3.61
4514,1.1868,3.61
4515,1.1868,3.61
4516,1.1868,3.61
4517,1.1905,3.61
4518,1.197,3.61
4519,1.2536,3.61
4520,1.2626,3.61
4521,1.2626,3.61
4522,1.2626,3.61
4523,1.2626,3.61
4524,1.2626,3.61
4525,1.2626,3.61
4526,1.2635,3.61
4527,1.2635,3.61
4528,1.2635,3.61
4529,1.2635,3.61
4530,1.2635,3.61
4531,1.2828,3.61
4532,1.2828,3.61
4533,1.2828,3.61
4534,1.3065,3.61
4535,1.3065,3.61
4536,1.3065,3.61
4537,1.3065,3.61
4538,1.3065,3.61
4539,1.3065,3.61
4540,1.3065,3.61
4541,1.3065,3.61
4542,1.3065,3.61
4543,1.3065,3.61
4544,1.3065,3.61
4545,1.3065,3.61
4546,1.3065,3.61
4547,1.3065,3.61
4548,1.3065,3.61
4549,1.3065,3.61
4550,1.3065,3.61
4551,1.3065,3.61
4552,1.3065,3.61
4553,1.3204,3.61
4554,1.3204,3.61
4555,1.3204,3.61
4556,1.3204,3.61
4557,1.3204,3.61
4558,1.3204,3.61
4559,1.3204,3.61
4560,1.3354,3.61
4561,1.347,3.61
4562,1.3852,3.61
4563,1.3852,3.61
4564,1.3852,3.61
4565,1.3852,3.61
4566,1.3852,3.61
4567,1.3852,3.61
4568,1.4009,3.61
4569,1.4009,3.61
4570,1.4009,3.61
4571,1.4009,3.61
4572,1.4009,3.61
4573,1.4009,3.61
4574,1.4402,3.61
4575,1.4402,3.61
4576,1.4402,3.61
4577,1.4402,3.61
4578,1.4402,3.61
4579,1.4402,3.61
4580,1.4402,3.61
4581,1.4402,3.61
4582,1.4402,3.61
4583,1.4402,3.61
4584,1.4402,3.61
4585,1.4402,3.61
4586,1.4402,3.61
4587,1.4402,3.61
4588,1.4402,3.61
4589,1.4402,3.61
4590,1.4402,3.61
4591,1.4402,3.61
4592,1.4402,3.61
4593,1.4402,3.61
4594,1.4402,3.61
4595,1.4402,3.61
4596,1.4402,3.61
4597,1.4402,3.61
4598,1.4402,3.61
4599,1.4402,3.61
4600,1.4402,3.61
4601,1.4402,3.61
4602,1.4402,3.61
4603,1.4402,3.61
4604,1.4599,3.61
4605,1.4599,3.61
4606,1.4599,3.61
4607,1.4599,3.61
4608,1.4599,3.61
4609,1.4599,3.61
4610,1.4599,3.61
4611,1.4599,3.61
4612,1.4599,3.61
4613,1.4599,3.61
4614,1.4599,3.61
4615,1.4599,3.61
4616,1.4599,3.61
4617,1.4599,3.61
4618,1.4599,3.61
4619,1.4599,3.61
4620,1.4745,3.61
4621,1.4745,3.61
4622,1.4745,3.61
4623,1.4745,3.61
4624,1.4745,3.61
4625,1.4745,3.61
4626,1.4882,3.61
4627,1.4882,3.61
4628,1.4882,3.61
4629,1.4882,3.61
4630,1.4882,3.61
4631,1.4882,3.61
4632,1.4882,3.61
4633,1.4882,3.61
4634,1.4882,3.61
4635,1.4882,3.61
4636,1.4882,3.61
4637,1.4882,3.61
4638,1.4896,3.61
4639,1.4896,3.61
4640,1.4896,3.61
4641,1.4896,3.61
4642,1.4896,3.61
4643,1.4896,3.61
4644,1.4901,3.61
4645,1.4901,3.61
4646,1.4901,3.61
4647,1.4901,3.61
4648,1.4901,3.61
4649,1.4901,3.61
4650,1.4901,3.61
4651,1.4901,3.61
4652,1.4901,3.61
4653,1.4901,3.61
4654,1.4901,3.61
4655,1.4901,3.61
4656,1.4901,3.61
4657,1.4901,3.61
4658,1.4901,3.61
4659,1.4901,3.61
4660,1.4901,3.61
4661,1.4901,3.61
4662,1.4901,3.61
4663,1.4901,3.61
4664,1.4901,3.61
4665,1.4901,3.61
4666,1.4901,3.61
4667,1.4901,3.61
4668,1.4901,3.61
4669,1.4901,3.61
4670,1.4901,3.61
4671,1.4901,3.61
4672,1.4901,3.61
4673,1.4901,3.61
4674,1.4901,3.61
4675,1.4901,3.61
4676,1.4901,3.61
4677,1.4901,3.61
4678,1.4901,3.61
4679,1.4901,3.61
4680,1.4901,3.61
4681,1.4901,3.61
4682,1.4901,3.61
4683,1.4901,3.61
4684,1.4901,3.61
4685,1.4901,3.61
4686,1.4901,3.61
4687,1.4901,3.61
4688,1.4901,3.61
4689,1.4901,3.61
4690,1.4901,3.61
4691,1.4901,3.61
4692,1.4901,3.61
4693,1.4901,3.61
4694,1.4901,3.61
4695,1.4901,3.61
4696,1.4901,3.61
4697,1.4901,3.61
4698,1.4901,3.61
4699,1.4901,3.61
4700,1.4901,3.61
4701,1.4901,3.61
4702,1.4901,3.61
4703,1.4901,3.61
4704,1.4901,3.61
4705,1.4901,3.61
4706,1.4901,3.61
4707,1.4901,3.61
4708,1.4901,3.61
4709,1.4901,3.61
4710,1.4901,3.61
4711,1.4901,3.61
4712,1.4901,3.61
4713,1.4901,3.61
4714,1.4901,3.61
4715,1.4901,3.61
4716,1.4901,3.61
4717,1.4901,3.61
4718,1.4901,3.61
4719,1.4901,3.61
4720,1.4901,3.61
4721,1.4901,3.61
4722,1.4901,3.61
4723,1.4901,3.61
4724,1.4901,3.61
4725,1.4901,3.61
4726,1.4901,3.61
4727,1.4901,3.61
4728,1.4901,3.61
4729,1.4901,3.61
4730,1.4901,3.61
4731,1.4901,3.61
4732,1.4901,3.61
4733,1.4901,3.61
4734,1.4901,3.61
4735,1.4901,3.61
4736,1.4901,3.61
4737,1.4901,3.61
4738,1.4901,3.61
4739,1.4901,3.61
4740,1.4901,3.61
4741,1.4901,3.61
4742,1.4901,3.61
4743,1.4901,3.61
4744,1.4901,3.61
4745,1.4901,3.61
4746,1.4901,3.61
4747,1.4911,3.61
4748,1.4911,3.61
4749,1.4911,3.61
4750,1.4911,3.61
4751,1.4911,3.61
4752,1.4911,3.61
4753,1.4911,3.61
4754,1.4941,3.61
4755,1.4941,3.61
4756,1.4941,3.61
4757,1.4941,3.61
4758,1.4941,3.61
4759,1.4941,3.61
4760,1.4941,3.61
4761,1.4941,3.61
4762,1.4941,3.61
4763,1.4941,3.61
4764,1.4941,3.61
4765,1.4941,3.61
4766,1.4941,3.61
4767,1.4941,3.61
4768,1.4941,3.61
4769,1.4941,3.61
4770,1.4941,3.61
4771,1.4941,3.61
4772,1.4941,3.61
4773,1.4941,3.61
4774,1.4941,3.61
4775,1.4941,3.61
4776,1.4941,3.61
4777,1.4941,3.61
4778,1.4941,3.61
4779,1.4941,3.61
4780,1.4941,3.61
4781,1.4941,3.61
4782,1.4941,3.61
4783,1.4941,3.61
4784,1.4941,3.61
4785,1.4941,3.61
4786,1.4941,3.61
4787,1.4941,3.61
4788,1.4941,3.61
4789,1.4941,3.61
4790,1.4941,3.61
4791,1.4941,3.61
4792,1.4941,3.61
4793,1.4941,3.61
4794,1.4941,3.61
4795,1.4941,3.61
4796,1.4941,3.61
4797,1.4941,3.61
4798,1.4941,3.61
4799,1.5199,3.61
4800,1.5199,3.61
4801,1.5199,3.61
4802,1.5199,3.61
4803,1.5199,3.61
4804,1.5199,3.61
4805,1.5199,3.61
4806,1.5199,3.61
4807,1.5199,3.61
4808,1.5199,3.61
4809,1.5199,3.61
4810,1.5199,3.61
4811,1.5199,3.61
4812,1.5199,3.61
4813,1.5439,3.61
4814,1.5439,3.61
4815,1.5439,3.61
4816,1.5439,3.61
4817,1.5439,3.61
4818,1.5439,3.61
4819,1.5439,3.61
4820,1.5439,3.61
4821,1.5439,3.61
4822,1.5439,3.61
4823,1.5439,3.61
4824,1.5439,3.61
4825,1.5439,3.61
4826,1.5439,3.61
4827,1.5439,3.61
4828,1.5439,3.61
4829,1.5439,3.61
4830,1.5439,3.61
4831,1.5439,3.61
4832,1.5439,3.61
4833,1.5439,3.61
4834,1.5439,3.61
4835,1.5439,3.61
4836,1.5439,3.61
4837,1.5439,3.61
4838,1.5439,3.61
4839,1.5439,3.61
4840,1.5439,3.61
4841,1.5439,3.61
4842,1.5439,3.61
4843,1.5439,3.61
4844,1.5439,3.61
4845,1.5439,3.61
4846,1.5439,3.61
4847,1.5439,3.61
4848,1.5439,3.61
4849,1.5439,3.61
4850,1.5439,3.61
4851,1.5439,3.61
4852,1.5439,3.61
4853,1.5439,3.61
4854,1.5529,3.61
4855,1.5529,3.61
4856,1.5529,3.61
4857,1.5529,3.61
4858,1.5529,3.61
4859,1.5529,3.61
4860,1.5529,3.61
4861,1.5529,3.61
4862,1.5529,3.61
4863,1.5529,3.61
4864,1.5529,3.61
4865,1.5529,3.61
4866,1.5529,3.61
4867,1.5592,3.61
4868,1.5592,3.61
4869,1.5592,3.61
4870,1.5592,3.61
4871,1.5592,3.61
4872,1.5592,3.61
4873,1.5592,3.61
4874,1.5592,3.61
4875,1.5592,3.61
4876,1.5592,3.61
4877,1.5592,3.61
4878,1.5592,3.61
4879,1.578,3.61
4880,1.578,3.61
4881,1.578,3.61
4882,1.578,3.61
4883,1.578,3.61
4884,1.578,3.61
4885,1.578,3.61
4886,1.578,3.61
4887,1.578,3.61
4888,1.578,3.61
4889,1.578,3.61
4890,1.578,3.61
4891,1.578,3.61
4892,1.578,3.61
4893,1.578,3.61
4894,1.578,3.61
4895,1.5833,3.61
4896,1.5833,3.61
4897,1.5833,3.61
4898,1.5833,3.61
4899,1.5833,3.61
4900,1.5833,3.61
4901,1.5833,3.61
4902,1.5833,3.61
4903,1.5833,3.61
4904,1.5833,3.61
4905,1.5833,3.61
4906,1.5833,3.61
4907,1.5833,3.61
4908,1.5833,3.61
4909,1.5833,3.61
4910,1.5833,3.61
4911,1.5833,3.61
4912,1.5833,3.61
4913,1.5833,3.61
4914,1.5833,3.61
4915,1.5833,3.61
4916,1.5833,3.61
4917,1.5833,3.61
4918,1.5833,3.61
4919,1.5833,3.61
4920,1.5833,3.61
4921,1.5833,3.61
4922,1.5833,3.61
4923,1.5833,3.61
4924,1.5833,3.61
4925,1.5833,3.61
4926,1.5833,3.61
4927,1.5833,3.61
4928,1.5833,3.61
4929,1.5833,3.61
4930,1.5833,3.61
4931,1.5833,3.61
4932,1.5833,3.61
4933,1.5833,3.61
4934,1.5833,3.61
4935,1.5833,3.61
4936,1.5833,3.61
4937,1.5833,3.61
4938,1.5833,3.61
4939,1.5833,3.61
4940,1.5833,3.61
4941,1.5833,3.61
4942,1.5833,3.61
4943,1.5833,3.61
4944,1.5833,3.61
4945,1.5833,3.61
4946,1.5833,3.61
4947,1.5833,3.61
4948,1.5833,3.61
4949,1.5833,3.61
4950,1.5833,3.61
4951,1.5833,3.61
4952,1.5833,3.61
4953,1.5833,3.61
4954,1.5833,3.61
4955,1.5833,3.61
4956,1.5887,3.61
4957,1.5887,3.61
4958,1.5887,3.61
4959,1.5887,3.61
4960,1.5887,3.61
4961,1.5887,3.61
4962,1.5887,3.61
4963,1.5887,3.61
4964,1.5887,3.61
4965,1.5887,3.61
4966,1.5887,3.61
4967,1.5887,3.61
4968,1.5887,3.61
4969,1.5887,3.61
4970,1.5887,3.61
4971,1.5887,3.61
4972,1.5887,3.61
4973,1.5887,3.61
4974,1.5887,3.61
4975,1.5887,3.61
4976,1.6092,3.61
4977,1.6092,3.61
4978,1.6092,3.61
4979,1.6092,3.61
4980,1.6092,3.61
4981,1.6092,3.61
4982,1.6092,3.61
4983,1.6092,3.61
4984,1.6117,3.61
4985,1.6117,3.61
4986,1.6117,3.61
4987,1.6117,3.61
4988,1.6117,3.61
4989,1.6117,3.61
4990,1.6117,3.61
4991,1.6117,3.61
4992,1.6117,3.61
4993,1.6117,3.61
4994,1.6117,3.61
4995,1.6556,3.61
4996,1.6556,3.61
4997,1.6556,3.61
4998,1.6556,3.61
4999,1.6556,3.61
5000,1.6556,3.61
5001,1.6556,3.61
5002,1.6556,3.61
5003,1.6556,3.61
5004,1.6556,3.61
5005,1.6556,3.61
5006,1.6556,3.61
5007,1.6556,3.61
5008,1.6726,3.61
5009,1.6726,3.61
5010,1.6726,3.61
5011,1.6726,3.61
5012,1.6726,3.61
5013,1.6726,3.61
5014,1.6726,3.61
5015,1.6726,3.61
5016,1.6726,3.61
5017,1.6726,3.61
5018,1.6726,3.61
5019,1.6726,3.61
5020,1.6726,3.61
5021,1.6726,3.61
5022,1.6726,3.61
5023,1.6726,3.61
5024,1.6726,3.61
5025,1.6726,3.61
5026,1.6726,3.61
5027,1.679,3.61
5028,1.679,3.61
5029,1.679,3.61
5030,1.679,3.61
5031,1.679,3.61
5032,1.679,3.61
5033,1.679,3.61
5034,1.679,3.61
5035,1.679,3.61
5036,1.679,3.61
5037,1.679,3.61
5038,1.679,3.61
5039,1.679,3.61
5040,1.679,3.61
5041,1.679,3.61
5042,1.679,3.61
5043,1.679,3.61
5044,1.679,3.61
5045,1.679,3.61
5046,1.679,3.61
5047,1.679,3.61
5048,1.679,3.61
5049,1.679,3.61
5050,1.679,3.61
5051,1.679,3.61
5052,1.679,3.61
5053,1.679,3.61
5054,1.679,3.61
5055,1.679,3.61
5056,1.679,3.61
5057,1.679,3.61
5058,1.679,3.61
5059,1.679,3.61
5060,1.679,3.61
5061,1.679,3.61
5062,1.679,3.61
5063,1.679,3.61
5064,1.679,3.61
5065,1.679,3.61
5066,1.679,3.61
5067,1.679,3.61
5068,1.679,3.61
5069,1.679,3.61
5070,1.679,3.61
5071,1.679,3.61
5072,1.679,3.61
5073,1.679,3.61
5074,1.679,3.61
5075,1.679,3.61
5076,1.679,3.61
5077,1.679,3.61
5078,1.679,3.61
5079,1.679,3.61
5080,1.679,3.61
5081,1.679,3.61
5082,1.679,3.61
5083,1.679,3.61
5084,1.679,3.61
5085,1.679,3.61
5086,1.679,3.61
5087,1.679,3.61
5088,1.679,3.61
5089,1.679,3.61
5090,1.679,3.61
5091,1.679,3.61
5092,1.679,3.61
5093,1.679,3.61
5094,1.679,3.61
5095,1.679,3.61
5096,1.679,3.61
5097,1.679,3.61
5098,1.679,3.61
5099,1.679,3.61
5100,1.679,3.61
5101,1.679,3.61
5102,1.679,3.61
5103,1.679,3.61
5104,1.679,3.61
5105,1.679,3.61
5106,1.679,3.61
5107,1.679,3.61
5108,1.679,3.61
5109,1.679,3.61
5110,1.679,3.61
5111,1.679,3.61
5112,1.679,3.61
5113,1.679,3.61
5114,1.679,3.61
5115,1.7045,3.61
5116,1.708,3.61
5117,1.708,3.61
5118,1.708,3.61
5119,1.708,3.61
5120,1.708,3.61
5121,1.708,3.61
5122,1.708,3.61
5123,1.708,3.61
5124,1.708,3.61
5125,1.708,3.61
5126,1.708,3.61
5127,1.708,3.61
5128,1.7284,3.61
5129,1.7284,3.61
5130,1.7284,3.61
5131,1.7284,3.61
5132,1.7284,3.61
5133,1.7284,3.61
5134,1.7284,3.61
5135,1.7284,3.61
5136,1.7284,3.61
5137,1.7284,3.61
5138,1.7284,3.61
5139,1.7284,3.61
5140,1.7284,3.61
5141,1.7336,3.61
5142,1.7336,3.61
5143,1.7336,3.61
5144,1.7336,3.61
5145,1.7336,3.61
5146,1.7336,3.61
5147,1.7336,3.61
5148,1.7336,3.61
5149,1.7336,3.61
5150,1.7336,3.61
5151,1.7336,3.61
5152,1.7336,3.61
5153,1.7336,3.61
5154,1.7336,3.61
5155,1.7336,3.61
5156,1.7336,3.61
5157,1.7336,3.61
5158,1.7336,3.61
5159,1.7336,3.61
5160,1.7336,3.61
5161,1.7336,3.61
5162,1.7336,3.61
5163,1.7336,3.61
5164,1.7336,3.61
5165,1.7336,3.61
5166,1.7336,3.61
5167,1.7336,3.61
5168,1.7336,3.61
5169,1.7336,3.61
5170,1.7336,3.61
5171,1.7336,3.61
5172,1.7336,3.61
5173,1.7336,3.61
5174,1.7336,3.61
5175,1.7336,3.61
5176,1.7336,3.61
5177,1.7336,3.61
5178,1.7336,3.61
5179,1.7336,3.61
5180,1.7336,3.61
5181,1.7336,3.61
5182,1.7336,3.61
5183,1.7336,3.61
5184,1.7336,3.61
5185,1.7336,3.61
5186,1.7336,3.61
5187,1.7336,3.61
5188,1.7336,3.61
5189,1.7336,3.61
5190,1.7336,3.61
5191,1.7336,3.61
5192,1.7336,3.61
5193,1.7336,3.61
5194,1.7336,3.61
5195,1.7336,3.61
5196,1.7336,3.61
5197,1.7336,3.61
5198,1.7336,3.61
5199,1.7336,3.61
5200,1.7336,3.61
5201,1.7336,3.61
5202,1.7336,3.61
5203,1.7336,3.61
5204,1.7336,3.61
5205,1.7336,3.61
5206,1.7336,3.61
5207,1.7336,3.61
5208,1.7336,3.61
5209,1.7336,3.61
5210,1.7336,3.61
5211,1.7336,3.61
5212,1.7336,3.61
5213,1.7336,3.61
5214,1.7336,3.61
5215,1.7336,3.61
5216,1.7336,3.61
5217,1.7336,3.61
5218,1.7336,3.61
5219,1.7336,3.61
5220,1.7336,3.61
5221,1.7336,3.61
5222,1.7336,3.61
5223,1.7336,3.61
5224,1.7336,3.61
5225,1.7336,3.61
5226,1.7336,3.61
5227,1.7336,3.61
5228,1.7336,3.61
5229,1.7336,3.61
5230,1.7336,3.61
5231,1.7336,3.61
5232,1.7336,3.61
5233,1.7336,3.61
5234,1.7336,3.61
5235,1.7336,3.61
5236,1.7336,3.61
5237,1.7336,3.61
5238,1.7336,3.61
5239,1.7336,3.61
5240,1.7336,3.61
5241,1.7336,3.61
5242,1.7336,3.61
5243,1.7336,3.61
5244,1.7336,3.61
5245,1.7336,3.61
5246,1.7336,3.61
5247,1.7336,3.61
5248,1.7336,3.61
5249,1.7336,3.61
5250,1.7336,3.61
5251,1.7336,3.61
5252,1.7336,3.61
5253,1.7336,3.61
5254,1.7336,3.61
5255,1.7336,3.61
5256,1.7336,3.61
5257,1.7336,3.61
5258,1.7336,3.61
5259,1.7336,3.61
5260,1.7336,3.61
5261,1.7336,3.61
5262,1.7336,3.61
5263,1.7336,3.61
5264,1.7336,3.61
5265,1.7336,3.61
5266,1.7336,3.61
5267,1.7336,3.61
5268,1.7336,3.61
5269,1.7336,3.61
5270,1.7336,3.61
5271,1.7336,3.61
5272,1.7336,3.61
5273,1.7336,3.61
5274,1.7336,3.61
5275,1.7336,3.61
5276,1.7336,3.61
5277,1.7336,3.61
5278,1.7336,3.61
5279,1.7336,3.61
5280,1.7336,3.61
5281,1.7336,3.61
5282,1.7336,3.61
5283,1.7336,3.61
5284,1.7336,3.61
5285,1.7336,3.61
5286,1.7336,3.61
5287,1.7336,3.61
5288,1.7336,3.61
5289,1.7336,3.61
5290,1.7336,3.61
5291,1.7336,3.61
5292,1.7336,3.61
5293,1.7336,3.61
5294,1.7336,3.61
5295,1.7336,3.61
5296,1.7336,3.61
5297,1.7336,3.61
5298,1.7336,3.61
5299,1.7336,3.61
5300,1.7336,3.61
5301,1.7336,3.61
5302,1.7336,3.61
5303,1.7336,3.61
5304,1.7336,3.61
5305,1.7336,3.61
5306,1.7336,3.61
5307,1.7336,3.61
5308,1.7336,3.61
5309,1.7336,3.61
5310,1.7336,3.61
5311,1.7336,3.61
5312,1.7336,3.61
5313,1.7336,3.61
5314,1.7336,3.61
5315,1.7336,3.61
5316,1.7336,3.61
5317,1.7336,3.61
5318,1.7336,3.61
5319,1.7336,3.61
5320,1.7336,3.61
5321,1.7336,3.61
5322,1.7336,3.61
5323,1.7336,3.61
5324,1.7336,3.61
5325,1.7336,3.61
5326,1.7336,3.61
5327,1.7336,3.61
5328,1.7336,3.61
5329,1.7336,3.61
5330,1.7336,3.61
5331,1.7336,3.61
5332,1.7336,3.61
5333,1.7336,3.61
5334,1.7336,3.61
5335,1.7336,3.61
5336,1.7336,3.61
5337,1.7336,3.61
5338,1.7336,3.61
5339,1.7336,3.61
5340,1.7336,3.61
5341,1.7336,3.61
5342,1.7336,3.61
5343,1.7364,3.61
5344,1.7364,3.61
5345,1.7364,3.61
5346,1.7364,3.61
5347,1.7472,3.61
5348,1.7472,3.61
5349,1.7472,3.61
5350,1.7472,3.61
5351,1.7472,3.61
5352,1.7472,3.61
5353,1.7472,3.61
5354,1.7472,3.61
5355,1.7472,3.61
5356,1.7472,3.61
5357,1.7472,3.61
5358,1.7472,3.61
5359,1.7472,3.61
5360,1.7472,3.61
5361,1.7472,3.61
5362,1.7472,3.61
5363,1.7472,3.61
5364,1.7472,3.61
5365,1.7472,3.61
5366,1.7472,3.61
5367,1.7472,3.61
5368,1.7472,3.61
5369,1.7472,3.61
5370,1.7472,3.61
5371,1.7472,3.61
5372,1.7472,3.61
5373,1.7472,3.61
5374,1.7472,3.61
5375,1.7472,3.61
5376,1.7472,3.61
5377,1.7472,3.61
5378,1.7472,3.61
5379,1.7472,3.61
5380,1.7472,3.61
5381,1.7472,3.61
5382,1.7472,3.61
5383,1.7472,3.61
5384,1.7472,3.61
5385,1.7472,3.61
5386,1.7472,3.61
5387,1.7472,3.61
5388,1.7472,3.61
5389,1.7472,3.61
5390,1.7472,3.61
5391,1.7472,3.61
5392,1.7472,3.61
5393,1.7472,3.61
5394,1.7472,3.61
5395,1.7472,3.61
5396,1.7472,3.61
5397,1.7472,3.61
5398,1.7472,3.61
5399,1.7472,3.61
5400,1.7472,3.61
5401,1.7472,3.61
5402,1.7472,3.61
5403,1.7472,3.61
5404,1.7472,3.61
5405,1.7472,3.61
5406,1.7472,3.61
5407,1.7472,3.61
5408,1.7472,3.61
5409,1.7472,3.61
5410,1.7472,3.61
5411,1.7472,3.61
5412,1.7472,3.61
5413,1.7472,3.61
5414,1.7472,3.61
5415,1.7472,3.61
5416,1.7472,3.61
5417,1.7472,3.61
5418,1.7472,3.61
5419,1.7472,3.61
5420,1.7472,3.61
5421,1.7472,3.61
5422,1.7472,3.61
5423,1.7472,3.61
5424,1.7472,3.61
5425,1.7472,3.61
5426,1.7472,3.61
5427,1.7472,3.61
5428,1.7472,3.61
5429,1.7472,3.61
5430,1.7472,3.61
5431,1.7472,3.61
5432,1.7472,3.61
5433,1.7472,3.61
5434,1.7472,3.61
5435,1.7472,3.61
5436,1.7472,3.61
5437,1.7472,3.61
5438,1.7472,3.61
5439,1.7472,3.61
5440,1.7472,3.61
5441,1.7472,3.61
5442,1.7472,3.61
5443,1.7472,3.61
5444,1.7472,3.61
5445,1.7472,3.61
5446,1.7472,3.61
5447,1.7472,3.61
5448,1.7472,3.61
5449,1.7472,3.61
5450,1.7472,3.61
5451,1.7472,3.61
5452,1.7472,3.61
5453,1.7472,3.61
5454,1.7472,3.61
5455,1.7472,3.61
5456,1.7472,3.61
5457,1.7472,3.61
5458,1.7472,3.61
5459,1.7472,3.61
5460,1.7472,3.61
5461,1.7472,3.61
5462,1.7472,3.61
5463,1.7472,3.61
5464,1.7472,3.61
5465,1.7472,3.61
5466,1.7472,3.61
5467,1.7472,3.61
5468,1.7472,3.61
5469,1.7472,3.61
5470,1.7472,3.61
5471,1.7472,3.61
5472,1.7472,3.61
5473,1.7472,3.61
5474,1.7472,3.61
5475,1.7472,3.61
5476,1.7472,3.61
5477,1.7472,3.61
5478,1.7472,3.61
5479,1.7472,3.61
5480,1.7472,3.61
5481,1.7472,3.61
5482,1.7472,3.61
5483,1.7472,3.61
5484,1.7472,3.61
5485,1.7472,3.61
5486,1.7472,3.61
5487,1.7472,3.61
5488,1.7472,3.61
5489,1.7472,3.61
5490,1.7472,3.61
5491,1.7472,3.61
5492,1.7472,3.61
5493,1.7472,3.61
5494,1.7472,3.61
5495,1.7472,3.61
5496,1.7472,3.61
5497,1.7472,3.61
5498,1.7472,3.61
5499,1.7472,3.61
5500,1.7472,3.61
5501,1.7472,3.61
5502,1.7472,3.61
5503,1.7472,3.61
5504,1.7472,3.61
5505,1.7472,3.61
5506,1.7753,3.61
5507,1.7753,3.61
5508,1.7753,3.61
5509,1.7753,3.61
5510,1.7753,3.61
5511,1.7753,3.61
5512,1.7753,3.61
5513,1.7753,3.61
5514,1.7753,3.61
5515,1.7753,3.61
5516,1.7753,3.61
5517,1.7753,3.61
5518,1.7753,3.61
5519,1.7753,3.61
5520,1.7753,3.61
5521,1.7753,3.61
5522,1.7753,3.61
5523,1.7753,3.61
5524,1.7753,3.61
5525,1.7753,3.61
5526,1.7753,3.61
5527,1.7753,3.61
5528,1.7753,3.61
5529,1.7753,3.61
5530,1.7753,3.61
5531,1.7753,3.61
5532,1.7753,3.61
5533,1.7753,3.61
5534,1.7753,3.61
5535,1.7753,3.61
5536,1.7753,3.61
5537,1.7753,3.61
5538,1.7753,3.61
5539,1.7753,3.61
5540,1.7753,3.61
5541,1.7753,3.61
5542,1.7753,3.61
5543,1.7753,3.61
5544,1.7753,3.61
5545,1.7753,3.61
5546,1.7753,3.61
5547,1.7753,3.61
5548,1.7753,3.61
5549,1.7753,3.61
5550,1.7753,3.61
5551,1.7753,3.61
5552,1.8041,3.61
5553,1.8041,3.61
5554,1.8041,3.61
5555,1.8041,3.61
5556,1.8041,3.61
5557,1.8041,3.61
5558,1.8041,3.61
5559,1.8041,3.61
5560,1.8041,3.61
5561,1.8041,3.61
5562,1.8041,3.61
5563,1.8041,3.61
5564,1.8041,3.61
5565,1.8041,3.61
5566,1.8041,3.61
5567,1.8041,3.61
5568,1.8041,3.61
5569,1.8041,3.61
5570,1.8041,3.61
5571,1.8041,3.61
5572,1.8041,3.61
5573,1.8041,3.61
5574,1.8109,3.61
5575,1.8109,3.61
5576,1.8109,3.61
5577,1.8109,3.61
5578,1.8109,3.61
5579,1.8109,3.61
5580,1.8109,3.61
5581,1.8109,3.61
5582,1.8109,3.61
5583,1.8109,3.61
5584,1.8109,3.61
5585,1.8109,3.61
5586,1.8109,3.61
5587,1.8109,3.61
5588,1.8109,3.61
5589,1.8109,3.61
5590,1.8109,3.61
5591,1.8109,3.61
5592,1.8109,3.61
5593,1.8109,3.61
5594,1.8109,3.61
5595,1.8109,3.61
5596,1.8109,3.61
5597,1.8109,3.61
5598,1.8109,3.61
5599,1.8109,3.61
5600,1.8109,3.61
5601,1.8109,3.61
5602,1.8109,3.61
5603,1.8109,3.61
5604,1.8109,3.61
5605,1.8109,3.61
5606,1.8109,3.61
5607,1.8109,3.61
5608,1.8109,3.61
5609,1.8109,3.61
5610,1.8109,3.61
5611,1.8109,3.61
5612,1.8109,3.61
5613,1.8109,3.61
5614,1.8109,3.61
5615,1.8109,3.61
5616,1.8109,3.61
5617,1.8109,3.61
5618,1.8109,3.61
5619,1.8109,3.61
5620,1.8109,3.61
5621,1.8109,3.61
5622,1.8109,3.61
5623,1.8109,3.61
5624,1.8109,3.61
5625,1.8109,3.61
5626,1.8109,3.61
5627,1.8109,3.61
5628,1.8109,3.61
5629,1.8109,3.61
5630,1.8109,3.61
5631,1.8109,3.61
5632,1.8109,3.61
5633,1.8109,3.61
5634,1.8109,3.61
5635,1.8109,3.61
5636,1.8109,3.61
5637,1.8109,3.61
5638,1.8109,3.61
5639,1.8109,3.61
5640,1.8109,3.61
5641,1.8109,3.61
5642,1.8109,3.61
5643,1.8109,3.61
5644,1.8109,3.61
5645,1.8109,3.61
5646,1.8109,3.61
5647,1.8109,3.61
5648,1.8109,3.61
5649,1.8109,3.61
5650,1.8109,3.61
5651,1.8109,3.61
5652,1.8109,3.61
5653,1.8109,3.61
5654,1.8109,3.61
5655,1.8109,3.61
5656,1.8109,3.61
5657,1.8109,3.61
5658,1.8109,3.61
5659,1.8109,3.61
5660,1.8109,3.61
5661,1.8109,3.61
5662,1.8109,3.61
5663,1.8109,3.61
5664,1.8109,3.61
5665,1.8109,3.61
5666,1.8109,3.61
5667,1.8109,3.61
5668,1.8109,3.61
5669,1.8109,3.61
5670,1.8109,3.61
5671,1.8109,3.61
5672,1.8109,3.61
5673,1.8109,3.61
5674,1.8109,3.61
5675,1.8109,3.61
5676,1.8109,3.61
5677,1.8109,3.61
5678,1.8109,3.61
5679,1.8109,3.61
5680,1.8109,3.61
5681,1.8109,3.61
5682,1.8109,3.61
5683,1.8109,3.61
5684,1.8109,3.61
5685,1.8109,3.61
5686,1.8109,3.61
5687,1.8109,3.61
5688,1.8109,3.61
5689,1.8109,3.61
5690,1.8109,3.61
5691,1.8109,3.61
5692,1.8109,3.61
5693,1.8109,3.61
5694,1.8109,3.61
5695,1.8109,3.61
5696,1.8109,3.61
5697,1.8109,3.61
5698,1.8109,3.61
5699,1.8109,3.61
5700,1.8109,3.61
5701,1.8109,3.61
5702,1.8109,3.61
5703,1.8109,3.61
5704,1.8109,3.61
5705,1.8109,3.61
5706,1.8109,3.61
5707,1.8109,3.61
5708,1.8109,3.61
5709,1.8109,3.61
5710,1.8109,3.61
5711,1.8109,3.61
5712,1.8109,3.61
5713,1.8109,3.61
5714,1.8109,3.61
5715,1.8109,3.61
5716,1.8109,3.61
5717,1.8109,3.61
5718,1.8109,3.61
5719,1.8109,3.61
5720,1.8109,3.61
5721,1.8109,3.61
5722,1.8109,3.61
5723,1.8109,3.61
5724,1.8109,3.61
5725,1.8109,3.61
5726,1.8109,3.61
5727,1.8109,3.61
5728,1.8109,3.61
5729,1.8109,3.61
5730,1.8109,3.61
5731,1.8109,3.61
5732,1.8109,3.61
5733,1.8109,3.61
5734,1.8109,3.61
5735,1.8109,3.61
5736,1.8109,3.61
5737,1.8109,3.61
5738,1.8109,3.61
5739,1.8109,3.61
5740,1.8109,3.61
5741,1.8109,3.61
5742,1.8109,3.61
5743,1.8109,3.61
5744,1.8109,3.61
5745,1.8109,3.61
5746,1.8109,3.61
5747,1.8109,3.61
5748,1.8109,3.61
5749,1.8109,3.61
5750,1.8109,3.61
5751,1.8109,3.61
5752,1.8109,3.61
5753,1.8109,3.61
5754,1.8109,3.61
5755,1.8109,3.61
5756,1.8109,3.61
5757,1.8109,3.61
5758,1.8109,3.61
5759,1.8109,3.61
5760,1.8109,3.61
5761,1.8109,3.61
5762,1.8109,3.61
5763,1.8109,3.61
5764,1.8109,3.61
5765,1.8109,3.61
5766,1.8109,3.61
5767,1.8109,3.61
5768,1.8109,3.61
5769,1.8109,3.61
5770,1.8109,3.61
5771,1.8109,3.61
5772,1.8109,3.61
5773,1.8109,3.61
5774,1.8109,3.61
5775,1.8109,3.61
5776,1.8109,3.61
5777,1.8109,3.61
5778,1.8109,3.61
5779,1.8109,3.61
5780,1.8109,3.61
5781,1.8109,3.61
5782,1.8109,3.61
5783,1.8109,3.61
5784,1.8109,3.61
5785,1.8109,3.61
5786,1.8109,3.61
5787,1.8109,3.61
5788,1.8109,3.61
5789,1.8109,3.61
5790,1.8109,3.61
5791,1.8109,3.61
5792,1.8109,3.61
5793,1.8109,3.61
5794,1.8109,3.61
5795,1.8109,3.61
5796,1.8109,3.61
5797,1.8109,3.61
5798,1.8109,3.61
5799,1.8109,3.61
5800,1.8109,3.61
5801,1.8109,3.61
5802,1.8109,3.61
5803,1.8109,3.61
5804,1.8109,3.61
5805,1.8109,3.61
5806,1.8109,3.61
5807,1.8109,3.61
5808,1.8109,3.61
5809,1.8109,3.61
5810,1.8109,3.61
5811,1.8109,3.61
5812,1.8109,3.61
5813,1.8109,3.61
5814,1.8109,3.61
5815,1.8109,3.61
5816,1.8109,3.61
5817,1.8109,3.61
5818,1.8109,3.61
5819,1.8109,3.61
5820,1.8109,3.61
5821,1.8109,3.61
5822,1.8109,3.61
5823,1.8109,3.61
5824,1.8109,3.61
5825,1.8109,3.61
5826,1.8109,3.61
5827,1.8109,3.61
5828,1.8109,3.61
5829,1.8109,3.61
5830,1.8109,3.61
5831,1.8109,3.61
5832,1.8109,3.61
5833,1.8109,3.61
5834,1.8109,3.61
5835,1.8109,3.61
5836,1.8109,3.61
5837,1.8109,3.61
5838,1.8109,3.61
5839,1.8109,3.61
5840,1.8109,3.61
5841,1.8109,3.61
5842,1.8109,3.61
5843,1.8109,3.61
5844,1.8109,3.61
5845,1.8109,3.61
5846,1.8109,3.61
5847,1.8109,3.61
5848,1.8109,3.61
5849,1.8109,3.61
5850,1.8109,3.61
5851,1.8109,3.61
5852,1.8109,3.61
5853,1.8109,3.61
5854,1.8109,3.61
5855,1.8109,3.61
5856,1.8109,3.61
5857,1.8109,3.61
5858,1.8109,3.61
5859,1.8109,3.61
5860,1.8109,3.61
5861,1.8109,3.61
5862,1.8109,3.61
5863,1.8109,3.61
5864,1.8109,3.61
5865,1.8109,3.61
5866,1.8109,3.61
5867,1.8109,3.61
5868,1.8109,3.61
5869,1.8109,3.61
5870,1.8109,3.61
5871,1.8109,3.61
5872,1.8109,3.61
5873,1.8109,3.61
5874,1.8109,3.61
5875,1.8109,3.61
5876,1.8109,3.61
5877,1.8109,3.61
5878,1.8109,3.61
5879,1.8109,3.61
5880,1.8109,3.61
5881,1.8109,3.61
5882,1.8109,3.61
5883,1.8109,3.61
5884,1.8109,3.61
5885,1.8109,3.61
5886,1.8109,3.61
5887,1.8109,3.61
5888,1.8109,3.61
5889,1.8109,3.61
5890,1.8109,3.61
5891,1.8109,3.61
5892,1.8109,3.61
5893,1.8109,3.61
5894,1.8109,3.61
5895,1.8109,3.61
5896,1.8109,3.61
5897,1.8109,3.61
5898,1.8109,3.61
5899,1.8109,3.61
5900,1.8109,3.61
5901,1.8109,3.61
5902,1.8109,3.61
5903,1.8109,3.61
5904,1.8109,3.61
5905,1.8109,3.61
5906,1.8109,3.61
5907,1.8109,3.61
5908,1.8109,3.61
5909,1.8109,3.61
5910,1.8109,3.61
5911,1.8109,3.61
5912,1.8109,3.61
5913,1.8109,3.61
5914,1.8109,3.61
5915,1.8109,3.61
5916,1.8109,3.61
5917,1.8109,3.61
5918,1.8109,3.61
5919,1.8109,3.61
5920,1.8109,3.61
5921,1.8109,3.61
5922,1.8109,3.61
5923,1.8109,3.61
5924,1.8109,3.61
5925,1.8109,3.61
5926,1.8109,3.61
5927,1.8109,3.61
5928,1.8109,3.61
5929,1.8109,3.61
5930,1.8109,3.61
5931,1.8109,3.61
5932,1.8109,3.61
5933,1.8109,3.61
5934,1.8109,3.61
5935,1.8109,3.61
5936,1.8109,3.61
5937,1.8109,3.61
5938,1.8109,3.61
5939,1.8109,3.61
5940,1.8109,3.61
5941,1.8109,3.61
5942,1.8109,3.61
5943,1.8109,3.61
5944,1.8109,3.61
5945,1.8109,3.61
5946,1.8109,3.61
5947,1.8109,3.61
5948,1.8109,3.61
5949,1.8109,3.61
5950,1.8109,3.61
5951,1.8109,3.61
5952,1.8109,3.61
5953,1.8109,3.61
5954,1.8109,3.61
5955,1.8109,3.61
5956,1.8109,3.61
5957,1.8109,3.61
5958,1.8109,3.61
5959,1.8109,3.61
5960,1.8109,3.61
5961,1.8109,3.61
5962,1.8109,3.61
5963,1.8109,3.61
5964,1.8109,3.61
5965,1.8109,3.61
5966,1.8109,3.61
5967,1.8109,3.61
5968,1.8109,3.61
5969,1.8109,3.61
5970,1.8109,3.61
5971,1.8109,3.61
5972,1.8109,3.61
5973,1.8109,3.61
5974,1.8109,3.61
5975,1.8109,3.61
5976,1.8109,3.61
5977,1.8109,3.61
5978,1.8109,3.61
5979,1.8109,3.61
5980,1.8109,3.61
5981,1.8109,3.61
5982,1.8109,3.61
5983,1.8109,3.61
5984,1.8109,3.61
5985,1.8109,3.61
5986,1.8109,3.61
5987,1.8109,3.61
5988,1.8109,3.61
5989,1.8109,3.61
5990,1.8109,3.61
5991,1.8109,3.61
5992,1.8109,3.61
5993,1.8109,3.61
5994,1.8109,3.61
5995,1.8109,3.61
5996,1.8109,3.61
5997,1.8109,3.61
5998,1.8109,3.61
5999,1.8109,3.61
6000,1.8109,3.61
6001,1.8109,3.61
6002,1.8109,3.61
6003,1.8109,3.61
6004,1.8109,3.61
6005,1.8109,3.61
6006,1.8109,3.61
6007,1.8109,3.61
6008,1.8109,3.61
6009,1.8109,3.61
6010,1.8109,3.61
6011,1.8109,3.61
6012,1.8109,3.61
6013,1.8109,3.61
6014,1.8109,3.61
6015,1.8109,3.61
6016,1.8109,3.61
6017,1.8109,3.61
6018,1.8109,3.61
6019,1.8109,3.61
6020,1.8109,3.61
6021,1.8109,3.61
6022,1.8109,3.61
6023,1.8109,3.61
6024,1.8109,3.61
6025,1.8109,3.61
6026,1.8109,3.61
6027,1.8109,3.61
6028,1.8109,3.61
6029,1.8109,3.61
6030,1.8109,3.61
6031,1.8109,3.61
6032,1.8109,3.61
6033,1.8109,3.61
6034,1.8109,3.61
6035,1.8109,3.61
6036,1.8109,3.61
6037,1.8109,3.61
6038,1.8109,3.61
6039,1.8109,3.61
6040,1.8109,3.61
6041,1.8109,3.61
6042,1.8109,3.61
6043,1.8109,3.61
6044,1.8109,3.61
6045,1.8109,3.61
6046,1.8109,3.61
6047,1.8109,3.61
6048,1.8109,3.61
6049,1.8109,3.61
6050,1.8109,3.61
6051,1.8109,3.61
6052,1.8109,3.61
6053,1.8109,3.61
6054,1.8109,3.61
6055,1.8109,3.61
6056,1.8109,3.61
6057,1.8109,3.61
6058,1.8109,3.61
6059,1.8109,3.61
6060,1.8109,3.61
6061,1.8109,3.61
6062,1.8109,3.61
6063,1.8109,3.61
6064,1.8109,3.61
6065,1.8109,3.61
6066,1.8109,3.61
6067,1.8109,3.61
6068,1.8109,3.61
6069,1.8109,3.61
6070,1.8109,3.61
6071,1.8109,3.61
6072,1.8109,3.61
6073,1.8109,3.61
6074,1.8109,3.61
6075,1.8109,3.61
6076,1.8109,3.61
6077,1.8109,3.61
6078,1.8109,3.61
6079,1.8109,3.61
6080,1.8109,3.61
6081,1.8109,3.61
6082,1.8109,3.61
6083,1.8109,3.61
6084,1.8109,3.61
6085,1.8109,3.61
6086,1.8109,3.61
6087,1.8109,3.61
6088,1.8109,3.61
6089,1.8109,3.61
6090,1.8109,3.61
6091,1.8109,3.61
6092,1.8109,3.61
6093,1.8109,3.61
6094,1.8109,3.61
6095,1.8109,3.61
6096,1.8109,3.61
6097,1.8109,3.61
6098,1.8109,3.61
6099,1.8109,3.61
6100,1.8109,3.61
6101,1.8109,3.61
6102,1.8109,3.61
6103,1.8109,3.61
6104,1.8109,3.61
6105,1.8109,3.61
6106,1.8109,3.61
6107,1.8109,3.61
6108,1.8109,3.61
6109,1.8109,3.61
6110,1.8109,3.61
6111,1.8109,3.61
6112,1.8109,3.61
6113,1.8109,3.61
6114,1.8109,3.61
6115,1.8109,3.61
6116,1.8109,3.61
6117,1.8109,3.61
6118,1.8109,3.61
6119,1.8109,3.61
6120,1.8109,3.61
6121,1.8109,3.61
6122,1.8109,3.61
6123,1.8109,3.61
6124,1.8109,3.61
6125,1.8109,3.61
6126,1.8109,3.61
6127,1.8109,3.61
6128,1.8109,3.61
6129,1.8109,3.61
6130,1.8109,3.61
6131,1.8109,3.61
6132,1.8109,3.61
6133,1.8109,3.61
6134,1.8109,3.61
6135,1.8109,3.61
6136,1.8109,3.61
6137,1.8109,3.61
6138,1.8109,3.61
6139,1.8109,3.61
6140,1.8109,3.61
6141,1.8109,3.61
6142,1.8109,3.61
6143,1.8109,3.61
6144,1.8109,3.61
6145,1.8109,3.61
6146,1.8109,3.61
6147,1.8109,3.61
6148,1.8109,3.61
6149,1.8109,3.61
6150,1.8109,3.61
6151,1.8109,3.61
6152,1.8109,3.61
6153,1.8109,3.61
6154,1.8109,3.61
6155,1.8109,3.61
6156,1.8109,3.61
6157,1.8109,3.61
6158,1.8109,3.61
6159,1.8109,3.61
6160,1.8109,3.61
6161,1.8109,3.61
6162,1.8109,3.61
6163,1.8109,3.61
6164,1.8109,3.61
6165,1.8109,3.61
6166,1.8109,3.61
6167,1.8109,3.61
6168,1.8109,3.61
6169,1.8109,3.61
6170,1.8109,3.61
6171,1.8109,3.61
6172,1.8109,3.61
6173,1.8109,3.61
6174,1.8109,3.61
6175,1.8109,3.61
6176,1.8109,3.61
6177,1.8109,3.61
6178,1.8109,3.61
6179,1.8109,3.61
6180,1.8109,3.61
6181,1.8109,3.61
6182,1.8109,3.61
6183,1.8109,3.61
6184,1.8109,3.61
6185,1.8109,3.61
6186,1.8109,3.61
6187,1.8109,3.61
6188,1.8109,3.61
6189,1.8109,3.61
6190,1.8109,3.61
6191,1.8109,3.61
6192,1.8109,3.61
6193,1.8109,3.61
6194,1.8109,3.61
6195,1.8109,3.61
6196,1.8109,3.61
6197,1.8109,3.61
6198,1.8109,3.61
6199,1.8109,3.61
6200,1.8109,3.61
6201,1.8109,3.61
6202,1.8109,3.61
6203,1.8109,3.61
6204,1.8109,3.61
6205,1.8109,3.61
6206,1.8109,3.61
6207,1.8109,3.61
6208,1.8109,3.61
6209,1.8109,3.61
6210,1.8109,3.61
6211,1.8109,3.61
6212,1.8109,3.61
6213,1.8109,3.61
6214,1.8109,3.61
6215,1.8109,3.61
6216,1.8109,3.61
6217,1.8109,3.61
6218,1.8109,3.61
6219,1.8109,3.61
6220,1.8109,3.61
6221,1.8109,3.61
6222,1.8109,3.61
6223,1.8109,3.61
6224,1.8109,3.61
6225,1.8109,3.61
6226,1.8109,3.61
6227,1.8109,3.61
6228,1.8109,3.61
6229,1.8109,3.61
6230,1.8109,3.61
6231,1.8109,3.61
6232,1.8109,3.61
6233,1.8109,3.61
6234,1.8109,3.61
6235,1.8109,3.61
6236,1.8109,3.61
6237,1.8109,3.61
6238,1.8109,3.61
6239,1.8109,3.61
6240,1.8109,3.61
6241,1.8109,3.61
6242,1.8109,3.61
6243,1.8109,3.61
6244,1.8109,3.61
6245,1.8109,3.61
6246,1.8109,3.61
6247,1.8109,3.61
6248,1.8109,3.61
6249,1.8109,3.61
6250,1.8109,3.61
6251,1.8109,3.61
6252,1.8109,3.61
6253,1.8109,3.61
6254,1.8109,3.61
6255,1.8109,3.61
6256,1.8109,3.61
6257,1.8109,3.61
6258,1.8109,3.61
6259,1.8109,3.61
6260,1.8109,3.61
6261,1.8109,3.61
6262,1.8109,3.61
6263,1.8109,3.61
6264,1.8109,3.61
6265,1.8109,3.61
6266,1.8109,3.61
6267,1.8109,3.61
6268,1.8109,3.61
6269,1.8109,3.61
6270,1.8109,3.61
6271,1.8109,3.61
6272,1.8109,3.61
6273,1.8109,3.61
6274,1.8109,3.61
6275,1.8109,3.61
6276,1.8109,3.61
6277,1.8109,3.61
6278,1.8109,3.61
6279,1.8109,3.61
6280,1.8109,3.61
6281,1.8109,3.61
6282,1.8109,3.61
6283,1.8109,3.61
6284,1.8109,3.61
6285,1.8109,3.61
6286,1.8109,3.61
6287,1.8109,3.61
6288,1.8109,3.61
6289,1.8109,3.61
6290,1.8109,3.61
6291,1.8109,3.61
6292,1.8109,3.61
6293,1.8109,3.61
6294,1.8109,3.61
6295,1.8109,3.61
6296,1.8109,3.61
6297,1.8109,3.61
6298,1.8109,3.61
6299,1.8109,3.61
6300,1.8109,3.61
6301,1.8109,3.61
6302,1.8109,3.61
6303,1.8109,3.61
6304,1.8109,3.61
6305,1.8109,3.61
6306,1.8109,3.61
6307,1.8109,3.61
6308,1.8109,3.61
6309,1.8109,3.61
6310,1.8109,3.61
6311,1.8109,3.61
6312,1.8109,3.61
6313,1.8109,3.61
6314,1.8109,3.61
6315,1.8109,3.61
6316,1.8109,3.61
6317,1.8109,3.61
6318,1.8109,3.61
6319,1.8109,3.61
6320,1.8109,3.61
6321,1.8109,3.61
6322,1.8109,3.61
6323,1.8109,3.61
6324,1.8109,3.61
6325,1.8109,3.61
6326,1.8109,3.61
6327,1.8109,3.61
6328,1.8109,3.61
6329,1.8109,3.61
6330,1.8109,3.61
6331,1.8109,3.61
6332,1.8109,3.61
6333,1.8109,3.61
6334,1.8109,3.61
6335,1.8109,3.61
6336,1.8109,3.61
6337,1.8109,3.61
6338,1.8109,3.61
6339,1.8109,3.61
6340,1.8109,3.61
6341,1.8109,3.61
6342,1.8109,3.61
6343,1.8109,3.61
6344,1.8109,3.61
6345,1.8109,3.61
6346,1.8109,3.61
6347,1.8109,3.61
6348,1.8109,3.61
6349,1.8109,3.61
6350,1.8109,3.61
6351,1.8109,3.61
6352,1.8109,3.61
6353,1.8109,3.61
6354,1.8109,3.61
6355,1.8109,3.61
6356,1.8109,3.61
6357,1.8109,3.61
6358,1.8109,3.61
6359,1.8109,3.61
6360,1.8109,3.61
6361,1.8109,3.61
6362,1.8109,3.61
6363,1.8109,3.61
6364,1.8109,3.61
6365,1.8109,3.61
6366,1.8109,3.61
6367,1.8109,3.61
6368,1.8109,3.61
6369,1.8109,3.61
6370,1.8109,3.61
6371,1.8109,3.61
6372,1.8109,3.61
6373,1.8109,3.61
6374,1.8109,3.61
6375,1.8109,3.61
6376,1.8109,3.61
6377,1.8109,3.61
6378,1.8109,3.61
6379,1.8109,3.61
6380,1.8109,3.61
6381,1.8109,3.61
6382,1.8109,3.61
6383,1.8109,3.61
6384,1.8109,3.61
6385,1.8109,3.61
6386,1.8109,3.61
6387,1.8109,3.61
6388,1.8109,3.61
6389,1.8109,3.61
6390,1.8109,3.61
6391,1.8109,3.61
6392,1.8109,3.61
6393,1.8109,3.61
6394,1.8109,3.61
6395,1.8109,3.61
6396,1.8109,3.61
6397,1.8109,3.61
6398,1.8109,3.61
6399,1.8109,3.61
6400,1.8109,3.61
6401,1.8109,3.61
6402,1.8109,3.61
6403,1.8109,3.61
6404,1.8109,3.61
6405,1.8109,3.61
6406,1.8109,3.61
6407,1.8109,3.61
6408,1.8109,3.61
6409,1.8109,3.61
6410,1.8109,3.61
6411,1.8109,3.61
6412,1.8109,3.61
6413,1.8109,3.61
6414,1.8109,3.61
6415,1.8109,3.61
6416,1.8109,3.61
6417,1.8109,3.61
6418,1.8109,3.61
6419,1.8109,3.61
6420,1.8109,3.61
6421,1.8109,3.61
6422,1.8109,3.61
6423,1.8109,3.61
6424,1.8109,3.61
6425,1.8109,3.61
6426,1.8109,3.61
6427,1.8109,3.61
6428,1.8109,3.61
6429,1.8109,3.61
6430,1.8109,3.61
6431,1.8109,3.61
6432,1.8109,3.61
6433,1.8109,3.61
6434,1.8109,3.61
6435,1.8109,3.61
6436,1.8109,3.61
6437,1.8109,3.61
6438,1.8109,3.61
6439,1.8109,3.61
6440,1.8109,3.61
6441,1.8109,3.61
6442,1.8109,3.61
6443,1.8109,3.61
6444,1.8109,3.61
6445,1.8109,3.61
6446,1.8109,3.61
6447,1.8109,3.61
6448,1.8109,3.61
6449,1.8109,3.61
6450,1.8109,3.61
6451,1.8109,3.61
6452,1.8109,3.61
6453,1.8109,3.61
6454,1.8109,3.61
6455,1.8109,3.61
6456,1.8109,3.61
6457,1.8109,3.61
6458,1.8109,3.61
6459,1.8109,3.61
6460,1.8109,3.61
6461,1.8109,3.61
6462,1.8109,3.61
6463,1.8109,3.61
6464,1.8109,3.61
6465,1.8109,3.61
6466,1.8109,3.61
6467,1.8109,3.61
6468,1.8109,3.61
6469,1.8109,3.61
6470,1.8109,3.61
6471,1.8109,3.61
6472,1.8109,3.61
6473,1.8109,3.61
6474,1.8109,3.61
6475,1.8109,3.61
6476,1.8109,3.61
6477,1.8109,3.61
6478,1.8109,3.61
6479,1.8109,3.61
6480,1.8109,3.61
6481,1.8109,3.61
6482,1.8109,3.61
6483,1.8109,3.61
6484,1.8109,3.61
6485,1.8109,3.61
6486,1.8109,3.61
6487,1.8109,3.61
6488,1.8109,3.61
6489,1.8109,3.61
6490,1.8109,3.61
6491,1.8109,3.61
6492,1.8109,3.61
6493,1.8109,3.61
6494,1.8109,3.61
6495,1.8109,3.61
6496,1.8109,3.61
6497,1.8109,3.61
6498,1.8109,3.61
6499,1.8109,3.61
6500,1.8109,3.61
6501,1.8109,3.61
6502,1.8109,3.61
6503,1.8109,3.61
6504,1.8109,3.61
6505,1.8109,3.61
6506,1.8109,3.61
6507,1.8109,3.61
6508,1.8109,3.61
6509,1.8109,3.61
6510,1.8109,3.61
6511,1.8109,3.61
6512,1.8109,3.61
6513,1.8109,3.61
6514,1.8109,3.61
6515,1.8109,3.61
6516,1.8109,3.61
6517,1.8109,3.61
6518,1.8109,3.61
6519,1.8109,3.61
6520,1.8109,3.61
6521,1.8109,3.61
6522,1.8109,3.61
6523,1.8109,3.61
6524,1.8109,3.61
6525,1.8109,3.61
6526,1.8109,3.61
6527,1.8109,3.61
6528,1.8109,3.61
6529,1.8109,3.61
6530,1.8109,3.61
6531,1.8109,3.61
6532,1.8109,3.61
6533,1.8109,3.61
6534,1.8109,3.61
6535,1.8109,3.61
6536,1.8109,3.61
6537,1.8109,3.61
6538,1.8109,3.61
6539,1.8109,3.61
6540,1.8109,3.61
6541,1.8109,3.61
6542,1.8109,3.61
6543,1.8109,3.61
6544,1.8109,3.61
6545,1.8109,3.61
6546,1.8109,3.61
6547,1.8109,3.61
6548,1.8109,3.61
6549,1.8109,3.61
6550,1.8109,3.61
6551,1.8109,3.61
6552,1.8109,3.61
6553,1.8109,3.61
6554,1.8109,3.61
6555,1.8109,3.61
6556,1.8109,3.61
6557,1.8109,3.61
6558,1.8109,3.61
6559,1.8109,3.61
6560,1.8109,3.61
6561,1.8109,3.61
6562,1.8109,3.61
6563,1.8109,3.61
6564,1.8109,3.61
6565,1.8109,3.61
6566,1.8109,3.61
6567,1.8109,3.61
6568,1.8109,3.61
6569,1.8109,3.61
6570,1.8109,3.61
6571,1.8109,3.61
6572,1.8109,3.61
6573,1.8109,3.61
6574,1.8109,3.61
6575,1.8109,3.61
6576,1.8109,3.61
6577,1.8109,3.61
6578,1.8109,3.61
6579,1.8109,3.61
6580,1.8109,3.61
6581,1.8109,3.61
6582,1.8109,3.61
6583,1.8109,3.61
6584,1.8109,3.61
6585,1.8109,3.61
6586,1.8109,3.61
6587,1.8109,3.61
6588,1.8109,3.61
6589,1.8109,3.61
6590,1.8109,3.61
6591,1.8109,3.61
6592,1.8109,3.61
6593,1.8109,3.61
6594,1.8109,3.61
6595,1.8109,3.61
6596,1.8109,3.61
6597,1.8109,3.61
6598,1.8109,3.61
6599,1.8109,3.61
6600,1.8109,3.61
6601,1.8109,3.61
6602,1.8109,3.61
6603,1.8109,3.61
6604,1.8109,3.61
6605,1.8109,3.61
6606,1.8109,3.61
6607,1.8109,3.61
6608,1.8109,3.61
6609,1.8109,3.61
6610,1.8109,3.61
6611,1.8109,3.61
6612,1.8109,3.61
6613,1.8109,3.61
6614,1.8109,3.61
6615,1.8109,3.61
6616,1.8109,3.61
6617,1.8109,3.61
6618,1.8109,3.61
6619,1.8109,3.61
6620,1.8109,3.61
6621,1.8109,3.61
6622,1.8109,3.61
6623,1.8109,3.61
6624,1.8109,3.61
6625,1.8109,3.61
6626,1.8109,3.61
6627,1.8109,3.61
6628,1.8109,3.61
6629,1.8109,3.61
6630,1.8109,3.61
6631,1.8109,3.61
6632,1.8109,3.61
6633,1.8109,3.61
6634,1.8109,3.61
6635,1.8109,3.61
6636,1.8109,3.61
6637,1.8109,3.61
6638,1.8109,3.61
6639,1.8109,3.61
6640,1.8109,3.61
6641,1.8109,3.61
6642,1.8109,3.61
6643,1.8109,3.61
6644,1.8109,3.61
6645,1.8109,3.61
6646,1.8109,3.61
6647,1.8109,3.61
6648,1.8109,3.61
6649,1.8109,3.61
6650,1.8109,3.61
6651,1.8109,3.61
6652,1.8109,3.61
6653,1.8109,3.61
6654,1.8109,3.61
6655,1.8109,3.61
6656,1.8109,3.61
6657,1.8109,3.61
6658,1.8109,3.61
6659,1.8109,3.61
6660,1.8109,3.61
6661,1.8109,3.61
6662,1.8109,3.61
6663,1.8109,3.61
6664,1.8109,3.61
6665,1.8109,3.61
6666,1.8109,3.61
6667,1.8109,3.61
6668,1.8109,3.61
6669,1.8109,3.61
6670,1.8109,3.61
6671,1.8109,3.61
6672,1.8109,3.61
6673,1.8109,3.61
6674,1.8109,3.61
6675,1.8109,3.61
6676,1.8109,3.61
6677,1.8109,3.61
6678,1.8109,3.61
6679,1.8109,3.61
6680,1.8109,3.61
6681,1.8109,3.61
6682,1.8109,3.61
6683,1.8109,3.61
6684,1.8109,3.61
6685,1.8109,3.61
6686,1.8109,3.61
6687,1.8109,3.61
6688,1.8109,3.61
6689,1.8109,3.61
6690,1.8109,3.61
6691,1.8109,3.61
6692,1.8109,3.61
6693,1.8109,3.61
6694,1.8109,3.61
6695,1.8109,3.61
6696,1.8109,3.61
6697,1.8109,3.61
6698,1.8109,3.61
6699,1.8109,3.61
6700,1.8109,3.61
6701,1.8109,3.61
6702,1.8109,3.61
6703,1.8109,3.61
6704,1.8109,3.61
6705,1.8109,3.61
6706,1.8109,3.61
6707,1.8109,3.61
6708,1.8109,3.61
6709,1.8109,3.61
6710,1.8109,3.61
6711,1.8109,3.61
6712,1.8109,3.61
6713,1.8109,3.61
6714,1.8109,3.61
6715,1.8109,3.61
6716,1.8109,3.61
6717,1.8109,3.61
6718,1.8109,3.61
6719,1.8109,3.61
6720,1.8109,3.61
6721,1.8109,3.61
6722,1.8109,3.61
6723,1.8109,3.61
6724,1.8109,3.61
6725,1.8109,3.61
6726,1.8109,3.61
6727,1.8109,3.61
6728,1.8109,3.61
6729,1.8109,3.61
6730,1.8109,3.61
6731,1.8109,3.61
6732,1.8109,3.61
6733,1.8109,3.61
6734,1.8109,3.61
6735,1.8109,3.61
6736,1.8109,3.61
6737,1.8109,3.61
6738,1.8109,3.61
6739,1.8109,3.61
6740,1.8109,3.61
6741,1.8109,3.61
6742,1.8109,3.61
6743,1.8109,3.61
6744,1.8109,3.61
6745,1.8109,3.61
6746,1.8109,3.61
6747,1.8109,3.61
6748,1.8109,3.61
6749,1.8109,3.61
6750,1.8109,3.61
6751,1.8109,3.61
6752,1.8109,3.61
6753,1.8109,3.61
6754,1.8109,3.61
6755,1.8109,3.61
6756,1.8109,3.61
6757,1.8109,3.61
6758,1.8109,3.61
6759,1.8109,3.61
6760,1.8109,3.61
6761,1.8109,3.61
6762,1.8109,3.61
6763,1.8109,3.61
6764,1.8109,3.61
6765,1.8109,3.61
6766,1.8109,3.61
6767,1.8109,3.61
6768,1.8109,3.61
6769,1.8109,3.61
6770,1.8109,3.61
6771,1.8109,3.61
6772,1.8109,3.61
6773,1.8109,3.61
6774,1.8109,3.61
6775,1.8109,3.61
6776,1.8109,3.61
6777,1.8109,3.61
6778,1.8109,3.61
6779,1.8109,3.61
6780,1.8109,3.61
6781,1.8109,3.61
6782,1.8109,3.61
6783,1.8109,3.61
6784,1.8109,3.61
6785,1.8109,3.61
6786,1.8109,3.61
6787,1.8109,3.61
6788,1.8109,3.61
6789,1.8109,3.61
6790,1.8109,3.61
6791,1.8109,3.61
6792,1.8109,3.61
6793,1.8109,3.61
6794,1.8109,3.61
6795,1.8109,3.61
6796,1.8109,3.61
6797,1.8109,3.61
6798,1.8109,3.61
6799,1.8109,3.61
6800,1.8109,3.61
6801,1.8109,3.61
6802,1.8109,3.61
6803,1.8109,3.61
6804,1.8109,3.61
6805,1.8109,3.61
6806,1.8109,3.61
6807,1.8109,3.61
6808,1.8109,3.61
6809,1.8109,3.61
6810,1.8109,3.61
6811,1.8109,3.61
6812,1.8109,3.61
6813,1.8109,3.61
6814,1.8109,3.61
6815,1.8109,3.61
6816,1.8109,3.61
6817,1.8109,3.61
6818,1.8109,3.61
6819,1.8109,3.61
6820,1.8109,3.61
6821,1.8109,3.61
6822,1.8109,3.61
6823,1.8109,3.61
6824,1.8109,3.61
6825,1.8109,3.61
6826,1.8109,3.61
6827,1.8109,3.61
6828,1.8109,3.61
6829,1.8109,3.61
6830,1.8109,3.61
6831,1.8109,3.61
6832,1.8109,3.61
6833,1.8109,3.61
6834,1.8109,3.61
6835,1.8109,3.61
6836,1.8109,3.61
6837,1.8109,3.61
6838,1.8109,3.61
6839,1.8109,3.61
6840,1.8109,3.61
6841,1.8109,3.61
6842,1.8109,3.61
6843,1.8109,3.61
6844,1.8109,3.61
6845,1.8109,3.61
6846,1.8109,3.61
6847,1.8109,3.61
6848,1.8109,3.61
6849,1.8109,3.61
6850,1.8109,3.61
6851,1.8109,3.61
6852,1.8109,3.61
6853,1.8109,3.61
6854,1.8109,3.61
6855,1.8109,3.61
6856,1.8109,3.61
6857,1.8109,3.61
6858,1.8109,3.61
6859,1.8109,3.61
6860,1.8109,3.61
6861,1.8109,3.61
6862,1.8109,3.61
6863,1.8109,3.61
6864,1.8109,3.61
6865,1.8109,3.61
6866,1.8109,3.61
6867,1.8109,3.61
6868,1.8109,3.61
6869,1.8109,3.61
6870,1.8109,3.61
6871,1.8109,3.61
6872,1.8109,3.61
6873,1.8109,3.61
6874,1.8109,3.61
6875,1.8109,3.61
6876,1.8109,3.61
6877,1.8109,3.61
6878,1.8109,3.61
6879,1.8109,3.61
6880,1.8109,3.61
6881,1.8109,3.61
6882,1.8109,3.61
6883,1.8109,3.61
6884,1.8109,3.61
6885,1.8109,3.61
6886,1.8109,3.61
6887,1.8109,3.61
6888,1.8109,3.61
6889,1.8109,3.61
6890,1.8109,3.61
6891,1.8109,3.61
6892,1.8109,3.61
6893,1.8109,3.61
6894,1.8109,3.61
6895,1.8109,3.61
6896,1.8109,3.61
6897,1.8109,3.61
6898,1.8109,3.61
6899,1.8109,3.61
6900,1.8109,3.61
6901,1.8109,3.61
6902,1.8109,3.61
6903,1.8109,3.61
6904,1.8109,3.61
6905,1.8109,3.61
6906,1.8109,3.61
6907,1.8109,3.61
6908,1.8109,3.61
6909,1.8109,3.61
6910,1.8109,3.61
6911,1.8109,3.61
6912,1.8109,3.61
6913,1.8109,3.61
6914,1.8109,3.61
6915,1.8109,3.61
6916,1.8109,3.61
6917,1.8109,3.61
6918,1.8109,3.61
6919,1.8109,3.61
6920,1.8109,3.61
6921,1.8109,3.61
6922,1.8109,3.61
6923,1.8109,3.61
6924,1.8109,3.61
6925,1.8109,3.61
6926,1.8109,3.61
6927,1.8109,3.61
6928,1.8109,3.61
6929,1.8109,3.61
6930,1.8109,3.61
6931,1.8109,3.61
6932,1.8109,3.61
6933,1.8109,3.61
6934,1.8109,3.61
6935,1.8109,3.61
6936,1.8109,3.61
6937,1.8109,3.61
6938,1.8109,3.61
6939,1.8109,3.61
6940,1.8109,3.61
6941,1.8109,3.61
6942,1.8109,3.61
6943,1.8109,3.61
6944,1.8109,3.61
6945,1.8109,3.61
6946,1.8109,3.61
6947,1.8109,3.61
6948,1.8109,3.61
6949,1.8109,3.61
6950,1.8109,3.61
6951,1.8109,3.61
6952,1.8109,3.61
6953,1.8109,3.61
6954,1.8109,3.61
6955,1.8109,3.61
6956,1.8109,3.61
6957,1.8109,3.61
6958,1.8109,3.61
6959,1.8109,3.61
6960,1.8109,3.61
6961,1.8109,3.61
6962,1.8109,3.61
6963,1.8109,3.61
6964,1.8109,3.61
6965,1.8109,3.61
6966,1.8109,3.61
6967,1.8109,3.61
6968,1.8109,3.61
6969,1.8109,3.61
6970,1.8109,3.61
6971,1.8109,3.61
6972,1.8109,3.61
6973,1.8109,3.61
6974,1.8109,3.61
6975,1.8109,3.61
6976,1.8109,3.61
6977,1.8109,3.61
6978,1.8109,3.61
6979,1.8109,3.61
6980,1.8109,3.61
6981,1.8109,3.61
6982,1.8109,3.61
6983,1.8109,3.61
6984,1.8109,3.61
6985,1.8109,3.61
6986,1.8109,3.61
6987,1.8109,3.61
6988,1.8109,3.61
6989,1.8109,3.61
6990,1.8109,3.61
6991,1.8109,3.61
6992,1.8109,3.61
6993,1.8109,3.61
6994,1.8109,3.61
6995,1.8109,3.61
6996,1.8109,3.61
6997,1.8109,3.61
6998,1.8109,3.61
6999,1.8109,3.61
7000,1.8109,3.61
7001,1.8109,3.61
7002,1.8109,3.61
7003,1.8109,3.61
7004,1.8109,3.61
7005,1.8109,3.61
7006,1.8109,3.61
7007,1.8109,3.61
7008,1.8109,3.61
7009,1.8109,3.61
7010,1.8109,3.61
7011,1.8109,3.61
7012,1.8109,3.61
7013,1.8109,3.61
7014,1.8109,3.61
7015,1.8109,3.61
7016,1.8109,3.61
7017,1.8109,3.61
7018,1.8109,3.61
7019,1.8109,3.61
7020,1.8109,3.61
7021,1.8109,3.61
7022,1.8109,3.61
7023,1.8109,3.61
7024,1.8109,3.61
7025,1.8109,3.61
7026,1.8109,3.61
7027,1.8109,3.61
7028,1.8109,3.61
7029,1.8109,3.61
7030,1.8109,3.61
7031,1.8109,3.61
7032,1.8109,3.61
7033,1.8109,3.61
7034,1.8109,3.61
7035,1.8109,3.61
7036,1.8109,3.61
7037,1.8109,3.61
7038,1.8109,3.61
7039,1.8109,3.61
7040,1.8109,3.61
7041,1.8109,3.61
7042,1.8109,3.61
7043,1.8109,3.61
7044,1.8109,3.61
7045,1.8109,3.61
7046,1.8109,3.61
7047,1.8109,3.61
7048,1.8109,3.61
7049,1.8109,3.61
7050,1.8109,3.61
7051,1.8109,3.61
7052,1.8109,3.61
7053,1.8109,3.61
7054,1.8109,3.61
7055,1.8109,3.61
7056,1.8109,3.61
7057,1.8109,3.61
7058,1.8109,3.61
7059,1.8109,3.61
7060,1.8109,3.61
7061,1.8109,3.61
7062,1.8109,3.61
7063,1.8109,3.61
7064,1.8109,3.61
7065,1.8109,3.61
7066,1.8109,3.61
7067,1.8109,3.61
7068,1.8109,3.61
7069,1.8109,3.61
7070,1.8109,3.61
7071,1.8109,3.61
7072,1.8109,3.61
7073,1.8109,3.61
7074,1.8109,3.61
7075,1.8109,3.61
7076,1.8109,3.61
7077,1.8109,3.61
7078,1.8109,3.61
7079,1.8109,3.61
7080,1.8109,3.61
7081,1.8109,3.61
7082,1.8109,3.61
7083,1.8109,3.61
7084,1.8109,3.61
7085,1.8109,3.61
7086,1.8109,3.61
7087,1.8109,3.61
7088,1.8109,3.61
7089,1.8109,3.61
7090,1.8109,3.61
7091,1.8109,3.61
7092,1.8109,3.61
7093,1.8109,3.61
7094,1.8109,3.61
7095,1.8109,3.61
7096,1.8109,3.61
7097,1.8109,3.61
7098,1.8109,3.61
7099,1.8109,3.61
7100,1.8109,3.61
7101,1.8109,3.61
7102,1.8109,3.61
7103,1.8109,3.61
7104,1.8109,3.61
7105,1.8109,3.61
7106,1.8109,3.61
7107,1.8109,3.61
7108,1.8109,3.61
7109,1.8109,3.61
7110,1.8109,3.61
7111,1.8109,3.61
7112,1.8109,3.61
7113,1.8109,3.61
7114,1.8109,3.61
7115,1.8109,3.61
7116,1.8109,3.61
7117,1.8109,3.61
7118,1.8109,3.61
7119,1.8109,3.61
7120,1.8109,3.61
7121,1.8109,3.61
7122,1.8109,3.61
7123,1.8109,3.61
7124,1.8109,3.61
7125,1.8109,3.61
7126,1.8109,3.61
7127,1.8109,3.61
7128,1.8109,3.61
7129,1.8109,3.61
7130,1.8109,3.61
7131,1.8109,3.61
7132,1.8109,3.61
7133,1.8109,3.61
7134,1.8109,3.61
7135,1.8109,3.61
7136,1.8109,3.61
7137,1.8109,3.61
7138,1.8109,3.61
7139,1.8109,3.61
7140,1.8109,3.61
7141,1.8109,3.61
7142,1.8109,3.61
7143,1.8109,3.61
7144,1.8109,3.61
7145,1.8109,3.61
7146,1.8109,3.61
7147,1.8109,3.61
7148,1.8109,3.61
7149,1.8109,3.61
7150,1.8109,3.61
7151,1.8109,3.61
7152,1.8109,3.61
7153,1.8109,3.61
7154,1.8109,3.61
7155,1.8109,3.61
7156,1.8109,3.61
7157,1.8109,3.61
7158,1.8109,3.61
7159,1.8109,3.61
7160,1.8109,3.61
7161,1.8109,3.61
7162,1.8109,3.61
7163,1.8109,3.61
7164,1.8109,3.61
7165,1.8109,3.61
7166,1.8109,3.61
7167,1.8109,3.61
7168,1.8109,3.61
7169,1.8109,3.61
7170,1.8109,3.61
7171,1.8109,3.61
7172,1.8109,3.61
7173,1.8109,3.61
7174,1.8109,3.61
7175,1.8109,3.61
7176,1.8109,3.61
7177,1.8109,3.61
7178,1.8109,3.61
7179,1.8109,3.61
7180,1.8109,3.61
7181,1.8109,3.61
7182,1.8109,3.61
7183,1.8109,3.61
7184,1.8109,3.61
7185,1.8109,3.61
7186,1.8109,3.61
7187,1.8109,3.61
7188,1.8109,3.61
7189,1.8109,3.61
7190,1.8109,3.61
7191,1.8109,3.61
7192,1.8109,3.61
7193,1.8109,3.61
7194,1.8109,3.61
7195,1.8109,3.61
7196,1.8109,3.61
7197,1.8109,3.61
7198,1.8109,3.61
7199,1.8109,3.61
7200,1.8109,3.61
7201,1.8109,3.61
7202,1.8109,3.61
7203,1.8109,3.61
7204,1.8109,3.61
7205,1.8109,3.61
7206,1.8109,3.61
7207,1.8109,3.61
7208,1.8109,3.61
7209,1.8109,3.61
7210,1.8109,3.61
7211,1.8109,3.61
7212,1.8109,3.61
7213,1.8109,3.61
7214,1.8109,3.61
7215,1.8109,3.61
7216,1.8109,3.61
7217,1.8109,3.61
7218,1.8109,3.61
7219,1.8109,3.61
7220,1.8109,3.61
7221,1.8109,3.61
7222,1.8109,3.61
7223,1.8109,3.61
7224,1.8109,3.61
7225,1.8109,3.61
7226,1.8109,3.61
7227,1.8109,3.61
7228,1.8109,3.61
7229,1.8109,3.61
7230,1.8109,3.61
7231,1.8109,3.61
7232,1.8109,3.61
7233,1.8109,3.61
7234,1.8109,3.61
7235,1.8109,3.61
7236,1.8109,3.61
7237,1.8109,3.61
7238,1.8109,3.61
7239,1.8109,3.61
7240,1.8109,3.61
7241,1.8109,3.61
7242,1.8109,3.61
7243,1.8109,3.61
7244,1.8109,3.61
7245,1.8109,3.61
7246,1.8109,3.61
7247,1.8109,3.61
7248,1.8109,3.61
7249,1.8109,3.61
7250,1.8109,3.61
7251,1.8109,3.61
7252,1.8109,3.61
7253,1.8109,3.61
7254,1.8109,3.61
7255,1.8109,3.61
7256,1.8109,3.61
7257,1.8109,3.61
7258,1.8109,3.61
7259,1.8109,3.61
7260,1.8109,3.61
7261,1.8109,3.61
7262,1.8109,3.61
7263,1.8109,3.61
7264,1.8109,3.61
7265,1.8109,3.61
7266,1.8109,3.61
7267,1.8109,3.61
7268,1.8109,3.61
7269,1.8109,3.61
7270,1.8109,3.61
7271,1.8109,3.61
7272,1.8109,3.61
7273,1.8109,3.61
7274,1.8109,3.61
7275,1.8109,3.61
7276,1.8109,3.61
7277,1.8109,3.61
7278,1.8109,3.61
7279,1.8109,3.61
7280,1.8109,3.61
7281,1.8109,3.61
7282,1.8109,3.61
7283,1.8109,3.61
7284,1.8109,3.61
7285,1.8109,3.61
7286,1.8109,3.61
7287,1.8109,3.61
7288,1.8109,3.61
7289,1.8109,3.61
7290,1.8109,3.61
7291,1.8109,3.61
7292,1.8109,3.61
7293,1.8109,3.61
7294,1.8109,3.61
7295,1.8109,3.61
7296,1.8109,3.61
7297,1.8109,3.61
7298,1.8109,3.61
7299,1.8109,3.61
7300,1.8109,3.61
7301,1.8109,3.61
7302,1.8109,3.61
7303,1.8109,3.61
7304,1.8109,3.61
7305,1.8109,3.61
7306,1.8109,3.61
7307,1.8109,3.61
7308,1.8109,3.61
7309,1.8109,3.61
7310,1.8109,3.61
7311,1.8109,3.61
7312,1.8109,3.61
7313,1.8109,3.61
7314,1.8109,3.61
7315,1.8109,3.61
7316,1.8109,3.61
7317,1.8109,3.61
7318,1.8109,3.61
7319,1.8109,3.61
7320,1.8109,3.61
7321,1.8109,3.61
7322,1.8109,3.61
7323,1.8109,3.61
7324,1.8109,3.61
7325,1.8109,3.61
7326,1.8109,3.61
7327,1.8109,3.61
7328,1.8109,3.61
7329,1.8109,3.61
7330,1.8109,3.61
7331,1.8109,3.61
7332,1.8109,3.61
7333,1.8109,3.61
7334,1.8109,3.61
7335,1.8109,3.61
7336,1.8109,3.61
7337,1.8109,3.61
7338,1.8109,3.61
7339,1.8109,3.61
7340,1.8109,3.61
7341,1.8109,3.61
7342,1.8109,3.61
7343,1.8109,3.61
7344,1.8109,3.61
7345,1.8109,3.61
7346,1.8109,3.61
7347,1.8109,3.61
7348,1.8109,3.61
7349,1.8109,3.61
7350,1.8109,3.61
7351,1.8109,3.61
7352,1.8109,3.61
7353,1.8109,3.61
7354,1.8109,3.61
7355,1.8109,3.61
7356,1.8109,3.61
7357,1.8109,3.61
7358,1.8109,3.61
7359,1.8109,3.61
7360,1.8109,3.61
7361,1.8109,3.61
7362,1.8109,3.61
7363,1.8109,3.61
7364,1.8109,3.61
7365,1.8109,3.61
7366,1.8109,3.61
7367,1.8109,3.61
7368,1.8109,3.61
7369,1.8109,3.61
7370,1.8109,3.61
7371,1.8109,3.61
7372,1.8109,3.61
7373,1.8109,3.61
7374,1.8109,3.61
7375,1.8109,3.61
7376,1.8109,3.61
7377,1.8109,3.61
7378,1.8109,3.61
7379,1.8109,3.61
7380,1.8109,3.61
7381,1.8109,3.61
7382,1.8109,3.61
7383,1.8109,3.61
7384,1.8109,3.61
7385,1.8109,3.61
7386,1.8109,3.61
7387,1.8109,3.61
7388,1.8109,3.61
7389,1.8109,3.61
7390,1.8109,3.61
7391,1.8109,3.61
7392,1.8109,3.61
7393,1.8109,3.61
7394,1.8109,3.61
7395,1.8109,3.61
7396,1.8109,3.61
7397,1.8109,3.61
7398,1.8109,3.61
7399,1.8109,3.61
7400,1.8109,3.61
7401,1.8109,3.61
7402,1.8109,3.61
7403,1.8109,3.61
7404,1.8109,3.61
7405,1.8109,3.61
7406,1.8109,3.61
7407,1.8109,3.61
7408,1.8109,3.61
7409,1.8109,3.61
7410,1.8109,3.61
7411,1.8109,3.61
7412,1.8109,3.61
7413,1.8109,3.61
7414,1.8109,3.61
7415,1.8109,3.61
7416,1.8109,3.61
7417,1.8109,3.61
7418,1.8109,3.61
7419,1.8109,3.61
7420,1.8109,3.61
7421,1.8109,3.61
7422,1.8109,3.61
7423,1.8109,3.61
7424,1.8109,3.61
7425,1.8109,3.61
7426,1.8109,3.61
7427,1.8109,3.61
7428,1.8109,3.61
7429,1.8109,3.61
7430,1.8109,3.61
7431,1.8109,3.61
7432,1.8109,3.61
7433,1.8109,3.61
7434,1.8109,3.61
7435,1.8109,3.61
7436,1.8109,3.61
7437,1.8109,3.61
7438,1.8109,3.61
7439,1.8109,3.61
7440,1.8109,3.61
7441,1.8109,3.61
7442,1.8109,3.61
7443,1.8109,3.61
7444,1.8109,3.61
7445,1.8109,3.61
7446,1.8109,3.61
7447,1.8109,3.61
7448,1.8109,3.61
7449,1.8109,3.61
7450,1.8109,3.61
7451,1.8109,3.61
7452,1.8109,3.61
7453,1.8109,3.61
7454,1.8109,3.61
7455,1.8109,3.61
7456,1.8109,3.61
7457,1.8109,3.61
7458,1.8109,3.61
7459,1.8109,3.61
7460,1.8109,3.61
7461,1.8109,3.61
7462,1.8109,3.61
7463,1.8109,3.61
7464,1.8109,3.61
7465,1.8109,3.61
7466,1.8109,3.61
7467,1.8109,3.61
7468,1.8109,3.61
7469,1.8109,3.61
7470,1.8109,3.61
7471,1.8109,3.61
7472,1.8109,3.61
7473,1.8109,3.61
7474,1.8109,3.61
7475,1.8109,3.61
7476,1.8109,3.61
7477,1.8109,3.61
7478,1.8109,3.61
7479,1.8109,3.61
7480,1.8109,3.61
7481,1.8109,3.61
7482,1.8109,3.61
7483,1.8109,3.61
7484,1.8109,3.61
7485,1.8109,3.61
7486,1.8109,3.61
7487,1.8109,3.61
7488,1.8109,3.61
7489,1.8109,3.61
7490,1.8109,3.61
7491,1.8109,3.61
7492,1.8109,3.61
7493,1.8109,3.61
7494,1.8109,3.61
7495,1.8109,3.61
7496,1.8109,3.61
7497,1.8109,3.61
7498,1.8109,3.61
7499,1.8109,3.61
7500,1.8109,3.61
